student_id,student_name,teacher_id,teacher_name,confidence,source,evidence
36,Carlos Gracie Senior,v_mitsuyo_maeda,Mitsuyo Maeda,high,site_lineage_field,Lineage declarada no perfil: M. Maeda > C. Gracie > H. Gracie > R. Gracie > J. Pereira > Leo Dalla > Lloyd Irvin > Aarae Alexander
44,Helio Gracie,36,Carlos Gracie Senior,high,site_lineage_field,Lineage declarada no perfil: M. Maeda > C. Gracie > H. Gracie > R. Gracie > J. Pereira > Leo Dalla > Lloyd Irvin > Aarae Alexander
67,Rickson Gracie,44,Helio Gracie,high,site_lineage_field,Lineage declarada no perfil: M. Maeda > C. Gracie > H. Gracie > R. Gracie > J. Pereira > Leo Dalla > Lloyd Irvin > Aarae Alexander
5869,Jorge Pereira,67,Rickson Gracie,high,site_lineage_field,Lineage declarada no perfil: M. Maeda > C. Gracie > H. Gracie > R. Gracie > J. Pereira > Leo Dalla > Lloyd Irvin > Aarae Alexander
6403,Leonardo Dalla,5869,Jorge Pereira,high,site_lineage_field,Lineage declarada no perfil: M. Maeda > C. Gracie > H. Gracie > R. Gracie > J. Pereira > Leo Dalla > Lloyd Irvin > Aarae Alexander
1307,Lloyd Irvin,6403,Leonardo Dalla,high,site_lineage_field,Lineage declarada no perfil: M. Maeda > C. Gracie > H. Gracie > R. Gracie > J. Pereira > Leo Dalla > Lloyd Irvin > Aarae Alexander
8141,Aarae Alexander,1307,Lloyd Irvin,high,site_lineage_field,Lineage declarada no perfil: M. Maeda > C. Gracie > H. Gracie > R. Gracie > J. Pereira > Leo Dalla > Lloyd Irvin > Aarae Alexander
27,Rolls Gracie,44,Helio Gracie,high,site_lineage_field,Lineage declarada no perfil: Carlos Gracie > Helio Gracie > Rolls Gracie > Romero Cavalcanti (Jacaré) > Roberto Traven > Philip Smith > Aaron Johnson
355,Romero Cavalcanti,27,Rolls Gracie,high,site_lineage_field,Lineage declarada no perfil: Carlos Gracie > Helio Gracie > Rolls Gracie > Romero Cavalcanti (Jacaré) > Roberto Traven > Philip Smith > Aaron Johnson
1204,Roberto Traven,355,Romero Cavalcanti,high,site_lineage_field,Lineage declarada no perfil: Carlos Gracie > Helio Gracie > Rolls Gracie > Romero Cavalcanti (Jacaré) > Roberto Traven > Philip Smith > Aaron Johnson
v_philip_smith,Philip Smith,1204,Roberto Traven,high,site_lineage_field,Lineage declarada no perfil: Carlos Gracie > Helio Gracie > Rolls Gracie > Romero Cavalcanti (Jacaré) > Roberto Traven > Philip Smith > Aaron Johnson
9246,Aaron Johnson,v_philip_smith,Philip Smith,high,site_lineage_field,Lineage declarada no perfil: Carlos Gracie > Helio Gracie > Rolls Gracie > Romero Cavalcanti (Jacaré) > Roberto Traven > Philip Smith > Aaron Johnson
22,Carlson Gracie,36,Carlos Gracie Senior,high,site_lineage_field,Lineage declarada no perfil: M. Maeda > Carlos Gracie > Carlson Gracie > Zé Mario Sperry > Rafael Haubert > Abdurakhman Bilarov
232,Jose Mario Sperry,22,Carlson Gracie,high,site_lineage_field,Lineage declarada no perfil: M. Maeda > Carlos Gracie > Carlson Gracie > Zé Mario Sperry > Rafael Haubert > Abdurakhman Bilarov
v_rafael_haubert,Rafael Haubert,232,Jose Mario Sperry,high,site_lineage_field,Lineage declarada no perfil: M. Maeda > Carlos Gracie > Carlson Gracie > Zé Mario Sperry > Rafael Haubert > Abdurakhman Bilarov
8494,Abdurakhman Bilarov,v_rafael_haubert,Rafael Haubert,high,site_lineage_field,Lineage declarada no perfil: M. Maeda > Carlos Gracie > Carlson Gracie > Zé Mario Sperry > Rafael Haubert > Abdurakhman Bilarov
419,Leonardo Vieira,355,Romero Cavalcanti,high,site_lineage_field,Lineage declarada no perfil: Mitsuyo Maeda > Carlos Gracie > Helio Gracie > Rolls Gracie > Romero Cavalcanti > Leonardo Vieira > Robert Drysdale > Abmar Barbosa
378,Robert Drysdale,419,Leonardo Vieira,high,site_lineage_field,Lineage declarada no perfil: Mitsuyo Maeda > Carlos Gracie > Helio Gracie > Rolls Gracie > Romero Cavalcanti > Leonardo Vieira > Robert Drysdale > Abmar Barbosa
390,Abmar Barbosa,378,Robert Drysdale,high,site_lineage_field,Lineage declarada no perfil: Mitsuyo Maeda > Carlos Gracie > Helio Gracie > Rolls Gracie > Romero Cavalcanti > Leonardo Vieira > Robert Drysdale > Abmar Barbosa
739,Marcelo Behring,67,Rickson Gracie,high,site_lineage_field,Lineage declarada no perfil: Mitsuyo Maeda > Carlos Gracie > Helio Gracie > Rickson Gracie > Marcelo Behring > Fernando Yamasaki > Abraham Tabar > Abraham Marte Messina
7856,Fernando Yamasaki,739,Marcelo Behring,high,site_lineage_field,Lineage declarada no perfil: Mitsuyo Maeda > Carlos Gracie > Helio Gracie > Rickson Gracie > Marcelo Behring > Fernando Yamasaki > Abraham Tabar > Abraham Marte Messina
v_abraham_tabar,Abraham Tabar,7856,Fernando Yamasaki,high,site_lineage_field,Lineage declarada no perfil: Mitsuyo Maeda > Carlos Gracie > Helio Gracie > Rickson Gracie > Marcelo Behring > Fernando Yamasaki > Abraham Tabar > Abraham Marte Messina
3083,Abraham Marte Messina,v_abraham_tabar,Abraham Tabar,high,site_lineage_field,Lineage declarada no perfil: Mitsuyo Maeda > Carlos Gracie > Helio Gracie > Rickson Gracie > Marcelo Behring > Fernando Yamasaki > Abraham Tabar > Abraham Marte Messina
3384,Crolin Gracie,2160,Carley Gracie,high,site_lineage_field,Lineage declarada no perfil: Carlos Gracie > Crolin Gracie > Jorge Popovitch > Pablo Popovitch > Vagner Rocha > Achilles Rocha
v_jorge_popovitch,Jorge Popovitch,3384,Crolin Gracie,high,site_lineage_field,Lineage declarada no perfil: Carlos Gracie > Crolin Gracie > Jorge Popovitch > Pablo Popovitch > Vagner Rocha > Achilles Rocha
919,Pablo Popovitch,v_jorge_popovitch,Jorge Popovitch,high,site_lineage_field,Lineage declarada no perfil: Carlos Gracie > Crolin Gracie > Jorge Popovitch > Pablo Popovitch > Vagner Rocha > Achilles Rocha
8394,Vagner Rocha,919,Pablo Popovitch,high,site_lineage_field,Lineage declarada no perfil: Carlos Gracie > Crolin Gracie > Jorge Popovitch > Pablo Popovitch > Vagner Rocha > Achilles Rocha
14157,Achilles Rocha,8394,Vagner Rocha,high,site_lineage_field,Lineage declarada no perfil: Carlos Gracie > Crolin Gracie > Jorge Popovitch > Pablo Popovitch > Vagner Rocha > Achilles Rocha
559,Rodrigo Medeiros,355,Romero Cavalcanti,high,site_lineage_field,Lineage declarada no perfil: Carlos Gracie > Helio Gracie > Rolls Gracie > Romero Cavalcanti > Rodrigo “Comprido” Medeiros > Felipe Costa > Ryan Hall > Adam Benayoun
465,Felipe Costa,559,Rodrigo Medeiros,high,site_lineage_field,Lineage declarada no perfil: Carlos Gracie > Helio Gracie > Rolls Gracie > Romero Cavalcanti > Rodrigo “Comprido” Medeiros > Felipe Costa > Ryan Hall > Adam Benayoun
725,Ryan Hall,465,Felipe Costa,high,site_lineage_field,Lineage declarada no perfil: Carlos Gracie > Helio Gracie > Rolls Gracie > Romero Cavalcanti > Rodrigo “Comprido” Medeiros > Felipe Costa > Ryan Hall > Adam Benayoun
8814,Adam Benayoun,725,Ryan Hall,high,site_lineage_field,Lineage declarada no perfil: Carlos Gracie > Helio Gracie > Rolls Gracie > Romero Cavalcanti > Rodrigo “Comprido” Medeiros > Felipe Costa > Ryan Hall > Adam Benayoun
3384,Crolin Gracie,36,Carlos Gracie Senior,high,site_lineage_field,Lineage declarada no perfil: M. Maeda > C. Gracie > Crolin Gracie > Jorge Popovitch > Pablo Popovitch > AJ Sousa > Adam Ferrara
5747,Arthur Sousa,919,Pablo Popovitch,high,site_lineage_field,Lineage declarada no perfil: M. Maeda > C. Gracie > Crolin Gracie > Jorge Popovitch > Pablo Popovitch > AJ Sousa > Adam Ferrara
8131,Adam Ferrara,5747,Arthur Sousa,high,site_lineage_field,Lineage declarada no perfil: M. Maeda > C. Gracie > Crolin Gracie > Jorge Popovitch > Pablo Popovitch > AJ Sousa > Adam Ferrara
591,Ricardo Liborio,22,Carlson Gracie,high,site_lineage_field,Lineage declarada no perfil: Mitsuyo Maeda > Carlos Gracie > Carlson Gracie > Ricardo Libório > Adam Kayoom
1133,Adam Kayoom,591,Ricardo Liborio,high,site_lineage_field,Lineage declarada no perfil: Mitsuyo Maeda > Carlos Gracie > Carlson Gracie > Ricardo Libório > Adam Kayoom
338,Ricardo Vieira,355,Romero Cavalcanti,high,site_lineage_field,Lineage declarada no perfil: Carlos Gracie > Helio Gracie > Rolls Gracie > Romero Cavalcanti > Ricardo Vieira > Alan Finfou > Adam Wardziński
289,Alan do Nascimento,338,Ricardo Vieira,high,site_lineage_field,Lineage declarada no perfil: Carlos Gracie > Helio Gracie > Rolls Gracie > Romero Cavalcanti > Ricardo Vieira > Alan Finfou > Adam Wardziński
7478,Adam Wardzinski,289,Alan do Nascimento,high,site_lineage_field,Lineage declarada no perfil: Carlos Gracie > Helio Gracie > Rolls Gracie > Romero Cavalcanti > Ricardo Vieira > Alan Finfou > Adam Wardziński
527,Oswaldo Fadda,2443,Luiz Franca,high,site_lineage_field,Lineage declarada no perfil: Luis França > Oswaldo Fadda > Monir Salomão > Júlio César > Orlando Júnior > Ademir Barreto
3416,Monir Salomao,527,Oswaldo Fadda,high,site_lineage_field,Lineage declarada no perfil: Luis França > Oswaldo Fadda > Monir Salomão > Júlio César > Orlando Júnior > Ademir Barreto
v_orlando_junior,Orlando Júnior,3416,Monir Salomao,high,site_lineage_field,Lineage declarada no perfil: Luis França > Oswaldo Fadda > Monir Salomão > Júlio César > Orlando Júnior > Ademir Barreto
13245,Ademir Barreto,v_orlando_junior,Orlando Júnior,high,site_lineage_field,Lineage declarada no perfil: Luis França > Oswaldo Fadda > Monir Salomão > Júlio César > Orlando Júnior > Ademir Barreto
515,Royler Gracie,44,Helio Gracie,high,site_lineage_field,Lineage declarada no perfil: Mitsuyo Maeda > Carlos Gracie > Helio Gracie > Royler Gracie > Admilson Brites
6339,Admilson Brites,515,Royler Gracie,high,site_lineage_field,Lineage declarada no perfil: Mitsuyo Maeda > Carlos Gracie > Helio Gracie > Royler Gracie > Admilson Brites
v_hilton_leao,Hilton Leão,v_yoshyo_kamada,Yoshyo Kamada,high,site_lineage_field,Lineage declarada no perfil: Yoshyo Kamada > Hilton Leão > João Eugênio > Ronaldo Lorentz > Admilson Gobi
v_joao_eugenio,João Eugênio,v_hilton_leao,Hilton Leão,high,site_lineage_field,Lineage declarada no perfil: Yoshyo Kamada > Hilton Leão > João Eugênio > Ronaldo Lorentz > Admilson Gobi
v_ronaldo_lorentz,Ronaldo Lorentz,v_joao_eugenio,João Eugênio,high,site_lineage_field,Lineage declarada no perfil: Yoshyo Kamada > Hilton Leão > João Eugênio > Ronaldo Lorentz > Admilson Gobi
v_admilson_gobi,Admilson Gobi,v_ronaldo_lorentz,Ronaldo Lorentz,high,site_lineage_field,Lineage declarada no perfil: Yoshyo Kamada > Hilton Leão > João Eugênio > Ronaldo Lorentz > Admilson Gobi
22,Carlson Gracie,44,Helio Gracie,high,site_lineage_field,Lineage declarada no perfil: Mitsuyo Maeda > Carlos Gracie > Helio Gracie > Carlson Gracie > Fernando “Pinduka > Leonardo Castello Branco > Paulo Rezende > Rodrigo Carvalho > Aniel Bonifacio
fernando-pinduka,Fernando “Pinduka,22,Carlson Gracie,high,site_lineage_field,Lineage declarada no perfil: Mitsuyo Maeda > Carlos Gracie > Helio Gracie > Carlson Gracie > Fernando “Pinduka > Leonardo Castello Branco > Paulo Rezende > Rodrigo Carvalho > Aniel Bonifacio
935,Leonardo Castello Branco,fernando-pinduka,Fernando “Pinduka,high,site_lineage_field,Lineage declarada no perfil: Mitsuyo Maeda > Carlos Gracie > Helio Gracie > Carlson Gracie > Fernando “Pinduka > Leonardo Castello Branco > Paulo Rezende > Rodrigo Carvalho > Aniel Bonifacio
6006,Paulo Rezende,935,Leonardo Castello Branco,high,site_lineage_field,Lineage declarada no perfil: Mitsuyo Maeda > Carlos Gracie > Helio Gracie > Carlson Gracie > Fernando “Pinduka > Leonardo Castello Branco > Paulo Rezende > Rodrigo Carvalho > Aniel Bonifacio
8696,Rodrigo Carvalho,6006,Paulo Rezende,high,site_lineage_field,Lineage declarada no perfil: Mitsuyo Maeda > Carlos Gracie > Helio Gracie > Carlson Gracie > Fernando “Pinduka > Leonardo Castello Branco > Paulo Rezende > Rodrigo Carvalho > Aniel Bonifacio
9541,Aniel Bonifacio,8696,Rodrigo Carvalho,high,site_lineage_field,Lineage declarada no perfil: Mitsuyo Maeda > Carlos Gracie > Helio Gracie > Carlson Gracie > Fernando “Pinduka > Leonardo Castello Branco > Paulo Rezende > Rodrigo Carvalho > Aniel Bonifacio
297,Carlos Gracie Junior,44,Helio Gracie,high,site_lineage_field,Lineage declarada no perfil: Carlos Gracie > Helio Gracie > Carlos Gracie Junior > Jean Jacques Machado > Rigan Machado > John Will > David Hart > Adele Fornarino
88,Jean Jacques Machado,297,Carlos Gracie Junior,high,site_lineage_field,Lineage declarada no perfil: Carlos Gracie > Helio Gracie > Carlos Gracie Junior > Jean Jacques Machado > Rigan Machado > John Will > David Hart > Adele Fornarino
1817,Rigan Machado,88,Jean Jacques Machado,high,site_lineage_field,Lineage declarada no perfil: Carlos Gracie > Helio Gracie > Carlos Gracie Junior > Jean Jacques Machado > Rigan Machado > John Will > David Hart > Adele Fornarino
705,John Will,1817,Rigan Machado,high,site_lineage_field,Lineage declarada no perfil: Carlos Gracie > Helio Gracie > Carlos Gracie Junior > Jean Jacques Machado > Rigan Machado > John Will > David Hart > Adele Fornarino
v_david_hart,David Hart,705,John Will,high,site_lineage_field,Lineage declarada no perfil: Carlos Gracie > Helio Gracie > Carlos Gracie Junior > Jean Jacques Machado > Rigan Machado > John Will > David Hart > Adele Fornarino
13498,Adele Fornarino,v_david_hart,David Hart,high,site_lineage_field,Lineage declarada no perfil: Carlos Gracie > Helio Gracie > Carlos Gracie Junior > Jean Jacques Machado > Rigan Machado > John Will > David Hart > Adele Fornarino
579,Octavio Couto,355,Romero Cavalcanti,high,site_lineage_field,Lineage declarada no perfil: Mitsuyo Maeda > Carlos Gracie > Helio Gracie > Rolls Gracie > Romero Cavalcanti > Otavio Couto > Adriana Martins Pinto
v_adriana_martins_pinto,Adriana Martins Pinto,579,Octavio Couto,high,site_lineage_field,Lineage declarada no perfil: Mitsuyo Maeda > Carlos Gracie > Helio Gracie > Rolls Gracie > Romero Cavalcanti > Otavio Couto > Adriana Martins Pinto
1445,Rolker Gracie,515,Royler Gracie,high,site_lineage_field,Lineage declarada no perfil: Mitsuyo Maeda > Carlos Gracie > Helio Gracie > Royler Gracie > Rolker Gracie > Guto Monteiro > Cristiano Carioca > Adriano Martins
guto-monteiro,Guto Monteiro,1445,Rolker Gracie,high,site_lineage_field,Lineage declarada no perfil: Mitsuyo Maeda > Carlos Gracie > Helio Gracie > Royler Gracie > Rolker Gracie > Guto Monteiro > Cristiano Carioca > Adriano Martins
cristiano-carioca,Cristiano Carioca,guto-monteiro,Guto Monteiro,high,site_lineage_field,Lineage declarada no perfil: Mitsuyo Maeda > Carlos Gracie > Helio Gracie > Royler Gracie > Rolker Gracie > Guto Monteiro > Cristiano Carioca > Adriano Martins
1116,Adriano Martins,cristiano-carioca,Cristiano Carioca,high,site_lineage_field,Lineage declarada no perfil: Mitsuyo Maeda > Carlos Gracie > Helio Gracie > Royler Gracie > Rolker Gracie > Guto Monteiro > Cristiano Carioca > Adriano Martins
528,George Gracie,36,Carlos Gracie Senior,high,site_lineage_field,Lineage declarada no perfil: Mitsuyo Maeda > Carlos Gracie > George Gracie > Octávio de Almeida Senior > Octávio de Almeida Junior > Adriano Silva
2216,Octavio de Almeida,528,George Gracie,high,site_lineage_field,Lineage declarada no perfil: Mitsuyo Maeda > Carlos Gracie > George Gracie > Octávio de Almeida Senior > Octávio de Almeida Junior > Adriano Silva
v_octavio_de_almeida_junior,Octávio de Almeida Junior,2216,Octavio de Almeida,high,site_lineage_field,Lineage declarada no perfil: Mitsuyo Maeda > Carlos Gracie > George Gracie > Octávio de Almeida Senior > Octávio de Almeida Junior > Adriano Silva
909,Adriano Silva,v_octavio_de_almeida_junior,Octávio de Almeida Junior,high,site_lineage_field,Lineage declarada no perfil: Mitsuyo Maeda > Carlos Gracie > George Gracie > Octávio de Almeida Senior > Octávio de Almeida Junior > Adriano Silva
v_eduardo_de_lima,Eduardo de Lima),297,Carlos Gracie Junior,high,site_lineage_field,Lineage declarada no perfil: Mitsuyo Maeda > Carlos Gracie Sr. > Helio Gracie > Carlos Gracie Junior > Eduardo de Lima) > AJ Agazarm
4328,AJ Agazarm,v_eduardo_de_lima,Eduardo de Lima),high,site_lineage_field,Lineage declarada no perfil: Mitsuyo Maeda > Carlos Gracie Sr. > Helio Gracie > Carlos Gracie Junior > Eduardo de Lima) > AJ Agazarm
297,Carlos Gracie Junior,36,Carlos Gracie Senior,high,site_lineage_field,Lineage declarada no perfil: Mitsuyo Maeda > Carlos Gracie Sr. > Carlos Gracie Junior > Helio Soneca > Alan Belcher
helio-soneca-moreira,Helio Soneca,297,Carlos Gracie Junior,high,site_lineage_field,Lineage declarada no perfil: Mitsuyo Maeda > Carlos Gracie Sr. > Carlos Gracie Junior > Helio Soneca > Alan Belcher
2189,Alan Belcher,helio-soneca-moreira,Helio Soneca,high,site_lineage_field,Lineage declarada no perfil: Mitsuyo Maeda > Carlos Gracie Sr. > Carlos Gracie Junior > Helio Soneca > Alan Belcher
carlson-gracie-junior,Carlson Gracie Júnior,22,Carlson Gracie,high,site_lineage_field,Lineage declarada no perfil: Carlos Gracie > Helio Gracie > Carlson Gracie > Carlson Gracie Júnior > Alan Moraes
2583,Alan Moraes,carlson-gracie-junior,Carlson Gracie Júnior,high,site_lineage_field,Lineage declarada no perfil: Carlos Gracie > Helio Gracie > Carlson Gracie > Carlson Gracie Júnior > Alan Moraes
4317,Eddie Bravo,88,Jean Jacques Machado,high,site_lineage_field,Lineage declarada no perfil: Carlos Gracie > Hélio Gracie > Carlos Gracie Júnior > Jean Jaques Machado > Eddie Bravo > Denny Prokopos > Adam Sachnoff > Alan Sanchez
1498,Denny Prokopos,4317,Eddie Bravo,high,site_lineage_field,Lineage declarada no perfil: Carlos Gracie > Hélio Gracie > Carlos Gracie Júnior > Jean Jaques Machado > Eddie Bravo > Denny Prokopos > Adam Sachnoff > Alan Sanchez
v_adam_sachnoff,Adam Sachnoff,1498,Denny Prokopos,high,site_lineage_field,Lineage declarada no perfil: Carlos Gracie > Hélio Gracie > Carlos Gracie Júnior > Jean Jaques Machado > Eddie Bravo > Denny Prokopos > Adam Sachnoff > Alan Sanchez
12235,Alan Sanchez,v_adam_sachnoff,Adam Sachnoff,high,site_lineage_field,Lineage declarada no perfil: Carlos Gracie > Hélio Gracie > Carlos Gracie Júnior > Jean Jaques Machado > Eddie Bravo > Denny Prokopos > Adam Sachnoff > Alan Sanchez
696,Alberto Carmona,579,Octavio Couto,high,site_lineage_field,Lineage declarada no perfil: M. Maeda > Carlos Gracie > Helio G > Rolls G. > R. Cavalcanti > Otavio Couto > Alberto Carmona
374,Vinicius Magalhaes,297,Carlos Gracie Junior,high,site_lineage_field,Lineage declarada no perfil: Mitsuyo Maeda > Carlos Gracie Sr. > Helio Gracie > Carlos Gracie Junior > Vinicius Magalhães > Alberto Crane
2611,Alberto Crane,374,Vinicius Magalhaes,high,site_lineage_field,Lineage declarada no perfil: Mitsuyo Maeda > Carlos Gracie Sr. > Helio Gracie > Carlos Gracie Junior > Vinicius Magalhães > Alberto Crane
2003,Reyson Gracie,36,Carlos Gracie Senior,high,site_lineage_field,Lineage declarada no perfil: Carlos Gracie > Reyson Gracie > Luiz Façanha > Cássio Façanha > Ricardo Candido > Marcos Santana > Wellyton Menezes/Rildo Paiva > Alef Brito
v_luiz_facanha,Luiz Façanha,2003,Reyson Gracie,high,site_lineage_field,Lineage declarada no perfil: Carlos Gracie > Reyson Gracie > Luiz Façanha > Cássio Façanha > Ricardo Candido > Marcos Santana > Wellyton Menezes/Rildo Paiva > Alef Brito
v_cassio_facanha,Cássio Façanha,v_luiz_facanha,Luiz Façanha,high,site_lineage_field,Lineage declarada no perfil: Carlos Gracie > Reyson Gracie > Luiz Façanha > Cássio Façanha > Ricardo Candido > Marcos Santana > Wellyton Menezes/Rildo Paiva > Alef Brito
v_ricardo_candido,Ricardo Candido,v_cassio_facanha,Cássio Façanha,high,site_lineage_field,Lineage declarada no perfil: Carlos Gracie > Reyson Gracie > Luiz Façanha > Cássio Façanha > Ricardo Candido > Marcos Santana > Wellyton Menezes/Rildo Paiva > Alef Brito
6577,Marcos Santana,v_ricardo_candido,Ricardo Candido,high,site_lineage_field,Lineage declarada no perfil: Carlos Gracie > Reyson Gracie > Luiz Façanha > Cássio Façanha > Ricardo Candido > Marcos Santana > Wellyton Menezes/Rildo Paiva > Alef Brito
v_wellyton_menezes_rildo_paiva,Wellyton Menezes/Rildo Paiva,6577,Marcos Santana,high,site_lineage_field,Lineage declarada no perfil: Carlos Gracie > Reyson Gracie > Luiz Façanha > Cássio Façanha > Ricardo Candido > Marcos Santana > Wellyton Menezes/Rildo Paiva > Alef Brito
9876,Alef Brito,v_wellyton_menezes_rildo_paiva,Wellyton Menezes/Rildo Paiva,high,site_lineage_field,Lineage declarada no perfil: Carlos Gracie > Reyson Gracie > Luiz Façanha > Cássio Façanha > Ricardo Candido > Marcos Santana > Wellyton Menezes/Rildo Paiva > Alef Brito
v_junior_cardoso,Junior Cardoso,515,Royler Gracie,high,site_lineage_field,Lineage declarada no perfil: Mitsuyo Maeda > Carlos Gracie > Helio Gracie > Royler Gracie > Junior Cardoso > Alex Martins
7660,Alex Martins,v_junior_cardoso,Junior Cardoso,high,site_lineage_field,Lineage declarada no perfil: Mitsuyo Maeda > Carlos Gracie > Helio Gracie > Royler Gracie > Junior Cardoso > Alex Martins
322,Fabio Gurgel,355,Romero Cavalcanti,high,site_lineage_field,Lineage declarada no perfil: Carlos Gracie > Helio Gracie > Rolls Gracie > Romero Cavalcanti > Fábio Gurgel > Isaque Bahiense > Alex Munis
7552,Isaque Bahiense,322,Fabio Gurgel,high,site_lineage_field,Lineage declarada no perfil: Carlos Gracie > Helio Gracie > Rolls Gracie > Romero Cavalcanti > Fábio Gurgel > Isaque Bahiense > Alex Munis
11746,Alex Munis,7552,Isaque Bahiense,high,site_lineage_field,Lineage declarada no perfil: Carlos Gracie > Helio Gracie > Rolls Gracie > Romero Cavalcanti > Fábio Gurgel > Isaque Bahiense > Alex Munis
v_mario_yamasaki,Mario Yamasaki,739,Marcelo Behring,high,site_lineage_field,Lineage declarada no perfil: Carlos Gracie > Helio Gracie > Rickson Gracie > Marcelo Behring > Mario Yamasaki > David Jacobs > Greg Souders > Alex Nguyen
9037,David Jacobs,v_mario_yamasaki,Mario Yamasaki,high,site_lineage_field,Lineage declarada no perfil: Carlos Gracie > Helio Gracie > Rickson Gracie > Marcelo Behring > Mario Yamasaki > David Jacobs > Greg Souders > Alex Nguyen
13493,Greg Souders,9037,David Jacobs,high,site_lineage_field,Lineage declarada no perfil: Carlos Gracie > Helio Gracie > Rickson Gracie > Marcelo Behring > Mario Yamasaki > David Jacobs > Greg Souders > Alex Nguyen
13084,Alex Nguyen,13493,Greg Souders,high,site_lineage_field,Lineage declarada no perfil: Carlos Gracie > Helio Gracie > Rickson Gracie > Marcelo Behring > Mario Yamasaki > David Jacobs > Greg Souders > Alex Nguyen
3394,Robson Gracie,36,Carlos Gracie Senior,high,site_lineage_field,Lineage declarada no perfil: Mitsuyo Maeda > Carlos Gracie Sr > Robson Gracie > Aloísio Silva > Leka Vieira
v_aloisio_silva,Aloísio Silva,3394,Robson Gracie,high,site_lineage_field,Lineage declarada no perfil: Mitsuyo Maeda > Carlos Gracie Sr > Robson Gracie > Aloísio Silva > Leka Vieira
1131,Alessandra Vieira,v_aloisio_silva,Aloísio Silva,high,site_lineage_field,Lineage declarada no perfil: Mitsuyo Maeda > Carlos Gracie Sr > Robson Gracie > Aloísio Silva > Leka Vieira
1757,Alexander Trans,419,Leonardo Vieira,high,site_lineage_field,Lineage declarada no perfil: Carlos Gracie > Helio Gracie > Rolls Gracie > Romero Cavalcanti > Leonardo Vieira > Alexander Trans
1097,Waldomiro Perez,739,Marcelo Behring,high,site_lineage_field,Lineage declarada no perfil: Mitsuyo Maeda > Carlos Gracie > Helio Gracie > Rickson Gracie > Marcelo Behring > Waldomiro Perez > Roberto Godoi > Marco Barbosa > Mario Dias > Alessandro Capodeferro
601,Roberto Godoi,1097,Waldomiro Perez,high,site_lineage_field,Lineage declarada no perfil: Mitsuyo Maeda > Carlos Gracie > Helio Gracie > Rickson Gracie > Marcelo Behring > Waldomiro Perez > Roberto Godoi > Marco Barbosa > Mario Dias > Alessandro Capodeferro
492,Marco Barbosa,601,Roberto Godoi,high,site_lineage_field,Lineage declarada no perfil: Mitsuyo Maeda > Carlos Gracie > Helio Gracie > Rickson Gracie > Marcelo Behring > Waldomiro Perez > Roberto Godoi > Marco Barbosa > Mario Dias > Alessandro Capodeferro
v_mario_dias,Mario Dias,492,Marco Barbosa,high,site_lineage_field,Lineage declarada no perfil: Mitsuyo Maeda > Carlos Gracie > Helio Gracie > Rickson Gracie > Marcelo Behring > Waldomiro Perez > Roberto Godoi > Marco Barbosa > Mario Dias > Alessandro Capodeferro
1567,Alessandro Capodeferro,v_mario_dias,Mario Dias,high,site_lineage_field,Lineage declarada no perfil: Mitsuyo Maeda > Carlos Gracie > Helio Gracie > Rickson Gracie > Marcelo Behring > Waldomiro Perez > Roberto Godoi > Marco Barbosa > Mario Dias > Alessandro Capodeferro
524,Osvaldo Alves,2003,Reyson Gracie,high,site_lineage_field,Lineage declarada no perfil: Carlos Gracie > Reyson Gracie > Osvaldo Alves > Luis Dagmar > André Galvão > Alehander Mariano
v_luis_dagmar,Luis Dagmar,524,Osvaldo Alves,high,site_lineage_field,Lineage declarada no perfil: Carlos Gracie > Reyson Gracie > Osvaldo Alves > Luis Dagmar > André Galvão > Alehander Mariano
144,Andre Galvao,v_luis_dagmar,Luis Dagmar,high,site_lineage_field,Lineage declarada no perfil: Carlos Gracie > Reyson Gracie > Osvaldo Alves > Luis Dagmar > André Galvão > Alehander Mariano
13533,Alehander Mariano,144,Andre Galvao,high,site_lineage_field,Lineage declarada no perfil: Carlos Gracie > Reyson Gracie > Osvaldo Alves > Luis Dagmar > André Galvão > Alehander Mariano
361,Ricardo De La Riva,22,Carlson Gracie,high,site_lineage_field,Lineage declarada no perfil: Mitsuyo Maeda > Carlos Gracie > Carlson Gracie > Ricardo De La Riva > Alexandre Baraúna
9166,Alexandre Barauna,361,Ricardo De La Riva,high,site_lineage_field,Lineage declarada no perfil: Mitsuyo Maeda > Carlos Gracie > Carlson Gracie > Ricardo De La Riva > Alexandre Baraúna
553,Roberto Correa,297,Carlos Gracie Junior,high,site_lineage_field,Lineage declarada no perfil: Mitsuyo Maeda > Carlos Gracie > Hélio Gracie > Carlos Gracie Jr > Roberto Correa > Alexandre Cavaliere
9312,Alexandre Cavaliere,553,Roberto Correa,high,site_lineage_field,Lineage declarada no perfil: Mitsuyo Maeda > Carlos Gracie > Hélio Gracie > Carlos Gracie Jr > Roberto Correa > Alexandre Cavaliere
3384,Crolin Gracie,44,Helio Gracie,high,site_lineage_field,Lineage declarada no perfil: Mitsuyo Maeda > Carlos Gracie > Helio Gracie > Crolin Gracie > Alexandre de Souza
449,Alexandre de Souza,3384,Crolin Gracie,high,site_lineage_field,Lineage declarada no perfil: Mitsuyo Maeda > Carlos Gracie > Helio Gracie > Crolin Gracie > Alexandre de Souza
1488,Rilion Gracie,44,Helio Gracie,high,site_lineage_field,Lineage declarada no perfil: Mitsuyo Maeda > Carlos Gracie > Helio Gracie > Rilion Gracie > Alexandro Ceconi
474,Alexandre Ceconi,1488,Rilion Gracie,high,site_lineage_field,Lineage declarada no perfil: Mitsuyo Maeda > Carlos Gracie > Helio Gracie > Rilion Gracie > Alexandro Ceconi
727,Alexandre de Freitas,297,Carlos Gracie Junior,high,site_lineage_field,Lineage declarada no perfil: Mitsuyo Maeda > Carlos Gracie Sr. > Helio Gracie > Carlos Gracie Junior > Alexandre de Freitas
v_sergio_lisboa,Sergio Lisboa,524,Osvaldo Alves,high,site_lineage_field,Lineage declarada no perfil: Carlos Gracie > Reyson Gracie > Osvaldo Alves > Sergio Lisboa > Erivaldo Junior > Claudio Calasans > Alexandre de Jesus
v_erivaldo_junior,Erivaldo Junior,v_sergio_lisboa,Sergio Lisboa,high,site_lineage_field,Lineage declarada no perfil: Carlos Gracie > Reyson Gracie > Osvaldo Alves > Sergio Lisboa > Erivaldo Junior > Claudio Calasans > Alexandre de Jesus
410,Claudio Calasans,v_erivaldo_junior,Erivaldo Junior,high,site_lineage_field,Lineage declarada no perfil: Carlos Gracie > Reyson Gracie > Osvaldo Alves > Sergio Lisboa > Erivaldo Junior > Claudio Calasans > Alexandre de Jesus
9793,Alexandre Jesus,410,Claudio Calasans,high,site_lineage_field,Lineage declarada no perfil: Carlos Gracie > Reyson Gracie > Osvaldo Alves > Sergio Lisboa > Erivaldo Junior > Claudio Calasans > Alexandre de Jesus
v_orlando_saraiva,Orlando Saraiva,22,Carlson Gracie,high,site_lineage_field,Lineage declarada no perfil: Carlos Gracie > Helio Gracie > Carlson Gracie > Orlando Saraiva > Alexandre Manara (father) > Alexandre Manara
v_alexandre_manara_father,Alexandre Manara (father),v_orlando_saraiva,Orlando Saraiva,high,site_lineage_field,Lineage declarada no perfil: Carlos Gracie > Helio Gracie > Carlson Gracie > Orlando Saraiva > Alexandre Manara (father) > Alexandre Manara
14205,Alexandre Manara,v_alexandre_manara_father,Alexandre Manara (father),high,site_lineage_field,Lineage declarada no perfil: Carlos Gracie > Helio Gracie > Carlson Gracie > Orlando Saraiva > Alexandre Manara (father) > Alexandre Manara
5998,Carlson Gracie Junior,22,Carlson Gracie,high,site_lineage_field,Lineage declarada no perfil: Carlos Gracie > Helio Gracie > Carlson Gracie > Carlson Gracie Jr > André Vasconcelos > Alexandre Molinaro
v_andre_vasconcelos,André Vasconcelos,5998,Carlson Gracie Junior,high,site_lineage_field,Lineage declarada no perfil: Carlos Gracie > Helio Gracie > Carlson Gracie > Carlson Gracie Jr > André Vasconcelos > Alexandre Molinaro
9407,Alexandre Molinaro,v_andre_vasconcelos,André Vasconcelos,high,site_lineage_field,Lineage declarada no perfil: Carlos Gracie > Helio Gracie > Carlson Gracie > Carlson Gracie Jr > André Vasconcelos > Alexandre Molinaro
666,Alexandre Paiva,355,Romero Cavalcanti,high,site_lineage_field,Lineage declarada no perfil: Carlos Gracie > Helio Gracie > Rolls Gracie > Romero Cavalcanti > Alexandre Paiva
714,Francisco Albuquerque,22,Carlson Gracie,high,site_lineage_field,Lineage declarada no perfil: Mitsuyo Maeda > Carlos Gracie > Carlson Gracie > Francisco Albuquerque > Alexandre Pimentel.
311,Alexandre Pimentel,714,Francisco Albuquerque,high,site_lineage_field,Lineage declarada no perfil: Mitsuyo Maeda > Carlos Gracie > Carlson Gracie > Francisco Albuquerque > Alexandre Pimentel.
1671,Alexandre Puga,666,Alexandre Paiva,high,site_lineage_field,Lineage declarada no perfil: Mitsuyo Maeda > Carlos Gracie > Helio Gracie > Rolls Gracie > Romero Cavalcanti > Alexandre Paiva > Alexandre Puga
481,Saulo Ribeiro,515,Royler Gracie,high,site_lineage_field,Lineage declarada no perfil: Mitsuyo Maeda > Carlos Gracie > Helio Gracie > Royler Gracie > Saulo Ribeiro > Alexandre Ribeiro
84,Alexandre Ribeiro,481,Saulo Ribeiro,high,site_lineage_field,Lineage declarada no perfil: Mitsuyo Maeda > Carlos Gracie > Helio Gracie > Royler Gracie > Saulo Ribeiro > Alexandre Ribeiro
2443,Luiz Franca,v_mitsuyo_maeda,Mitsuyo Maeda,high,site_lineage_field,Lineage declarada no perfil: Mitsuyo Maeda > Luis França > Oswaldo Fadda > Neury Gomes > Alexandre Santos
v_neury_gomes,Neury Gomes,527,Oswaldo Fadda,high,site_lineage_field,Lineage declarada no perfil: Mitsuyo Maeda > Luis França > Oswaldo Fadda > Neury Gomes > Alexandre Santos
1517,Alexandre Santos,v_neury_gomes,Neury Gomes,high,site_lineage_field,Lineage declarada no perfil: Mitsuyo Maeda > Luis França > Oswaldo Fadda > Neury Gomes > Alexandre Santos
627,Murilo Bustamante,22,Carlson Gracie,high,site_lineage_field,Lineage declarada no perfil: Mitsuyo Maeda > Carlos Gracie > Carlson Gracie > Murilo Bustamante > Alexandre Vieira
8525,Alexandre Vieira,627,Murilo Bustamante,high,site_lineage_field,Lineage declarada no perfil: Mitsuyo Maeda > Carlos Gracie > Carlson Gracie > Murilo Bustamante > Alexandre Vieira
174,Bruno Frazatto,601,Roberto Godoi,high,site_lineage_field,Lineage declarada no perfil: Carlos Gracie > Helio Gracie > Rickson Gracie > Marcelo Behring > Waldomiro Perez > Roberto Godoi > Bruno Frazatto > Alex Enriquez
12569,Alexandria Enriquez,174,Bruno Frazatto,high,site_lineage_field,Lineage declarada no perfil: Carlos Gracie > Helio Gracie > Rickson Gracie > Marcelo Behring > Waldomiro Perez > Roberto Godoi > Bruno Frazatto > Alex Enriquez
891,Alexsandro Machado,338,Ricardo Vieira,high,site_lineage_field,Lineage declarada no perfil: Mitsuyo Maeda > Carlos Gracie > Helio Gracie > Rolls Gracie > Romero Cavalcanti > Ricardo Vieira > Alexsandro Machado
52,Renzo Gracie,297,Carlos Gracie Junior,high,site_lineage_field,Lineage declarada no perfil: Mitsuyo Maeda > Carlos Gracie (Senior) > Helio Gracie > Carlos Gracie Jr > Renzo Gracie > Mario Delgado > Alexis Alduncin
v_mario_delgado,Mario Delgado,52,Renzo Gracie,high,site_lineage_field,Lineage declarada no perfil: Mitsuyo Maeda > Carlos Gracie (Senior) > Helio Gracie > Carlos Gracie Jr > Renzo Gracie > Mario Delgado > Alexis Alduncin
9377,Alexis Alduncin,v_mario_delgado,Mario Delgado,high,site_lineage_field,Lineage declarada no perfil: Mitsuyo Maeda > Carlos Gracie (Senior) > Helio Gracie > Carlos Gracie Jr > Renzo Gracie > Mario Delgado > Alexis Alduncin
78,Andre Pederneiras,22,Carlson Gracie,high,site_lineage_field,Lineage declarada no perfil: Carlos Gracie > Helio Gracie > Carlson Gracie > André Pederneiras > Rodrigo Feijão > Alexssandro  Sodré
6756,Rodrigo Silva,78,Andre Pederneiras,high,site_lineage_field,Lineage declarada no perfil: Carlos Gracie > Helio Gracie > Carlson Gracie > André Pederneiras > Rodrigo Feijão > Alexssandro  Sodré
8884,Alexsandro Sodre,6756,Rodrigo Silva,high,site_lineage_field,Lineage declarada no perfil: Carlos Gracie > Helio Gracie > Carlson Gracie > André Pederneiras > Rodrigo Feijão > Alexssandro  Sodré
10004,Ali Monfaradi,322,Fabio Gurgel,high,site_lineage_field,Lineage declarada no perfil: Carlos Gracie > Helio Gracie > Rolls Gracie > Romero Cavalcanti > Fábio Gurgel > Ali Monfaradi
826,Allan Goes,22,Carlson Gracie,high,site_lineage_field,Lineage declarada no perfil: Mitsuyo Maeda > Carlos Gracie > Carlson Gracie > Allan Góes
2052,Alvaro Barreto,44,Helio Gracie,high,site_lineage_field,Lineage declarada no perfil: Mitsuyo Maeda > Carlos Gracie > Helio Gracie > Alvaro Barreto
203,Julio Cesar,3416,Monir Salomao,high,site_lineage_field,Lineage declarada no perfil: Mitsuyo Maeda > Luiz França > Oswaldo Fadda > Monir Salomão > Julio Cesar Pereira > Alvaro Bobadilla
1553,Alvaro Bobadilla,203,Julio Cesar,high,site_lineage_field,Lineage declarada no perfil: Mitsuyo Maeda > Luiz França > Oswaldo Fadda > Monir Salomão > Julio Cesar Pereira > Alvaro Bobadilla
1495,Flavio Behring,44,Helio Gracie,high,site_lineage_field,Lineage declarada no perfil: Mitsuyo Maeda > Carlos Gracie (Senior) > Helio Gracie > Flavio Behring > Patrick Chaput > Derebey Sebahatin > Khalid Houry > Amal Amjahid
v_patrick_chaput,Patrick Chaput,1495,Flavio Behring,high,site_lineage_field,Lineage declarada no perfil: Mitsuyo Maeda > Carlos Gracie (Senior) > Helio Gracie > Flavio Behring > Patrick Chaput > Derebey Sebahatin > Khalid Houry > Amal Amjahid
v_derebey_sebahatin,Derebey Sebahatin,v_patrick_chaput,Patrick Chaput,high,site_lineage_field,Lineage declarada no perfil: Mitsuyo Maeda > Carlos Gracie (Senior) > Helio Gracie > Flavio Behring > Patrick Chaput > Derebey Sebahatin > Khalid Houry > Amal Amjahid
v_khalid_houry,Khalid Houry,v_derebey_sebahatin,Derebey Sebahatin,high,site_lineage_field,Lineage declarada no perfil: Mitsuyo Maeda > Carlos Gracie (Senior) > Helio Gracie > Flavio Behring > Patrick Chaput > Derebey Sebahatin > Khalid Houry > Amal Amjahid
9058,Amal Amjahid,v_khalid_houry,Khalid Houry,high,site_lineage_field,Lineage declarada no perfil: Mitsuyo Maeda > Carlos Gracie (Senior) > Helio Gracie > Flavio Behring > Patrick Chaput > Derebey Sebahatin > Khalid Houry > Amal Amjahid
9,Marcio Cruz,297,Carlos Gracie Junior,high,site_lineage_field,Lineage declarada no perfil: C. Gracie > Helio Gracie > Carlos Gracie Jr > Marcio Cruz > Amanda Alequin
v_amanda_alequin,Amanda Alequin,9,Marcio Cruz,high,site_lineage_field,Lineage declarada no perfil: C. Gracie > Helio Gracie > Carlos Gracie Jr > Marcio Cruz > Amanda Alequin
14146,Amanda Bruse,144,Andre Galvao,high,site_lineage_field,Lineage declarada no perfil: Carlos Gracie > Reyson Gracie > Osvaldo Alves > Luis Dagmar > André Galvão > Amanda Bruse
1736,Daniel Simões (Gracie),297,Carlos Gracie Junior,high,site_lineage_field,Lineage declarada no perfil: Carlos Gracie > Helio Gracie > Carlos Gracie Jr. > Daniel Simões (Gracie) > James Booth > Amanda Leve
v_james_booth,James Booth,1736,Daniel Simões (Gracie),high,site_lineage_field,Lineage declarada no perfil: Carlos Gracie > Helio Gracie > Carlos Gracie Jr. > Daniel Simões (Gracie) > James Booth > Amanda Leve
12064,Amanda Leve,v_james_booth,James Booth,high,site_lineage_field,Lineage declarada no perfil: Carlos Gracie > Helio Gracie > Carlos Gracie Jr. > Daniel Simões (Gracie) > James Booth > Amanda Leve
v_andre_pinheiro,André Pinheiro,601,Roberto Godoi,high,site_lineage_field,Lineage declarada no perfil: Carlos Gracie > Helio Gracie > Rickson Gracie > Marcelo Behring > Waldomiro Perez > Roberto Godoi > André Pinheiro > Luis Marques > Amanda Magda
10403,Luis Marques,v_andre_pinheiro,André Pinheiro,high,site_lineage_field,Lineage declarada no perfil: Carlos Gracie > Helio Gracie > Rickson Gracie > Marcelo Behring > Waldomiro Perez > Roberto Godoi > André Pinheiro > Luis Marques > Amanda Magda
13078,Amanda Magda,10403,Luis Marques,high,site_lineage_field,Lineage declarada no perfil: Carlos Gracie > Helio Gracie > Rickson Gracie > Marcelo Behring > Waldomiro Perez > Roberto Godoi > André Pinheiro > Luis Marques > Amanda Magda
8301,Amanda Monteiro,203,Julio Cesar,high,site_lineage_field,Lineage declarada no perfil: Luis França > Oswaldo Fadda > Monir Salomão > Júlio Cesar > Amanda Monteiro
486,Amaury Bitetti,22,Carlson Gracie,high,site_lineage_field,Lineage declarada no perfil: Mitsuyo Maeda > Carlos Gracie > Carlson Gracie > Amaury Bitetti
743,Royce Gracie,44,Helio Gracie,high,site_lineage_field,Lineage declarada no perfil: Mitsuyo Maeda > Carlos Gracie > Helio Gracie > Royce Gracie > Amin Touati
1391,Amin Touati,743,Royce Gracie,high,site_lineage_field,Lineage declarada no perfil: Mitsuyo Maeda > Carlos Gracie > Helio Gracie > Royce Gracie > Amin Touati
2529,Roberto Lage,2216,Octavio de Almeida,high,site_lineage_field,Lineage declarada no perfil: Carlos Gracie > George Gracie > Octávio de Almeida > Roberto Lage > Eduardo Mori > Amy Campo
v_eduardo_mori,Eduardo Mori,2529,Roberto Lage,high,site_lineage_field,Lineage declarada no perfil: Carlos Gracie > George Gracie > Octávio de Almeida > Roberto Lage > Eduardo Mori > Amy Campo
12639,Amy Campo,v_eduardo_mori,Eduardo Mori,high,site_lineage_field,Lineage declarada no perfil: Carlos Gracie > George Gracie > Octávio de Almeida > Roberto Lage > Eduardo Mori > Amy Campo
224,Roberto Abreu,714,Francisco Albuquerque,high,site_lineage_field,Lineage declarada no perfil: Carlos Gracie > Helio Gracie > Carlson Gracie > Francisco Toco > Roberto Abreu > Ana Carolina Silva
13832,Ana Carolina Lima Silva,224,Roberto Abreu,high,site_lineage_field,Lineage declarada no perfil: Carlos Gracie > Helio Gracie > Carlson Gracie > Francisco Toco > Roberto Abreu > Ana Carolina Silva
v_sebastiao_ricardo,Sebastião Ricardo,527,Oswaldo Fadda,high,site_lineage_field,Lineage declarada no perfil: Mitsuyo Maeda > Luiz França > Oswaldo Fadda > Sebastião Ricardo > Wendell Alexander > André Marola > Marcos Cunha > Ana Carolina Schmitt
634,Wendell Alexander,v_sebastiao_ricardo,Sebastião Ricardo,high,site_lineage_field,Lineage declarada no perfil: Mitsuyo Maeda > Luiz França > Oswaldo Fadda > Sebastião Ricardo > Wendell Alexander > André Marola > Marcos Cunha > Ana Carolina Schmitt
4334,Andre da Silva,634,Wendell Alexander,high,site_lineage_field,Lineage declarada no perfil: Mitsuyo Maeda > Luiz França > Oswaldo Fadda > Sebastião Ricardo > Wendell Alexander > André Marola > Marcos Cunha > Ana Carolina Schmitt
v_marcos_cunha,Marcos Cunha,4334,Andre da Silva,high,site_lineage_field,Lineage declarada no perfil: Mitsuyo Maeda > Luiz França > Oswaldo Fadda > Sebastião Ricardo > Wendell Alexander > André Marola > Marcos Cunha > Ana Carolina Schmitt
8888,Ana Carolina Schmitt,v_marcos_cunha,Marcos Cunha,high,site_lineage_field,Lineage declarada no perfil: Mitsuyo Maeda > Luiz França > Oswaldo Fadda > Sebastião Ricardo > Wendell Alexander > André Marola > Marcos Cunha > Ana Carolina Schmitt
6979,Ana Carolina Vieira,203,Julio Cesar,high,site_lineage_field,Lineage declarada no perfil: Luis França > Oswaldo Fadda > Monir Salomão > Julio Cesar > Ana Carolina Vieira
2357,Ana Laura Cordeiro,297,Carlos Gracie Junior,high,site_lineage_field,Lineage declarada no perfil: Mitsuyo Maeda > Carlos Gracie Sr. > Helio Gracie > Carlos Gracie Junior > Ana Laura Cordeiro
v_ana_maria_india,Ana Maria “India”,338,Ricardo Vieira,high,site_lineage_field,Lineage declarada no perfil: Mitsuyo Maeda > Carlos Gracie > Helio Gracie > Rolls Gracie > Romero Cavalcanti > Ricardo Vieira > Ana Maria “India”
405,Marco Canha,338,Ricardo Vieira,high,site_lineage_field,Lineage declarada no perfil: Carlos Gracie > Helio Gracie > Rolls Gracie > Romero Cavalcanti > Ricardo Vieira > Marco Canha > Anabel Lopez Beard
v_anabel_lopez_beard,Anabel Lopez Beard,405,Marco Canha,high,site_lineage_field,Lineage declarada no perfil: Carlos Gracie > Helio Gracie > Rolls Gracie > Romero Cavalcanti > Ricardo Vieira > Marco Canha > Anabel Lopez Beard
10232,Gabriel Figueiro,322,Fabio Gurgel,high,site_lineage_field,Lineage declarada no perfil: Carlos Gracie > Helio Gracie > Rolls Gracie > Romero Cavalcanti > Fábio Gurgel > Gabriel Figueiró > Isaque Bahiense > Anderson Munis
7552,Isaque Bahiense,10232,Gabriel Figueiro,high,site_lineage_field,Lineage declarada no perfil: Carlos Gracie > Helio Gracie > Rolls Gracie > Romero Cavalcanti > Fábio Gurgel > Gabriel Figueiró > Isaque Bahiense > Anderson Munis
11685,Anderson Munis,7552,Isaque Bahiense,high,site_lineage_field,Lineage declarada no perfil: Carlos Gracie > Helio Gracie > Rolls Gracie > Romero Cavalcanti > Fábio Gurgel > Gabriel Figueiró > Isaque Bahiense > Anderson Munis
895,Sergio Souza,22,Carlson Gracie,high,site_lineage_field,Lineage declarada no perfil: Mitsuyo Maeda > Carlos Gracie > Helio Gracie > Carlson Gracie > Sérgio Bolão > Zé Marcello > Anderson Pereira
v_ze_marcello,Zé Marcello,895,Sergio Souza,high,site_lineage_field,Lineage declarada no perfil: Mitsuyo Maeda > Carlos Gracie > Helio Gracie > Carlson Gracie > Sérgio Bolão > Zé Marcello > Anderson Pereira
249,Anderson Pereira,v_ze_marcello,Zé Marcello,high,site_lineage_field,Lineage declarada no perfil: Mitsuyo Maeda > Carlos Gracie > Helio Gracie > Carlson Gracie > Sérgio Bolão > Zé Marcello > Anderson Pereira
carlos-lemos-jr,Carlos Lemos Jr,297,Carlos Gracie Junior,high,site_lineage_field,Lineage declarada no perfil: Mitsuyo Maeda > Carlos Gracie Sr. > Carlos Gracie Junior > Carlos Lemos Jr > Federico Tisi > Andrea Baggio
2056,Federico Tisi,carlos-lemos-jr,Carlos Lemos Jr,high,site_lineage_field,Lineage declarada no perfil: Mitsuyo Maeda > Carlos Gracie Sr. > Carlos Gracie Junior > Carlos Lemos Jr > Federico Tisi > Andrea Baggio
1101,Andrea Baggio,2056,Federico Tisi,high,site_lineage_field,Lineage declarada no perfil: Mitsuyo Maeda > Carlos Gracie Sr. > Carlos Gracie Junior > Carlos Lemos Jr > Federico Tisi > Andrea Baggio
1044,Flavio Almeida,297,Carlos Gracie Junior,high,site_lineage_field,Lineage declarada no perfil: Mitsuyo Maeda > Carlos Gracie > Helio Gracie > Carlos Gracie Jr > Flávio Almeida > André Almeida
9615,Andre Almeida,1044,Flavio Almeida,high,site_lineage_field,Lineage declarada no perfil: Mitsuyo Maeda > Carlos Gracie > Helio Gracie > Carlos Gracie Jr > Flávio Almeida > André Almeida
1716,Andre Almeida,591,Ricardo Liborio,high,site_lineage_field,Lineage declarada no perfil: Mitsuyo Maeda > Carlos Gracie > Helio Gracie > Carlson Gracie > Ricardo Libório > André Almeida
960,Mauro Chueng,895,Sergio Souza,high,site_lineage_field,Lineage declarada no perfil: Carlos Gracie > Carlson Gracie > Sergio Bolão > Mauro Chueng > Elan Santiago > Lucas Lepri > André Góis
6158,Elan Santiago,960,Mauro Chueng,high,site_lineage_field,Lineage declarada no perfil: Carlos Gracie > Carlson Gracie > Sergio Bolão > Mauro Chueng > Elan Santiago > Lucas Lepri > André Góis
358,Lucas Lepri,6158,Elan Santiago,high,site_lineage_field,Lineage declarada no perfil: Carlos Gracie > Carlson Gracie > Sergio Bolão > Mauro Chueng > Elan Santiago > Lucas Lepri > André Góis
11646,Andre Gois,358,Lucas Lepri,high,site_lineage_field,Lineage declarada no perfil: Carlos Gracie > Carlson Gracie > Sergio Bolão > Mauro Chueng > Elan Santiago > Lucas Lepri > André Góis
6507,Regis Lebre,515,Royler Gracie,high,site_lineage_field,Lineage declarada no perfil: Mitsuyo Maeda > Carlos Gracie > Helio Gracie > Royler Gracie > Regis Lebre > Andre Maracaba
7747,Andre Maracaba,6507,Regis Lebre,high,site_lineage_field,Lineage declarada no perfil: Mitsuyo Maeda > Carlos Gracie > Helio Gracie > Royler Gracie > Regis Lebre > Andre Maracaba
11384,Andre Porfirio,224,Roberto Abreu,high,site_lineage_field,Lineage declarada no perfil: Carlos Gracie > Carlson Gracie > Francisco Albuquerque > Roberto Abreu > André Porfirio
v_leandro_vieira,Leandro Vieira,419,Leonardo Vieira,high,site_lineage_field,Lineage declarada no perfil: Mitsuyo Maeda > Carlos Gracie > Helio Gracie > Rolls Gracie > Romero Cavalcanti > Leonardo Vieira > Leandro Vieira > Andre Quiles
1414,Andre Quiles,v_leandro_vieira,Leandro Vieira,high,site_lineage_field,Lineage declarada no perfil: Mitsuyo Maeda > Carlos Gracie > Helio Gracie > Rolls Gracie > Romero Cavalcanti > Leonardo Vieira > Leandro Vieira > Andre Quiles
2040,Francisco Mansur,44,Helio Gracie,high,site_lineage_field,Lineage declarada no perfil: Mitsuyo Maeda > Carlos Gracie > Helio Gracie > Francisco Mansor > Carlos Henrique > André Terencio
1400,Carlos Henrique,2040,Francisco Mansur,high,site_lineage_field,Lineage declarada no perfil: Mitsuyo Maeda > Carlos Gracie > Helio Gracie > Francisco Mansor > Carlos Henrique > André Terencio
314,Andre Terencio,1400,Carlos Henrique,high,site_lineage_field,Lineage declarada no perfil: Mitsuyo Maeda > Carlos Gracie > Helio Gracie > Francisco Mansor > Carlos Henrique > André Terencio
5523,Sebastian Lalli,361,Ricardo De La Riva,high,site_lineage_field,Lineage declarada no perfil: C. Gracie > Carlson Gracie > De La Riva > Carlos Lima > Sebastian Lalli > Andressa Cintra
8519,Andressa Cintra,5523,Sebastian Lalli,high,site_lineage_field,Lineage declarada no perfil: C. Gracie > Carlson Gracie > De La Riva > Carlos Lima > Sebastian Lalli > Andressa Cintra
7675,Faustino Neto,524,Osvaldo Alves,high,site_lineage_field,Lineage declarada no perfil: Carlos Gracie > Reyson Gracie > Osvaldo Alves > Faustino Neto (Pina) > Carlos Holanda > Andrew Soares
963,Carlos Vieira Holanda,7675,Faustino Neto,high,site_lineage_field,Lineage declarada no perfil: Carlos Gracie > Reyson Gracie > Osvaldo Alves > Faustino Neto (Pina) > Carlos Holanda > Andrew Soares
v_andrew_soares,Andrew Soares,963,Carlos Vieira Holanda,high,site_lineage_field,Lineage declarada no perfil: Carlos Gracie > Reyson Gracie > Osvaldo Alves > Faustino Neto (Pina) > Carlos Holanda > Andrew Soares
v_rodrigo_vaghi,Rodrigo Vaghi,67,Rickson Gracie,high,site_lineage_field,Lineage declarada no perfil: Carlos Gracie > H. Gracie > Rickson Gracie > Rodrigo Vaghi > Heath Pedigo > Andrew Wiltse
11359,Heath Pedigo,v_rodrigo_vaghi,Rodrigo Vaghi,high,site_lineage_field,Lineage declarada no perfil: Carlos Gracie > H. Gracie > Rickson Gracie > Rodrigo Vaghi > Heath Pedigo > Andrew Wiltse
11808,Andrew Wiltse,11359,Heath Pedigo,high,site_lineage_field,Lineage declarada no perfil: Carlos Gracie > H. Gracie > Rickson Gracie > Rodrigo Vaghi > Heath Pedigo > Andrew Wiltse
1207,Rodrigo Cabral,419,Leonardo Vieira,high,site_lineage_field,Lineage declarada no perfil: Carlos Gracie > Helio Gracie > Rolls Gracie > Romero Cavalcanti (Jacaré) > Leonardo Vieira (Leozinho) > Rodrigo Cabral (Brucutu) > Andrew Tackett
13172,Andrew Tackett,1207,Rodrigo Cabral,high,site_lineage_field,Lineage declarada no perfil: Carlos Gracie > Helio Gracie > Rolls Gracie > Romero Cavalcanti (Jacaré) > Leonardo Vieira (Leozinho) > Rodrigo Cabral (Brucutu) > Andrew Tackett
11878,Andy Murasaki,144,Andre Galvao,high,site_lineage_field,Lineage declarada no perfil: Carlos Gracie > Reyson Gracie > Osvaldo Alves > Luis Dagmar > André Galvão > Andy Murasaki
v_casey_halstead,Casey Halstead,4317,Eddie Bravo,high,site_lineage_field,Lineage declarada no perfil: Carlos Gracie > Hélio Gracie > Carlos Gracie Júnior > Jean Jaques Machado > Eddie Bravo > Casey Halstead > Andy Varela
12703,Andy Varela,v_casey_halstead,Casey Halstead,high,site_lineage_field,Lineage declarada no perfil: Carlos Gracie > Hélio Gracie > Carlos Gracie Júnior > Jean Jaques Machado > Eddie Bravo > Casey Halstead > Andy Varela
10638,Angelo Claiborne,1307,Lloyd Irvin,high,site_lineage_field,Lineage declarada no perfil: Carlos Gracie > Helio Gracie > Rickson Gracie > J. Pereira > Leo Dalla > Lloyd Irvin > Angelo Claiborne
10764,Anna Rodrigues,7552,Isaque Bahiense,high,site_lineage_field,Lineage declarada no perfil: Carlos Gracie > Helio Gracie > Rolls Gracie > Romero Cavalcanti > Fábio Gurgel > Isaque Bahiense > Anna Rodrigues
647,Rodrigo Medeiros,22,Carlson Gracie,high,site_lineage_field,Lineage declarada no perfil: Mitsuyo Maeda > Carlos Gracie > Carlson Gracie > Rodrigo Medeiros > Tony Pacenski
540,Anthony Pacenski,647,Rodrigo Medeiros,high,site_lineage_field,Lineage declarada no perfil: Mitsuyo Maeda > Carlos Gracie > Carlson Gracie > Rodrigo Medeiros > Tony Pacenski
745,Carlos Machado,297,Carlos Gracie Junior,high,site_lineage_field,Lineage declarada no perfil: Mitsuyo Maeda > Carlos Gracie Sr. > Carlos Gracie Junior > Carlos Machado > Anthony Perosh
1104,Anthony Perosh,745,Carlos Machado,high,site_lineage_field,Lineage declarada no perfil: Mitsuyo Maeda > Carlos Gracie Sr. > Carlos Gracie Junior > Carlos Machado > Anthony Perosh
2175,Wagnney Fabiano,634,Wendell Alexander,high,site_lineage_field,Lineage declarada no perfil: Mitsuyo Maeda > Luiz França > Oswaldo Fadda > Sebastião Ricardo > Wendell Alexander > Wagnney Fabiano > AJ Scales
957,Anthony Scales,2175,Wagnney Fabiano,high,site_lineage_field,Lineage declarada no perfil: Mitsuyo Maeda > Luiz França > Oswaldo Fadda > Sebastião Ricardo > Wendell Alexander > Wagnney Fabiano > AJ Scales
11228,Helder Medeiros,338,Ricardo Vieira,high,site_lineage_field,Lineage declarada no perfil: Mitsuyo Maeda > Carlos Gracie > Helio Gracie > Rolls Gracie > Romero Cavalcanti > Ricardo Vieira > Helder Medeiros > Antonio Carlos
v_antonio_carlos,Antonio Carlos,11228,Helder Medeiros,high,site_lineage_field,Lineage declarada no perfil: Mitsuyo Maeda > Carlos Gracie > Helio Gracie > Rolls Gracie > Romero Cavalcanti > Ricardo Vieira > Helder Medeiros > Antonio Carlos
1536,Antonio de Melo,3394,Robson Gracie,high,site_lineage_field,Lineage declarada no perfil: Mitsuyo Maeda > Carlos Gracie Sr. > Robson Gracie > Antonio de Melo
911,Antonio Peinado,322,Fabio Gurgel,high,site_lineage_field,Lineage declarada no perfil: Carlos Gracie > Helio Gracie > Rolls Gracie > Romero Cavalcanti > Fábio Gurgel > Antonio Peinado
2517,Wilson Mattos,527,Oswaldo Fadda,high,site_lineage_field,Lineage declarada no perfil: Mitsuyo Maeda > Luis França > Oswaldo Fadda > Wilson Mattos > Antonio Crivelari
9130,Antonio Roberto Crivelari,2517,Wilson Mattos,high,site_lineage_field,Lineage declarada no perfil: Mitsuyo Maeda > Luis França > Oswaldo Fadda > Wilson Mattos > Antonio Crivelari
1865,Antonio Rodrigo Nogueira,361,Ricardo De La Riva,high,site_lineage_field,Lineage declarada no perfil: Mitsuyo Maeda > Carlos Gracie > Carlson Gracie > Ricardo De La Riva > Antônio Rodrigo Nogueira
12,Antonio Schembri,297,Carlos Gracie Junior,high,site_lineage_field,Lineage declarada no perfil: Mitsuyo Maeda > Carlos Gracie Sr. > Carlos Gracie Junior > Nino Schembri.
387,Antonio Braga Neto,553,Roberto Correa,high,site_lineage_field,Lineage declarada no perfil: Carlos Gracie > Helio Gracie > Carlos Gracie Jr > Roberto Correa > Antonio Braga Neto
2985,Marcelo Azevedo,374,Vinicius Magalhaes,high,site_lineage_field,Lineage declarada no perfil: Carlos Gracie > Helio Gracie > Carlos Gracie Junior > Vinicius Magalhães (Draculino) > Marcelo Azevedo (Uirapuru) > Felipe Pena (Preguiça) > Arley Pacheco
2416,Felipe Pena,2985,Marcelo Azevedo,high,site_lineage_field,Lineage declarada no perfil: Carlos Gracie > Helio Gracie > Carlos Gracie Junior > Vinicius Magalhães (Draculino) > Marcelo Azevedo (Uirapuru) > Felipe Pena (Preguiça) > Arley Pacheco
13364,Arley Pacheco,2416,Felipe Pena,high,site_lineage_field,Lineage declarada no perfil: Carlos Gracie > Helio Gracie > Carlos Gracie Junior > Vinicius Magalhães (Draculino) > Marcelo Azevedo (Uirapuru) > Felipe Pena (Preguiça) > Arley Pacheco
584,Arlisson Melo,78,Andre Pederneiras,high,site_lineage_field,Lineage declarada no perfil: Mitsuyo Maeda > Carlos Gracie > Carlson Gracie > Andre Pederneiras > Arlisson Melo
ze-mario-sperry-mma-and-bjj-fighter-wiki,José Mario Sperry,22,Carlson Gracie,high,site_lineage_field,Lineage declarada no perfil: Mitsuyo Maeda > Carlos Gracie > Carlson Gracie > José Mario Sperry > Fernando Paradeda > Mateus Bernardi (Alemão) > Arthur Detanico
1916,Fernando Pontes,ze-mario-sperry-mma-and-bjj-fighter-wiki,José Mario Sperry,high,site_lineage_field,Lineage declarada no perfil: Mitsuyo Maeda > Carlos Gracie > Carlson Gracie > José Mario Sperry > Fernando Paradeda > Mateus Bernardi (Alemão) > Arthur Detanico
v_mateus_bernardi_alemao,Mateus Bernardi (Alemão),1916,Fernando Pontes,high,site_lineage_field,Lineage declarada no perfil: Mitsuyo Maeda > Carlos Gracie > Carlson Gracie > José Mario Sperry > Fernando Paradeda > Mateus Bernardi (Alemão) > Arthur Detanico
9931,Arthur Detanico,v_mateus_bernardi_alemao,Mateus Bernardi (Alemão),high,site_lineage_field,Lineage declarada no perfil: Mitsuyo Maeda > Carlos Gracie > Carlson Gracie > José Mario Sperry > Fernando Paradeda > Mateus Bernardi (Alemão) > Arthur Detanico
1155,Cicero Costha,492,Marco Barbosa,high,site_lineage_field,Lineage declarada no perfil: Carlos Gracie > Helio Gracie > Rickson Gracie > Marcelo Behring > Waldomiro Perez > Roberto Godoi > Marco Barbosa > Cicero Costha > Ariel Tabak
13175,Ariel Tabak,1155,Cicero Costha,high,site_lineage_field,Lineage declarada no perfil: Carlos Gracie > Helio Gracie > Rickson Gracie > Marcelo Behring > Waldomiro Perez > Roberto Godoi > Marco Barbosa > Cicero Costha > Ariel Tabak
640,Ramon Lemos,78,Andre Pederneiras,high,site_lineage_field,Lineage declarada no perfil: Carlos Gracie > Carlson Gracie > Andre Pederneiras > Ramon Lemos > Ary Farias
260,Ary Farias,640,Ramon Lemos,high,site_lineage_field,Lineage declarada no perfil: Carlos Gracie > Carlson Gracie > Andre Pederneiras > Ramon Lemos > Ary Farias
1263,Lucio Rodrigues,297,Carlos Gracie Junior,high,site_lineage_field,Lineage declarada no perfil: Carlos Gracie > Helio Gracie > Carlos Gracie Jr. > Lúcio Rodrigues > Arya Esfandmaz
11703,Arya Esfandmaz,1263,Lucio Rodrigues,high,site_lineage_field,Lineage declarada no perfil: Carlos Gracie > Helio Gracie > Carlos Gracie Jr. > Lúcio Rodrigues > Arya Esfandmaz
381,Armando Wridt,44,Helio Gracie,high,site_lineage_field,Lineage declarada no perfil: Mitsuyo Maeda > Carlos Gracie > Helio Gracie > Armando Wridt
422,Braulio Estima,297,Carlos Gracie Junior,high,site_lineage_field,Lineage declarada no perfil: C. Gracie > Helio Gracie > Carlos Gracie Jr > Braulio Estima > Chris Rees > Ashley Williams
v_chris_rees,Chris Rees,422,Braulio Estima,high,site_lineage_field,Lineage declarada no perfil: C. Gracie > Helio Gracie > Carlos Gracie Jr > Braulio Estima > Chris Rees > Ashley Williams
9401,Ashley Williams,v_chris_rees,Chris Rees,high,site_lineage_field,Lineage declarada no perfil: C. Gracie > Helio Gracie > Carlos Gracie Jr > Braulio Estima > Chris Rees > Ashley Williams
1167,Augusto Ferrari,492,Marco Barbosa,high,site_lineage_field,Lineage declarada no perfil: Mitsuyo Maeda > Carlos Gracie > Helio Gracie > Rickson Gracie > Marcelo Behring > Waldomiro Perez > Roberto Godoi > Marco Barbosa > Augusto Ferrari
188,Augusto Mendes,2040,Francisco Mansur,high,site_lineage_field,Lineage declarada no perfil: Mitsuyo Maeda > Carlos Gracie > Helio Gracie > Francisco Mansur > Augusto Mendes
2606,Augusto Monteiro,1445,Rolker Gracie,high,site_lineage_field,Lineage declarada no perfil: Mitsuyo Maeda > Carlos Gracie > Helio Gracie > Royler Gracie > Rolker Gracie > Guto Monteiro
v_tyrone_gonsalves,Tyrone Gonsalves,84,Alexandre Ribeiro,high,site_lineage_field,Lineage declarada no perfil: Carlos Gracie > Helio Gracie > Royler Gracie > Saulo Ribeiro > Alexandre Ribeiro > Tyrone Gonsalves > Aurélie Le Vern
13332,Aurelie Le Vern,v_tyrone_gonsalves,Tyrone Gonsalves,high,site_lineage_field,Lineage declarada no perfil: Carlos Gracie > Helio Gracie > Royler Gracie > Saulo Ribeiro > Alexandre Ribeiro > Tyrone Gonsalves > Aurélie Le Vern
12203,Austin Baker,1044,Flavio Almeida,high,site_lineage_field,Lineage declarada no perfil: Carlos Gracie > Helio Gracie > Carlos Gracie Junior > Flávio Almeida > Austin Baker
12356,Damion Oranday,358,Lucas Lepri,high,site_lineage_field,Lineage declarada no perfil: Carlos Gracie > Carlson Gracie > Sergio Bolão > Mauro Chueng > Elan Santiago > Lucas Lepri > Damion Oranday > Austin Oranday
13849,Austin Oranday,12356,Damion Oranday,high,site_lineage_field,Lineage declarada no perfil: Carlos Gracie > Carlson Gracie > Sergio Bolão > Mauro Chueng > Elan Santiago > Lucas Lepri > Damion Oranday > Austin Oranday
john-lewis,John Lewis,78,Andre Pederneiras,high,site_lineage_field,Lineage declarada no perfil: Mitsuyo Maeda > Carlos Gracie > Helio Gracie > Carlson Gracie > André Pederneiras > John Lewis > Egan Inoue > Barret Yoshida
6518,Egan Inoue,john-lewis,John Lewis,high,site_lineage_field,Lineage declarada no perfil: Mitsuyo Maeda > Carlos Gracie > Helio Gracie > Carlson Gracie > André Pederneiras > John Lewis > Egan Inoue > Barret Yoshida
1023,Baret Yoshida,6518,Egan Inoue,high,site_lineage_field,Lineage declarada no perfil: Mitsuyo Maeda > Carlos Gracie > Helio Gracie > Carlson Gracie > André Pederneiras > John Lewis > Egan Inoue > Barret Yoshida
730,Vinicius Aieta,515,Royler Gracie,high,site_lineage_field,Lineage declarada no perfil: C. Gracie > Helio Gracie > Royler Gracie > Vini Aieta > Leticia Ribeiro > Beatriz Mesquita
903,Leticia Ribeiro,730,Vinicius Aieta,high,site_lineage_field,Lineage declarada no perfil: C. Gracie > Helio Gracie > Royler Gracie > Vini Aieta > Leticia Ribeiro > Beatriz Mesquita
1119,Beatriz Mesquita,903,Leticia Ribeiro,high,site_lineage_field,Lineage declarada no perfil: C. Gracie > Helio Gracie > Royler Gracie > Vini Aieta > Leticia Ribeiro > Beatriz Mesquita
613,Wellington Dias,515,Royler Gracie,high,site_lineage_field,Lineage declarada no perfil: Mitsuyo Maeda > Carlos Gracie > Helio Gracie > Royler Gracie > Wellington Dias > Ben Baxter
1998,Ben Baxter,613,Wellington Dias,high,site_lineage_field,Lineage declarada no perfil: Mitsuyo Maeda > Carlos Gracie > Helio Gracie > Royler Gracie > Wellington Dias > Ben Baxter
8409,Ricardo Marques,895,Sergio Souza,high,site_lineage_field,Lineage declarada no perfil: Carlos Gracie > Helio Gracie > Carlson Gracie > Sergio Souza > Ricardo Marques > Bernardo Faria
425,Bernardo Faria,8409,Ricardo Marques,high,site_lineage_field,Lineage declarada no perfil: Carlos Gracie > Helio Gracie > Carlson Gracie > Sergio Souza > Ricardo Marques > Bernardo Faria
952,Joao Roque,78,Andre Pederneiras,high,site_lineage_field,Lineage declarada no perfil: Mitsuyo Maeda > Carlos Gracie > Carlson Gracie > Andre Pederneiras > Joao Roque > Bernardo Pitel
1433,Bernardo Pitel,952,Joao Roque,high,site_lineage_field,Lineage declarada no perfil: Mitsuyo Maeda > Carlos Gracie > Carlson Gracie > Andre Pederneiras > Joao Roque > Bernardo Pitel
1980,Pedro Hemeterio,44,Helio Gracie,high,site_lineage_field,Lineage declarada no perfil: Mitsuyo Maeda > Carlos Gracie > Helio Gracie > Pedro Hemeterio > Francisco Hemeterio > Banni Cavalcanti > Diojone Farias > Bianca Andrade
v_francisco_hemeterio,Francisco Hemeterio,1980,Pedro Hemeterio,high,site_lineage_field,Lineage declarada no perfil: Mitsuyo Maeda > Carlos Gracie > Helio Gracie > Pedro Hemeterio > Francisco Hemeterio > Banni Cavalcanti > Diojone Farias > Bianca Andrade
v_banni_cavalcanti,Banni Cavalcanti,v_francisco_hemeterio,Francisco Hemeterio,high,site_lineage_field,Lineage declarada no perfil: Mitsuyo Maeda > Carlos Gracie > Helio Gracie > Pedro Hemeterio > Francisco Hemeterio > Banni Cavalcanti > Diojone Farias > Bianca Andrade
v_diojone_farias,Diojone Farias,v_banni_cavalcanti,Banni Cavalcanti,high,site_lineage_field,Lineage declarada no perfil: Mitsuyo Maeda > Carlos Gracie > Helio Gracie > Pedro Hemeterio > Francisco Hemeterio > Banni Cavalcanti > Diojone Farias > Bianca Andrade
1158,Bianca Andrade,v_diojone_farias,Diojone Farias,high,site_lineage_field,Lineage declarada no perfil: Mitsuyo Maeda > Carlos Gracie > Helio Gracie > Pedro Hemeterio > Francisco Hemeterio > Banni Cavalcanti > Diojone Farias > Bianca Andrade
524,Osvaldo Alves,36,Carlos Gracie Senior,high,site_lineage_field,Lineage declarada no perfil: Mitsuyo Maeda > Carlos Gracie > Osvaldo Alves > Faustino Neto > Bibiano Fernandes
471,Bibiano Fernandes,7675,Faustino Neto,high,site_lineage_field,Lineage declarada no perfil: Mitsuyo Maeda > Carlos Gracie > Osvaldo Alves > Faustino Neto > Bibiano Fernandes
ricardo-franjinha-miller,Ricardo Miller,355,Romero Cavalcanti,high,site_lineage_field,Lineage declarada no perfil: Mitsuyo Maeda > Carlos Gracie > Helio Gracie > Rolls Gracie > Romero Cavalcanti > Ricardo Miller > William Cooper
898,Bill Cooper,ricardo-franjinha-miller,Ricardo Miller,high,site_lineage_field,Lineage declarada no perfil: Mitsuyo Maeda > Carlos Gracie > Helio Gracie > Rolls Gracie > Romero Cavalcanti > Ricardo Miller > William Cooper
carley-gracie,Carley Gracie,36,Carlos Gracie Senior,high,site_lineage_field,Lineage declarada no perfil: Mitsuyo Maeda > Carlos Gracie > Carley Gracie > Clark Gracie > Brandon Walensky
1523,Clark Gracie,carley-gracie,Carley Gracie,high,site_lineage_field,Lineage declarada no perfil: Mitsuyo Maeda > Carlos Gracie > Carley Gracie > Clark Gracie > Brandon Walensky
9385,Brandon Walensky,1523,Clark Gracie,high,site_lineage_field,Lineage declarada no perfil: Mitsuyo Maeda > Carlos Gracie > Carley Gracie > Clark Gracie > Brandon Walensky
v_daniel_almeida,Daniel Almeida,634,Wendell Alexander,high,site_lineage_field,Lineage declarada no perfil: Mitsuyo Maeda > Luiz França > Oswaldo Fadda > Sebastião Ricardo > Wendell Alexander > Daniel Almeida > Fábio Andrade > Marcio André > Brenda Heller
fabio-andrade,Fábio Andrade,v_daniel_almeida,Daniel Almeida,high,site_lineage_field,Lineage declarada no perfil: Mitsuyo Maeda > Luiz França > Oswaldo Fadda > Sebastião Ricardo > Wendell Alexander > Daniel Almeida > Fábio Andrade > Marcio André > Brenda Heller
4163,Marcio Andre Barbosa Junior,fabio-andrade,Fábio Andrade,high,site_lineage_field,Lineage declarada no perfil: Mitsuyo Maeda > Luiz França > Oswaldo Fadda > Sebastião Ricardo > Wendell Alexander > Daniel Almeida > Fábio Andrade > Marcio André > Brenda Heller
9048,Brenda Heller,4163,Marcio Andre Barbosa Junior,high,site_lineage_field,Lineage declarada no perfil: Mitsuyo Maeda > Luiz França > Oswaldo Fadda > Sebastião Ricardo > Wendell Alexander > Daniel Almeida > Fábio Andrade > Marcio André > Brenda Heller
10862,Brenda Larissa,322,Fabio Gurgel,high,site_lineage_field,Lineage declarada no perfil: C. Gracie > H. Gracie > Rolls Gracie > Romero Cavalcanti > Fábio Gurgel > Brenda Larissa
6683,Ryan Gracie,297,Carlos Gracie Junior,high,site_lineage_field,Lineage declarada no perfil: Carlos Gracie > Helio Gracie > Carlos Gracie Jr > Ryan Gracie > Gabriel Vella > Caio Almeida > Bianca Basílio
607,Gabriel Vella,6683,Ryan Gracie,high,site_lineage_field,Lineage declarada no perfil: Carlos Gracie > Helio Gracie > Carlos Gracie Jr > Ryan Gracie > Gabriel Vella > Caio Almeida > Bianca Basílio
7672,Caio Almeida,607,Gabriel Vella,high,site_lineage_field,Lineage declarada no perfil: Carlos Gracie > Helio Gracie > Carlos Gracie Jr > Ryan Gracie > Gabriel Vella > Caio Almeida > Bianca Basílio
7535,Bianca Basilio,7672,Caio Almeida,high,site_lineage_field,Lineage declarada no perfil: Carlos Gracie > Helio Gracie > Carlos Gracie Jr > Ryan Gracie > Gabriel Vella > Caio Almeida > Bianca Basílio
253,Jay Dee Penn,78,Andre Pederneiras,high,site_lineage_field,Lineage declarada no perfil: Mitsuyo Maeda > Carlos Gracie > Carlson Gracie > André Pederneiras > BJ Penn
v_klay_pittman,Klay Pittman,745,Carlos Machado,high,site_lineage_field,Lineage declarada no perfil: Carlos Gracie Sr. > Helio Gracie > Carlos Gracie Junior > Carlos Machado > Klay Pittman > Brandon Mullins
2358,Brandon Mullins,v_klay_pittman,Klay Pittman,high,site_lineage_field,Lineage declarada no perfil: Carlos Gracie Sr. > Helio Gracie > Carlos Gracie Junior > Carlos Machado > Klay Pittman > Brandon Mullins
1886,Fabricio Martins,524,Osvaldo Alves,high,site_lineage_field,Lineage declarada no perfil: Mitsuyo Maeda > Carlos Gracie > Reyson Gracie > Osvaldo Alves > Fabrício Martins > Brian Beauchamp
8298,Brian Beauchamp,1886,Fabricio Martins,high,site_lineage_field,Lineage declarada no perfil: Mitsuyo Maeda > Carlos Gracie > Reyson Gracie > Osvaldo Alves > Fabrício Martins > Brian Beauchamp
v_rob_kahn,Rob Kahn,743,Royce Gracie,high,site_lineage_field,Lineage declarada no perfil: Mitsuyo Maeda > Carlos Gracie > Helio Gracie > Royce Gracie > Rob Kahn > Mike Wacker > Brian Beaury
v_mike_wacker,Mike Wacker,v_rob_kahn,Rob Kahn,high,site_lineage_field,Lineage declarada no perfil: Mitsuyo Maeda > Carlos Gracie > Helio Gracie > Royce Gracie > Rob Kahn > Mike Wacker > Brian Beaury
9640,Brian Beaury,v_mike_wacker,Mike Wacker,high,site_lineage_field,Lineage declarada no perfil: Mitsuyo Maeda > Carlos Gracie > Helio Gracie > Royce Gracie > Rob Kahn > Mike Wacker > Brian Beaury
8874,Thomas Lisboa,322,Fabio Gurgel,high,site_lineage_field,Lineage declarada no perfil: C. Gracie > H. Gracie > Rolls Gracie > Romero Cavalcanti > Fabio Gurgel > Thomas Lisboa > Brian Giorgio
11354,Brian Giorgio,8874,Thomas Lisboa,high,site_lineage_field,Lineage declarada no perfil: C. Gracie > H. Gracie > Rolls Gracie > Romero Cavalcanti > Fabio Gurgel > Thomas Lisboa > Brian Giorgio
v_fabio_holanda,Fábio Holanda,627,Murilo Bustamante,high,site_lineage_field,Lineage declarada no perfil: Carlos Gracie > Helio Gracie > Carlson Gracie > Murilo Bustamante > Fábio Holanda > Brianna Ste-Marie
12599,Brianna Ste-Marie,v_fabio_holanda,Fábio Holanda,high,site_lineage_field,Lineage declarada no perfil: Carlos Gracie > Helio Gracie > Carlson Gracie > Murilo Bustamante > Fábio Holanda > Brianna Ste-Marie
690,Fernando Marques,22,Carlson Gracie,high,site_lineage_field,Lineage declarada no perfil: Carlos Gracie > Helio Gracie > Carlson Gracie > Fernando “Pinduka” > Leonardo Castello Branco > Paulo Rezende > Brígida Felipe
935,Leonardo Castello Branco,690,Fernando Marques,high,site_lineage_field,Lineage declarada no perfil: Carlos Gracie > Helio Gracie > Carlson Gracie > Fernando “Pinduka” > Leonardo Castello Branco > Paulo Rezende > Brígida Felipe
13577,Brigida Carvalho Felipe,6006,Paulo Rezende,high,site_lineage_field,Lineage declarada no perfil: Carlos Gracie > Helio Gracie > Carlson Gracie > Fernando “Pinduka” > Leonardo Castello Branco > Paulo Rezende > Brígida Felipe
1633,Jose Olimpio,297,Carlos Gracie Junior,high,site_lineage_field,Lineage declarada no perfil: Mitsuyo Maeda > Carlos Gracie Sr. > Helio Gracie > Carlos Gracie Jr > Jose Olimpio > Bruno Alves
1659,Bruno Alves,1633,Jose Olimpio,high,site_lineage_field,Lineage declarada no perfil: Mitsuyo Maeda > Carlos Gracie Sr. > Helio Gracie > Carlos Gracie Jr > Jose Olimpio > Bruno Alves
2062,Crezio de Souza,22,Carlson Gracie,high,site_lineage_field,Lineage declarada no perfil: M. Maeda > C. Gracie > Carlson Gracie > Crezio de Souza > Adalberto de Souza > Bruno Barbosa
v_adalberto_de_souza,Adalberto de Souza,2062,Crezio de Souza,high,site_lineage_field,Lineage declarada no perfil: M. Maeda > C. Gracie > Carlson Gracie > Crezio de Souza > Adalberto de Souza > Bruno Barbosa
7568,Bruno Barbosa,v_adalberto_de_souza,Adalberto de Souza,high,site_lineage_field,Lineage declarada no perfil: M. Maeda > C. Gracie > Carlson Gracie > Crezio de Souza > Adalberto de Souza > Bruno Barbosa
637,Bruno Bastos,634,Wendell Alexander,high,site_lineage_field,Lineage declarada no perfil: Luiz França > Oswaldo Fadda > Sebastião Ricardo > Wendell Alexander > Bruno Bastos
1152,Eduardo Conceicao,355,Romero Cavalcanti,high,site_lineage_field,Lineage declarada no perfil: Mitsuyo Maeda > Carlos Gracie > Helio Gracie > Rolls Gracie > Romero Cavalcanti > Eduardo Jamelão > Bruno de Paula
684,Bruno de Paula,1152,Eduardo Conceicao,high,site_lineage_field,Lineage declarada no perfil: Mitsuyo Maeda > Carlos Gracie > Helio Gracie > Rolls Gracie > Romero Cavalcanti > Eduardo Jamelão > Bruno de Paula
1707,Bruno Ferreira,714,Francisco Albuquerque,high,site_lineage_field,Lineage declarada no perfil: Mitsuyo Maeda > Carlos Gracie > Carlson Gracie > Francisco Albuquerque > Bruno Ferreira
v_alexandre_machado,Alexandre Machado,297,Carlos Gracie Junior,high,site_lineage_field,Lineage declarada no perfil: Mitsuyo Maeda > Carlos Gracie > Helio Gracie > Carlos Gracie Jr > Alexandre Machado > Bruno Lima
10176,Bruno Lima,v_alexandre_machado,Alexandre Machado,high,site_lineage_field,Lineage declarada no perfil: Mitsuyo Maeda > Carlos Gracie > Helio Gracie > Carlos Gracie Jr > Alexandre Machado > Bruno Lima
6002,Vinicius Amaral,22,Carlson Gracie,high,site_lineage_field,Lineage declarada no perfil: Mitsuyo Maeda > Carlos Gracie > Helio Gracie > Carlson Gracie > Vinicios Amaral > Bruno Malfacine
283,Bruno Malfacine,6002,Vinicius Amaral,high,site_lineage_field,Lineage declarada no perfil: Mitsuyo Maeda > Carlos Gracie > Helio Gracie > Carlson Gracie > Vinicios Amaral > Bruno Malfacine
868,Bruno Matias,338,Ricardo Vieira,high,site_lineage_field,Lineage declarada no perfil: Carlos Gracie > Helio Gracie > Rolls Gracie > Romero Cavalcanti > Ricardo Vieira > Bruno Matias
1491,Ulpiano Malachias,297,Carlos Gracie Junior,high,site_lineage_field,Lineage declarada no perfil: Carlos Gracie > Helio Gracie > Carlos Gracie Junior > Ulpiano Malachias > José Bruno Matias
12069,Jose Bruno Matias,1491,Ulpiano Malachias,high,site_lineage_field,Lineage declarada no perfil: Carlos Gracie > Helio Gracie > Carlos Gracie Junior > Ulpiano Malachias > José Bruno Matias
v_alvaro_mansor,Alvaro Mansor,2040,Francisco Mansur,high,site_lineage_field,Lineage declarada no perfil: Mitsuyo Maeda > Carlos Gracie > Helio Gracie > Francisco Mansor > Alvaro Mansor > Bruno Mendes
3117,Bruno Mendes,v_alvaro_mansor,Alvaro Mansor,high,site_lineage_field,Lineage declarada no perfil: Mitsuyo Maeda > Carlos Gracie > Helio Gracie > Francisco Mansor > Alvaro Mansor > Bruno Mendes
1188,Leandro Lo,1155,Cicero Costha,high,site_lineage_field,Lineage declarada no perfil: Mitsuyo Maeda > Carlos Gracie > Helio Gracie > Rickson Gracie > Marcelo Behring > Waldomiro Perez > Roberto Godoi > Marco Barbosa > Cicero Costha > Leandro Lo > Caio Caetano
9217,Caio Caetano,1188,Leandro Lo,high,site_lineage_field,Lineage declarada no perfil: Mitsuyo Maeda > Carlos Gracie > Helio Gracie > Rickson Gracie > Marcelo Behring > Waldomiro Perez > Roberto Godoi > Marco Barbosa > Cicero Costha > Leandro Lo > Caio Caetano
10964,Caio Paganini,322,Fabio Gurgel,high,site_lineage_field,Lineage declarada no perfil: Carlos Gracie > Helio Gracie > Rolls Gracie > Romero Cavalcanti > Fábio Gurgel > Caio Paganini
6041,Reylson Gracie,36,Carlos Gracie Senior,high,site_lineage_field,Lineage declarada no perfil: Mitsuyo Maeda > Carlos Gracie Sr. > Reylson Gracie > Paulo Maurício Strauch > Caio Terra
3016,Paulo Mauricio Strauch,6041,Reylson Gracie,high,site_lineage_field,Lineage declarada no perfil: Mitsuyo Maeda > Carlos Gracie Sr. > Reylson Gracie > Paulo Maurício Strauch > Caio Terra
582,Caio Terra,3016,Paulo Mauricio Strauch,high,site_lineage_field,Lineage declarada no perfil: Mitsuyo Maeda > Carlos Gracie Sr. > Reylson Gracie > Paulo Maurício Strauch > Caio Terra
v_caio_vinicius,Caio Vinicius,2416,Felipe Pena,high,site_lineage_field,Lineage declarada no perfil: Carlos Gracie > Helio Gracie > Carlos Gracie Junior > Vinicius Magalhães (Draculino) > Marcelo Azevedo (Uirapuru) > Felipe Pena (Preguiça) > Caio Vinicius
v_charles_faria,Charles Faria,601,Roberto Godoi,high,site_lineage_field,Lineage declarada no perfil: Mitsuyo Maeda > Carlos Gracie > Helio Gracie > Rickson Gracie > Marcelo Behring > Waldomiro Perez > Roberto Godoi > Charles Faria > Julio Pinheiro > Carina Santi
v_julio_pinheiro,Julio Pinheiro,v_charles_faria,Charles Faria,high,site_lineage_field,Lineage declarada no perfil: Mitsuyo Maeda > Carlos Gracie > Helio Gracie > Rickson Gracie > Marcelo Behring > Waldomiro Perez > Roberto Godoi > Charles Faria > Julio Pinheiro > Carina Santi
8624,Carina Santi,v_julio_pinheiro,Julio Pinheiro,high,site_lineage_field,Lineage declarada no perfil: Mitsuyo Maeda > Carlos Gracie > Helio Gracie > Rickson Gracie > Marcelo Behring > Waldomiro Perez > Roberto Godoi > Charles Faria > Julio Pinheiro > Carina Santi
2160,Carley Gracie,22,Carlson Gracie,high,site_lineage_field,Lineage declarada no perfil: Mitsuyo Maeda > Carlos Gracie Sr. > Carlson Gracie > Carley Gracie
2460,Carlos Elias,44,Helio Gracie,high,site_lineage_field,Lineage declarada no perfil: Mitsuyo Maeda > Carlos Gracie > Helio Gracie > Carlos Henrique Elias
437,Fernando Augusto Silva,666,Alexandre Paiva,high,site_lineage_field,Lineage declarada no perfil: Carlos Gracie > Helio Gracie > Rolls Gracie > Romero Cavalcanti > Alexandre Paiva > Fernando Tererê > Rubens Charles > Michael Langhi > Isaque Bahiense > Carlos Henrique
147,Rubens Charles,437,Fernando Augusto Silva,high,site_lineage_field,Lineage declarada no perfil: Carlos Gracie > Helio Gracie > Rolls Gracie > Romero Cavalcanti > Alexandre Paiva > Fernando Tererê > Rubens Charles > Michael Langhi > Isaque Bahiense > Carlos Henrique
122,Michael Langhi,147,Rubens Charles,high,site_lineage_field,Lineage declarada no perfil: Carlos Gracie > Helio Gracie > Rolls Gracie > Romero Cavalcanti > Alexandre Paiva > Fernando Tererê > Rubens Charles > Michael Langhi > Isaque Bahiense > Carlos Henrique
7552,Isaque Bahiense,122,Michael Langhi,high,site_lineage_field,Lineage declarada no perfil: Carlos Gracie > Helio Gracie > Rolls Gracie > Romero Cavalcanti > Alexandre Paiva > Fernando Tererê > Rubens Charles > Michael Langhi > Isaque Bahiense > Carlos Henrique
1400,Carlos Henrique,7552,Isaque Bahiense,high,site_lineage_field,Lineage declarada no perfil: Carlos Gracie > Helio Gracie > Rolls Gracie > Romero Cavalcanti > Alexandre Paiva > Fernando Tererê > Rubens Charles > Michael Langhi > Isaque Bahiense > Carlos Henrique
1594,Carlos Lemos Jr,297,Carlos Gracie Junior,high,site_lineage_field,Lineage declarada no perfil: Mitsuyo Maeda > Carlos Gracie Sr. > Carlos Gracie Junior > Carlos Lemos Jr
2100,Claudio Franca,2040,Francisco Mansur,high,site_lineage_field,Lineage declarada no perfil: Mitsuyo Maeda > Carlos Gracie > Helio Gracie > Francisco Mansor > Claudio Franca > Carlos Melo
9611,Carlos Melo,2100,Claudio Franca,high,site_lineage_field,Lineage declarada no perfil: Mitsuyo Maeda > Carlos Gracie > Helio Gracie > Francisco Mansor > Claudio Franca > Carlos Melo
v_jorge_pina,Jorge Pina,527,Oswaldo Fadda,high,site_lineage_field,Lineage declarada no perfil: Mitsuyo Maeda > Luis França > Oswaldo Fadda > Jorge Pina > Carlos Vieira
396,Carlos Vieira,v_jorge_pina,Jorge Pina,high,site_lineage_field,Lineage declarada no perfil: Mitsuyo Maeda > Luis França > Oswaldo Fadda > Jorge Pina > Carlos Vieira
7006,Julio dos Anjos Junior,3416,Monir Salomao,high,site_lineage_field,Lineage declarada no perfil: Luis França > Oswaldo Fadda > Monir Salomão > Júlio César > Júlio dos Anjos > Catriel Oliveira
12346,Catriel Oliveira,7006,Julio dos Anjos Junior,high,site_lineage_field,Lineage declarada no perfil: Luis França > Oswaldo Fadda > Monir Salomão > Júlio César > Júlio dos Anjos > Catriel Oliveira
1000,Caroline Lazzer,ze-mario-sperry-mma-and-bjj-fighter-wiki,José Mario Sperry,high,site_lineage_field,Lineage declarada no perfil: Mitsuyo Maeda > Carlos Gracie > Carlson Gracie > Ze Mario Sperry > Caroline de Lazzer
14032,Cassia Moura,637,Bruno Bastos,high,site_lineage_field,Lineage declarada no perfil: Luiz França > Oswaldo Fadda > Sebastião Ricardo > Wendell Alexander > Bruno Bastos > Cassia Moura
829,Cassio Cardoso,22,Carlson Gracie,high,site_lineage_field,Lineage declarada no perfil: Carlos Gracie > Helio Gracie > Carlson Gracie > Cássio Cardoso
13379,Cassio Felipe Costa,84,Alexandre Ribeiro,high,site_lineage_field,Lineage declarada no perfil: C. Gracie > H. Gracie > Royler Gracie > Saulo Ribeiro > Alexandre Ribeiro > Felipe Costa
v_ricardo_reis,Ricardo Reis,1886,Fabricio Martins,high,site_lineage_field,Lineage declarada no perfil: Mitsuyo Maeda > Carlos Gracie > Reyson Gracie > Osvaldo Alves > Fabrício Martins > Ricardo Reis > Cassio Werneck
1223,Cassio Werneck,v_ricardo_reis,Ricardo Reis,high,site_lineage_field,Lineage declarada no perfil: Mitsuyo Maeda > Carlos Gracie > Reyson Gracie > Osvaldo Alves > Fabrício Martins > Ricardo Reis > Cassio Werneck
8562,Catherine Perret,419,Leonardo Vieira,high,site_lineage_field,Lineage declarada no perfil: Mitsuyo Maeda > Carlos Gracie Senior > Helio Gracie > Rolls Gracie > Romero (Jacaré) Cavalcanti > Leonardo Vieira > Catherine Fuhro Perret
10596,Cleber Luciano,1445,Rolker Gracie,high,site_lineage_field,Lineage declarada no perfil: Carlos Gracie > Helio Gracie > Royler Gracie > Rolker Gracie > Cleber Luciano
7657,Cleber Sousa,7672,Caio Almeida,high,site_lineage_field,Lineage declarada no perfil: C. Gracie > Carlos Gracie Jr > Ryan Gracie > Gabriel Vella > Caio Almeida > Cleber Sousa
428,Celso Vinicius,553,Roberto Correa,high,site_lineage_field,Lineage declarada no perfil: Mitsuyo Maeda > Carlos Gracie Sr. > Carlos Gracie Junior > Roberto Correa > Celso Venicius
929,Cesar Gracie,3394,Robson Gracie,high,site_lineage_field,Lineage declarada no perfil: Mitsuyo Maeda > Carlos Gracie Sr. > Robson Gracie > Cesar Gracie
v_walter_guimaraes,Walter Guimaraes,22,Carlson Gracie,high,site_lineage_field,Lineage declarada no perfil: Mitsuyo Maeda > Carlos Gracie > Carlson Gracie > Walter Guimaraes > Cesar Guimaraes
2512,Cezar Guimarães,v_walter_guimaraes,Walter Guimaraes,high,site_lineage_field,Lineage declarada no perfil: Mitsuyo Maeda > Carlos Gracie > Carlson Gracie > Walter Guimaraes > Cesar Guimaraes
588,Renato Tavares,22,Carlson Gracie,high,site_lineage_field,Lineage declarada no perfil: Mitsuyo Maeda > Carlos Gracie > Carlson Gracie > Renato Tavares > Colin/Kyle Cannon > Nick Albin > Chad Hardy
v_colin_kyle_cannon,Colin/Kyle Cannon,588,Renato Tavares,high,site_lineage_field,Lineage declarada no perfil: Mitsuyo Maeda > Carlos Gracie > Carlson Gracie > Renato Tavares > Colin/Kyle Cannon > Nick Albin > Chad Hardy
v_nick_albin,Nick Albin,v_colin_kyle_cannon,Colin/Kyle Cannon,high,site_lineage_field,Lineage declarada no perfil: Mitsuyo Maeda > Carlos Gracie > Carlson Gracie > Renato Tavares > Colin/Kyle Cannon > Nick Albin > Chad Hardy
9845,Chad Hardy,v_nick_albin,Nick Albin,high,site_lineage_field,Lineage declarada no perfil: Mitsuyo Maeda > Carlos Gracie > Carlson Gracie > Renato Tavares > Colin/Kyle Cannon > Nick Albin > Chad Hardy
7652,Charles Negromonte,1633,Jose Olimpio,high,site_lineage_field,Lineage declarada no perfil: Carlos Gracie > Helio Gracie > Carlos Gracie Jr > José Olímpio > Charles Negromonte
720,Jorge Patino,1097,Waldomiro Perez,high,site_lineage_field,Lineage declarada no perfil: Carlos Gracie > Helio Gracie > Rickson Gracie > Marcelo Behring > Waldomiro Perez > Jorge Patino > Charles Oliveira
877,Charles Oliveira,720,Jorge Patino,high,site_lineage_field,Lineage declarada no perfil: Carlos Gracie > Helio Gracie > Rickson Gracie > Marcelo Behring > Waldomiro Perez > Jorge Patino > Charles Oliveira
v_ulf_ehlert,Ulf Ehlert,322,Fabio Gurgel,high,site_lineage_field,Lineage declarada no perfil: Carlos Gracie > Helio Gracie > Rolls Gracie > Romero Cavalcanti (Jacaré) > Fábio Gurgel > Ulf Ehlert > Charlotte Von Baumgarten
9545,Charlotte Von Baumgarten,v_ulf_ehlert,Ulf Ehlert,high,site_lineage_field,Lineage declarada no perfil: Carlos Gracie > Helio Gracie > Rolls Gracie > Romero Cavalcanti (Jacaré) > Fábio Gurgel > Ulf Ehlert > Charlotte Von Baumgarten
9587,Eduardo Rios,591,Ricardo Liborio,high,site_lineage_field,Lineage declarada no perfil: Carlos Gracie > Helio Gracie > Carlson Gracie > Ricardo Libório > Eduardo Rios > Pedro Lott > Chayse Diekema
v_pedro_lott,Pedro Lott,9587,Eduardo Rios,high,site_lineage_field,Lineage declarada no perfil: Carlos Gracie > Helio Gracie > Carlson Gracie > Ricardo Libório > Eduardo Rios > Pedro Lott > Chayse Diekema
13655,Chayse Diekema,v_pedro_lott,Pedro Lott,high,site_lineage_field,Lineage declarada no perfil: Carlos Gracie > Helio Gracie > Carlson Gracie > Ricardo Libório > Eduardo Rios > Pedro Lott > Chayse Diekema
484,Murilo Santana,v_mario_yamasaki,Mario Yamasaki,high,site_lineage_field,Lineage declarada no perfil: Carlos Gracie > Helio Gracie > Rickson Gracie > Marcelo Behring > Mario Yamasaki > Murilo Santana > Chloé McNally
12708,Chloe McNally,484,Murilo Santana,high,site_lineage_field,Lineage declarada no perfil: Carlos Gracie > Helio Gracie > Rickson Gracie > Marcelo Behring > Mario Yamasaki > Murilo Santana > Chloé McNally
v_edson_carvalho,Edson Carvalho,22,Carlson Gracie,high,site_lineage_field,Lineage declarada no perfil: Carlos Gracie > Carlson Gracie > Edson Carvalho > Robson Barbosa > Christian Graugart
v_robson_barbosa,Robson Barbosa,v_edson_carvalho,Edson Carvalho,high,site_lineage_field,Lineage declarada no perfil: Carlos Gracie > Carlson Gracie > Edson Carvalho > Robson Barbosa > Christian Graugart
2402,Christian Graugart,v_robson_barbosa,Robson Barbosa,high,site_lineage_field,Lineage declarada no perfil: Carlos Gracie > Carlson Gracie > Edson Carvalho > Robson Barbosa > Christian Graugart
7808,Christian Moriarty,355,Romero Cavalcanti,high,site_lineage_field,Lineage declarada no perfil: Mitsuyo Maeda > Carlos Gracie > Helio Gracie > Rolls Gracie > Romero Cavalcanti > Chris Moriarty
4411,Julius Park,1307,Lloyd Irvin,high,site_lineage_field,Lineage declarada no perfil: Carlos Gracie > Helio Gracie > Rickson Gracie > Jorge Pereira > Leo Dalla > Lloyd Irvin > Julius Park > Christopher Tran
13747,Chris Tran,4411,Julius Park,high,site_lineage_field,Lineage declarada no perfil: Carlos Gracie > Helio Gracie > Rickson Gracie > Jorge Pereira > Leo Dalla > Lloyd Irvin > Julius Park > Christopher Tran
v_christian_uflacker,Christian Uflacker,297,Carlos Gracie Junior,high,site_lineage_field,Lineage declarada no perfil: Mitsuyo Maeda > Carlos Gracie > Helio Gracie > Carlos Gracie Jr > Christian Uflacker
559,Rodrigo Medeiros,22,Carlson Gracie,high,site_lineage_field,Lineage declarada no perfil: Carlos Gracie > Helio Gracie > Carlson Gracie > Rodrigo Medeiros > Johnny Ramirez > Mark Vives > John Gutta > Claire North
v_johnny_ramirez,Johnny Ramirez,559,Rodrigo Medeiros,high,site_lineage_field,Lineage declarada no perfil: Carlos Gracie > Helio Gracie > Carlson Gracie > Rodrigo Medeiros > Johnny Ramirez > Mark Vives > John Gutta > Claire North
v_mark_vives,Mark Vives,v_johnny_ramirez,Johnny Ramirez,high,site_lineage_field,Lineage declarada no perfil: Carlos Gracie > Helio Gracie > Carlson Gracie > Rodrigo Medeiros > Johnny Ramirez > Mark Vives > John Gutta > Claire North
v_john_gutta,John Gutta,v_mark_vives,Mark Vives,high,site_lineage_field,Lineage declarada no perfil: Carlos Gracie > Helio Gracie > Carlson Gracie > Rodrigo Medeiros > Johnny Ramirez > Mark Vives > John Gutta > Claire North
12663,Claire North,v_john_gutta,John Gutta,high,site_lineage_field,Lineage declarada no perfil: Carlos Gracie > Helio Gracie > Carlson Gracie > Rodrigo Medeiros > Johnny Ramirez > Mark Vives > John Gutta > Claire North
v_claudia_do_val,Claudia do Val,361,Ricardo De La Riva,high,site_lineage_field,Lineage declarada no perfil: Carlos Gracie > Helio Gracie > Carlson Gracie > Ricardo De La Riva > Claudia do Val
7749,Claudio Joanino,634,Wendell Alexander,high,site_lineage_field,Lineage declarada no perfil: M. Maeda > Luiz França > Oswaldo Fadda > Sebastião Ricardo > Wendell Alexander > Cláudio Joanino
489,Claudio Silva,338,Ricardo Vieira,high,site_lineage_field,Lineage declarada no perfil: Mitsuyo Maeda > Carlos Gracie > Helio Gracie > Rolls Gracie > Romero Cavalcanti > Ricardo Vieira (BWO Leo Negao) > Claudio Silva
443,Claudio Mattos,374,Vinicius Magalhaes,high,site_lineage_field,Lineage declarada no perfil: Mitsuyo Maeda > Carlos Gracie Sr. > Helio Gracie > Carlos Gracie Junior > Vinicius Magalhães > Claudio Mattos
v_jose_senador,José Senador,v_takeo_yano,Takeo Yano,high,site_lineage_field,Lineage declarada no perfil: Takeo Yano > José Senador > Alberto Lage > Ronald Bauer > Cleito Soares > Cleito Soares Jr
v_alberto_lage,Alberto Lage,v_jose_senador,José Senador,high,site_lineage_field,Lineage declarada no perfil: Takeo Yano > José Senador > Alberto Lage > Ronald Bauer > Cleito Soares > Cleito Soares Jr
v_ronald_bauer,Ronald Bauer,v_alberto_lage,Alberto Lage,high,site_lineage_field,Lineage declarada no perfil: Takeo Yano > José Senador > Alberto Lage > Ronald Bauer > Cleito Soares > Cleito Soares Jr
v_cleito_soares,Cleito Soares,v_ronald_bauer,Ronald Bauer,high,site_lineage_field,Lineage declarada no perfil: Takeo Yano > José Senador > Alberto Lage > Ronald Bauer > Cleito Soares > Cleito Soares Jr
v_cleito_soares_jr,Cleito Soares Jr,v_cleito_soares,Cleito Soares,high,site_lineage_field,Lineage declarada no perfil: Takeo Yano > José Senador > Alberto Lage > Ronald Bauer > Cleito Soares > Cleito Soares Jr
v_nonato_machado,Nonato Machado,2003,Reyson Gracie,high,site_lineage_field,Lineage declarada no perfil: Mitsuyo Maeda > Carlos Gracie > Reyson Gracie > Nonato Machado > Cosmo Dias
7976,Cosmo Dias,v_nonato_machado,Nonato Machado,high,site_lineage_field,Lineage declarada no perfil: Mitsuyo Maeda > Carlos Gracie > Reyson Gracie > Nonato Machado > Cosmo Dias
415,Guilherme Mendes,640,Ramon Lemos,high,site_lineage_field,Lineage declarada no perfil: Carlos Gracie > Carlson Gracie > André Pederneiras > Ramon Lemos > Guilherme Mendes > Cole Abate
12950,Cole Abate,415,Guilherme Mendes,high,site_lineage_field,Lineage declarada no perfil: Carlos Gracie > Carlson Gracie > André Pederneiras > Ramon Lemos > Guilherme Mendes > Cole Abate
931,Mauricio Mariano,297,Carlos Gracie Junior,high,site_lineage_field,Lineage declarada no perfil: Carlos Gracie > Helio Gracie > Carlos Gracie Jr > Maurício Mariano > Cole Franson
9150,Cole Franson,931,Mauricio Mariano,high,site_lineage_field,Lineage declarada no perfil: Carlos Gracie > Helio Gracie > Carlos Gracie Jr > Maurício Mariano > Cole Franson
12940,Cory Walker,1307,Lloyd Irvin,high,site_lineage_field,Lineage declarada no perfil: Carlos Gracie > Helio Gracie > Rickson Gracie > J. Pereira > Leo Dalla > Lloyd Irvin > Cory Walker
1933,Craig Kukuk,515,Royler Gracie,high,site_lineage_field,Lineage declarada no perfil: Carlos Gracie > Helio Gracie > Royler Gracie > Craig Kukuk
v_john_simon,John Simon,705,John Will,high,site_lineage_field,Lineage declarada no perfil: Carlos Gracie > Helio Gracie > Carlos Gracie Jr > Jean Jacques Machado > Rigan Machado > John Will > John Simon > Lachlan Giles > Craig Jones
8682,Lachlan Giles,v_john_simon,John Simon,high,site_lineage_field,Lineage declarada no perfil: Carlos Gracie > Helio Gracie > Carlos Gracie Jr > Jean Jacques Machado > Rigan Machado > John Will > John Simon > Lachlan Giles > Craig Jones
8346,Craig Jones,8682,Lachlan Giles,high,site_lineage_field,Lineage declarada no perfil: Carlos Gracie > Helio Gracie > Carlos Gracie Jr > Jean Jacques Machado > Rigan Machado > John Will > John Simon > Lachlan Giles > Craig Jones
3185,Crezio Chaves,44,Helio Gracie,high,site_lineage_field,Lineage declarada no perfil: Mitsuyo Maeda > Carlos Gracie > Helio Gracie > Crezio Chaves
1108,Cristiano Carioca,guto-monteiro,Guto Monteiro,high,site_lineage_field,Lineage declarada no perfil: Mitsuyo Maeda > Carlos Gracie > Helio Gracie > Royler Gracie > Rolker Gracie > Guto Monteiro > Cristiano Carioca
2956,Cristiano Lazzarini,374,Vinicius Magalhaes,high,site_lineage_field,Lineage declarada no perfil: Mitsuyo Maeda > Carlos Gracie Sr. > Helio Gracie > Carlos Gracie Junior > Vinicius Magalhães > Cristiano Lazzarini
159,Cristiano Marcello,515,Royler Gracie,high,site_lineage_field,Lineage declarada no perfil: Mitsuyo Maeda > Carlos Gracie > Helio Gracie > Royler Gracie > Cristiano Marcello
leka-vieira,Leka Vieira,v_aloisio_silva,Aloísio Silva,high,site_lineage_field,Lineage declarada no perfil: Mitsuyo Maeda > Carlos Gracie Sr > Robson Gracie > Aloisio Silva > Leka Vieira > Cindy Omatsu
5781,Cynthia Omatsu,leka-vieira,Leka Vieira,high,site_lineage_field,Lineage declarada no perfil: Mitsuyo Maeda > Carlos Gracie Sr > Robson Gracie > Aloisio Silva > Leka Vieira > Cindy Omatsu
996,Yuki Nakai,297,Carlos Gracie Junior,high,site_lineage_field,Lineage declarada no perfil: Mitsuyo Maeda > Carlos Gracie > Helio Gracie > Carlos Gracie Jr > Yuki Nakai > Daisuke Shiraki
9152,Daisuke Shiraki,996,Yuki Nakai,high,site_lineage_field,Lineage declarada no perfil: Mitsuyo Maeda > Carlos Gracie > Helio Gracie > Carlos Gracie Jr > Yuki Nakai > Daisuke Shiraki
1716,Andre Almeida,2062,Crezio de Souza,high,site_lineage_field,Lineage declarada no perfil: Carlos Gracie > Helio Gracie > Carlson Gracie > Crézio de Souza > André Almeida > Leandro Escobar > Daniel Amorim Junior
3028,Leandro Escobar,1716,Andre Almeida,high,site_lineage_field,Lineage declarada no perfil: Carlos Gracie > Helio Gracie > Carlson Gracie > Crézio de Souza > André Almeida > Leandro Escobar > Daniel Amorim Junior
11949,Daniel Amorim Junior,3028,Leandro Escobar,high,site_lineage_field,Lineage declarada no perfil: Carlos Gracie > Helio Gracie > Carlson Gracie > Crézio de Souza > André Almeida > Leandro Escobar > Daniel Amorim Junior
872,Maximiliano Trombini,1097,Waldomiro Perez,high,site_lineage_field,Lineage declarada no perfil: Mitsuyo Maeda > Carlos Gracie > Helio Gracie > Rickson Gracie > Marcelo Bering > Valdomiro Junior > Milton Maximiano > Carlos Vieira > Daniel Azevedo
396,Carlos Vieira,872,Maximiliano Trombini,high,site_lineage_field,Lineage declarada no perfil: Mitsuyo Maeda > Carlos Gracie > Helio Gracie > Rickson Gracie > Marcelo Bering > Valdomiro Junior > Milton Maximiano > Carlos Vieira > Daniel Azevedo
708,Daniel Azevedo,396,Carlos Vieira,high,site_lineage_field,Lineage declarada no perfil: Mitsuyo Maeda > Carlos Gracie > Helio Gracie > Rickson Gracie > Marcelo Bering > Valdomiro Junior > Milton Maximiano > Carlos Vieira > Daniel Azevedo
875,Lucas Leite,419,Leonardo Vieira,high,site_lineage_field,Lineage declarada no perfil: Carlos Gracie > Helio Gracie > Rolls Gracie > Romero Cavalcanti > Leonardo Vieira > Lucas Leite > Daniel Diniz
12419,Daniel Diniz,875,Lucas Leite,high,site_lineage_field,Lineage declarada no perfil: Carlos Gracie > Helio Gracie > Rolls Gracie > Romero Cavalcanti > Leonardo Vieira > Lucas Leite > Daniel Diniz
rodrigo-feijao,Rodrigo Feijão,78,Andre Pederneiras,high,site_lineage_field,Lineage declarada no perfil: Mitsuyo Maeda > Carlos Gracie > Carlson Gracie > André Pederneiras > Rodrigo Feijão > Daniel Garcia
v_daniel_garcia,Daniel Garcia,rodrigo-feijao,Rodrigo Feijão,high,site_lineage_field,Lineage declarada no perfil: Mitsuyo Maeda > Carlos Gracie > Carlson Gracie > André Pederneiras > Rodrigo Feijão > Daniel Garcia
4747,Rafael Barros,78,Andre Pederneiras,high,site_lineage_field,Lineage declarada no perfil: Carlos Gracie > Helio Gracie > Carlson Gracie > Andre Pederneiras > Rafael Fofitio > Gilbert Burns > Michael Musumeci > Daniel Maira
446,Gilbert Burns,4747,Rafael Barros,high,site_lineage_field,Lineage declarada no perfil: Carlos Gracie > Helio Gracie > Carlson Gracie > Andre Pederneiras > Rafael Fofitio > Gilbert Burns > Michael Musumeci > Daniel Maira
5447,Michael Musumeci,446,Gilbert Burns,high,site_lineage_field,Lineage declarada no perfil: Carlos Gracie > Helio Gracie > Carlson Gracie > Andre Pederneiras > Rafael Fofitio > Gilbert Burns > Michael Musumeci > Daniel Maira
v_daniel_maira,Daniel Maira,5447,Michael Musumeci,high,site_lineage_field,Lineage declarada no perfil: Carlos Gracie > Helio Gracie > Carlson Gracie > Andre Pederneiras > Rafael Fofitio > Gilbert Burns > Michael Musumeci > Daniel Maira
453,Daniel Moraes,515,Royler Gracie,high,site_lineage_field,Lineage declarada no perfil: Mitsuyo Maeda > Carlos Gracie > Helio Gracie > Royler Gracie > Daniel Moraes
12918,Daniel Sathler,144,Andre Galvao,high,site_lineage_field,Lineage declarada no perfil: Carlos Gracie > Reyson Gracie > Osvaldo Alves > Luis Dagmar > André Galvão > Daniel Sathler
994,Daniel Otero,1886,Fabricio Martins,high,site_lineage_field,Lineage declarada no perfil: Mitsuyo Maeda > Carlos Gracie > Reyson Gracie > Osvaldo Alves > Fabricio Martins > Daniel Otero
1145,Daniel Valverde,524,Osvaldo Alves,high,site_lineage_field,Lineage declarada no perfil: Carlos Gracie > Reyson Gracie > Osvaldo Alves > Daniel Valverde
745,Carlos Machado,44,Helio Gracie,high,site_lineage_field,Lineage declarada no perfil: Mitsuyo Maeda > Carlos Gracie > Helio Gracie > Carlos Machado > Orland Waugh > Danny Alvarez > Danielle Alvarez
v_orland_waugh,Orland Waugh,745,Carlos Machado,high,site_lineage_field,Lineage declarada no perfil: Mitsuyo Maeda > Carlos Gracie > Helio Gracie > Carlos Machado > Orland Waugh > Danny Alvarez > Danielle Alvarez
6829,Daniel Alvarez,v_orland_waugh,Orland Waugh,high,site_lineage_field,Lineage declarada no perfil: Mitsuyo Maeda > Carlos Gracie > Helio Gracie > Carlos Machado > Orland Waugh > Danny Alvarez > Danielle Alvarez
7997,Danielle Alvarez,6829,Daniel Alvarez,high,site_lineage_field,Lineage declarada no perfil: Mitsuyo Maeda > Carlos Gracie > Helio Gracie > Carlos Machado > Orland Waugh > Danny Alvarez > Danielle Alvarez
v_scott_huston,Scott Huston,559,Rodrigo Medeiros,high,site_lineage_field,Lineage declarada no perfil: Mitsuyo Maeda > Carlos Gracie (Senior) > Hélio Gracie > Rolls Gracie > Romero Cavalcanti (Jacaré) > Rodrigo Medeiros (Comprido) > Scott Huston > Dan Borovic
9325,Danilo Borovic,v_scott_huston,Scott Huston,high,site_lineage_field,Lineage declarada no perfil: Mitsuyo Maeda > Carlos Gracie (Senior) > Hélio Gracie > Rolls Gracie > Romero Cavalcanti (Jacaré) > Rodrigo Medeiros (Comprido) > Scott Huston > Dan Borovic
8036,Danilo Cherman,78,Andre Pederneiras,high,site_lineage_field,Lineage declarada no perfil: Mitsuyo Maeda > Carlos Gracie > Carlson Gracie > André Pederneiras > Danilo Cherman
v_luiz_major,Luiz Major,4334,Andre da Silva,high,site_lineage_field,Lineage declarada no perfil: Luiz França > Oswaldo Fadda > Sebastião Ricardo > Wendell Alexander > André Marola > Luiz Major > Danilo Moreira
10953,Danilo Moreira,v_luiz_major,Luiz Major,high,site_lineage_field,Lineage declarada no perfil: Luiz França > Oswaldo Fadda > Sebastião Ricardo > Wendell Alexander > André Marola > Luiz Major > Danilo Moreira
8116,Dante Leon,203,Julio Cesar,high,site_lineage_field,Lineage declarada no perfil: Luis França > Oswaldo Fadda > Monir Salomão > Júlio César Pereira > Dante Leon
1781,Ralph Gracie,297,Carlos Gracie Junior,high,site_lineage_field,Lineage declarada no perfil: Mitsuyo Maeda > Carlos Gracie > Helio Gracie > Carlos Gracie Jr > Ralph Gracie > Dave Camarillo
816,Dave Camarillo,1781,Ralph Gracie,high,site_lineage_field,Lineage declarada no perfil: Mitsuyo Maeda > Carlos Gracie > Helio Gracie > Carlos Gracie Jr > Ralph Gracie > Dave Camarillo
12275,Davi Cabral,3416,Monir Salomao,high,site_lineage_field,Lineage declarada no perfil: Luis França > Oswaldo Fadda > Monir Salomão > Júlio César > Davi Cabral
cezar-guimaraes-casquinha,Cesar Guimaraes,v_walter_guimaraes,Walter Guimaraes,high,site_lineage_field,Lineage declarada no perfil: Mitsuyo Maeda > Carlos Gracie > Carlson Gracie > Walter Guimaraes > Cesar Guimaraes > Davi Ramos
1386,Davi Ramos,cezar-guimaraes-casquinha,Cesar Guimaraes,high,site_lineage_field,Lineage declarada no perfil: Mitsuyo Maeda > Carlos Gracie > Carlson Gracie > Walter Guimaraes > Cesar Guimaraes > Davi Ramos
v_alexandre_carrera,Alexandre Carrera (,2512,Cezar Guimarães,high,site_lineage_field,Lineage declarada no perfil: Carlos Gracie > Helio Gracie > Carlson Gracie > Walter Guimaraes > Cesar Guimaraes > Alexandre Carrera ( > Leonel Menezes) > Davi Vetoraci
v_leonel_menezes,Leonel Menezes),v_alexandre_carrera,Alexandre Carrera (,high,site_lineage_field,Lineage declarada no perfil: Carlos Gracie > Helio Gracie > Carlson Gracie > Walter Guimaraes > Cesar Guimaraes > Alexandre Carrera ( > Leonel Menezes) > Davi Vetoraci
14268,Davi Vetoraci,v_leonel_menezes,Leonel Menezes),high,site_lineage_field,Lineage declarada no perfil: Carlos Gracie > Helio Gracie > Carlson Gracie > Walter Guimaraes > Cesar Guimaraes > Alexandre Carrera ( > Leonel Menezes) > Davi Vetoraci
566,Joe Moreira,2040,Francisco Mansur,high,site_lineage_field,Lineage declarada no perfil: M. Maeda > C. Gracie > H. Gracie > Francisco Mansor > Joe Moreira > Ricardo Teixeira > David Avellan
v_ricardo_teixeira,Ricardo Teixeira,566,Joe Moreira,high,site_lineage_field,Lineage declarada no perfil: M. Maeda > C. Gracie > H. Gracie > Francisco Mansor > Joe Moreira > Ricardo Teixeira > David Avellan
7463,David Avellan,v_ricardo_teixeira,Ricardo Teixeira,high,site_lineage_field,Lineage declarada no perfil: M. Maeda > C. Gracie > H. Gracie > Francisco Mansor > Joe Moreira > Ricardo Teixeira > David Avellan
v_danny_agemy,Danny Agemy,481,Saulo Ribeiro,high,site_lineage_field,Lineage declarada no perfil: C. Gracie > Helio Gracie > Royler Gracie > Saulo Ribeiro > Danny Agemy > David Garmo
9668,David Garmo,v_danny_agemy,Danny Agemy,high,site_lineage_field,Lineage declarada no perfil: C. Gracie > Helio Gracie > Royler Gracie > Saulo Ribeiro > Danny Agemy > David Garmo
max-trombini-cia-paulista,Milton Maximiliano,1097,Waldomiro Perez,high,site_lineage_field,Lineage declarada no perfil: Mitsuyo Maeda > Carlos Gracie > Helio Gracie > Rickson Gracie > Marcelo Behring > Valdomiro Junior > Milton Maximiliano > Eduardo Santoro > David Raab
2324,Eduardo Santoro,max-trombini-cia-paulista,Milton Maximiliano,high,site_lineage_field,Lineage declarada no perfil: Mitsuyo Maeda > Carlos Gracie > Helio Gracie > Rickson Gracie > Marcelo Behring > Valdomiro Junior > Milton Maximiliano > Eduardo Santoro > David Raab
v_david_raab,David Raab,2324,Eduardo Santoro,high,site_lineage_field,Lineage declarada no perfil: Mitsuyo Maeda > Carlos Gracie > Helio Gracie > Rickson Gracie > Marcelo Behring > Valdomiro Junior > Milton Maximiliano > Eduardo Santoro > David Raab
1650,David Onuma,338,Ricardo Vieira,high,site_lineage_field,Lineage declarada no perfil: Mitsuyo Maeda > Carlos Gracie > Helio Gracie > Rolls Gracie > Romero Cavalcanti > Ricardo Vieira > David Onuma
1817,Rigan Machado,297,Carlos Gracie Junior,high,site_lineage_field,Lineage declarada no perfil: Carlos Gracie > Helio Gracie > Carlos Gracie Jr > Rigan Machado > David Meyer
11262,David Meyer,1817,Rigan Machado,high,site_lineage_field,Lineage declarada no perfil: Carlos Gracie > Helio Gracie > Carlos Gracie Jr > Rigan Machado > David Meyer
cesar-gracie,Cesar Gracie,3394,Robson Gracie,high,site_lineage_field,Lineage declarada no perfil: Mitsuyo Maeda > Carlos Gracie Sr. > Robson Gracie > Cesar Gracie > David Terrell
4965,David Terrell,cesar-gracie,Cesar Gracie,high,site_lineage_field,Lineage declarada no perfil: Mitsuyo Maeda > Carlos Gracie Sr. > Robson Gracie > Cesar Gracie > David Terrell
7321,Darragh OConnaill,84,Alexandre Ribeiro,high,site_lineage_field,Lineage declarada no perfil: Mitsuyo Maeda > Carlos Gracie > Helio Gracie > Royler Gracie > Saulo Ribeiro > Alexandre Ribeiro > ) Darragh O’Conaill
fabio-santos,Fabio Santos,67,Rickson Gracie,high,site_lineage_field,Lineage declarada no perfil: Mitsuyo Maeda > Carlos Gracie > Helio Gracie > Rickson Gracie > Fabio Santos > Jeffrey Higgs > Dean Lister
v_jeffrey_higgs,Jeffrey Higgs,fabio-santos,Fabio Santos,high,site_lineage_field,Lineage declarada no perfil: Mitsuyo Maeda > Carlos Gracie > Helio Gracie > Rickson Gracie > Fabio Santos > Jeffrey Higgs > Dean Lister
1369,Dean Lister,v_jeffrey_higgs,Jeffrey Higgs,high,site_lineage_field,Lineage declarada no perfil: Mitsuyo Maeda > Carlos Gracie > Helio Gracie > Rickson Gracie > Fabio Santos > Jeffrey Higgs > Dean Lister
6768,Adilson Lima,297,Carlos Gracie Junior,high,site_lineage_field,Lineage declarada no perfil: Mitsuyo Maeda > Carlos Gracie Sr. > Carlos Gracie Junior > Adilson Lima > Delson Heleno
1820,Delson Heleno,6768,Adilson Lima,high,site_lineage_field,Lineage declarada no perfil: Mitsuyo Maeda > Carlos Gracie Sr. > Carlos Gracie Junior > Adilson Lima > Delson Heleno
112,Demian Maia,322,Fabio Gurgel,high,site_lineage_field,Lineage declarada no perfil: M. Maeda > C. Gracie > H. Gracie > Rolls Gracie > Romero Cavalcanti > Fabio Gurgel > Demian Maia
244,Denilson Pimenta,203,Julio Cesar,high,site_lineage_field,Lineage declarada no perfil: Mitsuyo Maeda > Luis França > Oswaldo Fadda > Monir Salomão > Julio Cesar Pereira > Denilson Pimenta
1550,Dennis Asche,553,Roberto Correa,high,site_lineage_field,Lineage declarada no perfil: Mitsuyo Maeda > Carlos Gracie Sr. > Carlos Gracie Junior > Roberto Correa > Dennis Asche
778,Denys Darzi,2040,Francisco Mansur,high,site_lineage_field,Lineage declarada no perfil: Carlos Gracie > Helio Gracie > Francisco Mansor > Denys Darzi
9157,Devhonte Johnson,484,Murilo Santana,high,site_lineage_field,Lineage declarada no perfil: Carlos Gracie > Helio Gracie > Rickson Gracie > Marcelo Behring > Mario Yamasaki > Murilo Santana > Devhonte M. Johnson
14038,Diana Teixeira,963,Carlos Vieira Holanda,high,site_lineage_field,Lineage declarada no perfil: Carlos Gracie > Reyson Gracie > Osvaldo Alves > Faustino Neto (Pina) > Carlos Holanda > Diana Teixeira
9864,Diego Bispo,2583,Alan Moraes,high,site_lineage_field,Lineage declarada no perfil: Mitsuyo Maeda > Carlos Gracie > Carlson Gracie > Carlson Gracie Júnior > Alan Moraes > Diego Bispo
7831,Diego Dias Ramalho,1633,Jose Olimpio,high,site_lineage_field,Lineage declarada no perfil: Carlos Gracie > Helio Gracie > Carlos Gracie Jr > José Olimpio > Diego Ramalho
10840,Diego Oliveira,1155,Cicero Costha,high,site_lineage_field,Lineage declarada no perfil: Carlos Gracie > Helio Gracie > Rickson Gracie > Marcelo Behring > Waldomiro Perez > Roberto Godoi > Marco Barbosa > Cicero Costha > Diego Oliveira
11963,Diego Sodre,6756,Rodrigo Silva,high,site_lineage_field,Lineage declarada no perfil: Carlos Gracie > Helio Gracie > Carlson Gracie > André Pederneiras > Rodrigo Feijão > Diego Sodré
luiz-guilherme-guigo,Luis Guilherme,5869,Jorge Pereira,high,site_lineage_field,Lineage declarada no perfil: M. Maeda > Carlos Gracie > Helio G. > Rickson G. > Jorge Pereira > Luis Guilherme > Diego Vivaldo
8334,Diego Vivaldo,luiz-guilherme-guigo,Luis Guilherme,high,site_lineage_field,Lineage declarada no perfil: M. Maeda > Carlos Gracie > Helio G. > Rickson G. > Jorge Pereira > Luis Guilherme > Diego Vivaldo
16,Marcelo Garcia,322,Fabio Gurgel,high,site_lineage_field,Lineage declarada no perfil: Mitsuyo Maeda > Carlos Gracie > Helio Gracie > Rolls Gracie > Romero Cavalcanti > Fabio Gurgel > Marcelo Garcia > Dillon Danis
5258,Dillon Danis,16,Marcelo Garcia,high,site_lineage_field,Lineage declarada no perfil: Mitsuyo Maeda > Carlos Gracie > Helio Gracie > Rolls Gracie > Romero Cavalcanti > Fabio Gurgel > Marcelo Garcia > Dillon Danis
505,Roger Gracie,297,Carlos Gracie Junior,high,site_lineage_field,Lineage declarada no perfil: Carlos Gracie > Helio Gracie > Carlos Gracie Junior > Roger Gracie > Nick Brooks > Robert Graalfs
v_nick_brooks,Nick Brooks,505,Roger Gracie,high,site_lineage_field,Lineage declarada no perfil: Carlos Gracie > Helio Gracie > Carlos Gracie Junior > Roger Gracie > Nick Brooks > Robert Graalfs
v_robert_graalfs,Robert Graalfs,v_nick_brooks,Nick Brooks,high,site_lineage_field,Lineage declarada no perfil: Carlos Gracie > Helio Gracie > Carlos Gracie Junior > Roger Gracie > Nick Brooks > Robert Graalfs
1003,Diogo Sampaio Araujo,188,Augusto Mendes,high,site_lineage_field,Lineage declarada no perfil: Mitsuyo Maeda > Carlos Gracie > Helio Gracie > Francisco Mansor > Augusto Mendes > Diogo Araujo
v_ronnie_melo,Ronnie Melo,2606,Augusto Monteiro,high,site_lineage_field,Lineage declarada no perfil: Carlos Gracie > Helio Gracie > Royler Gracie > Rolker Gracie > Augusto Monteiro > Ronnie Melo > Melquisedeque Galvão > Diogo Reis
10088,Melqui Galvao,v_ronnie_melo,Ronnie Melo,high,site_lineage_field,Lineage declarada no perfil: Carlos Gracie > Helio Gracie > Royler Gracie > Rolker Gracie > Augusto Monteiro > Ronnie Melo > Melquisedeque Galvão > Diogo Reis
11823,Diogo Reis,10088,Melqui Galvao,high,site_lineage_field,Lineage declarada no perfil: Carlos Gracie > Helio Gracie > Royler Gracie > Rolker Gracie > Augusto Monteiro > Ronnie Melo > Melquisedeque Galvão > Diogo Reis
2226,DeAlonzio Jackson,1307,Lloyd Irvin,high,site_lineage_field,Lineage declarada no perfil: Carlos Gracie > Helio Gracie > Rickson Gracie > Jorge Pereira > Leonardo Dalla > Lloyd Irvin > DJ Jackson
v_luiz_palhares,Luiz Palhares,67,Rickson Gracie,high,site_lineage_field,Lineage declarada no perfil: C. Gracie > Helio Gracie > Rickson Gracie > Luiz Palhares > Nestor Bayot > Deandre Corbe
v_nestor_bayot,Nestor Bayot,v_luiz_palhares,Luiz Palhares,high,site_lineage_field,Lineage declarada no perfil: C. Gracie > Helio Gracie > Rickson Gracie > Luiz Palhares > Nestor Bayot > Deandre Corbe
9934,Deandre Corbe,v_nestor_bayot,Nestor Bayot,high,site_lineage_field,Lineage declarada no perfil: C. Gracie > Helio Gracie > Rickson Gracie > Luiz Palhares > Nestor Bayot > Deandre Corbe
9321,Dominique Bell,144,Andre Galvao,high,site_lineage_field,Lineage declarada no perfil: C. Gracie > R. Gracie > Osvaldo Alves > Luis Dagmar > André Galvão > Dominique Bell
5229,Dominika Obelenyte,16,Marcelo Garcia,high,site_lineage_field,Lineage declarada no perfil: Mitsuyo Maeda > Carlos Gracie > Helio Gracie > Rolls Gracie > Romero Cavalcanti > Fabio Gurgel > Marcelo Garcia > Dominyka Obelenyte
8128,Donald Achnick,1307,Lloyd Irvin,high,site_lineage_field,Lineage declarada no perfil: M. Maeda > C. Gracie > H. Gracie > R. Gracie > Jorge Pereira > Leo Dalla > Lloyd Irvin > Donald Achnick
623,John Danaher,52,Renzo Gracie,high,site_lineage_field,Lineage declarada no perfil: Carlos Gracie > Helio Gracie > Carlos Gracie Jr > Renzo Gracie > John Danaher > Dorian Olivarez
13729,Dorian Olivarez,623,John Danaher,high,site_lineage_field,Lineage declarada no perfil: Carlos Gracie > Helio Gracie > Carlos Gracie Jr > Renzo Gracie > John Danaher > Dorian Olivarez
10000,Doug Pelinkovic,623,John Danaher,high,site_lineage_field,Lineage declarada no perfil: Mitsuyo Maeda > C. Gracie > H. Gracie > C. Gracie Jr > Renzo Gracie > John Danaher > Doug Pelinkovic
v_marcus_silveira,Marcus Silveira,22,Carlson Gracie,high,site_lineage_field,Lineage declarada no perfil: Mitsuyo Maeda > Carlos Gracie > Carlson Gracie > Marcus Silveira > Dustin Denes
1680,Dustin Denes,v_marcus_silveira,Marcus Silveira,high,site_lineage_field,Lineage declarada no perfil: Mitsuyo Maeda > Carlos Gracie > Carlson Gracie > Marcus Silveira > Dustin Denes
v_renam_pitangui,Renam Pitangui,67,Rickson Gracie,high,site_lineage_field,Lineage declarada no perfil: Mitsuyo Maeda > Carlos Gracie > Helio Gracie > Rickson Gracie > Renam Pitangui > Totila ‘Pitoco’ Jordan > Rogério Poggio > Edson Diniz
totila-jordan,Totila ‘Pitoco’ Jordan,v_renam_pitangui,Renam Pitangui,high,site_lineage_field,Lineage declarada no perfil: Mitsuyo Maeda > Carlos Gracie > Helio Gracie > Rickson Gracie > Renam Pitangui > Totila ‘Pitoco’ Jordan > Rogério Poggio > Edson Diniz
1942,Rogerio Poggio,totila-jordan,Totila ‘Pitoco’ Jordan,high,site_lineage_field,Lineage declarada no perfil: Mitsuyo Maeda > Carlos Gracie > Helio Gracie > Rickson Gracie > Renam Pitangui > Totila ‘Pitoco’ Jordan > Rogério Poggio > Edson Diniz
9941,Edson Diniz,1942,Rogerio Poggio,high,site_lineage_field,Lineage declarada no perfil: Mitsuyo Maeda > Carlos Gracie > Helio Gracie > Rickson Gracie > Renam Pitangui > Totila ‘Pitoco’ Jordan > Rogério Poggio > Edson Diniz
v_eduardo_avelar,Eduardo Avelar,3028,Leandro Escobar,high,site_lineage_field,Lineage declarada no perfil: Carlos Gracie > Helio Gracie > Carlson Gracie > Crézio de Souza > André Almeida > Leandro Escobar > Eduardo Avelar
7405,Eduardo Barboza,203,Julio Cesar,high,site_lineage_field,Lineage declarada no perfil: Mitsuyo Maeda > Luis França > Oswaldo Fadda > Monir Salomão > Júlio César > Eduardo Barboza
9901,Eduardo Galvao,297,Carlos Gracie Junior,high,site_lineage_field,Lineage declarada no perfil: Mitsuyo Maeda > Carlos Gracie > Helio Gracie > Carlos Gracie Junior > Eduardo Galvão
3508,Eduardo Goncalves,714,Francisco Albuquerque,high,site_lineage_field,Lineage declarada no perfil: Mitsuyo Maeda > Carlos Gracie > Carlson Gracie > Francisco Albuquerque > Eduardo Gonçalves
13483,Eduardo Granzotto,338,Ricardo Vieira,high,site_lineage_field,Lineage declarada no perfil: Carlos Gracie > Helio Gracie > Rolls Gracie > Romero Cavalcanti > Ricardo Vieira > Eduardo Granzotto
9483,Eduardo Lopes,luiz-guilherme-guigo,Luis Guilherme,high,site_lineage_field,Lineage declarada no perfil: M. Maeda > Carlos Gracie > Helio G. > Rickson G. > Jorge Pereira > Luis Guilherme > Eduardo Lopes
9635,Guilherme Rocha,481,Saulo Ribeiro,high,site_lineage_field,Lineage declarada no perfil: Mitsuyo Maeda > Carlos Gracie > Helio Gracie > Royler Gracie > Saulo Ribeiro > Guilherme Rocha > Eduardo Monteiro
1520,Eduardo Monteiro,9635,Guilherme Rocha,high,site_lineage_field,Lineage declarada no perfil: Mitsuyo Maeda > Carlos Gracie > Helio Gracie > Royler Gracie > Saulo Ribeiro > Guilherme Rocha > Eduardo Monteiro
v_neovan_da_costa,Neovan da Costa,553,Roberto Correa,high,site_lineage_field,Lineage declarada no perfil: Carlos Gracie > Helio Gracie > Carlos Gracie Jr. > Roberto Corrêa > Neovan da Costa > Eduardo Roque
12539,Eduardo Roque,v_neovan_da_costa,Neovan da Costa,high,site_lineage_field,Lineage declarada no perfil: Carlos Gracie > Helio Gracie > Carlos Gracie Jr. > Roberto Corrêa > Neovan da Costa > Eduardo Roque
562,Eduardo Telles,355,Romero Cavalcanti,high,site_lineage_field,Lineage declarada no perfil: Mitsuyo Maeda > Carlos Gracie > Helio Gracie > Rolls Gracie > Romero Cavalcanti > Eduardo Telles
v_gustavo_almeida,Gustavo Almeida,7672,Caio Almeida,high,site_lineage_field,Lineage declarada no perfil: Mitsuyo Maeda > Carlos Gracie > Helio Gracie > Carlos Gracie Junior > Ryan Gracie > Gabriel Vella > Caio Almeida > Gustavo Almeida > Eduardo Tinoco
8602,Eduardo Tinoco,v_gustavo_almeida,Gustavo Almeida,high,site_lineage_field,Lineage declarada no perfil: Mitsuyo Maeda > Carlos Gracie > Helio Gracie > Carlos Gracie Junior > Ryan Gracie > Gabriel Vella > Caio Almeida > Gustavo Almeida > Eduardo Tinoco
11357,Eduardo Ramos,640,Ramon Lemos,high,site_lineage_field,Lineage declarada no perfil: Carlos Gracie > Helio Gracie > Carlson Gracie > Andre Pederneiras > Ramon Lemos > Ed Ramos
3371,Eduardo Venancio,361,Ricardo De La Riva,high,site_lineage_field,Lineage declarada no perfil: Mitsuyo Maeda > Carlos Gracie > Carlson Gracie > Ricardo De La Riva > Eduardo Venâncio
7442,Edward Cummings,623,John Danaher,high,site_lineage_field,Lineage declarada no perfil: Mitsuyo Maeda > Carlos Gracie (Sr) > Hélio Gracie > Carlos Gracie Junior > Renzo Gracie > John Danaher > Eddie Cummings
320,Romulo Barral,374,Vinicius Magalhaes,high,site_lineage_field,Lineage declarada no perfil: Mitsuyo Maeda > Carlos Gracie > Helio Gracie > Carlos Gracie Jr > Draculino > R. Barral > Edwin Najmi
5238,Edwin Najmi,320,Romulo Barral,high,site_lineage_field,Lineage declarada no perfil: Mitsuyo Maeda > Carlos Gracie > Helio Gracie > Carlos Gracie Jr > Draculino > R. Barral > Edwin Najmi
v_edwin_ocasio,Edwin Ocasio,484,Murilo Santana,high,site_lineage_field,Lineage declarada no perfil: Carlos Gracie > Helio Gracie > Rickson Gracie > Marcelo Behring > Mario Yamasaki > Murilo Santana > Edwin Ocasio
v_fernando_araujo,Fernando Araújo,714,Francisco Albuquerque,high,site_lineage_field,Lineage declarada no perfil: Mitsuyo Maeda > Carlos Gracie > Carlson Gracie > Francisco Albuquerque > Fernando Araújo > Eldar Rafigaev
10318,Eldar Rafigaev,v_fernando_araujo,Fernando Araújo,high,site_lineage_field,Lineage declarada no perfil: Mitsuyo Maeda > Carlos Gracie > Carlson Gracie > Francisco Albuquerque > Fernando Araújo > Eldar Rafigaev
12922,Elder Cruz,875,Lucas Leite,high,site_lineage_field,Lineage declarada no perfil: Carlos Gracie > Helio Gracie > Rolls Gracie > Romero Cavalcanti > Leonardo Vieira > Lucas Leite > Elder Cruz
8714,Maximiliano Carvalho,1633,Jose Olimpio,high,site_lineage_field,Lineage declarada no perfil: Carlos Gracie > Helio Gracie > Carlos Gracie Jr > José Olímpio > Max Carvalho > Eleftheria Christodoulou
13095,Eleftheria Christodoulou,8714,Maximiliano Carvalho,high,site_lineage_field,Lineage declarada no perfil: Carlos Gracie > Helio Gracie > Carlos Gracie Jr > José Olímpio > Max Carvalho > Eleftheria Christodoulou
v_walter_alamo,Walter Alamo,361,Ricardo De La Riva,high,site_lineage_field,Lineage declarada no perfil: Carlos Gracie > Helio Gracie > Carlson Gracie > Ricardo De La Riva > Walter Alamo > Eliana Carauni
13419,Elena Carauni,v_walter_alamo,Walter Alamo,high,site_lineage_field,Lineage declarada no perfil: Carlos Gracie > Helio Gracie > Carlson Gracie > Ricardo De La Riva > Walter Alamo > Eliana Carauni
7606,Eloisa Souto,7749,Claudio Joanino,high,site_lineage_field,Lineage declarada no perfil: Mitsuyo Maeda > Luiz França > Oswaldo Fadda > Sebastião Ricardo > Wendell Alexander > Claudio Joanino > Eloisa Souto
12897,Elijah Dorsey,1307,Lloyd Irvin,high,site_lineage_field,Lineage declarada no perfil: Carlos Gracie > Helio Gracie > Rickson Gracie > J. Pereira > Leo Dalla > Lloyd Irvin > Elijah Dorsey
11182,Elina Moestam,289,Alan do Nascimento,high,site_lineage_field,Lineage declarada no perfil: Carlos Gracie > Helio Gracie > Rolls Gracie > Romero Cavalcanti > Ricardo Vieira > Alan Finfou > Elina Moestam
amal-easton,Amal Easton,52,Renzo Gracie,high,site_lineage_field,Lineage declarada no perfil: Carlos Gracie > Helio Gracie > Carlos Gracie Jr > Renzo Gracie > Amal Easton > Eliot Marshall
7639,Eliot Marshall,amal-easton,Amal Easton,high,site_lineage_field,Lineage declarada no perfil: Carlos Gracie > Helio Gracie > Carlos Gracie Jr > Renzo Gracie > Amal Easton > Eliot Marshall
5414,Osvaldo Moizinho,188,Augusto Mendes,high,site_lineage_field,Lineage declarada no perfil: Carlos Gracie > Helio Gracie > Francisco Mansur > Augusto Mendes > Osvaldo Moizinho > Elisabeth Clay
11762,Elisabeth Clay,5414,Osvaldo Moizinho,high,site_lineage_field,Lineage declarada no perfil: Carlos Gracie > Helio Gracie > Francisco Mansur > Augusto Mendes > Osvaldo Moizinho > Elisabeth Clay
v_dustin_akbari,Dustin Akbari,1223,Cassio Werneck,high,site_lineage_field,Lineage declarada no perfil: Carlos Gracie > Reyson Gracie > Osvaldo Alves > Fabrício Martins > Ricardo Reis > Cassio Werneck > Dustin Akbari > Elizabeth Mitrovic
13968,Elizabeth Mitrovic,v_dustin_akbari,Dustin Akbari,high,site_lineage_field,Lineage declarada no perfil: Carlos Gracie > Reyson Gracie > Osvaldo Alves > Fabrício Martins > Ricardo Reis > Cassio Werneck > Dustin Akbari > Elizabeth Mitrovic
10290,Elvira Karppinen,4317,Eddie Bravo,high,site_lineage_field,Lineage declarada no perfil: Carlos Gracie (Senior) > Hélio Gracie > Carlos Gracie Júnior > Jean Jaques Machado > Eddie Bravo > Elvira Karppinen
v_ray_casias,Ray Casias,378,Robert Drysdale,high,site_lineage_field,Lineage declarada no perfil: Carlos Gracie > Helio Gracie > Rolls Gracie > Romero Cavalcanti > Leonardo Vieira > Robert Drysdale > Ray Casias > Emilio Hernandez
11093,Emilio Hernandez,v_ray_casias,Ray Casias,high,site_lineage_field,Lineage declarada no perfil: Carlos Gracie > Helio Gracie > Rolls Gracie > Romero Cavalcanti > Leonardo Vieira > Robert Drysdale > Ray Casias > Emilio Hernandez
11669,Emilly Alves Vasconcelos,144,Andre Galvao,high,site_lineage_field,Lineage declarada no perfil: C. Gracie > R. Gracie > Osvaldo Alves > Luis Dagmar > André Galvão > Emilly Vasconcelos
13170,Emilly Fernandez,637,Bruno Bastos,high,site_lineage_field,Lineage declarada no perfil: Luiz França > Oswaldo Fadda > Sebastião Ricardo > Wendell Alexander > Bruno Bastos > Emily Fernandez
1600,Vinicius Marinho,203,Julio Cesar,high,site_lineage_field,Lineage declarada no perfil: Luis França > Oswaldo Fadda > Monir Salomão > Júlio César Pereira > Vinicius Marinho > Enderson Dias
12680,Enderson Dias,1600,Vinicius Marinho,high,site_lineage_field,Lineage declarada no perfil: Luis França > Oswaldo Fadda > Monir Salomão > Júlio César Pereira > Vinicius Marinho > Enderson Dias
1290,Tarcisio Jardim,419,Leonardo Vieira,high,site_lineage_field,Lineage declarada no perfil: Carlos Gracie (Senior) > Helio Gracie > Rolls Gracie > Romero Cavalcanti (Jacaré) > Leonardo Vieira > Tarcisio Jardim > Endres Barbosa
9465,Endres Barbosa Mendes,1290,Tarcisio Jardim,high,site_lineage_field,Lineage declarada no perfil: Carlos Gracie (Senior) > Helio Gracie > Rolls Gracie > Romero Cavalcanti (Jacaré) > Leonardo Vieira > Tarcisio Jardim > Endres Barbosa
655,Helio Moreira,297,Carlos Gracie Junior,high,site_lineage_field,Lineage declarada no perfil: Carlos Gracie > Helio Gracie > Carlos Gracie Junior > Helio Soneca > Nicky Robinson > Eoghan O’Flanagan
v_nicky_robinson,Nicky Robinson,655,Helio Moreira,high,site_lineage_field,Lineage declarada no perfil: Carlos Gracie > Helio Gracie > Carlos Gracie Junior > Helio Soneca > Nicky Robinson > Eoghan O’Flanagan
v_eoghan_o_flanagan,Eoghan O’Flanagan,v_nicky_robinson,Nicky Robinson,high,site_lineage_field,Lineage declarada no perfil: Carlos Gracie > Helio Gracie > Carlos Gracie Junior > Helio Soneca > Nicky Robinson > Eoghan O’Flanagan
730,Vinicius Aieta,481,Saulo Ribeiro,high,site_lineage_field,Lineage declarada no perfil: Carlos Gracie > Helio Gracie > Royler Gracie > Saulo Ribeiro > Vini Aieta > Jorge Britto > Eric Phan
8938,Jorge Britto,730,Vinicius Aieta,high,site_lineage_field,Lineage declarada no perfil: Carlos Gracie > Helio Gracie > Royler Gracie > Saulo Ribeiro > Vini Aieta > Jorge Britto > Eric Phan
10623,Eric Phan,8938,Jorge Britto,high,site_lineage_field,Lineage declarada no perfil: Carlos Gracie > Helio Gracie > Royler Gracie > Saulo Ribeiro > Vini Aieta > Jorge Britto > Eric Phan
11693,Erich Munis,7552,Isaque Bahiense,high,site_lineage_field,Lineage declarada no perfil: Carlos Gracie > Helio Gracie > Rolls Gracie > Romero Cavalcanti > Fábio Gurgel > Isaque Bahiense > Erich Munis
v_herman_gutierrez,Herman Gutierrez,v_octavio_de_almeida_junior,Octávio de Almeida Junior,high,site_lineage_field,Lineage declarada no perfil: Mitsuyo Maeda > Carlos Gracie > George Gracie > Octávio de Almeida (Senior) > Octávio de Almeida Junior > Herman Gutierrez > Éricka Almeida
9868,Ericka Almeida,v_herman_gutierrez,Herman Gutierrez,high,site_lineage_field,Lineage declarada no perfil: Mitsuyo Maeda > Carlos Gracie > George Gracie > Octávio de Almeida (Senior) > Octávio de Almeida Junior > Herman Gutierrez > Éricka Almeida
v_wagner_oliveira,Wagner Oliveira,3416,Monir Salomao,high,site_lineage_field,Lineage declarada no perfil: Luis França > Oswaldo Fadda > Monir Salomão > Júlio César > Wagner Oliveira > Erika Machado
14247,Ericka Machado,v_wagner_oliveira,Wagner Oliveira,high,site_lineage_field,Lineage declarada no perfil: Luis França > Oswaldo Fadda > Monir Salomão > Júlio César > Wagner Oliveira > Erika Machado
1229,Erik Wanderley,374,Vinicius Magalhaes,high,site_lineage_field,Lineage declarada no perfil: Mitsuyo Maeda > Carlos Gracie Sr. > Helio Gracie > Carlos Gracie Junior > Vinicius Magalhães > Erik Wanderley
v_matt_arroyo,Matt Arroyo,v_rob_kahn,Rob Kahn,high,site_lineage_field,Lineage declarada no perfil: Carlos Gracie > Helio Gracie > Royce Gracie > Rob Kahn > Matt Arroyo > Erin Harpe
12293,Erin Harpe,v_matt_arroyo,Matt Arroyo,high,site_lineage_field,Lineage declarada no perfil: Carlos Gracie > Helio Gracie > Royce Gracie > Rob Kahn > Matt Arroyo > Erin Harpe
fernando-augusto-terere-bio,Fernando Tererê,666,Alexandre Paiva,high,site_lineage_field,Lineage declarada no perfil: Mitsuyo Maeda > Carlos Gracie > Helio Gracie > Rolls Gracie > Romero Cavalcanti > Alexandre Paiva > Fernando Tererê > Rubens Charles > Erin Herle
147,Rubens Charles,fernando-augusto-terere-bio,Fernando Tererê,high,site_lineage_field,Lineage declarada no perfil: Mitsuyo Maeda > Carlos Gracie > Helio Gracie > Rolls Gracie > Romero Cavalcanti > Alexandre Paiva > Fernando Tererê > Rubens Charles > Erin Herle
8605,Erin Herle,147,Rubens Charles,high,site_lineage_field,Lineage declarada no perfil: Mitsuyo Maeda > Carlos Gracie > Helio Gracie > Rolls Gracie > Romero Cavalcanti > Alexandre Paiva > Fernando Tererê > Rubens Charles > Erin Herle
1813,Jair Lourenco,78,Andre Pederneiras,high,site_lineage_field,Lineage declarada no perfil: Carlos Gracie > Helio Gracie > Carlson Gracie > André Pederneiras > Jair Lourenço > José Carlos Granja > Espen Mathiesen
7693,Jose Carlos Granja,1813,Jair Lourenco,high,site_lineage_field,Lineage declarada no perfil: Carlos Gracie > Helio Gracie > Carlson Gracie > André Pederneiras > Jair Lourenço > José Carlos Granja > Espen Mathiesen
8215,Espen Mathiesen,7693,Jose Carlos Granja,high,site_lineage_field,Lineage declarada no perfil: Carlos Gracie > Helio Gracie > Carlson Gracie > André Pederneiras > Jair Lourenço > José Carlos Granja > Espen Mathiesen
5660,Lucas Rocha,1633,Jose Olimpio,high,site_lineage_field,Lineage declarada no perfil: Carlos Gracie > Helio Gracie > Carlos Gracie Jr > Jose Olimpio > Lucas Rocha > Estevan Martinez
12120,Estevan Martinez,5660,Lucas Rocha,high,site_lineage_field,Lineage declarada no perfil: Carlos Gracie > Helio Gracie > Carlos Gracie Jr > Jose Olimpio > Lucas Rocha > Estevan Martinez
11223,Ethan Crelinsten,623,John Danaher,high,site_lineage_field,Lineage declarada no perfil: Carlos Gracie > Helio Gracie > Carlos Gracie Jr > Renzo Gracie > John Danaher > Ethan Crelinsten
720,Jorge Patino,601,Roberto Godoi,high,site_lineage_field,Lineage declarada no perfil: Mitsuyo Maeda > Carlos Gracie > Helio Gracie > Rickson Gracie > Marcelo Behring > Waldomiro Perez > Roberto Godoi > Jorge Patino > Roger Coelho > Everton Santana
roger-coelho,Roger Coelho,720,Jorge Patino,high,site_lineage_field,Lineage declarada no perfil: Mitsuyo Maeda > Carlos Gracie > Helio Gracie > Rickson Gracie > Marcelo Behring > Waldomiro Perez > Roberto Godoi > Jorge Patino > Roger Coelho > Everton Santana
1367,Everton Santana,roger-coelho,Roger Coelho,high,site_lineage_field,Lineage declarada no perfil: Mitsuyo Maeda > Carlos Gracie > Helio Gracie > Rickson Gracie > Marcelo Behring > Waldomiro Perez > Roberto Godoi > Jorge Patino > Roger Coelho > Everton Santana
14025,Everton Souza Teixeira,963,Carlos Vieira Holanda,high,site_lineage_field,Lineage declarada no perfil: Carlos Gracie > Reyson Gracie > Osvaldo Alves > Faustino Neto (Pina) > Carlos Holanda > Everton Souza Teixeira
v_fabiano_gaudio,Fabiano Gaudio,cezar-guimaraes-casquinha,Cesar Guimaraes,high,site_lineage_field,Lineage declarada no perfil: Mitsuyo Maeda > Carlos Gracie > Helio Gracie > Carlson Gracie > Walter Guimaraes > Cesar Guimaraes > Fabiano Gaudio > Fabiana Borges
970,Fabiana Borges,v_fabiano_gaudio,Fabiano Gaudio,high,site_lineage_field,Lineage declarada no perfil: Mitsuyo Maeda > Carlos Gracie > Helio Gracie > Carlson Gracie > Walter Guimaraes > Cesar Guimaraes > Fabiano Gaudio > Fabiana Borges
1713,Fabiano Silva,591,Ricardo Liborio,high,site_lineage_field,Lineage declarada no perfil: Mitsuyo Maeda > Carlos Gracie > Carlson Gracie > Ricardo Libório > Fabiano Silva
9725,Fabbio Passos,322,Fabio Gurgel,high,site_lineage_field,Lineage declarada no perfil: Mitsuyo Maeda > Carlos Gracie (Senior) > Helio Gracie > Rolls Gracie > Romero Cavalcanti (Jacaré) > Fábio Gurgel > Fabbio Passos
1631,Sylvio Behring,2052,Alvaro Barreto,high,site_lineage_field,Lineage declarada no perfil: C. Gracie > H. Gracie > Álvaro Barreto > Sylvio Behring > Mario Reis > Fábio Alano
790,Mario Reis,1631,Sylvio Behring,high,site_lineage_field,Lineage declarada no perfil: C. Gracie > H. Gracie > Álvaro Barreto > Sylvio Behring > Mario Reis > Fábio Alano
10252,Fabio Alano,790,Mario Reis,high,site_lineage_field,Lineage declarada no perfil: C. Gracie > H. Gracie > Álvaro Barreto > Sylvio Behring > Mario Reis > Fábio Alano
3402,Fabio Andrade,v_daniel_almeida,Daniel Almeida,high,site_lineage_field,Lineage declarada no perfil: Mitsuyo Maeda > Luiz França > Oswaldo Fadda > Sebastião Ricardo > Wendell Alexander > Daniel Almeida > Fabio Andrade
4115,Fabio Caloi,322,Fabio Gurgel,high,site_lineage_field,Lineage declarada no perfil: C. Gracie > Helio Gracie > Rolls Gracie > Romero Cavalcanti > Fábio Gurgel > Fábio Caloi
2266,Fabio Clemente,88,Jean Jacques Machado,high,site_lineage_field,Lineage declarada no perfil: Mitsuyo Maeda > Carlos Gracie > Helio Gracie > Carlos Gracie Jr > Jean Jacques Machado > Fabio Clemente
658,Fabio Leopoldo,6683,Ryan Gracie,high,site_lineage_field,Lineage declarada no perfil: Mitsuyo Maeda > Carlos Gracie Sr. > Carlos Gracie Junior > Ryan Gracie > Fabio Leopoldo
v_marcelo_clemente,Marcelo Clemente,515,Royler Gracie,high,site_lineage_field,Lineage declarada no perfil: Mitsuyo Maeda > Carlos Gracie > Helio Gracie > Royler Gracie > Marcelo Clemente > Fabio Prado
1303,Fabio Prado,v_marcelo_clemente,Marcelo Clemente,high,site_lineage_field,Lineage declarada no perfil: Mitsuyo Maeda > Carlos Gracie > Helio Gracie > Royler Gracie > Marcelo Clemente > Fabio Prado
2068,Fabio Santos,67,Rickson Gracie,high,site_lineage_field,Lineage declarada no perfil: Mitsuyo Maeda > Carlos Gracie > Helio Gracie > Rickson Gracie > Fabio Santos
11497,Fabricio Andrey,10088,Melqui Galvao,high,site_lineage_field,Lineage declarada no perfil: Carlos Gracie > Helio Gracie > Royler Gracie > Rolker Gracie > Augusto Monteiro > Ronnie Melo > Melquisedeque Galvão > Fabricio Andrey
12629,Fabricio Barbarotti,1155,Cicero Costha,high,site_lineage_field,Lineage declarada no perfil: Carlos Gracie > Helio Gracie > Rickson Gracie > Marcelo Behring > Waldomiro Perez > Roberto Godoi > Marco Barbosa > Cicero Costha > Fabricio Barbarotti
7878,Fabricio Camoes,515,Royler Gracie,high,site_lineage_field,Lineage declarada no perfil: Mitsuyo Maeda > Carlos Gracie > Helio Gracie > Royler Gracie > Fabrício Camões
1005,Moises Murad,2216,Octavio de Almeida,high,site_lineage_field,Lineage declarada no perfil: Mitsuyo Maeda > Carlos Gracie (Senior) > George Gracie > Octávio de Almeida > Moisés Muradi > Givanildo Santana > Fabricio Medici
5000,Givanildo Santana,1005,Moises Murad,high,site_lineage_field,Lineage declarada no perfil: Mitsuyo Maeda > Carlos Gracie (Senior) > George Gracie > Octávio de Almeida > Moisés Muradi > Givanildo Santana > Fabricio Medici
9370,Fabricio Medici,5000,Givanildo Santana,high,site_lineage_field,Lineage declarada no perfil: Mitsuyo Maeda > Carlos Gracie (Senior) > George Gracie > Octávio de Almeida > Moisés Muradi > Givanildo Santana > Fabricio Medici
677,Sergio Penha,524,Osvaldo Alves,high,site_lineage_field,Lineage declarada no perfil: Mitsuyo Maeda > Carlos Gracie sr > Reyson Gracie > Osvaldo Alves > Sérgio Penha > Fabrício Moreira
9127,Fabricio Moreira,677,Sergio Penha,high,site_lineage_field,Lineage declarada no perfil: Mitsuyo Maeda > Carlos Gracie sr > Reyson Gracie > Osvaldo Alves > Sérgio Penha > Fabrício Moreira
1563,Gabriel Rainho,3416,Monir Salomao,high,site_lineage_field,Lineage declarada no perfil: Luis França > Oswaldo Fadda > Monir Salomão > Júlio César > Gabriel Rainho > Fabyury Khrysthyan
13785,Fabyury Khrysthyan,1563,Gabriel Rainho,high,site_lineage_field,Lineage declarada no perfil: Luis França > Oswaldo Fadda > Monir Salomão > Júlio César > Gabriel Rainho > Fabyury Khrysthyan
573,Fabricio Werdum,1631,Sylvio Behring,high,site_lineage_field,Lineage declarada no perfil: Carlos Gracie > Helio Gracie > Alvaro Barreto > Sylvio Behring > Fabricio Werdum
v_faris_ben_lamkadem,Faris Ben-Lamkadem,505,Roger Gracie,high,site_lineage_field,Lineage declarada no perfil: Carlos Gracie > Helio Gracie > Carlos Gracie Junior > Roger Gracie > Faris Ben-Lamkadem
524,Osvaldo Alves,44,Helio Gracie,high,site_lineage_field,Lineage declarada no perfil: Carlos Gracie > Helio Gracie > Osvaldo Alves > Faustino Neto
9404,Ffion Davies,7321,Darragh OConnaill,high,site_lineage_field,Lineage declarada no perfil: Carlos Gracie Sr. > Helio Gracie > Royler Gracie > Saulo Ribeiro > Alexandre Ribeiro > Darragh O’Conaill > Ffion Davies
v_jose_neto,José Neto,2040,Francisco Mansur,high,site_lineage_field,Lineage declarada no perfil: Mitsuyo Maeda > C. Gracie > H. Gracie > Chico Mansur > José Neto > Bruno Barreto > Felipe Bezerra
v_bruno_barreto,Bruno Barreto,v_jose_neto,José Neto,high,site_lineage_field,Lineage declarada no perfil: Mitsuyo Maeda > C. Gracie > H. Gracie > Chico Mansur > José Neto > Bruno Barreto > Felipe Bezerra
7537,Felipe Bezerra,v_bruno_barreto,Bruno Barreto,high,site_lineage_field,Lineage declarada no perfil: Mitsuyo Maeda > C. Gracie > H. Gracie > Chico Mansur > José Neto > Bruno Barreto > Felipe Bezerra
v_fredson_alves,Fredson Alves,515,Royler Gracie,high,site_lineage_field,Lineage declarada no perfil: Mitsuyo Maeda > Carlos Gracie > Helio Gracie > Royler Gracie > Fredson Alves > Felipe Cavalcante
1268,Felipe Cavalcante,v_fredson_alves,Fredson Alves,high,site_lineage_field,Lineage declarada no perfil: Mitsuyo Maeda > Carlos Gracie > Helio Gracie > Royler Gracie > Fredson Alves > Felipe Cavalcante
4542,Felipe Cesar,492,Marco Barbosa,high,site_lineage_field,Lineage declarada no perfil: Carlos Gracie > Helio Gracie > Rickson Gracie > Marcelo Behring > Waldomiro Perez > Roberto Godoi > Marco Barbosa > Felipe Cesar
9309,Felipe Linhares,358,Lucas Lepri,high,site_lineage_field,Lineage declarada no perfil: Mitsuyo Maeda > Carlos Gracie (senior) > Helio Gracie > Carlson Gracie > Sérgio Souza “Bolão” > Mauro Chueng > Elan Santiago > Lucas Lepri > Felipe Linhares
5067,Felipe Neto,355,Romero Cavalcanti,high,site_lineage_field,Lineage declarada no perfil: Mitsuyo Maeda > Carlos Gracie > Helio Gracie > Rolls Gracie > Romero Cavalcanti > Felipe Neto
6209,Felipe Mota,579,Octavio Couto,high,site_lineage_field,Lineage declarada no perfil: M. Maeda > Carlos Gracie > Helio G > Rolls G. > R. Cavalcanti > Octávio Couto > Felipe Mota
rogerio-poggio,R. Poggio,totila-jordan,Totila ‘Pitoco’ Jordan,high,site_lineage_field,Lineage declarada no perfil: M. Maeda > Carlos Gracie > Helio G > Rickson G > Renam Pitangui > Pitoco > R. Poggio > Felipe Silva
6029,Felipe Silva,rogerio-poggio,R. Poggio,high,site_lineage_field,Lineage declarada no perfil: M. Maeda > Carlos Gracie > Helio G > Rickson G > Renam Pitangui > Pitoco > R. Poggio > Felipe Silva
v_elcio_figueiredo,Élcio Figueiredo,22,Carlson Gracie,high,site_lineage_field,Lineage declarada no perfil: Carlos Gracie > Carlson Gracie > Élcio Figueiredo > Rodrigo Cavaca > Fellipe Andrew
rodrigo-cavaca,Rodrigo Cavaca,v_elcio_figueiredo,Élcio Figueiredo,high,site_lineage_field,Lineage declarada no perfil: Carlos Gracie > Carlson Gracie > Élcio Figueiredo > Rodrigo Cavaca > Fellipe Andrew
8514,Fellipe Andrew,rodrigo-cavaca,Rodrigo Cavaca,high,site_lineage_field,Lineage declarada no perfil: Carlos Gracie > Carlson Gracie > Élcio Figueiredo > Rodrigo Cavaca > Fellipe Andrew
195,Robson Moura,78,Andre Pederneiras,high,site_lineage_field,Lineage declarada no perfil: Carlos Gracie > Carlson Gracie > André Pederneiras > Robson Moura > André Ushirobira > Fellipe Trovo
7282,Andre Ushirobira,195,Robson Moura,high,site_lineage_field,Lineage declarada no perfil: Carlos Gracie > Carlson Gracie > André Pederneiras > Robson Moura > André Ushirobira > Fellipe Trovo
8686,Fellipe Trovo,7282,Andre Ushirobira,high,site_lineage_field,Lineage declarada no perfil: Carlos Gracie > Carlson Gracie > André Pederneiras > Robson Moura > André Ushirobira > Fellipe Trovo
v_hector_vasquez,Hector Vasquez,147,Rubens Charles,high,site_lineage_field,Lineage declarada no perfil: Carlos Gracie > Helio Gracie > Rolls Gracie > Romero Cavalcanti > Alexandre Paiva > Fernando Terere > Rubens Charles > Hector Vasquez > Frank Cespedes
12848,Frank Cespedes,v_hector_vasquez,Hector Vasquez,high,site_lineage_field,Lineage declarada no perfil: Carlos Gracie > Helio Gracie > Rolls Gracie > Romero Cavalcanti > Alexandre Paiva > Fernando Terere > Rubens Charles > Hector Vasquez > Frank Cespedes
9760,Frank Rosenthal,10000,Doug Pelinkovic,high,site_lineage_field,Lineage declarada no perfil: Mitsuyo Maeda > Carlos Gracie (Senior) > Helio Gracie > Carlos Gracie Junior > Renzo Gracie > John Danaher > Doug Pelinkovic > Frank Rosenthal
1403,Fernando Di Piero,322,Fabio Gurgel,high,site_lineage_field,Lineage declarada no perfil: Mitsuyo Maeda > Carlos Gracie > Helio Gracie > Rolls Gracie > Romero Cavalcanti > Fábio Gurgel > Fernando Di Piero
690,Fernando Marques,78,Andre Pederneiras,high,site_lineage_field,Lineage declarada no perfil: Carlos Gracie > Carlson Gracie > Andre Pederneiras > Fernando Marques
v_fernando_monteiro,Fernando Monteiro,2040,Francisco Mansur,high,site_lineage_field,Lineage declarada no perfil: Mitsuyo Maeda > Carlos Gracie > Helio Gracie > Francisco Mansor > Fernando Monteiro
1411,Fernando Paradeda,ze-mario-sperry-mma-and-bjj-fighter-wiki,José Mario Sperry,high,site_lineage_field,Lineage declarada no perfil: Mitsuyo Maeda > Carlos Gracie > Carlson Gracie > Ze Mario Sperry > Fernando Paradeda
1916,Fernando Pontes,601,Roberto Godoi,high,site_lineage_field,Lineage declarada no perfil: C. Gracie > H. Gracie > Rickson Gracie > Marcelo Behring > Waldomiro Perez > Roberto Godoi > Fernando Pontes
86,Fernando Vieira,cristiano-carioca,Cristiano Carioca,high,site_lineage_field,Lineage declarada no perfil: Mitsuyo Maeda > Carlos Gracie > Helio Gracie > Royler Gracie > Rolker Gracie > Guto Monteiro > Cristiano Carioca > Fernando Vieira
v_eduardo_da_rocha,Eduardo da Rocha,2517,Wilson Mattos,high,site_lineage_field,Lineage declarada no perfil: Oswaldo Fadda > Wilson Mattos > Eduardo da Rocha > Rogerio de Cristo > Fernanda Cristo
v_rogerio_de_cristo,Rogerio de Cristo,v_eduardo_da_rocha,Eduardo da Rocha,high,site_lineage_field,Lineage declarada no perfil: Oswaldo Fadda > Wilson Mattos > Eduardo da Rocha > Rogerio de Cristo > Fernanda Cristo
12719,Fernanda Cristo,v_rogerio_de_cristo,Rogerio de Cristo,high,site_lineage_field,Lineage declarada no perfil: Oswaldo Fadda > Wilson Mattos > Eduardo da Rocha > Rogerio de Cristo > Fernanda Cristo
9859,Firas Zahabi,623,John Danaher,high,site_lineage_field,Lineage declarada no perfil: M. Maeda > C. Gracie > Helio Gracie > Carlos Gracie Jr > Renzo Gracie > John Danaher > Firas Zahabi
11456,Flavio Junqueira,322,Fabio Gurgel,high,site_lineage_field,Lineage declarada no perfil: C. Gracie > H. Gracie > Rolls Gracie > Romero Cavalcanti > Fábio Gurgel > Flávio Junqueira
6748,Juarez Soares,3416,Monir Salomao,high,site_lineage_field,Lineage declarada no perfil: Luis França > Oswaldo Fadda > Monir Salomão > Juarez Soares > Wilson Féu > Flavio Vianna
v_wilson_feu,Wilson Féu,6748,Juarez Soares,high,site_lineage_field,Lineage declarada no perfil: Luis França > Oswaldo Fadda > Monir Salomão > Juarez Soares > Wilson Féu > Flavio Vianna
11039,Flavio Vianna,v_wilson_feu,Wilson Féu,high,site_lineage_field,Lineage declarada no perfil: Luis França > Oswaldo Fadda > Monir Salomão > Juarez Soares > Wilson Féu > Flavio Vianna
13842,Florian Bayili,465,Felipe Costa,high,site_lineage_field,Lineage declarada no perfil: Carlos Gracie > Helio Gracie > Rolls Gracie > Romero Cavalcanti > Rodrigo Medeiros > Felipe Costa > Florian Bayili
12372,Francisco Cuneo,361,Ricardo De La Riva,high,site_lineage_field,Lineage declarada no perfil: Carlos Gracie > Helio Gracie > Carlson Gracie > Ricardo De La Riva > Francisco Cuneo
13076,Francisco Lo,1155,Cicero Costha,high,site_lineage_field,Lineage declarada no perfil: Carlos Gracie > Helio Gracie > Rickson Gracie > Marcelo Behring > Waldomiro Perez > Roberto Godoi > Marco Barbosa > Cicero Costha > Francisco Lo
1081,Francisco Mendes,419,Leonardo Vieira,high,site_lineage_field,Lineage declarada no perfil: Mitsuyo Maeda > Carlos Gracie > Helio Gracie > Rolls Gracie > Romero Cavalcanti > Leonardo Vieira > Chico Mendes
2091,Francisco Sa,v_takeo_iano,Takeo Iano,high,site_lineage_field,Lineage declarada no perfil: Takeo Iano > Francisco Sá
14207,Franco Diaz,484,Murilo Santana,high,site_lineage_field,Lineage declarada no perfil: Carlos Gracie > Helio Gracie > Rickson Gracie > Marcelo Behring > Mario Yamasaki > Murilo Santana > Franco Diaz
819,Fredson Paixao,524,Osvaldo Alves,high,site_lineage_field,Lineage declarada no perfil: Carlos Gracie > Reyson Gracie > Osvaldo Alves > Fredson Paixao
419,Leonardo Vieira,338,Ricardo Vieira,high,site_lineage_field,Lineage declarada no perfil: Carlos Gracie > Hélio Gracie > Rolls Gracie > Romero Cavalcanti > Rico Vieira > Leo Vieira > Gabriel Almeida
9250,Gabriel Almeida,419,Leonardo Vieira,high,site_lineage_field,Lineage declarada no perfil: Carlos Gracie > Hélio Gracie > Rolls Gracie > Romero Cavalcanti > Rico Vieira > Leo Vieira > Gabriel Almeida
6071,Gabriel Arges,320,Romulo Barral,high,site_lineage_field,Lineage declarada no perfil: Carlos Gracie (Sr) > Helio Gracie > Carlos Gracie Junior > Vinícius Magalhães > Rômulo Barral > Gabriel Arges
13670,Gabriel Brod,2416,Felipe Pena,high,site_lineage_field,Lineage declarada no perfil: Carlos Gracie > Helio Gracie > Carlos Gracie Jr > Vinicius Magalhães > Marcelo Azevedo > Felipe Pena > Gabriel Brod
693,Luiz Guilherme,5869,Jorge Pereira,high,site_lineage_field,Lineage declarada no perfil: Carlos Gracie > Helio Gracie > Rickson G. > Jorge Pereira > Luiz Guilherme > Gabriel Costa
11766,Gabriel Costa,693,Luiz Guilherme,high,site_lineage_field,Lineage declarada no perfil: Carlos Gracie > Helio Gracie > Rickson G. > Jorge Pereira > Luiz Guilherme > Gabriel Costa
12487,Gabriel Gaudio,203,Julio Cesar,high,site_lineage_field,Lineage declarada no perfil: Luis França > Oswaldo Fadda > Monir Salomão > Júlio César Pereira > Gabriel Gaudio
6084,Wander Braga,5869,Jorge Pereira,high,site_lineage_field,Lineage declarada no perfil: Carlos Gracie > Helio Gracie > Rickson Gracie > Jorge Pereira > Wander Braga > Gabriel Gonzaga
10430,Gabriel Gonzaga,6084,Wander Braga,high,site_lineage_field,Lineage declarada no perfil: Carlos Gracie > Helio Gracie > Rickson Gracie > Jorge Pereira > Wander Braga > Gabriel Gonzaga
1017,Gabriel Goulart,322,Fabio Gurgel,high,site_lineage_field,Lineage declarada no perfil: Mitsuyo Maeda > Carlos Gracie > Helio Gracie > Rolls Gracie > Romero Cavalcanti > Fabio Gurgel > Gabriel Goulart
v_gabriel_henrique,Gabriel Henrique,790,Mario Reis,high,site_lineage_field,Lineage declarada no perfil: Carlos Gracie > Helio Gracie > Alvaro Barreto > Sylvio Behring > Mario Reis > Gabriel Henrique
8560,Gabriel Lucas,1152,Eduardo Conceicao,high,site_lineage_field,Lineage declarada no perfil: Mitsuyo Maeda > Carlos Gracie > Helio Gracie > Rolls Gracie > Romero Cavalcanti > Eduardo da Conceição “Jamelão” > Gabriel Lucas
9746,Gabriel Kitober,524,Osvaldo Alves,high,site_lineage_field,Lineage declarada no perfil: Mitsuyo Maeda > Carlos Gracie Sr. > Reyson Gracie > Osvaldo Alves > Gabriel Kitober
v_marcelo_fraguas,Marcelo Fráguas,112,Demian Maia,high,site_lineage_field,Lineage declarada no perfil: Mitsuyo Maeda > Carlos Gracie > Helio Gracie > Rolls Gracie > Romero Cavalcanti > Fabio Gurgel > Demian Maia > Marcelo Fráguas > Rafael Marangoni > Gabriel Marangoni
v_rafael_marangoni,Rafael Marangoni,v_marcelo_fraguas,Marcelo Fráguas,high,site_lineage_field,Lineage declarada no perfil: Mitsuyo Maeda > Carlos Gracie > Helio Gracie > Rolls Gracie > Romero Cavalcanti > Fabio Gurgel > Demian Maia > Marcelo Fráguas > Rafael Marangoni > Gabriel Marangoni
7698,Gabriel Marangoni,v_rafael_marangoni,Rafael Marangoni,high,site_lineage_field,Lineage declarada no perfil: Mitsuyo Maeda > Carlos Gracie > Helio Gracie > Rolls Gracie > Romero Cavalcanti > Fabio Gurgel > Demian Maia > Marcelo Fráguas > Rafael Marangoni > Gabriel Marangoni
5061,Gabriel Rollo,rodrigo-cavaca,Rodrigo Cavaca,high,site_lineage_field,Lineage declarada no perfil: Mitsuyo Maeda > Carlos Gracie > Carlson Gracie > Élcio Figueiredo > Rodrigo Cavaca > Gabriel Rollo
1563,Gabriel Rainho,203,Julio Cesar,high,site_lineage_field,Lineage declarada no perfil: Mitsuyo Maeda > Luiz França > Oswaldo Fadda > Monir Salomão > Julio Cesar Pereira > Gabriel Rainho
1586,Gabriel Ribeiro,1400,Carlos Henrique,high,site_lineage_field,Lineage declarada no perfil: Mitsuyo Maeda > Carlos Gracie > Helio Gracie > Francisco Mansur > Carlos Henrique > Gabriel Ribeiro
9051,Gabriel Sousa,5660,Lucas Rocha,high,site_lineage_field,Lineage declarada no perfil: Carlos Gracie Senior > Hélio Gracie > Carlos Gracie Junior > José Olimpio (Zé Radiola) > Lucas Rocha > João Gabriel Sousa
13392,Gabriel Volante,428,Celso Vinicius,high,site_lineage_field,Lineage declarada no perfil: Carlos Gracie Sr. > Carlos Gracie Junior > Roberto Correa > Celso Venicius > Gabriel Volante
4776,Marcelo Alonso,22,Carlson Gracie,high,site_lineage_field,Lineage declarada no perfil: Mitsuyo Maeda > Carlos Gracie > Helio Gracie > Carlson Gracie > Marcelo Alonso > Gabriel Willcox
10091,Gabriel Willcox,4776,Marcelo Alonso,high,site_lineage_field,Lineage declarada no perfil: Mitsuyo Maeda > Carlos Gracie > Helio Gracie > Carlson Gracie > Marcelo Alonso > Gabriel Willcox
v_marcio_de_deus,Marcio de Deus,1942,Rogerio Poggio,high,site_lineage_field,Lineage declarada no perfil: C. Gracie > H. Gracie > Rickson Gracie > Renam Pitangui > ‘Pitoco’ Jordan > Rogério Poggio > Marcio de Deus > Gabrieli Pessanha
10153,Gabrieli Pessanha,v_marcio_de_deus,Marcio de Deus,high,site_lineage_field,Lineage declarada no perfil: C. Gracie > H. Gracie > Rickson Gracie > Renam Pitangui > ‘Pitoco’ Jordan > Rogério Poggio > Marcio de Deus > Gabrieli Pessanha
11257,Gabrieli Procopio,8409,Ricardo Marques,high,site_lineage_field,Lineage declarada no perfil: Carlos Gracie > Carlson Gracie > Sérgio Bolão > Ricardo Marques > Gabriel Procópio
v_cesar_tozi,César Tozi,601,Roberto Godoi,high,site_lineage_field,Lineage declarada no perfil: Carlos Gracie > Helio Gracie > Rickson Gracie > Marcelo Behring > Waldomiro Perez > Roberto Godoi > César Tozi > Carlos Durlin > Gabriela Pereira
v_carlos_durlin,Carlos Durlin,v_cesar_tozi,César Tozi,high,site_lineage_field,Lineage declarada no perfil: Carlos Gracie > Helio Gracie > Rickson Gracie > Marcelo Behring > Waldomiro Perez > Roberto Godoi > César Tozi > Carlos Durlin > Gabriela Pereira
12753,Gabriela Pereira,v_carlos_durlin,Carlos Durlin,high,site_lineage_field,Lineage declarada no perfil: Carlos Gracie > Helio Gracie > Rickson Gracie > Marcelo Behring > Waldomiro Perez > Roberto Godoi > César Tozi > Carlos Durlin > Gabriela Pereira
9241,Gabriela Fechter,338,Ricardo Vieira,high,site_lineage_field,Lineage declarada no perfil: Carlos Gracie > Hélio Gracie > Rolls Gracie > Romero Cavalcanti > Ricardo Vieira > Gabriela Fechter
595,Gabrielle Garcia,322,Fabio Gurgel,high,site_lineage_field,Lineage declarada no perfil: Mitsuyo Maeda > Carlos Gracie > Helio Gracie > Rolls Gracie > Romero Cavalcanti > Fábio Gurgel > Gabrielle Garcia
vinicius-aieta,Vinicius Aieta,515,Royler Gracie,high,site_lineage_field,Lineage declarada no perfil: Carlos Gracie > Helio Gracie > Royler Gracie > Vinicius Aieta > Letícia Ribeiro > Gabi McComb
903,Leticia Ribeiro,vinicius-aieta,Vinicius Aieta,high,site_lineage_field,Lineage declarada no perfil: Carlos Gracie > Helio Gracie > Royler Gracie > Vinicius Aieta > Letícia Ribeiro > Gabi McComb
8991,Gabrielle McComb,903,Leticia Ribeiro,high,site_lineage_field,Lineage declarada no perfil: Carlos Gracie > Helio Gracie > Royler Gracie > Vinicius Aieta > Letícia Ribeiro > Gabi McComb
1696,Garth Taylor,2100,Claudio Franca,high,site_lineage_field,Lineage declarada no perfil: Mitsuyo Maeda > Carlos Gracie > Helio Gracie > Francisco Mansor > Claudio França > Garth Taylor
278,Ricardo Almeida,52,Renzo Gracie,high,site_lineage_field,Lineage declarada no perfil: Carlos Gracie > Helio Gracie > Carlos Gracie Jr > Renzo Gracie > Ricardo Almeida > Tom deBlass > Garry Tonon
5324,Thomas DeBlass,278,Ricardo Almeida,high,site_lineage_field,Lineage declarada no perfil: Carlos Gracie > Helio Gracie > Carlos Gracie Jr > Renzo Gracie > Ricardo Almeida > Tom deBlass > Garry Tonon
5649,Gary Tonon,5324,Thomas DeBlass,high,site_lineage_field,Lineage declarada no perfil: Carlos Gracie > Helio Gracie > Carlos Gracie Jr > Renzo Gracie > Ricardo Almeida > Tom deBlass > Garry Tonon
1408,Gastao Gracie,36,Carlos Gracie Senior,high,site_lineage_field,Lineage declarada no perfil: Mitsuyo Maeda > Carlos Gracie > Gastao Gracie
8583,Geny Rebelo,44,Helio Gracie,high,site_lineage_field,Lineage declarada no perfil: Mitsuyo Maeda > Carlos Gracie > Helio Gracie > Geny Rebelo
8532,Gerard Labinski,1188,Leandro Lo,high,site_lineage_field,Lineage declarada no perfil: Carlos Gracie > Helio Gracie > Rickson Gracie > Marcelo Behring > Waldomiro Perez > Roberto Godoi > Marco Barbosa > Cicero Costha > Leandro Lo > Gerard Labinski
1329,Gerardi Rinaldi,52,Renzo Gracie,high,site_lineage_field,Lineage declarada no perfil: Mitsuyo Maeda > Carlos Gracie > Helio Gracie > Carlos Gracie Jr > Renzo Gracie > Gerardi Rinaldi
3479,Gezary Matuda,591,Ricardo Liborio,high,site_lineage_field,Lineage declarada no perfil: Mitsuyo Maeda > Carlos Gracie > Carlson Gracie > Ricardo Libório > Gezary Matuda
11797,Giancarlo Bodoni,358,Lucas Lepri,high,site_lineage_field,Lineage declarada no perfil: Carlos Gracie > Carlson Gracie > Sergio Bolão > Mauro Chueng > Elan Santiago > Lucas Lepri > Giancarlo Bodoni
4248,Gianni Grippo,16,Marcelo Garcia,high,site_lineage_field,Lineage declarada no perfil: Carlos Gracie > Helio Gracie > Rolls Gracie > Romero Cavalcanti > Fabio Gurgel > Marcelo Garcia > Gianni Grippo
rafael-fofitio-barros,Rafael Fofitio,78,Andre Pederneiras,high,site_lineage_field,Lineage declarada no perfil: Carlos Gracie > Carlson Gracie > Andre Pederneiras > Rafael Fofitio > Gilbert Burns
446,Gilbert Burns,rafael-fofitio-barros,Rafael Fofitio,high,site_lineage_field,Lineage declarada no perfil: Carlos Gracie > Carlson Gracie > Andre Pederneiras > Rafael Fofitio > Gilbert Burns
v_carlos_david,Carlos David,1204,Roberto Traven,high,site_lineage_field,Lineage declarada no perfil: Mitsuyo Maeda > Carlos Gracie > Helio Gracie > Rolls Gracie > Romero Cavalcanti > Roberto Traven > Carlos David > Ronaldo Cruz > Gilson Nunes
v_ronaldo_cruz,Ronaldo Cruz,v_carlos_david,Carlos David,high,site_lineage_field,Lineage declarada no perfil: Mitsuyo Maeda > Carlos Gracie > Helio Gracie > Rolls Gracie > Romero Cavalcanti > Roberto Traven > Carlos David > Ronaldo Cruz > Gilson Nunes
7872,Gilson Nunes,v_ronaldo_cruz,Ronaldo Cruz,high,site_lineage_field,Lineage declarada no perfil: Mitsuyo Maeda > Carlos Gracie > Helio Gracie > Rolls Gracie > Romero Cavalcanti > Roberto Traven > Carlos David > Ronaldo Cruz > Gilson Nunes
v_isac_araujo,Isac Araújo,3416,Monir Salomao,high,site_lineage_field,Lineage declarada no perfil: Luis França > Oswaldo Fadda > Monir Salomão > Júlio César > Isac Araújo > Itagiba Carneiro > Giovanna Carneiro
v_itagiba_carneiro,Itagiba Carneiro,v_isac_araujo,Isac Araújo,high,site_lineage_field,Lineage declarada no perfil: Luis França > Oswaldo Fadda > Monir Salomão > Júlio César > Isac Araújo > Itagiba Carneiro > Giovanna Carneiro
13945,Giovanna Carneiro,v_itagiba_carneiro,Itagiba Carneiro,high,site_lineage_field,Lineage declarada no perfil: Luis França > Oswaldo Fadda > Monir Salomão > Júlio César > Isac Araújo > Itagiba Carneiro > Giovanna Carneiro
v_bruno_damieri,Bruno Damieri,1155,Cicero Costha,high,site_lineage_field,Lineage declarada no perfil: Carlos Gracie > Helio Gracie > Rickson Gracie > Marcelo Behring > Waldomiro Perez > Roberto Godoi > Marco Barbosa > Cicero Costha > Bruno Damieri > Lucinha Jara > Giovanna Jara
v_lucinha_jara,Lucinha Jara,v_bruno_damieri,Bruno Damieri,high,site_lineage_field,Lineage declarada no perfil: Carlos Gracie > Helio Gracie > Rickson Gracie > Marcelo Behring > Waldomiro Perez > Roberto Godoi > Marco Barbosa > Cicero Costha > Bruno Damieri > Lucinha Jara > Giovanna Jara
13016,Giovanna Jara,v_lucinha_jara,Lucinha Jara,high,site_lineage_field,Lineage declarada no perfil: Carlos Gracie > Helio Gracie > Rickson Gracie > Marcelo Behring > Waldomiro Perez > Roberto Godoi > Marco Barbosa > Cicero Costha > Bruno Damieri > Lucinha Jara > Giovanna Jara
13167,Giulia Gregorut,147,Rubens Charles,high,site_lineage_field,Lineage declarada no perfil: Carlos Gracie > Helio Gracie > Rolls Gracie > Romero Cavalcanti > Alexandre Paiva > Fernando Terere > Rubens Charles > Giulia Gregorut
6550,Gordon Ryan,5649,Gary Tonon,high,site_lineage_field,Lineage declarada no perfil: Carlos Gracie > Helio Gracie > Carlos Gracie Jr > Renzo Gracie > Ricardo Almeida > Tom deBlass > Garry Tonon > Gordon Ryan
v_jm_holland,JM Holland /,4317,Eddie Bravo,high,site_lineage_field,Lineage declarada no perfil: Carlos Gracie > Hélio Gracie > Carlos Gracie Jr > JJ Machado > Eddie Bravo > JM Holland / > Zach Maslany > Grace Gundrum
12227,Zach Maslany,v_jm_holland,JM Holland /,high,site_lineage_field,Lineage declarada no perfil: Carlos Gracie > Hélio Gracie > Carlos Gracie Jr > JJ Machado > Eddie Bravo > JM Holland / > Zach Maslany > Grace Gundrum
11783,Grace Gundrum,12227,Zach Maslany,high,site_lineage_field,Lineage declarada no perfil: Carlos Gracie > Hélio Gracie > Carlos Gracie Jr > JJ Machado > Eddie Bravo > JM Holland / > Zach Maslany > Grace Gundrum
v_gregor_gracie_rangel,Gregor “Gracie” Rangel,52,Renzo Gracie,high,site_lineage_field,Lineage declarada no perfil: Carlos Gracie Sr. > Helio Gracie > Carlos Gracie Junior > Renzo Gracie > Gregor “Gracie” Rangel
12563,Guilherme Bacha,419,Leonardo Vieira,high,site_lineage_field,Lineage declarada no perfil: Carlos Gracie > Helio Gracie > Rolls Gracie > Romero Cavalcanti > Ricardo Vieira > Leonardo Vieira > Guilherme Bacha
1733,Guilherme Cascon,1400,Carlos Henrique,high,site_lineage_field,Lineage declarada no perfil: Mitsuyo Maeda > Carlos Gracie > Helio Gracie > Francisco Mansor > Carlos Henrique > Guilherme Cascon
v_sergio_henrique_miranda,Sérgio Henrique Miranda,9166,Alexandre Barauna,high,site_lineage_field,Lineage declarada no perfil: Carlos Gracie > Helio Gracie > Carlson Gracie > Ricardo De La Riva > Alexandre Baraúna > Sérgio Henrique Miranda > Guilherme Cordiviola
9361,Guilherme Cordiviola,v_sergio_henrique_miranda,Sérgio Henrique Miranda,high,site_lineage_field,Lineage declarada no perfil: Carlos Gracie > Helio Gracie > Carlson Gracie > Ricardo De La Riva > Alexandre Baraúna > Sérgio Henrique Miranda > Guilherme Cordiviola
13575,Guilherme Fernandes,7552,Isaque Bahiense,high,site_lineage_field,Lineage declarada no perfil: Carlos Gracie > Helio Gracie > Rolls Gracie > Romero Cavalcanti > Fábio Gurgel > Isaque Bahiense > Guilherme Fernandes
9635,Guilherme Rocha,1633,Jose Olimpio,high,site_lineage_field,Lineage declarada no perfil: Mitsuyo Maeda > Carlos Gracie > Helio Gracie > Carlos Gracie Jr > José Olimpio > Guilherme Rocha
1388,Gunnar Nelson,52,Renzo Gracie,high,site_lineage_field,Lineage declarada no perfil: Mitsuyo Maeda > Carlos Gracie > Helio Gracie > Carlos Gracie Jr > Renzo Gracie > Gunnar Nelson
8195,Gutemberg Pereira,3416,Monir Salomao,high,site_lineage_field,Lineage declarada no perfil: Luis França > Oswaldo Fadda > Monir Salomão > Júlio César > Gutemberg Pereira
v_claudio_marculino,Claudio Marculino,527,Oswaldo Fadda,high,site_lineage_field,Lineage declarada no perfil: Luiz França > Oswaldo Fadda > Claudio Marculino > Victor Hugo > Juan Lopes > Guthierry Barbosa
10159,Victor Hugo,v_claudio_marculino,Claudio Marculino,high,site_lineage_field,Lineage declarada no perfil: Luiz França > Oswaldo Fadda > Claudio Marculino > Victor Hugo > Juan Lopes > Guthierry Barbosa
7757,Juan Lopes da Silva,10159,Victor Hugo,high,site_lineage_field,Lineage declarada no perfil: Luiz França > Oswaldo Fadda > Claudio Marculino > Victor Hugo > Juan Lopes > Guthierry Barbosa
10199,Guthierry Barbosa,7757,Juan Lopes da Silva,high,site_lineage_field,Lineage declarada no perfil: Luiz França > Oswaldo Fadda > Claudio Marculino > Victor Hugo > Juan Lopes > Guthierry Barbosa
1891,Walter Mattos,677,Sergio Penha,high,site_lineage_field,Lineage declarada no perfil: Mitsuyo Maeda > Carlos Gracie > Reyson Gracie > Osvaldo Alves > Sérgio Penha > Walter Matos > Gustavo Campos
108,Gustavo Campos,1891,Walter Mattos,high,site_lineage_field,Lineage declarada no perfil: Mitsuyo Maeda > Carlos Gracie > Reyson Gracie > Osvaldo Alves > Sérgio Penha > Walter Matos > Gustavo Campos
620,Gustavo Dantas,78,Andre Pederneiras,high,site_lineage_field,Lineage declarada no perfil: Carlos Gracie > Carlson Gracie > Andre Pederneiras > Gustavo Dantas
10932,Gustavo Machado,553,Roberto Correa,high,site_lineage_field,Lineage declarada no perfil: Carlos Gracie > Helio Gracie > Carlos Gracie Jr > Roberto Corrêa > Gustavo Machado
11543,Gustavo Maron,322,Fabio Gurgel,high,site_lineage_field,Lineage declarada no perfil: Carlos Gracie > Helio Gracie > Rolls Gracie > Romero Cavalcanti > Fabio Gurgel > Gustavo Maron
8357,Gustavo Batista,1188,Leandro Lo,high,site_lineage_field,Lineage declarada no perfil: Carlos Gracie > Helio Gracie > Rickson Gracie > Marcelo Behring > Waldomiro Perez > Roberto Godoi > Marco Barbosa > Cicero Costha > Leandro Lo > Gustavo Batista
cristiano-marcello-fighter-wiki,Cristiano Marcello,515,Royler Gracie,high,site_lineage_field,Lineage declarada no perfil: Mitsuyo Maeda > Carlos Gracie > Helio Gracie > Royler Gracie > Cristiano Marcello > Ocimar Costa > Gustavo Dias
v_ocimar_costa,Ocimar Costa,cristiano-marcello-fighter-wiki,Cristiano Marcello,high,site_lineage_field,Lineage declarada no perfil: Mitsuyo Maeda > Carlos Gracie > Helio Gracie > Royler Gracie > Cristiano Marcello > Ocimar Costa > Gustavo Dias
v_gustavo_dias,Gustavo Dias,v_ocimar_costa,Ocimar Costa,high,site_lineage_field,Lineage declarada no perfil: Mitsuyo Maeda > Carlos Gracie > Helio Gracie > Royler Gracie > Cristiano Marcello > Ocimar Costa > Gustavo Dias
5726,Gustavo Pires,297,Carlos Gracie Junior,high,site_lineage_field,Lineage declarada no perfil: Mitsuyo Maeda > Carlos Gracie > Helio Gracie > Carlos Gracie Junior > Gustavo Pires
6539,Francisco Pinto Sa,2091,Francisco Sa,high,site_lineage_field,Lineage declarada no perfil: Takeo Iano > Francisco Sá > Francisco Pinto Sá “Sázinho” > Guybson Sá
9338,Guybson Sa,6539,Francisco Pinto Sa,high,site_lineage_field,Lineage declarada no perfil: Takeo Iano > Francisco Sá > Francisco Pinto Sá “Sázinho” > Guybson Sá
v_jose_luis_varella_marcio_tubarao,Jose Luis Varella & Marcio Tubarão),3416,Monir Salomao,high,site_lineage_field,Lineage declarada no perfil: Luis França > Oswaldo Fadda > Monir Salomão > Júlio César > Jose Luis Varella & Marcio Tubarão) > Gialysson Freitas
12338,Gyalisson Freitas,v_jose_luis_varella_marcio_tubarao,Jose Luis Varella & Marcio Tubarão),high,site_lineage_field,Lineage declarada no perfil: Luis França > Oswaldo Fadda > Monir Salomão > Júlio César > Jose Luis Varella & Marcio Tubarão) > Gialysson Freitas
10926,Heather Raftery,144,Andre Galvao,high,site_lineage_field,Lineage declarada no perfil: Carlos Gracie > Reyson Gracie > Osvaldo Alves > Luis Dagmar > André Galvão > Heather Raftery
258,Hanette Staack,314,Andre Terencio,high,site_lineage_field,Lineage declarada no perfil: Mitsuyo Maeda > Carlos Gracie (senior) > Hélio Gracie > Francisco Mansor > Carlos Henrique > André “Negão” Terêncio > Hannette Staack
v_murilo_rupp,Murilo Rupp,895,Sergio Souza,high,site_lineage_field,Lineage declarada no perfil: Carlos Gracie > Carlson Gracie > Sergio Souza > Murilo Rupp > Elexsandro Silvestre > Harryson Pereira
v_elexsandro_silvestre,Elexsandro Silvestre,v_murilo_rupp,Murilo Rupp,high,site_lineage_field,Lineage declarada no perfil: Carlos Gracie > Carlson Gracie > Sergio Souza > Murilo Rupp > Elexsandro Silvestre > Harryson Pereira
11215,Harryson Pereira,v_elexsandro_silvestre,Elexsandro Silvestre,high,site_lineage_field,Lineage declarada no perfil: Carlos Gracie > Carlson Gracie > Sergio Souza > Murilo Rupp > Elexsandro Silvestre > Harryson Pereira
11064,Rider Zuchi,1188,Leandro Lo,high,site_lineage_field,Lineage declarada no perfil: Carlos Gracie > Helio Gracie > Rickson Gracie > Marcelo Behring > Waldomiro Perez > Roberto Godoi > Marco Barbosa > Cicero Costha > Leandro Lo > Rider Zuchi > Helder Junior
13496,Helder Junior,11064,Rider Zuchi,high,site_lineage_field,Lineage declarada no perfil: Carlos Gracie > Helio Gracie > Rickson Gracie > Marcelo Behring > Waldomiro Perez > Roberto Godoi > Marco Barbosa > Cicero Costha > Leandro Lo > Rider Zuchi > Helder Junior
11228,Helder Medeiros,112,Demian Maia,high,site_lineage_field,Lineage declarada no perfil: C. Gracie > H. Gracie > Rolls Gracie > Romero Cavalcanti > Fabio Gurgel > Demian Maia > Helder Medeiros
14004,Helena Crevar,623,John Danaher,high,site_lineage_field,Lineage declarada no perfil: Carlos Gracie > Helio Gracie > Carlos Gracie Jr > Renzo Gracie > John Danaher > Helena Crevar
3129,Helio Vigio,36,Carlos Gracie Senior,high,site_lineage_field,Lineage declarada no perfil: Mitsuyo Maeda > Carlos Gracie > Helio Vigio
671,Helvecio Penna,361,Ricardo De La Riva,high,site_lineage_field,Lineage declarada no perfil: Mitsuyo Maeda > Carlos Gracie > Carlson Gracie > Ricardo De La Riva > Helvecio Penna
9554,Henrique Cardoso,474,Alexandre Ceconi,high,site_lineage_field,Lineage declarada no perfil: Carlos Gracie > Helio Gracie > Rilion Gracie > Alexandro Ceconi > Henrique Cardoso
371,Henrique Machado,524,Osvaldo Alves,high,site_lineage_field,Lineage declarada no perfil: Mitsuyo Maeda > Carlos Gracie > Reyson Gracie > Osvaldo Alves > Henrique Machado
8038,Hiago Gama,666,Alexandre Paiva,high,site_lineage_field,Lineage declarada no perfil: C. Gracie > H. Gracie > Rolls Gracie > Romero Cavalcanti > Alexandre Paiva > Hiago Gama
v_alexey_cruz,Alexey Cruz,361,Ricardo De La Riva,high,site_lineage_field,Lineage declarada no perfil: Carlos Gracie > Helio Gracie > Carlson Gracie > Ricardo De La Riva > Alexey Cruz > Frankiko Lima > Eduardo Kahwage > Higor Lima
v_frankiko_lima,Frankiko Lima,v_alexey_cruz,Alexey Cruz,high,site_lineage_field,Lineage declarada no perfil: Carlos Gracie > Helio Gracie > Carlson Gracie > Ricardo De La Riva > Alexey Cruz > Frankiko Lima > Eduardo Kahwage > Higor Lima
v_eduardo_kahwage,Eduardo Kahwage,v_frankiko_lima,Frankiko Lima,high,site_lineage_field,Lineage declarada no perfil: Carlos Gracie > Helio Gracie > Carlson Gracie > Ricardo De La Riva > Alexey Cruz > Frankiko Lima > Eduardo Kahwage > Higor Lima
12241,Higor Lima,v_eduardo_kahwage,Eduardo Kahwage,high,site_lineage_field,Lineage declarada no perfil: Carlos Gracie > Helio Gracie > Carlson Gracie > Ricardo De La Riva > Alexey Cruz > Frankiko Lima > Eduardo Kahwage > Higor Lima
v_toni_emanuel,Toni Emanuel,78,Andre Pederneiras,high,site_lineage_field,Lineage declarada no perfil: Mitsuyo Maeda > Carlos Gracie > Carlson Gracie > Andre Pederneiras > Toni Emanuel > Matt Hamilton > Hillary Williams
v_matt_hamilton,Matt Hamilton,v_toni_emanuel,Toni Emanuel,high,site_lineage_field,Lineage declarada no perfil: Mitsuyo Maeda > Carlos Gracie > Carlson Gracie > Andre Pederneiras > Toni Emanuel > Matt Hamilton > Hillary Williams
184,Hillary Williams,v_matt_hamilton,Matt Hamilton,high,site_lineage_field,Lineage declarada no perfil: Mitsuyo Maeda > Carlos Gracie > Carlson Gracie > Andre Pederneiras > Toni Emanuel > Matt Hamilton > Hillary Williams
13326,Hiryu Niwa,415,Guilherme Mendes,high,site_lineage_field,Lineage declarada no perfil: Carlos Gracie > Carlson Gracie > André Pederneiras > Ramon Lemos > Guilherme Mendes > Hiryu Niwa
620,Gustavo Dantas,1813,Jair Lourenco,high,site_lineage_field,Lineage declarada no perfil: Carlos Gracie > Carlson Gracie > Andre Pederneiras > Jair Lourenço > Gustavo Dantas > Horlando Monteiro
7399,Horlando Monteiro,620,Gustavo Dantas,high,site_lineage_field,Lineage declarada no perfil: Carlos Gracie > Carlson Gracie > Andre Pederneiras > Jair Lourenço > Gustavo Dantas > Horlando Monteiro
973,Huanderson Pavao,203,Julio Cesar,high,site_lineage_field,Lineage declarada no perfil: Mitsuyo Maeda > Luiz França > Oswaldo Fadda > Monir Salomão > Julio Cesar Pereira > Huanderson Pavao
8138,Hugo Marques,3028,Leandro Escobar,high,site_lineage_field,Lineage declarada no perfil: Carlos Gracie > Carlson Gracie > Crézio de Souza > André Almeida > Leandro Escobar (< Alexandre Salgado) > Hugo Marques
v_bruno_ewald,Bruno Ewald,515,Royler Gracie,high,site_lineage_field,Lineage declarada no perfil: Mitsuyo Maeda > Carlos Gracie > Helio Gracie > Royler Gracie > Bruno Ewald > Hunter Ewald
7332,Hunter Ewald,v_bruno_ewald,Bruno Ewald,high,site_lineage_field,Lineage declarada no perfil: Mitsuyo Maeda > Carlos Gracie > Helio Gracie > Royler Gracie > Bruno Ewald > Hunter Ewald
831,Omar Salum,515,Royler Gracie,high,site_lineage_field,Lineage declarada no perfil: Carlos Gracie > Helio Gracie > Royler Gracie > Omar Salum > Nabil Aziz > Hygor Brito
11245,Nabil Aziz,831,Omar Salum,high,site_lineage_field,Lineage declarada no perfil: Carlos Gracie > Helio Gracie > Royler Gracie > Omar Salum > Nabil Aziz > Hygor Brito
9117,Hygor Brito,11245,Nabil Aziz,high,site_lineage_field,Lineage declarada no perfil: Carlos Gracie > Helio Gracie > Royler Gracie > Omar Salum > Nabil Aziz > Hygor Brito
3279,Ian Behring,1495,Flavio Behring,high,site_lineage_field,Lineage declarada no perfil: Mitsuyo Maeda > Carlos Gracie > Helio Gracie > Flavio Behring > Ian Behring
1750,Ian Mcpherson,355,Romero Cavalcanti,high,site_lineage_field,Lineage declarada no perfil: Mitsuyo Maeda > Carlos Gracie > Helio Gracie > Rolls Gracie > Romero Cavalcanti > Ian Mcpherson
6186,Aldo Januario,297,Carlos Gracie Junior,high,site_lineage_field,Lineage declarada no perfil: Mitsuyo Maeda > Carlos Gracie (Senior) > Helio Gracie > Carlos Gracie Junior > Aldo Januário (Caveirinha) > Rodrigo Freitas > Ian Sanders
5930,Rodrigo Freitas,6186,Aldo Januario,high,site_lineage_field,Lineage declarada no perfil: Mitsuyo Maeda > Carlos Gracie (Senior) > Helio Gracie > Carlos Gracie Junior > Aldo Januário (Caveirinha) > Rodrigo Freitas > Ian Sanders
9488,Ian Sanders,5930,Rodrigo Freitas,high,site_lineage_field,Lineage declarada no perfil: Mitsuyo Maeda > Carlos Gracie (Senior) > Helio Gracie > Carlos Gracie Junior > Aldo Januário (Caveirinha) > Rodrigo Freitas > Ian Sanders
1655,Ida Hansson,419,Leonardo Vieira,high,site_lineage_field,Lineage declarada no perfil: Mitsuyo Maeda > Carlos Gracie > Helio Gracie > Rolls Gracie > Romero Cavalcanti > Leonardo Vieira > Ida Hansson
12554,Iasmin Casser,415,Guilherme Mendes,high,site_lineage_field,Lineage declarada no perfil: Carlos Gracie > Carlson Gracie > André Pederneiras > Ramon Lemos > Guilherme Mendes > Iasmim Casser
13962,Ighor Horta,8409,Ricardo Marques,high,site_lineage_field,Lineage declarada no perfil: Carlos Gracie > Carlson Gracie > Sergio Souza > Ricardo Marques > Ighor Horta
11872,Luiz Paulo,1886,Fabricio Martins,high,site_lineage_field,Lineage declarada no perfil: Carlos Gracie > Reyson Gracie > Osvaldo Alves > Fabricio Martins > Luiz Paulo > Paulo Theodoro > Thaisio Feliz > Igor Feliz
v_paulo_theodoro,Paulo Theodoro,11872,Luiz Paulo,high,site_lineage_field,Lineage declarada no perfil: Carlos Gracie > Reyson Gracie > Osvaldo Alves > Fabricio Martins > Luiz Paulo > Paulo Theodoro > Thaisio Feliz > Igor Feliz
v_thaisio_feliz,Thaisio Feliz,v_paulo_theodoro,Paulo Theodoro,high,site_lineage_field,Lineage declarada no perfil: Carlos Gracie > Reyson Gracie > Osvaldo Alves > Fabricio Martins > Luiz Paulo > Paulo Theodoro > Thaisio Feliz > Igor Feliz
12225,Igor Feliz,v_thaisio_feliz,Thaisio Feliz,high,site_lineage_field,Lineage declarada no perfil: Carlos Gracie > Reyson Gracie > Osvaldo Alves > Fabricio Martins > Luiz Paulo > Paulo Theodoro > Thaisio Feliz > Igor Feliz
roberto-atalla,Roberto Atalla,895,Sergio Souza,high,site_lineage_field,Lineage declarada no perfil: Mitsuyo Maeda > Carlos Gracie > Helio Gracie > Carlson Gracie > Sergio Souza > Roberto Atalla > Marcos Chuck > Igor Rodrigues
v_marcos_chuck,Marcos Chuck,roberto-atalla,Roberto Atalla,high,site_lineage_field,Lineage declarada no perfil: Mitsuyo Maeda > Carlos Gracie > Helio Gracie > Carlson Gracie > Sergio Souza > Roberto Atalla > Marcos Chuck > Igor Rodrigues
2013,Igor Rodrigues,v_marcos_chuck,Marcos Chuck,high,site_lineage_field,Lineage declarada no perfil: Mitsuyo Maeda > Carlos Gracie > Helio Gracie > Carlson Gracie > Sergio Souza > Roberto Atalla > Marcos Chuck > Igor Rodrigues
702,Muzio de Angelis,1204,Roberto Traven,high,site_lineage_field,Lineage declarada no perfil: Mitsuyo Maeda > Carlos Gracie > Helio Gracie > Rolls Gracie > Romero Cavalcanti > Roberto Traven > Muzio de Angelis > Igor Silva
680,Igor Silva,702,Muzio de Angelis,high,site_lineage_field,Lineage declarada no perfil: Mitsuyo Maeda > Carlos Gracie > Helio Gracie > Rolls Gracie > Romero Cavalcanti > Roberto Traven > Muzio de Angelis > Igor Silva
8477,Igor Paiva,3117,Bruno Mendes,high,site_lineage_field,Lineage declarada no perfil: M. Maeda > C. Gracie > Helio Gracie > Francisco Mansor > Álvaro Mansor > Bruno Mendes > Igor Paiva
6631,Igor Schneider,1155,Cicero Costha,high,site_lineage_field,Lineage declarada no perfil: Carlos Gracie > Helio Gracie > Rickson Gracie > Marcelo Behring > Waldomiro Perez > Roberto Godoi > Marco Barbosa > Cicero Costha > Igor Schneider
v_roberto_nakaya,Roberto Nakaya,492,Marco Barbosa,high,site_lineage_field,Lineage declarada no perfil: Carlos Gracie > Helio Gracie > Rickson Gracie > Marcelo Behring > Waldomiro Perez > Roberto Godoi > Marco Barbosa > Roberto Nakaya > Walter Lima Franco > Igor Tanabe
v_walter_lima_franco,Walter Lima Franco,v_roberto_nakaya,Roberto Nakaya,high,site_lineage_field,Lineage declarada no perfil: Carlos Gracie > Helio Gracie > Rickson Gracie > Marcelo Behring > Waldomiro Perez > Roberto Godoi > Marco Barbosa > Roberto Nakaya > Walter Lima Franco > Igor Tanabe
11145,Igor Tanabe,v_walter_lima_franco,Walter Lima Franco,high,site_lineage_field,Lineage declarada no perfil: Carlos Gracie > Helio Gracie > Rickson Gracie > Marcelo Behring > Waldomiro Perez > Roberto Godoi > Marco Barbosa > Roberto Nakaya > Walter Lima Franco > Igor Tanabe
8647,Igor Verissimo,1188,Leandro Lo,high,site_lineage_field,Lineage declarada no perfil: Mitsuyo Maeda > Carlos Gracie > Helio Gracie > Rickson Gracie > Marcelo Behring > Waldomiro Perez > Roberto Godoi > Marco Barbosa > Cicero Costha > Leandro Lo > Igor Veríssimo
v_marcelo_castro,Marcelo Castro,1633,Jose Olimpio,high,site_lineage_field,Lineage declarada no perfil: M. Maeda > C. Gracie > Helio Gracie > Carlos Gracie Jr > José Olímpio > Marcelo Castro > Inacio Neto
7743,Inacio Neto,v_marcelo_castro,Marcelo Castro,high,site_lineage_field,Lineage declarada no perfil: M. Maeda > C. Gracie > Helio Gracie > Carlos Gracie Jr > José Olímpio > Marcelo Castro > Inacio Neto
v_marcelo_ferreira,Marcelo Ferreira,v_orlando_saraiva,Orlando Saraiva,high,site_lineage_field,Lineage declarada no perfil: Carlos Gracie > Helio Gracie > Carlson Gracie > Orlando Saraiva > Marcelo Ferreira > Caio Barbante > Diego Ramos > Inacio Santos
v_caio_barbante,Caio Barbante,v_marcelo_ferreira,Marcelo Ferreira,high,site_lineage_field,Lineage declarada no perfil: Carlos Gracie > Helio Gracie > Carlson Gracie > Orlando Saraiva > Marcelo Ferreira > Caio Barbante > Diego Ramos > Inacio Santos
v_diego_ramos,Diego Ramos,v_caio_barbante,Caio Barbante,high,site_lineage_field,Lineage declarada no perfil: Carlos Gracie > Helio Gracie > Carlson Gracie > Orlando Saraiva > Marcelo Ferreira > Caio Barbante > Diego Ramos > Inacio Santos
13853,Inacio Santos,v_diego_ramos,Diego Ramos,high,site_lineage_field,Lineage declarada no perfil: Carlos Gracie > Helio Gracie > Carlson Gracie > Orlando Saraiva > Marcelo Ferreira > Caio Barbante > Diego Ramos > Inacio Santos
v_ricardo_barros_chita,Ricardo Barros “Chita”,6539,Francisco Pinto Sa,high,site_lineage_field,Lineage declarada no perfil: Takeo Iano > Master Francisco Sá > Carlos Pinto Sá “Sazinho” > Ricardo Barros “Chita” > Edilson Albuquerque > Ingridd Alves
v_edilson_albuquerque,Edilson Albuquerque,v_ricardo_barros_chita,Ricardo Barros “Chita”,high,site_lineage_field,Lineage declarada no perfil: Takeo Iano > Master Francisco Sá > Carlos Pinto Sá “Sazinho” > Ricardo Barros “Chita” > Edilson Albuquerque > Ingridd Alves
11929,Ingridd Alves,v_edilson_albuquerque,Edilson Albuquerque,high,site_lineage_field,Lineage declarada no perfil: Takeo Iano > Master Francisco Sá > Carlos Pinto Sá “Sazinho” > Ricardo Barros “Chita” > Edilson Albuquerque > Ingridd Alves
10408,Israel Sousa,203,Julio Cesar,high,site_lineage_field,Lineage declarada no perfil: Luis França > Oswaldo Fadda > Monir Salomão > Júlio César > Israel Sousa
1542,Italo Lins,203,Julio Cesar,high,site_lineage_field,Lineage declarada no perfil: Luis França > Oswaldo Fadda > Monir Salomão > Julio Cesar Pereira > Italo Lins
13660,Italo Lima Costa,5414,Osvaldo Moizinho,high,site_lineage_field,Lineage declarada no perfil: Carlos Gracie > Helio Gracie > Francisco Mansur > Augusto Mendes > Osvaldo Moizinho > Italo Lima Costa
10295,Italo Moura,1155,Cicero Costha,high,site_lineage_field,Lineage declarada no perfil: Carlos Gracie > Helio Gracie > Rickson Gracie > Marcelo Behring > Waldomiro Perez > Roberto Godoi > Marco Barbosa > Cicero Costha > Italo Moura
6379,Itallo Vilardo,935,Leonardo Castello Branco,high,site_lineage_field,Lineage declarada no perfil: M. Maeda > Carlos Gracie > Carlson Gracie > F. Pinduka > Leo Castello Branco > Ítallo Vilardo
v_choi_won_choi,Choi Won Choi,ricardo-franjinha-miller,Ricardo Miller,high,site_lineage_field,Lineage declarada no perfil: Carlos Gracie > Helio Gracie > Rolls Gracie > Romero Cavalcanti (Jacaré) > Ricardo Miller > Choi Won Choi > Inseong Jang
9606,Iseong Jang,v_choi_won_choi,Choi Won Choi,high,site_lineage_field,Lineage declarada no perfil: Carlos Gracie > Helio Gracie > Rolls Gracie > Romero Cavalcanti (Jacaré) > Ricardo Miller > Choi Won Choi > Inseong Jang
v_elinor_batista,Elinor Batista,6539,Francisco Pinto Sa,high,site_lineage_field,Lineage declarada no perfil: Takeo Iano > Francisco Sá > Francisco Pinto Sá (Sázinho) > Elinor Batista > Ismael Santos
12633,Ismael Santos,v_elinor_batista,Elinor Batista,high,site_lineage_field,Lineage declarada no perfil: Takeo Iano > Francisco Sá > Francisco Pinto Sá (Sázinho) > Elinor Batista > Ismael Santos
v_osmar_mouzinho,Osmar Mouzinho,v_takeo_yano,Takeo Yano,high,site_lineage_field,Lineage declarada no perfil: Takeo Yano > Osmar Mouzinho > Agatangelo Braga > Ivan Gomes
v_agatangelo_braga,Agatangelo Braga,v_osmar_mouzinho,Osmar Mouzinho,high,site_lineage_field,Lineage declarada no perfil: Takeo Yano > Osmar Mouzinho > Agatangelo Braga > Ivan Gomes
2335,Ivan Gomes,v_agatangelo_braga,Agatangelo Braga,high,site_lineage_field,Lineage declarada no perfil: Takeo Yano > Osmar Mouzinho > Agatangelo Braga > Ivan Gomes
v_luis_facanha,Luís Façanha,2003,Reyson Gracie,high,site_lineage_field,"Lineage declarada no perfil: Mitsuyo Maeda > Carlos Gracie Sr. > Reyson Gracie > Luís Façanha > Monteiro Brothers (Fabio, Gustavo, Yano & Lucio) > Cristiano Carioca > Ivaniel Oliveira"
guto-monteiro,Guto Monteiro,v_luis_facanha,Luís Façanha,high,site_lineage_field,"Lineage declarada no perfil: Mitsuyo Maeda > Carlos Gracie Sr. > Reyson Gracie > Luís Façanha > Monteiro Brothers (Fabio, Gustavo, Yano & Lucio) > Cristiano Carioca > Ivaniel Oliveira"
1874,Ivaniel Oliveira,cristiano-carioca,Cristiano Carioca,high,site_lineage_field,"Lineage declarada no perfil: Mitsuyo Maeda > Carlos Gracie Sr. > Reyson Gracie > Luís Façanha > Monteiro Brothers (Fabio, Gustavo, Yano & Lucio) > Cristiano Carioca > Ivaniel Oliveira"
11939,Jackson Douglas,875,Lucas Leite,high,site_lineage_field,Lineage declarada no perfil: Carlos Gracie > Helio Gracie > Rolls Gracie > Romero Cavalcanti > Leonardo Vieira > Lucas Leite > Jackson Douglas
3200,Jackson Sousa,338,Ricardo Vieira,high,site_lineage_field,Lineage declarada no perfil: Carlos Gracie > Helio Gracie > Rolls Gracie > Romero Cavalcanti > Ricardo Vieira > Jackson Sousa
11208,Jackson Nagai,875,Lucas Leite,high,site_lineage_field,Lineage declarada no perfil: C. Gracie > H. Gracie > Rolls Gracie > Romero Cavalcanti > Leonardo Vieira > Lucas Leite > Jackson Nagai
13162,Jacob Couch,11359,Heath Pedigo,high,site_lineage_field,Lineage declarada no perfil: Carlos Gracie > H. Gracie > Rickson Gracie > Rodrigo Vaghi > Heath Pedigo > Jacob Couch
8168,Jaqueline Amorim,7675,Faustino Neto,high,site_lineage_field,Lineage declarada no perfil: Carlos Gracie > Osvaldo Alves > Faustino Neto (Pina) > Jaqueline Amorim
1386,Davi Ramos,2512,Cezar Guimarães,high,site_lineage_field,Lineage declarada no perfil: Carlos Gracie > Helio Gracie > Carlson Gracie > Walter Guimaraes > Cesar Guimaraes > Davi Ramos > Jaine Fragoso
14017,Jaine Fragoso,1386,Davi Ramos,high,site_lineage_field,Lineage declarada no perfil: Carlos Gracie > Helio Gracie > Carlson Gracie > Walter Guimaraes > Cesar Guimaraes > Davi Ramos > Jaine Fragoso
8756,Jake Ferrara,5747,Arthur Sousa,high,site_lineage_field,Lineage declarada no perfil: Carlos Gracie > Crolin Gracie > Jorge Popovitch > Pablo Popovitch > AJ Sousa > Jake Ferrara
1014,Jake Mackenzie,224,Roberto Abreu,high,site_lineage_field,Lineage declarada no perfil: Carlos Gracie > Carlson Gracie > Francisco Albuquerque > Roberto Abreu > Jake Mackenzie
10240,Jake Watson,7747,Andre Maracaba,high,site_lineage_field,Lineage declarada no perfil: C. Gracie > Helio Gracie > Royler Gracie > Regis Lebre > André Maracaba > Jake Watson
10986,Jakub Zajkowski,422,Braulio Estima,high,site_lineage_field,Lineage declarada no perfil: Carlos Gracie Sr. > Helio Gracie > Carlos Gracie Jr > Braulio Estima > Jakub Zajkowski
1526,James Brasco,919,Pablo Popovitch,high,site_lineage_field,Lineage declarada no perfil: Carlos Gracie > Crolin Gracie > Jorge Popovitch > Pablo Popovitch > James Brasco
1768,James Harbison,1307,Lloyd Irvin,high,site_lineage_field,Lineage declarada no perfil: M. Maeda > C. Gracie > H. Gracie > R. Gracie > Jorge Pereira > Leo Dalla > Lloyd Irvin > James Harbison
rafael-lovato-jr,Rafael Lovato Jr,745,Carlos Machado,high,site_lineage_field,Lineage declarada no perfil: Carlos Gracie > Helio Gracie > Carlos Gracie Jr > Carlos Machado > Rafael Lovato Jr > James Puopolo
1827,James Puopolo,rafael-lovato-jr,Rafael Lovato Jr,high,site_lineage_field,Lineage declarada no perfil: Carlos Gracie > Helio Gracie > Carlos Gracie Jr > Carlos Machado > Rafael Lovato Jr > James Puopolo
4230,Shimon Mochizuki,419,Leonardo Vieira,high,site_lineage_field,Lineage declarada no perfil: Mitsuyo Maeda > Carlos Gracie > Helio Gracie > Rolls Gracie > Romero Cavalcanti > Leonardo Vieira > Shimon Mochizuki > Janni Larsson
4107,Janni Larsson,4230,Shimon Mochizuki,high,site_lineage_field,Lineage declarada no perfil: Mitsuyo Maeda > Carlos Gracie > Helio Gracie > Rolls Gracie > Romero Cavalcanti > Leonardo Vieira > Shimon Mochizuki > Janni Larsson
13064,Janaina Lebre,6507,Regis Lebre,high,site_lineage_field,Lineage declarada no perfil: Carlos Gracie > Helio Gracie > Royler Gracie > Régis Lebre > Janaina Maia Lebre
v_antonio_carlos,Antonio Carlos,338,Ricardo Vieira,high,site_lineage_field,Lineage declarada no perfil: Carlos Gracie > Helio Gracie > Rolls Gracie > Romero Cavalcanti > Ricardo Vieira > Antônio Carlos > Jansen Gomes
12506,Jansen Gomes,v_antonio_carlos,Antonio Carlos,high,site_lineage_field,Lineage declarada no perfil: Carlos Gracie > Helio Gracie > Rolls Gracie > Romero Cavalcanti > Ricardo Vieira > Antônio Carlos > Jansen Gomes
13132,Jasmine Rocha,8394,Vagner Rocha,high,site_lineage_field,Lineage declarada no perfil: Carlos Gracie > Crolin Gracie > Jorge Popovitch > Pablo Popovitch > Vagner Rocha > Jasmine Rocha
1858,Matt Serra,52,Renzo Gracie,high,site_lineage_field,Lineage declarada no perfil: Carlos Gracie > Helio Gracie > Carlos Gracie Jr > Renzo Gracie > Matt Serra > Jason Rau
10759,Jason Rau,1858,Matt Serra,high,site_lineage_field,Lineage declarada no perfil: Carlos Gracie > Helio Gracie > Carlos Gracie Jr > Renzo Gracie > Matt Serra > Jason Rau
4706,Javier Vazquez,647,Rodrigo Medeiros,high,site_lineage_field,Lineage declarada no perfil: Mitsuyo Maeda > Carlos Gracie > Carlson Gracie > Rodrigo Medeiros > Javier Vazquez
13680,Javier Zaruski,144,Andre Galvao,high,site_lineage_field,Lineage declarada no perfil: Carlos Gracie > Reyson Gracie > Osvaldo Alves > Luis Dagmar > André Galvão > Javier Zaruski
13996,Jeferson Fagundes,1155,Cicero Costha,high,site_lineage_field,Lineage declarada no perfil: Carlos Gracie > Helio Gracie > Rickson Gracie > Marcelo Behring > Waldomiro Perez > Roberto Godoi > Marco Barbosa > Cicero Costha > Jefferson Fagundes
10506,Jeferson Guaresi,1155,Cicero Costha,high,site_lineage_field,Lineage declarada no perfil: Carlos Gracie > Helio Gracie > Rickson Gracie > Marcelo Behring > Waldomiro Perez > Roberto Godoi > Marco Barbosa > Cicero Costha > Jeferson Guaresi
v_burtom_deivisom,Burtom Deivisom,702,Muzio de Angelis,high,site_lineage_field,Lineage declarada no perfil: Carlos Gracie > Helio Gracie > Rolls Gracie > Romero Cavalcanti > Roberto Traven > Muzio de Angelis > Burtom Deivisom > Thiago Barreto > Jefferson Goteu
8819,Thiago Barreto,v_burtom_deivisom,Burtom Deivisom,high,site_lineage_field,Lineage declarada no perfil: Carlos Gracie > Helio Gracie > Rolls Gracie > Romero Cavalcanti > Roberto Traven > Muzio de Angelis > Burtom Deivisom > Thiago Barreto > Jefferson Goteu
13955,Jefferson Goteu,8819,Thiago Barreto,high,site_lineage_field,Lineage declarada no perfil: Carlos Gracie > Helio Gracie > Rolls Gracie > Romero Cavalcanti > Roberto Traven > Muzio de Angelis > Burtom Deivisom > Thiago Barreto > Jefferson Goteu
v_carlos_augusto,Carlos Augusto,6041,Reylson Gracie,high,site_lineage_field,Lineage declarada no perfil: Mitsuyo Maeda > Carlos Gracie Sr. > Reylson Gracie > Carlos Augusto > Jefferson Moura
1214,Jefferson Moura,v_carlos_augusto,Carlos Augusto,high,site_lineage_field,Lineage declarada no perfil: Mitsuyo Maeda > Carlos Gracie Sr. > Reylson Gracie > Carlos Augusto > Jefferson Moura
1031,Jake Shields,cesar-gracie,Cesar Gracie,high,site_lineage_field,Lineage declarada no perfil: Mitsuyo Maeda > Carlos Gracie Sr. > Robson Gracie > Cesar Gracie > Jake Shields
235,Jean Kleber,1813,Jair Lourenco,high,site_lineage_field,Lineage declarada no perfil: Mitsuyo Maeda > Carlos Gracie > Carlson Gracie > André Pederneiras > Jair Lourenco > Jean Kleber
610,Jeff Glover,ricardo-franjinha-miller,Ricardo Miller,high,site_lineage_field,Lineage declarada no perfil: Mitsuyo Maeda > Carlos Gracie > Helio Gracie > Rolls Gracie > Jacare > Ricardo Miller > Jeff Glover
364,Jeff Joslin,355,Romero Cavalcanti,high,site_lineage_field,Lineage declarada no perfil: Mitsuyo Maeda > Carlos Gracie > Helio Gracie > Rolls Gracie > Romero Cavalcanti > Jeff Joslin
9114,JW Wright,515,Royler Gracie,high,site_lineage_field,Lineage declarada no perfil: Carlos Gracie > Helio Gracie > Royler Gracie > JW Wright > Jena Bishop
8223,Jena Bishop,9114,JW Wright,high,site_lineage_field,Lineage declarada no perfil: Carlos Gracie > Helio Gracie > Royler Gracie > JW Wright > Jena Bishop
1423,Jeremy Arel,553,Roberto Correa,high,site_lineage_field,Lineage declarada no perfil: Mitsuyo Maeda > Carlos Gracie Sr. > Carlos Gracie Junior > Roberto Correa > Jeremy Arel
9440,Jeremy Jackson,582,Caio Terra,high,site_lineage_field,Lineage declarada no perfil: C Gracie > Reylson Gracie > Paulo Maurício Strauch > Caio Terra > Jeremy Jackson
12259,Jeremy Skinner,8682,Lachlan Giles,high,site_lineage_field,Lineage declarada no perfil: Carlos Gracie > Helio Gracie > Carlos Gracie Jr > Jean Jacques Machado > Rigan Machado > John Will > John Simon > Lachlan Giles > Jeremy Skinner
11690,Jessa Khan,415,Guilherme Mendes,high,site_lineage_field,Lineage declarada no perfil: Carlos Gracie > Carlson Gracie > André Pederneiras > Ramon Lemos > Guilherme Mendes > Jessa Khan
v_markku_juntunen,Markku Juntunen,666,Alexandre Paiva,high,site_lineage_field,Lineage declarada no perfil: Mitsuyo Maeda > Carlos Gracie > Helio Gracie > Rolls Gracie > Romero Cavalcanti > Alexandre Paiva > Markku Juntunen > Jesse Urholin
7608,Jesse Urholin,v_markku_juntunen,Markku Juntunen,high,site_lineage_field,Lineage declarada no perfil: Mitsuyo Maeda > Carlos Gracie > Helio Gracie > Rolls Gracie > Romero Cavalcanti > Alexandre Paiva > Markku Juntunen > Jesse Urholin
v_orlando_barradas,Orlando Barradas,44,Helio Gracie,high,site_lineage_field,Lineage declarada no perfil: Carlos Gracie > Helio Gracie > Orlando Barradas > Augusto Vicente > Alessandro Nunes > Jessica Caroline
v_augusto_vicente,Augusto Vicente,v_orlando_barradas,Orlando Barradas,high,site_lineage_field,Lineage declarada no perfil: Carlos Gracie > Helio Gracie > Orlando Barradas > Augusto Vicente > Alessandro Nunes > Jessica Caroline
v_alessandro_nunes,Alessandro Nunes,v_augusto_vicente,Augusto Vicente,high,site_lineage_field,Lineage declarada no perfil: Carlos Gracie > Helio Gracie > Orlando Barradas > Augusto Vicente > Alessandro Nunes > Jessica Caroline
11314,Jessica Caroline,v_alessandro_nunes,Alessandro Nunes,high,site_lineage_field,Lineage declarada no perfil: Carlos Gracie > Helio Gracie > Orlando Barradas > Augusto Vicente > Alessandro Nunes > Jessica Caroline
v_guilherme_bagaco,Guilherme Bagaço,6683,Ryan Gracie,high,site_lineage_field,Lineage declarada no perfil: Mitsuyo Maeda > Carlos Gracie > Helio Gracie > Carlos Gracie Júnior > Ryan Gracie > Guilherme Bagaço > Anderson Silva (Banana) > Jessica Cristina
v_anderson_silva_banana,Anderson Silva (Banana),v_guilherme_bagaco,Guilherme Bagaço,high,site_lineage_field,Lineage declarada no perfil: Mitsuyo Maeda > Carlos Gracie > Helio Gracie > Carlos Gracie Júnior > Ryan Gracie > Guilherme Bagaço > Anderson Silva (Banana) > Jessica Cristina
v_jessica_cristina,Jessica Cristina,v_anderson_silva_banana,Anderson Silva (Banana),high,site_lineage_field,Lineage declarada no perfil: Mitsuyo Maeda > Carlos Gracie > Helio Gracie > Carlos Gracie Júnior > Ryan Gracie > Guilherme Bagaço > Anderson Silva (Banana) > Jessica Cristina
7817,Jessica Flowers,371,Henrique Machado,high,site_lineage_field,Lineage declarada no perfil: Mitsuyo Maeda > Carlos Gracie > Reyson Gracie > Osvaldo Alves > Henrique Machado > Jessica Flowers
921,Rafael Barbosa,1716,Andre Almeida,high,site_lineage_field,Lineage declarada no perfil: Mitsuyo Maeda > Carlos Gracie > Helio Gracie > Carlson Gracie > Ricardo Libório > André Almeida > Rafael “Formiga” Barbosa > Jessica Swanson
9096,Jessica Swanson,921,Rafael Barbosa,high,site_lineage_field,Lineage declarada no perfil: Mitsuyo Maeda > Carlos Gracie > Helio Gracie > Carlson Gracie > Ricardo Libório > André Almeida > Rafael “Formiga” Barbosa > Jessica Swanson
12551,Jhenifer Aquino,144,Andre Galvao,high,site_lineage_field,Lineage declarada no perfil: Carlos Gracie > Reyson Gracie > Osvaldo Alves > Luis Dagmar > André Galvão > Jhenifer Aquino
644,Joao Assis,419,Leonardo Vieira,high,site_lineage_field,Lineage declarada no perfil: Mitsuyo Maeda > Carlos Gracie > Helio Gracie > Rolls Gracie > Romero Cavalcanti > Leonardo Vieira > João Assis
14255,Joao Assonitis,921,Rafael Barbosa,high,site_lineage_field,Lineage declarada no perfil: Carlos Gracie > Helio Gracie > Carlson Gracie > Crézio de Souza > André Almeida > Rafael Barbosa > João Assonitis
11960,Joao Cizeski,2416,Felipe Pena,high,site_lineage_field,Lineage declarada no perfil: Carlos Gracie > Helio Gracie > Carlos Gracie Jr > Vinicius Magalhães > Marcelo Azevedo > Felipe Pena > João Cizeski
12178,Joao Costa,224,Roberto Abreu,high,site_lineage_field,Lineage declarada no perfil: Carlos Gracie > Helio Gracie > Carlson Gracie > Francisco Toco > Roberto Abreu > João Costa
1500,Joao Faria,1495,Flavio Behring,high,site_lineage_field,Lineage declarada no perfil: Mitsuyo Maeda > Carlos Gracie > Helio Gracie > Flavio Behring > Joao Faria
9074,Joao Mendes,144,Andre Galvao,high,site_lineage_field,Lineage declarada no perfil: Carlos Gracie > R. Gracie > Osvaldo Alves > Luis Dagmar > André Galvão > João Mendes
2997,Joao Miyao,1155,Cicero Costha,high,site_lineage_field,Lineage declarada no perfil: Carlos Gracie > Helio Gracie > Rickson Gracie > Marcelo Behring > Waldomiro Perez > Roberto Godoi > Marco Barbosa > Cicero Costha > João Miyao
v_joao_nicolite,Joao Nicolite,1386,Davi Ramos,high,site_lineage_field,Lineage declarada no perfil: Carlos Gracie > Helio Gracie > Carlson Gracie > Walter Guimaraes > Cesar Guimaraes > Davi Ramos > Joao Nicolite
11423,Meyram Maquine,693,Luiz Guilherme,high,site_lineage_field,Lineage declarada no perfil: Carlos Gracie > Helio Gracie > Rickson G. > Jorge Pereira > Luiz Guilherme > Meyram Maquine > Gabriel Galvão
14078,Joao Gabriel Galvao,11423,Meyram Maquine,high,site_lineage_field,Lineage declarada no perfil: Carlos Gracie > Helio Gracie > Rickson G. > Jorge Pereira > Luiz Guilherme > Meyram Maquine > Gabriel Galvão
3028,Leandro Escobar,921,Rafael Barbosa,high,site_lineage_field,Lineage declarada no perfil: Carlos Gracie > Helio Gracie > Carlson Gracie > Crézio de Souza > André Almeida > Rafael Barbosa > Leandro Escobar > João Gabriel Rocha
2403,Joao Gabriel Rocha,3028,Leandro Escobar,high,site_lineage_field,Lineage declarada no perfil: Carlos Gracie > Helio Gracie > Carlson Gracie > Crézio de Souza > André Almeida > Rafael Barbosa > Leandro Escobar > João Gabriel Rocha
8444,Moacir Mendes Junior,790,Mario Reis,high,site_lineage_field,Lineage declarada no perfil: Carlos Gracie > Helio Gracie > Álvaro Barreto > Sylvio Behring > Mário Reis > Moacir Mendes Júnior > João Paulo Neto
8351,Joao Paulo Neto,8444,Moacir Mendes Junior,high,site_lineage_field,Lineage declarada no perfil: Carlos Gracie > Helio Gracie > Álvaro Barreto > Sylvio Behring > Mário Reis > Moacir Mendes Júnior > João Paulo Neto
v_guilherme_gobatti,Guilherme Gobatti,6683,Ryan Gracie,high,site_lineage_field,Lineage declarada no perfil: Carlos Gracie > Helio Gracie > Carlos Gracie Junior > Ryan Gracie > Guilherme Gobatti > osyclay Gomes > João Pedro Menezes
v_osyclay_gomes,osyclay Gomes,v_guilherme_gobatti,Guilherme Gobatti,high,site_lineage_field,Lineage declarada no perfil: Carlos Gracie > Helio Gracie > Carlos Gracie Junior > Ryan Gracie > Guilherme Gobatti > osyclay Gomes > João Pedro Menezes
14178,Joao Pedro Menezes,v_osyclay_gomes,osyclay Gomes,high,site_lineage_field,Lineage declarada no perfil: Carlos Gracie > Helio Gracie > Carlos Gracie Junior > Ryan Gracie > Guilherme Gobatti > osyclay Gomes > João Pedro Menezes
3384,Crolin Gracie,27,Rolls Gracie,high,site_lineage_field,Lineage declarada no perfil: Mitsuyo Maeda > Carlos Gracie > Helio Gracie > Rolls Gracie > Crolin Gracie > Alexandre de Souza > Joao Zeferino
521,Joao Zeferino,449,Alexandre de Souza,high,site_lineage_field,Lineage declarada no perfil: Mitsuyo Maeda > Carlos Gracie > Helio Gracie > Rolls Gracie > Crolin Gracie > Alexandre de Souza > Joao Zeferino
1719,Joao Alberto Barreto,44,Helio Gracie,high,site_lineage_field,Lineage declarada no perfil: Mitsuyo Maeda > Carlos Gracie > Helio Gracie > Joao Alberto Barreto
3366,Joao Paulo Oliveira,3016,Paulo Mauricio Strauch,high,site_lineage_field,Lineage declarada no perfil: Mitsuyo Maeda > Carlos Gracie Sr. > Reylson Gracie > Paulo Maurício Strauch > João Oliveira
v_josh_johnson,Josh Johnson,v_luiz_palhares,Luiz Palhares,high,site_lineage_field,Lineage declarada no perfil: Carlos Gracie > Helio Gracie > Rickson Gracie > Luiz Palhares > Josh Johnson > Joe Baize
11114,Joe Baize,v_josh_johnson,Josh Johnson,high,site_lineage_field,Lineage declarada no perfil: Carlos Gracie > Helio Gracie > Rickson Gracie > Luiz Palhares > Josh Johnson > Joe Baize
v_adriano_pereira,Adriano Pereira,627,Murilo Bustamante,high,site_lineage_field,Lineage declarada no perfil: Carlos Gracie > Carlson Gracie > Murilo Bustamante > Adriano Pereira > Joel Gingery
8369,Joel Gingery,v_adriano_pereira,Adriano Pereira,high,site_lineage_field,Lineage declarada no perfil: Carlos Gracie > Carlson Gracie > Murilo Bustamante > Adriano Pereira > Joel Gingery
11894,Joel Tudor,647,Rodrigo Medeiros,high,site_lineage_field,Lineage declarada no perfil: Carlos Gracie > Carlson Gracie > Rodrigo Medeiros > Joel Tudor
6836,John Combs,amal-easton,Amal Easton,high,site_lineage_field,Lineage declarada no perfil: C. Gracie > Helio Gracie > Carlos Gracie Jr > Renzo Gracie > Amal Easton > John Combs
3286,John Crouch,743,Royce Gracie,high,site_lineage_field,Lineage declarada no perfil: Mitsuyo Maeda > Carlos Gracie > Helio Gracie > Royce Gracie > John Crouch
5858,Chris Haueter,1817,Rigan Machado,high,site_lineage_field,Lineage declarada no perfil: Carlos Gracie > Helio Gracie > Carlos Gracie Jr > Rigan Machado > Chris Haueter > Matt Thornton > John Kavanaugh
11874,Matt Thornton,5858,Chris Haueter,high,site_lineage_field,Lineage declarada no perfil: Carlos Gracie > Helio Gracie > Carlos Gracie Jr > Rigan Machado > Chris Haueter > Matt Thornton > John Kavanaugh
v_john_kavanaugh,John Kavanaugh,11874,Matt Thornton,high,site_lineage_field,Lineage declarada no perfil: Carlos Gracie > Helio Gracie > Carlos Gracie Jr > Rigan Machado > Chris Haueter > Matt Thornton > John Kavanaugh
v_roberto_maia,Roberto Maia,297,Carlos Gracie Junior,high,site_lineage_field,Lineage declarada no perfil: Mitsuyo Maeda > Carlos Gracie Sr. > Carlos Gracie Junior > Roberto Maia > John Frankl
1569,John Frankl,v_roberto_maia,Roberto Maia,high,site_lineage_field,Lineage declarada no perfil: Mitsuyo Maeda > Carlos Gracie Sr. > Carlos Gracie Junior > Roberto Maia > John Frankl
3220,John Lewis,78,Andre Pederneiras,high,site_lineage_field,Lineage declarada no perfil: Mitsuyo Maeda > Carlos Gracie > Carlson Gracie > André Pederneiras > John Lewis
v_shawn_hammonds,Shawn Hammonds,1307,Lloyd Irvin,high,site_lineage_field,Lineage declarada no perfil: Carlos Gracie > Helio Gracie > Rickson Gracie > Jorge Pereira > Leonardo Dalla > Lloyd Irvin > Shawn Hammonds > John Salter
10531,John Salter,v_shawn_hammonds,Shawn Hammonds,high,site_lineage_field,Lineage declarada no perfil: Carlos Gracie > Helio Gracie > Rickson Gracie > Jorge Pereira > Leonardo Dalla > Lloyd Irvin > Shawn Hammonds > John Salter
12095,Johnif Rocha,1155,Cicero Costha,high,site_lineage_field,Lineage declarada no perfil: Carlos Gracie > Helio Gracie > Rickson Gracie > Marcelo Behring > Waldomiro Perez > Roberto Godoi > Marco Barbosa > Cicero Costha > Johnif Rocha
8555,Juan Miguel Iturralde,1403,Fernando Di Piero,high,site_lineage_field,Lineage declarada no perfil: Carlos Gracie > Helio Gracie > Rolls Gracie > Romero Cavalcanti > Fábio Gurgel > Fernando Di Piero > Juan Miguel Iturralde > Johnny Tama
7664,Johnny Tama,8555,Juan Miguel Iturralde,high,site_lineage_field,Lineage declarada no perfil: Carlos Gracie > Helio Gracie > Rolls Gracie > Romero Cavalcanti > Fábio Gurgel > Fernando Di Piero > Juan Miguel Iturralde > Johnny Tama
10588,Jon Blank,12227,Zach Maslany,high,site_lineage_field,Lineage declarada no perfil: Carlos Gracie > Hélio Gracie > Carlos Gracie Jr > JJ Machado > Eddie Bravo > JM Holland / > Zach Maslany > Jon Blank
11248,Jonata Gomes,338,Ricardo Vieira,high,site_lineage_field,Lineage declarada no perfil: Carlos Gracie > Helio Gracie > Rolls Gracie > Romero Cavalcanti > Ricardo Vieira > Jonata Gomes
10085,Jonatha Alves,415,Guilherme Mendes,high,site_lineage_field,Lineage declarada no perfil: Carlos Gracie > Carlson Gracie > André Pederneiras > Ramon Lemos > Guilherme Mendes > Johnatha Alves
v_daisuke_yamaji,Daisuke Yamaji,52,Renzo Gracie,high,site_lineage_field,Lineage declarada no perfil: M. Maeda > C. Gracie > H. Gracie > Carlos Gracie Jr > Renzo Gracie > Daisuke Yamaji > Jon Calestine
8767,Jonathan Calestine,v_daisuke_yamaji,Daisuke Yamaji,high,site_lineage_field,Lineage declarada no perfil: M. Maeda > C. Gracie > H. Gracie > Carlos Gracie Jr > Renzo Gracie > Daisuke Yamaji > Jon Calestine
9367,Jonathan Thomas,358,Lucas Lepri,high,site_lineage_field,Lineage declarada no perfil: Mitsuyo Maeda > Carlos Gracie > Carlson Gracie > Sérgio Souza (Bolão) > Mauro Chueng > Elan Santiago > Lucas Lepri > Jonathan Thomas
975,Jonatas Gurgel,952,Joao Roque,high,site_lineage_field,Lineage declarada no perfil: Mitsuyo Maeda > Carlos Gracie > Carlson Gracie > Andre Pederneiras > Joao Roque > Jonatas Gurgel
10293,Jonas Andrade,1155,Cicero Costha,high,site_lineage_field,Lineage declarada no perfil: Carlos Gracie > Helio Gracie > Rickson Gracie > Marcelo Behring > Waldomiro Perez > Roberto Godoi > Marco Barbosa > Cicero Costha > Jonas Andrade
11084,Jonatas Novaes,1152,Eduardo Conceicao,high,site_lineage_field,Lineage declarada no perfil: Carlos Gracie > Helio Gracie > Rolls Gracie > Romero Cavalcanti > Eduardo Jamelão > Jonatas Novaes
10103,Jonnatas Gracie,144,Andre Galvao,high,site_lineage_field,Lineage declarada no perfil: C. Gracie > R. Gracie > Osvaldo Alves > Luis Dagmar > André Galvão > Jonnatas Gracie
12298,Vinicius Coelho,297,Carlos Gracie Junior,high,site_lineage_field,Lineage declarada no perfil: Carlos Gracie > Helio Gracie > Carlos Gracie Jr > Vinícius Coelho > Jordan Vaisman
12247,Jordan Vaisman,12298,Vinicius Coelho,high,site_lineage_field,Lineage declarada no perfil: Carlos Gracie > Helio Gracie > Carlos Gracie Jr > Vinícius Coelho > Jordan Vaisman
754,Jose Aldo,78,Andre Pederneiras,high,site_lineage_field,Lineage declarada no perfil: Mitsuyo Maeda > Carlos Gracie > Carlson Gracie > Andre Pederneiras > José Aldo
7931,Jose Carlos Sousa,203,Julio Cesar,high,site_lineage_field,Lineage declarada no perfil: Mitsuyo Maeda > Luis França > Oswaldo Fadda > Monir Salomão > Julio Cesar > Jose Carlos Sousa
2241,Jose Leao Teixeira,297,Carlos Gracie Junior,high,site_lineage_field,Lineage declarada no perfil: Mitsuyo Maeda > Carlos Gracie Sr. > Helio Gracie > Carlos Gracie Junior > José Leão Teixeira
14148,Jose Jurema,1290,Tarcisio Jardim,high,site_lineage_field,Lineage declarada no perfil: Carlos Gracie > Helio Gracie > Rolls Gracie > Romero Cavalcanti > Leonardo Vieira > Tarcicio Jardim > Jose Jurema
1548,Jose Junior,297,Carlos Gracie Junior,high,site_lineage_field,Lineage declarada no perfil: Mitsuyo Maeda > Carlos Gracie Sr. > Carlos Gracie Junior > Jose Junior
12401,Jose Marcello,895,Sergio Souza,high,site_lineage_field,Lineage declarada no perfil: Carlos Gracie > Helio Gracie > Carlson Gracie > Sérgio Souza > Zé Marcello
3357,Jose Mario Queiroga,1204,Roberto Traven,high,site_lineage_field,Lineage declarada no perfil: Mitsuyo Maeda > Carlos Gracie > Helio Gracie > Rolls Gracie > Romero Cavalcanti > Roberto Traven > Jose Mario Queiroga
650,Josef Manuel,195,Robson Moura,high,site_lineage_field,Lineage declarada no perfil: Mitsuyo Maeda > Carlos Gracie > Carlson Gracie > Andre Pederneiras > Robson Moura > Josef Manuel
13763,Jozef Chen,8346,Craig Jones,high,site_lineage_field,Lineage declarada no perfil: Carlos Gracie > Helio Gracie > Carlos Gracie Jr > Jean Jacques Machado > Rigan Machado > John Will > John Simon > Lachlan Giles > Craig Jones > Jozef Chen
v_jeff_messina,Jeff Messina,647,Rodrigo Medeiros,high,site_lineage_field,Lineage declarada no perfil: Carlos Gracie > Helio Gracie > Carlson Gracie > Rodrigo Medeiros > Jeff Messina > Joe Dierkhising
12378,Joseph Dierkhising,v_jeff_messina,Jeff Messina,high,site_lineage_field,Lineage declarada no perfil: Carlos Gracie > Helio Gracie > Carlson Gracie > Rodrigo Medeiros > Jeff Messina > Joe Dierkhising
v_kenny_florian,Kenny Florian,v_roberto_maia,Roberto Maia,high,site_lineage_field,Lineage declarada no perfil: Carlos Gracie > Helio Gracie > Carlos Gracie Jr > Roberto Maia > Kenny Florian > Josh Griffiths
2095,Josh Griffiths,v_kenny_florian,Kenny Florian,high,site_lineage_field,Lineage declarada no perfil: Carlos Gracie > Helio Gracie > Carlos Gracie Jr > Roberto Maia > Kenny Florian > Josh Griffiths
7096,Josh Hinger,144,Andre Galvao,high,site_lineage_field,Lineage declarada no perfil: Carlos Gracie > Reyson Gracie > Osvaldo Alves > L. Dagmar > André Galvão > Josh Hinger
v_tom_knox,Tom Knox,10596,Cleber Luciano,high,site_lineage_field,Lineage declarada no perfil: Carlos Gracie > Helio Gracie > Royler Gracie > Rolker Gracie > Cleber Luciano > Tom Knox > Josh Cisneros
11568,Joshua Cisneros,v_tom_knox,Tom Knox,high,site_lineage_field,Lineage declarada no perfil: Carlos Gracie > Helio Gracie > Royler Gracie > Rolker Gracie > Cleber Luciano > Tom Knox > Josh Cisneros
3313,Juan Caio Kamezawa,322,Fabio Gurgel,high,site_lineage_field,Lineage declarada no perfil: Mitsuyo Maeda > Carlos Gracie > Helio Gracie > Rolls Gracie > Romero Cavalcanti > Fábio Gurgel > Juan Caio Kamezawa
v_arturo_wesson,Arturo Wesson,623,John Danaher,high,site_lineage_field,Lineage declarada no perfil: Carlos Gracie > Helio Gracie > Carlos Gracie Jr > Renzo Gracie > John Danaher > Arturo Wesson > Julián Espinosa
13775,Julian Espinosa,v_arturo_wesson,Arturo Wesson,high,site_lineage_field,Lineage declarada no perfil: Carlos Gracie > Helio Gracie > Carlos Gracie Jr > Renzo Gracie > John Danaher > Arturo Wesson > Julián Espinosa
7006,Julio dos Anjos Junior,203,Julio Cesar,high,site_lineage_field,Lineage declarada no perfil: Luis França > Oswaldo Fadda > Monir Salomão > Julio César > Júlio dos Anjos
4507,Julio Fernandez,22,Carlson Gracie,high,site_lineage_field,Lineage declarada no perfil: Mitsuyo Maeda > Carlos Gracie > Carlson Gracie > Julio Fernandez
36,Carlos Gracie Senior,v_itsuyo_maeda,itsuyo Maeda,high,site_lineage_field,Lineage declarada no perfil: itsuyo Maeda > Carlos Gracie > Helio Gracie > Rickson Gracie > Jorge Pereira > Leo Dalla > Lloyd Irvin > Julius Park
12785,Julia Alves,203,Julio Cesar,high,site_lineage_field,Lineage declarada no perfil: Luis França > Oswaldo Fadda > Monir Salomão > Júlio César > Júlia Alves
v_alexandre_salgado,Alexandre Salgado (,3028,Leandro Escobar,high,site_lineage_field,Lineage declarada no perfil: Carlos Gracie > Helio Gracie > Carlson Gracie > Crézio de Souza > André Almeida > Leandro Escobar > Alexandre Salgado ( > Hugo Marques > Julia Boscher
8138,Hugo Marques,v_alexandre_salgado,Alexandre Salgado (,high,site_lineage_field,Lineage declarada no perfil: Carlos Gracie > Helio Gracie > Carlson Gracie > Crézio de Souza > André Almeida > Leandro Escobar > Alexandre Salgado ( > Hugo Marques > Julia Boscher
10370,Julia Boscher,8138,Hugo Marques,high,site_lineage_field,Lineage declarada no perfil: Carlos Gracie > Helio Gracie > Carlson Gracie > Crézio de Souza > André Almeida > Leandro Escobar > Alexandre Salgado ( > Hugo Marques > Julia Boscher
14094,Julia Maele,6209,Felipe Mota,high,site_lineage_field,Lineage declarada no perfil: Carlos Gracie > Helio Gracie > Rolls Gracie > Romero Cavalcanti > Octávio Couto > Felipe Mota > Julia Maele
1855,Fernando Guimaraes,78,Andre Pederneiras,high,site_lineage_field,Lineage declarada no perfil: Carlos Gracie > Carlson Gracie > Andre Pederneiras > Fernando Marques (Boi) > Juliana Borges
11401,Juliana Borges,1855,Fernando Guimaraes,high,site_lineage_field,Lineage declarada no perfil: Carlos Gracie > Carlson Gracie > Andre Pederneiras > Fernando Marques (Boi) > Juliana Borges
9711,Jurandir Conceicao,601,Roberto Godoi,high,site_lineage_field,Lineage declarada no perfil: Mitsuyo Maeda > Carlos Gracie > Helio Gracie > Rickson Gracie > Marcelo Behring > Waldomiro Perez > Roberto Godoi > Jurandir Conceição
1377,Jurandir Moura,528,George Gracie,high,site_lineage_field,Lineage declarada no perfil: Mitsuyo Maeda > Carlos Gracie > George Gracie > Jurandir Moura
v_alvis_solis,Alvis Solis,745,Carlos Machado,high,site_lineage_field,Lineage declarada no perfil: C. Gracie > H. Gracie > Carlos Gracie Jr > Carlos Machado > Alvis Solis > Roy Davis > Justin Ordinario
v_roy_davis,Roy Davis,v_alvis_solis,Alvis Solis,high,site_lineage_field,Lineage declarada no perfil: C. Gracie > H. Gracie > Carlos Gracie Jr > Carlos Machado > Alvis Solis > Roy Davis > Justin Ordinario
13801,Justin Ordinario,v_roy_davis,Roy Davis,high,site_lineage_field,Lineage declarada no perfil: C. Gracie > H. Gracie > Carlos Gracie Jr > Carlos Machado > Alvis Solis > Roy Davis > Justin Ordinario
1398,Justin Rader,rafael-lovato-jr,Rafael Lovato Jr,high,site_lineage_field,Lineage declarada no perfil: Mitsuyo Maeda > Carlos Gracie Sr. > Carlos Gracie Junior > Carlos Machado > Rafael Lovato Jr > Justin Rader
967,Jonathan Torres,1307,Lloyd Irvin,high,site_lineage_field,Lineage declarada no perfil: Mitsuyo Maeda > Carlos Gracie (Senior) > Helio Gracie > Rickson Gracie > Jorge Pereira > Leonardo Dalla > Lloyd Irvin > JT Torres
809,Luis Carlos Dias,22,Carlson Gracie,high,site_lineage_field,Lineage declarada no perfil: Carlos Gracie Sr > Helio Gracie > Carlson Gracie > Luis Carlos “Manimal” > Vinc Tan > Kacie Tan
v_vinc_tan,Vinc Tan,809,Luis Carlos Dias,high,site_lineage_field,Lineage declarada no perfil: Carlos Gracie Sr > Helio Gracie > Carlson Gracie > Luis Carlos “Manimal” > Vinc Tan > Kacie Tan
13028,Kacie Tan,v_vinc_tan,Vinc Tan,high,site_lineage_field,Lineage declarada no perfil: Carlos Gracie Sr > Helio Gracie > Carlson Gracie > Luis Carlos “Manimal” > Vinc Tan > Kacie Tan
13834,Kaua Gabriel,10088,Melqui Galvao,high,site_lineage_field,Lineage declarada no perfil: Carlos Gracie > Helio Gracie > Royler Gracie > Rolker Gracie > Augusto Monteiro > Ronnie Melo > Melquisedeque Galvão > Kauã Gabriel
11465,Kauan Barboza,v_andre_vasconcelos,André Vasconcelos,high,site_lineage_field,Lineage declarada no perfil: C. Gracie > Carlson Gracie > Carlson Gracie Jr > André Vasconcelos > Kauan Barboza
3009,Keenan Cornelius,144,Andre Galvao,high,site_lineage_field,Lineage declarada no perfil: C. Gracie > R. Gracie > Osvaldo Alves > Luis Dagmar > André Galvão > Keenan Cornelius
6531,Richard Martinez,4317,Eddie Bravo,high,site_lineage_field,Lineage declarada no perfil: Carlos Gracie (Senior) > Hélio Gracie > Carlos Gracie Jr > JJ Machado > Eddie Bravo > Richie Martinez > Keith Krikorian
12491,Keith Krikorian,6531,Richard Martinez,high,site_lineage_field,Lineage declarada no perfil: Carlos Gracie (Senior) > Hélio Gracie > Carlos Gracie Jr > JJ Machado > Eddie Bravo > Richie Martinez > Keith Krikorian
1068,Keith McKenzie,405,Marco Canha,high,site_lineage_field,Lineage declarada no perfil: Mitsuyo Maeda > Carlos Gracie > Helio Gracie > Rolls Gracie > Romero Cavalcanti > Ricardo Vieira > Marco Canha > Keith McKenzie
v_kid_peligro,Kid Peligro,515,Royler Gracie,high,site_lineage_field,Lineage declarada no perfil: Mitsuyo Maeda > Carlos Gracie > Helio Gracie > Royler Gracie > Kid Peligro
12005,Kade Ruotolo,144,Andre Galvao,high,site_lineage_field,Lineage declarada no perfil: Carlos Gracie > Reyson Gracie > Osvaldo Alves > Luis Dagmar > André Galvão > Kade Ruotolo
11725,Kaiser Girao,1817,Rigan Machado,high,site_lineage_field,Lineage declarada no perfil: Carlos Gracie Sr. > Helio Gracie > Carlos Gracie Junior > Rigan Machado > Keiser Girão
8173,Karel Pravec,52,Renzo Gracie,high,site_lineage_field,Lineage declarada no perfil: Mitsuyo Maeda > Carlos Gracie > Helio Gracie > Carlos Gracie Jr > Renzo Gracie > Karel Pravec
13473,Kauane Silva,224,Roberto Abreu,high,site_lineage_field,Lineage declarada no perfil: Carlos Gracie > Helio Gracie > Carlson Gracie > Francisco Toco > Roberto Abreu > Kauane da Silva
v_luis_dagmar_careca,Luis Dagmar (Careca),524,Osvaldo Alves,high,site_lineage_field,Lineage declarada no perfil: Carlos Gracie > Reyson Gracie > Osvaldo Alves > Luis Dagmar (Careca) > André Galvão > Kaynan Casemiro Duarte
144,Andre Galvao,v_luis_dagmar_careca,Luis Dagmar (Careca),high,site_lineage_field,Lineage declarada no perfil: Carlos Gracie > Reyson Gracie > Osvaldo Alves > Luis Dagmar (Careca) > André Galvão > Kaynan Casemiro Duarte
8974,Kaynan Duarte,144,Andre Galvao,high,site_lineage_field,Lineage declarada no perfil: Carlos Gracie > Reyson Gracie > Osvaldo Alves > Luis Dagmar (Careca) > André Galvão > Kaynan Casemiro Duarte
2247,Nelson Monteiro,297,Carlos Gracie Junior,high,site_lineage_field,Lineage declarada no perfil: Carlos Gracie > Helio Gracie > Carlos Gracie Jr. > Nelson Monteiro > Tom Reusing > Kendall Reusing
v_tom_reusing,Tom Reusing,2247,Nelson Monteiro,high,site_lineage_field,Lineage declarada no perfil: Carlos Gracie > Helio Gracie > Carlos Gracie Jr. > Nelson Monteiro > Tom Reusing > Kendall Reusing
10885,Kendall Reusing,v_tom_reusing,Tom Reusing,high,site_lineage_field,Lineage declarada no perfil: Carlos Gracie > Helio Gracie > Carlos Gracie Jr. > Nelson Monteiro > Tom Reusing > Kendall Reusing
9031,Kennedy Maciel,147,Rubens Charles,high,site_lineage_field,Lineage declarada no perfil: Carlos Gracie > Helio Gracie > Rolls Gracie > Romero Cavalcanti > Alexandre Paiva > Fernando Terere > Rubens Charles > Kennedy Maciel
1122,Yusuke Honma,996,Yuki Nakai,high,site_lineage_field,Lineage declarada no perfil: Carlos Gracie > Helio Gracie > Carlos Gracie Jr. > Yuki Nakai > Yusuke Honma > Kenta Iwamoto
13678,Kenta Iwamoto,1122,Yusuke Honma,high,site_lineage_field,Lineage declarada no perfil: Carlos Gracie > Helio Gracie > Carlos Gracie Jr. > Yuki Nakai > Yusuke Honma > Kenta Iwamoto
11889,Keven Carrasco,5414,Osvaldo Moizinho,high,site_lineage_field,Lineage declarada no perfil: Carlos Gracie > Helio Gracie > Francisco Mansur > Augusto Mendes > Osvaldo Moizinho > Keven Carrasco
v_kevin_gabriel,Kevin Gabriel,7552,Isaque Bahiense,high,site_lineage_field,Lineage declarada no perfil: Carlos Gracie > Helio Gracie > Rolls Gracie > Romero Cavalcanti > Alexandre Paiva > Fernando Tererê > Rubens Charles > Michael Langhi > Isaque Bahiense > Kevin Gabriel
6368,Kevin Mahecha,975,Jonatas Gurgel,high,site_lineage_field,Lineage declarada no perfil: Carlos Gracie > Helio Gracie > Carlson Gracie > André Pederneiras > João Roque > Jonatas Gurgel > Kevin Mahecha
v_roan_carneiro,Roan Carneiro,627,Murilo Bustamante,high,site_lineage_field,Lineage declarada no perfil: Carlos Gracie > Helio Gracie > Carlson Gracie > Murilo Bustamante > Roan Carneiro > Iuri Alves > Khaled Alshehi
v_iuri_alves,Iuri Alves,v_roan_carneiro,Roan Carneiro,high,site_lineage_field,Lineage declarada no perfil: Carlos Gracie > Helio Gracie > Carlson Gracie > Murilo Bustamante > Roan Carneiro > Iuri Alves > Khaled Alshehi
13515,Khaled Alshehi,v_iuri_alves,Iuri Alves,high,site_lineage_field,Lineage declarada no perfil: Carlos Gracie > Helio Gracie > Carlson Gracie > Murilo Bustamante > Roan Carneiro > Iuri Alves > Khaled Alshehi
1631,Sylvio Behring,1495,Flavio Behring,high,site_lineage_field,Lineage declarada no perfil: Carlos Gracie > Helio Gracie > Flávio Behring > Sylvio Behring > Fernando Zulick > Kieran Kichuk
v_fernando_zulick,Fernando Zulick,1631,Sylvio Behring,high,site_lineage_field,Lineage declarada no perfil: Carlos Gracie > Helio Gracie > Flávio Behring > Sylvio Behring > Fernando Zulick > Kieran Kichuk
12115,Kieran Kichuk,v_fernando_zulick,Fernando Zulick,high,site_lineage_field,Lineage declarada no perfil: Carlos Gracie > Helio Gracie > Flávio Behring > Sylvio Behring > Fernando Zulick > Kieran Kichuk
1740,Yuri Simoes,338,Ricardo Vieira,high,site_lineage_field,Lineage declarada no perfil: Mitsuyo Maeda > Carlos Gracie (Senior) > Helio Gracie > Rolls Gracie > Romero Cavalcanti (Jacare) > Ricardo Vieira > Yuri Simões > Kit Dale
9758,Kit Dale,1740,Yuri Simoes,high,site_lineage_field,Lineage declarada no perfil: Mitsuyo Maeda > Carlos Gracie (Senior) > Helio Gracie > Rolls Gracie > Romero Cavalcanti (Jacare) > Ricardo Vieira > Yuri Simões > Kit Dale
v_chae_in_muk_sung_hee_yong,Chae In-Muk / Sung Hee-Yong,492,Marco Barbosa,high,site_lineage_field,Lineage declarada no perfil: Carlos Gracie > Helio Gracie > Rickson Gracie > Marcelo Behring > Waldomiro Perez > Roberto Godoi > Marco Barbosa > Chae In-Muk / Sung Hee-Yong > Noh Young-am > Hyuk-il Kwon > Kira Sung
v_noh_young_am,Noh Young-am,v_chae_in_muk_sung_hee_yong,Chae In-Muk / Sung Hee-Yong,high,site_lineage_field,Lineage declarada no perfil: Carlos Gracie > Helio Gracie > Rickson Gracie > Marcelo Behring > Waldomiro Perez > Roberto Godoi > Marco Barbosa > Chae In-Muk / Sung Hee-Yong > Noh Young-am > Hyuk-il Kwon > Kira Sung
v_hyuk_il_kwon,Hyuk-il Kwon,v_noh_young_am,Noh Young-am,high,site_lineage_field,Lineage declarada no perfil: Carlos Gracie > Helio Gracie > Rickson Gracie > Marcelo Behring > Waldomiro Perez > Roberto Godoi > Marco Barbosa > Chae In-Muk / Sung Hee-Yong > Noh Young-am > Hyuk-il Kwon > Kira Sung
12010,Kira Sung,v_hyuk_il_kwon,Hyuk-il Kwon,high,site_lineage_field,Lineage declarada no perfil: Carlos Gracie > Helio Gracie > Rickson Gracie > Marcelo Behring > Waldomiro Perez > Roberto Godoi > Marco Barbosa > Chae In-Muk / Sung Hee-Yong > Noh Young-am > Hyuk-il Kwon > Kira Sung
13241,Kjetil Lydvo,9587,Eduardo Rios,high,site_lineage_field,Lineage declarada no perfil: Carlos Gracie > Helio Gracie > Carlson Gracie > Ricardo Libório > Eduardo Rios > Kjetil Lydvo
11049,Kody Steele,1207,Rodrigo Cabral,high,site_lineage_field,Lineage declarada no perfil: Carlos Gracie > Helio Gracie > Rolls Gracie > Romero Cavalcanti > Leonardo Vieira > Rodrigo Cabral > Kody Steele
1882,Mitsuyoshi Hayakawa,666,Alexandre Paiva,high,site_lineage_field,Lineage declarada no perfil: Mitsuyo Maeda > Carlos Gracie > Helio Gracie > Rolls Gracie > Romero Cavalcanti > Alexandre Paiva > Mitsuyoshi Hayakawa > Koji Shibamoto
1919,Koji Shibamoto,1882,Mitsuyoshi Hayakawa,high,site_lineage_field,Lineage declarada no perfil: Mitsuyo Maeda > Carlos Gracie > Helio Gracie > Rolls Gracie > Romero Cavalcanti > Alexandre Paiva > Mitsuyoshi Hayakawa > Koji Shibamoto
674,Kyra Gracie,297,Carlos Gracie Junior,high,site_lineage_field,Lineage declarada no perfil: Carlos Gracie > Helio Gracie > Carlos Gracie Jr > Kyra Gracie
v_hannette_staack,Hannette Staack,314,Andre Terencio,high,site_lineage_field,Lineage declarada no perfil: Mitsuyo Maeda > Carlos Gracie > Helio Gracie > Francisco Mansor > Carlos Henrique > André Terêncio > Hannette Staack > Kristen Martin
8981,Kristen Martin,v_hannette_staack,Hannette Staack,high,site_lineage_field,Lineage declarada no perfil: Mitsuyo Maeda > Carlos Gracie > Helio Gracie > Francisco Mansor > Carlos Henrique > André Terêncio > Hannette Staack > Kristen Martin
8893,Kristin Mikkelson,v_hannette_staack,Hannette Staack,high,site_lineage_field,Lineage declarada no perfil: Mitsuyo Maeda > Carlos Gracie > Helio Gracie > Francisco Mansor > Carlos Henrique > André Terêncio > Hannette Staack > Kristin Mikkelson
788,Kron Gracie,67,Rickson Gracie,high,site_lineage_field,Lineage declarada no perfil: Mitsuyo Maeda > Carlos Gracie > Helio Gracie > Rickson Gracie > Kron Gracie
12842,Kristof Szucs,320,Romulo Barral,high,site_lineage_field,Lineage declarada no perfil: Carlos Gracie > Helio Gracie > Carlos Gracie Junior > Vinícius Magalhães > Rômulo Barral > Kristóf Szucs
901,Kayron Gracie,297,Carlos Gracie Junior,high,site_lineage_field,Lineage declarada no perfil: Mitsuyo Maeda > Carlos Gracie Sr. > Helio Gracie > Carlos Gracie Junior > Kayron Gracie
2475,Kurt Osiander,297,Carlos Gracie Junior,high,site_lineage_field,Lineage declarada no perfil: Mitsuyo Maeda > Carlos Gracie Sr. > Helio Gracie > Carlos Gracie Junior > Kurt Osiander
v_john_botello,John Botello,4317,Eddie Bravo,high,site_lineage_field,Lineage declarada no perfil: Carlos Gracie > Hélio Gracie > Carlos Gracie Jr > J. J. Machado > Eddie Bravo > John Botello > Kyle Boehm
10705,Kyle Boehm,v_john_botello,John Botello,high,site_lineage_field,Lineage declarada no perfil: Carlos Gracie > Hélio Gracie > Carlos Gracie Jr > J. J. Machado > Eddie Bravo > John Botello > Kyle Boehm
8399,Kleber Oliveira,297,Carlos Gracie Junior,high,site_lineage_field,Lineage declarada no perfil: Mitsuyo Maeda > Carlos Gracie Sr. > Helio Gracie > Carlos Gracie Junior > Kleber Oliveira
v_thiago_de_guimaraes,Thiago de Guimarães,613,Wellington Dias,high,site_lineage_field,Lineage declarada no perfil: Carlos Gracie > Hélio Gracie > Royler Gracie > Wellington Dias > Thiago de Guimarães > Larissa Campos Carvalho
v_larissa_campos_carvalho,Larissa Campos Carvalho,v_thiago_de_guimaraes,Thiago de Guimarães,high,site_lineage_field,Lineage declarada no perfil: Carlos Gracie > Hélio Gracie > Royler Gracie > Wellington Dias > Thiago de Guimarães > Larissa Campos Carvalho
12508,Larissa Dias,1600,Vinicius Marinho,high,site_lineage_field,Lineage declarada no perfil: Luis França > Oswaldo Fadda > Monir Salomão > Júlio César Pereira > Vinicius Marinho > Larissa Dias
v_paulo_avolio,Paulo Avolio,553,Roberto Correa,high,site_lineage_field,Lineage declarada no perfil: M. Maeda > C. Gracie > Helio Gracie > Carlos Gracie Jr > Roberto Corrêa > Paulo Avolio > Larissa Paes
9938,Larissa Paes,v_paulo_avolio,Paulo Avolio,high,site_lineage_field,Lineage declarada no perfil: M. Maeda > C. Gracie > Helio Gracie > Carlos Gracie Jr > Roberto Corrêa > Paulo Avolio > Larissa Paes
1041,Laercio Fernandes,5000,Givanildo Santana,high,site_lineage_field,Lineage declarada no perfil: Mitsuyo Maeda > Carlos Gracie > George Gracie > Octávio de Almeida > Moises Murad > Givanildo Santana > Laercio Fernandes
11071,Laura Barker,422,Braulio Estima,high,site_lineage_field,Lineage declarada no perfil: Carlos Gracie > Helio Gracie > Carlos Gracie Jr > Braulio Estima > Laura Barker
v_laurence_cousin,Laurence Cousin,1495,Flavio Behring,high,site_lineage_field,Lineage declarada no perfil: Mitsuyo Maeda > Carlos Gracie > Helio Gracie > Flavio Behring > Laurence Cousin
13458,Leandro Lima,7675,Faustino Neto,high,site_lineage_field,Lineage declarada no perfil: Carlos Gracie > Helio Gracie > Osvaldo Alves > Master Pina > Leandro Lima
1730,Leandro Lora,1400,Carlos Henrique,high,site_lineage_field,Lineage declarada no perfil: Mitsuyo Maeda > Carlos Gracie > Helio Gracie > Francisco Mansor > Carlos Henrique > Leandro Lora
1799,Leandro Martins,fernando-augusto-terere-bio,Fernando Tererê,high,site_lineage_field,Lineage declarada no perfil: Mitsuyo Maeda > Carlos Gracie > Helio Gracie > Rolls Gracie > Romero Cavalcanti > Alexandre Paiva > Fernando Augusto “Tererê” > Leandro Martins
292,Leonardo Santos,634,Wendell Alexander,high,site_lineage_field,Lineage declarada no perfil: Mitsuyo Maeda > Luis Franca > Oswaldo Fadda > Sebastião Ricardo > Wendell Alexander > Leonardo Santos
12243,Leon Brito,8409,Ricardo Marques,high,site_lineage_field,Lineage declarada no perfil: Carlos Gracie > Carlson Gracie > Sérgio Bolão > Ricardo Marques > Leon Brito
v_robin_gracie,Robin Gracie,44,Helio Gracie,high,site_lineage_field,Lineage declarada no perfil: Carlos Gracie > Helio Gracie > Robin Gracie > Julien Gaillard > Leon Larman
v_julien_gaillard,Julien Gaillard,v_robin_gracie,Robin Gracie,high,site_lineage_field,Lineage declarada no perfil: Carlos Gracie > Helio Gracie > Robin Gracie > Julien Gaillard > Leon Larman
11132,Leon Larman,v_julien_gaillard,Julien Gaillard,high,site_lineage_field,Lineage declarada no perfil: Carlos Gracie > Helio Gracie > Robin Gracie > Julien Gaillard > Leon Larman
14200,Leon Mendonca,6756,Rodrigo Silva,high,site_lineage_field,Lineage declarada no perfil: Carlos Gracie > Helio Gracie > Carlson Gracie > André Pederneiras > Rodrigo Feijão > Leon Mendonça
9014,Levi Jones-Leary,484,Murilo Santana,high,site_lineage_field,Lineage declarada no perfil: Mitsuyo Maeda > Carlos Gracie > Helio Gracie > Rickson Gracie > Marcelo Behring > Mario Yamasaki > Murilo Santana > Levi Jones-Leary
v_paulo_streckert,Paulo Streckert,v_orlando_saraiva,Orlando Saraiva,high,site_lineage_field,Lineage declarada no perfil: Mitsuyo Maeda > Carlos Gracie > Helio Gracie > Carlson Gracie > Orlando Saraiva > Paulo Streckert > Thiago Stefanutti ( > Lachlan Giles > Livia Gluchowska
v_thiago_stefanutti,Thiago Stefanutti (,v_paulo_streckert,Paulo Streckert,high,site_lineage_field,Lineage declarada no perfil: Mitsuyo Maeda > Carlos Gracie > Helio Gracie > Carlson Gracie > Orlando Saraiva > Paulo Streckert > Thiago Stefanutti ( > Lachlan Giles > Livia Gluchowska
8682,Lachlan Giles,v_thiago_stefanutti,Thiago Stefanutti (,high,site_lineage_field,Lineage declarada no perfil: Mitsuyo Maeda > Carlos Gracie > Helio Gracie > Carlson Gracie > Orlando Saraiva > Paulo Streckert > Thiago Stefanutti ( > Lachlan Giles > Livia Gluchowska
7981,Livia Gluchowska,8682,Lachlan Giles,high,site_lineage_field,Lineage declarada no perfil: Mitsuyo Maeda > Carlos Gracie > Helio Gracie > Carlson Gracie > Orlando Saraiva > Paulo Streckert > Thiago Stefanutti ( > Lachlan Giles > Livia Gluchowska
921,Rafael Barbosa,3028,Leandro Escobar,high,site_lineage_field,Lineage declarada no perfil: Carlos Gracie > Carlson Gracie > Crézio de Souza > André Almeida > Leandro Escobar > Rafael Barbosa > Osvaldo Moizinho > Lívio Ribeiro
5414,Osvaldo Moizinho,921,Rafael Barbosa,high,site_lineage_field,Lineage declarada no perfil: Carlos Gracie > Carlson Gracie > Crézio de Souza > André Almeida > Leandro Escobar > Rafael Barbosa > Osvaldo Moizinho > Lívio Ribeiro
9044,Livio Ribeiro,5414,Osvaldo Moizinho,high,site_lineage_field,Lineage declarada no perfil: Carlos Gracie > Carlson Gracie > Crézio de Souza > André Almeida > Leandro Escobar > Rafael Barbosa > Osvaldo Moizinho > Lívio Ribeiro
v_rogerio_olegario,Rogerio Olegário,524,Osvaldo Alves,high,site_lineage_field,Lineage declarada no perfil: Mitsuyo Maeda > Carlos Gracie > Reyson Gracie > Osvaldo Alves > Rogerio Olegário > Luca Anacoreta
7082,Luca Anacoreta,v_rogerio_olegario,Rogerio Olegário,high,site_lineage_field,Lineage declarada no perfil: Mitsuyo Maeda > Carlos Gracie > Reyson Gracie > Osvaldo Alves > Rogerio Olegário > Luca Anacoreta
2035,Vitor Henrique,6768,Adilson Lima,high,site_lineage_field,Lineage declarada no perfil: C. Gracie > Helio Gracie > Carlos Gracie Jr > Adilson Bitta > Vitor Oliveira > Laurah Hallock
10780,Laurah Hallock,2035,Vitor Henrique,high,site_lineage_field,Lineage declarada no perfil: C. Gracie > Helio Gracie > Carlos Gracie Jr > Adilson Bitta > Vitor Oliveira > Laurah Hallock
14256,Laura Sieradzan,405,Marco Canha,high,site_lineage_field,Lineage declarada no perfil: Carlos Gracie > Helio Gracie > Rolls Gracie > Romero Cavalcanti > Ricardo Vieira > Marco Canha > Laura Sieradzan
1624,Leonardo Arruda,luiz-guilherme-guigo,Luis Guilherme,high,site_lineage_field,Lineage declarada no perfil: Mitsuyo Maeda > Carlos Gracie > Helio Gracie > Rickson Gracie > Jorge Pereira > Luis Guilherme > Leo Arruda
v_jose_de_oliveira,José de Oliveira,22,Carlson Gracie,high,site_lineage_field,Lineage declarada no perfil: Mitsuyo Maeda > Carlos Gracie > Carlson Gracie > José de Oliveira > Cirval Justino > Benevenuto Antunes > Leo D’avila
v_cirval_justino,Cirval Justino,v_jose_de_oliveira,José de Oliveira,high,site_lineage_field,Lineage declarada no perfil: Mitsuyo Maeda > Carlos Gracie > Carlson Gracie > José de Oliveira > Cirval Justino > Benevenuto Antunes > Leo D’avila
v_benevenuto_antunes,Benevenuto Antunes,v_cirval_justino,Cirval Justino,high,site_lineage_field,Lineage declarada no perfil: Mitsuyo Maeda > Carlos Gracie > Carlson Gracie > José de Oliveira > Cirval Justino > Benevenuto Antunes > Leo D’avila
v_leo_d_avila,Leo D’avila,v_benevenuto_antunes,Benevenuto Antunes,high,site_lineage_field,Lineage declarada no perfil: Mitsuyo Maeda > Carlos Gracie > Carlson Gracie > José de Oliveira > Cirval Justino > Benevenuto Antunes > Leo D’avila
14080,Leonardo Ferreira,790,Mario Reis,high,site_lineage_field,Lineage declarada no perfil: Carlos Gracie > Helio Gracie > Alvaro Barreto > Sylvio Behring > Mario Reis > Leonardo Ferreira
9067,Leonardo Lara,7672,Caio Almeida,high,site_lineage_field,Lineage declarada no perfil: C. Gracie > H. Gracie > C. Gracie Jr > R. Gracie > Gabriel Vella > Caio Almeida > Leo Lara
886,Leonardo Leite,666,Alexandre Paiva,high,site_lineage_field,Lineage declarada no perfil: Mitsuyo Maeda > Carlos Gracie > Helio Gracie > Rolls Gracie > Romero Cavalcanti > Alexandre Paiva > Leonardo Leite
1272,Leonardo Nogueira,322,Fabio Gurgel,high,site_lineage_field,Lineage declarada no perfil: Carlos Gracie > Helio Gracie > Rolls Gracie > Romero Cavalcanti > Fábio Gurgel > Leonardo Nogueira
13062,Leonardo Mario,1155,Cicero Costha,high,site_lineage_field,Lineage declarada no perfil: Carlos Gracie > Helio Gracie > Rickson Gracie > Marcelo Behring > Waldomiro Perez > Roberto Godoi > Marco Barbosa > Cicero Costha > Leonardo Mario
10339,Leonardo Pecanha,634,Wendell Alexander,high,site_lineage_field,Lineage declarada no perfil: Luiz França > Oswaldo Fadda > Sebastião Ricardo > Wendell Alexander > Leonardo Peçanha
8231,Leonardo Saggioro,8409,Ricardo Marques,high,site_lineage_field,Lineage declarada no perfil: Carlos Gracie > Carlson Gracie > Sergio Souza > Ricardo Marques > Leonardo Saggioro
8195,Gutemberg Pereira,203,Julio Cesar,high,site_lineage_field,Lineage declarada no perfil: Luiz França > Oswaldo Fadda > Monir Salomão > Júlio César > Gutemberg Pereira > Dante Leon > Leonardo Silva
8116,Dante Leon,8195,Gutemberg Pereira,high,site_lineage_field,Lineage declarada no perfil: Luiz França > Oswaldo Fadda > Monir Salomão > Júlio César > Gutemberg Pereira > Dante Leon > Leonardo Silva
10352,Leonardo Silva,8116,Dante Leon,high,site_lineage_field,Lineage declarada no perfil: Luiz França > Oswaldo Fadda > Monir Salomão > Júlio César > Gutemberg Pereira > Dante Leon > Leonardo Silva
512,Luana Alzuguir,492,Marco Barbosa,high,site_lineage_field,Lineage declarada no perfil: Mitsuyo Maeda > Carlos Gracie > Helio Gracie > Rickson Gracie > Marcelo Behring > Waldomiro Perez > Roberto Godoi > Marco Barbosa > Luanna Alzuguir
9,Marcio Cruz,553,Roberto Correa,high,site_lineage_field,Lineage declarada no perfil: Carlos Gracie > Helio Gracie > Carlos Gracie Jr. > Roberto Corrêa > Márcio Cruz > Luan Andrei
12323,Luan Andrei,9,Marcio Cruz,high,site_lineage_field,Lineage declarada no perfil: Carlos Gracie > Helio Gracie > Carlos Gracie Jr. > Roberto Corrêa > Márcio Cruz > Luan Andrei
1124,Marcos Escobar,601,Roberto Godoi,high,site_lineage_field,Lineage declarada no perfil: Carlos Gracie > Helio Gracie > Rickson Gracie > Marcelo Behring > Waldomiro Perez > Roberto Godoi > Marco Barbosa > Cicero Costha > Tiago Barros > Luan Azevedo
1155,Cicero Costha,1124,Marcos Escobar,high,site_lineage_field,Lineage declarada no perfil: Carlos Gracie > Helio Gracie > Rickson Gracie > Marcelo Behring > Waldomiro Perez > Roberto Godoi > Marco Barbosa > Cicero Costha > Tiago Barros > Luan Azevedo
5789,Jose Tiago Barros,1155,Cicero Costha,high,site_lineage_field,Lineage declarada no perfil: Carlos Gracie > Helio Gracie > Rickson Gracie > Marcelo Behring > Waldomiro Perez > Roberto Godoi > Marco Barbosa > Cicero Costha > Tiago Barros > Luan Azevedo
10741,Luan Azevedo,5789,Jose Tiago Barros,high,site_lineage_field,Lineage declarada no perfil: Carlos Gracie > Helio Gracie > Rickson Gracie > Marcelo Behring > Waldomiro Perez > Roberto Godoi > Marco Barbosa > Cicero Costha > Tiago Barros > Luan Azevedo
5078,Luan Carvalho,7749,Claudio Joanino,high,site_lineage_field,Lineage declarada no perfil: Luiz França > Oswaldo Fadda > Sebastião Ricardo > Wendell Alexander > Claudio Joanino > Luan Carvalho
4794,Roy Harris,566,Joe Moreira,high,site_lineage_field,Lineage declarada no perfil: Mitsuyo Maeda > Carlos Gracie > Helio Gracie > Francisco Mansur > Joe Moreira > Roy Harris > Louie Cercedez
1419,Louie Cercedez,4794,Roy Harris,high,site_lineage_field,Lineage declarada no perfil: Mitsuyo Maeda > Carlos Gracie > Helio Gracie > Francisco Mansur > Joe Moreira > Roy Harris > Louie Cercedez
11701,Luciano Nucci,6683,Ryan Gracie,high,site_lineage_field,Lineage declarada no perfil: C. Gracie > H. Gracie > Carlos Gracie Jr. > Ryan Gracie > Luciano Nucci > Lucas Alves
10669,Lucas Alves,11701,Luciano Nucci,high,site_lineage_field,Lineage declarada no perfil: C. Gracie > H. Gracie > Carlos Gracie Jr. > Ryan Gracie > Luciano Nucci > Lucas Alves
2602,Nahum Rabay,528,George Gracie,high,site_lineage_field,Lineage declarada no perfil: Carlos Gracie > George Gracie > Nahum Rabay > Carlos Roberto Luz > Carlos Liberi > Kiko Meneghettti > Paulo Eduardo > Lucas Castro
v_carlos_roberto_luz,Carlos Roberto Luz,2602,Nahum Rabay,high,site_lineage_field,Lineage declarada no perfil: Carlos Gracie > George Gracie > Nahum Rabay > Carlos Roberto Luz > Carlos Liberi > Kiko Meneghettti > Paulo Eduardo > Lucas Castro
v_carlos_liberi,Carlos Liberi,v_carlos_roberto_luz,Carlos Roberto Luz,high,site_lineage_field,Lineage declarada no perfil: Carlos Gracie > George Gracie > Nahum Rabay > Carlos Roberto Luz > Carlos Liberi > Kiko Meneghettti > Paulo Eduardo > Lucas Castro
v_kiko_meneghettti,Kiko Meneghettti,v_carlos_liberi,Carlos Liberi,high,site_lineage_field,Lineage declarada no perfil: Carlos Gracie > George Gracie > Nahum Rabay > Carlos Roberto Luz > Carlos Liberi > Kiko Meneghettti > Paulo Eduardo > Lucas Castro
v_paulo_eduardo,Paulo Eduardo,v_kiko_meneghettti,Kiko Meneghettti,high,site_lineage_field,Lineage declarada no perfil: Carlos Gracie > George Gracie > Nahum Rabay > Carlos Roberto Luz > Carlos Liberi > Kiko Meneghettti > Paulo Eduardo > Lucas Castro
14263,Lucas Castro,v_paulo_eduardo,Paulo Eduardo,high,site_lineage_field,Lineage declarada no perfil: Carlos Gracie > George Gracie > Nahum Rabay > Carlos Roberto Luz > Carlos Liberi > Kiko Meneghettti > Paulo Eduardo > Lucas Castro
11658,Lucas Gualberto,7552,Isaque Bahiense,high,site_lineage_field,Lineage declarada no perfil: Carlos Gracie > Helio Gracie > Rolls Gracie > Romero Cavalcanti > Fábio Gurgel > Isaque Bahiense > Lucas Gualberto
3443,Leonardo Davila,v_benevenuto_antunes,Benevenuto Antunes,high,site_lineage_field,Lineage declarada no perfil: Carlos Gracie > Helio Gracie > Carlson Gracie > José de Oliveira > Cirval Justino > Benevenuto Antunes > Leonardo D’Avila > Luccas Lira
13432,Luccas Lira,3443,Leonardo Davila,high,site_lineage_field,Lineage declarada no perfil: Carlos Gracie > Helio Gracie > Carlson Gracie > José de Oliveira > Cirval Justino > Benevenuto Antunes > Leonardo D’Avila > Luccas Lira
13031,Lucas Lisboa,1155,Cicero Costha,high,site_lineage_field,Lineage declarada no perfil: Carlos Gracie > Helio Gracie > Rickson Gracie > Marcelo Behring > Waldomiro Perez > Roberto Godoi > Marco Barbosa > Cicero Costha > Lucas Lisboa
v_pascoal_duarte,Pascoal Duarte,524,Osvaldo Alves,high,site_lineage_field,Lineage declarada no perfil: Carlos Gracie sr > Reyson Gracie > Osvaldo Alves > Pascoal Duarte > Diego Lopes > André Fabiano > Lucas Barbosa
v_diego_lopes,Diego Lopes,v_pascoal_duarte,Pascoal Duarte,high,site_lineage_field,Lineage declarada no perfil: Carlos Gracie sr > Reyson Gracie > Osvaldo Alves > Pascoal Duarte > Diego Lopes > André Fabiano > Lucas Barbosa
v_andre_fabiano,André Fabiano,v_diego_lopes,Diego Lopes,high,site_lineage_field,Lineage declarada no perfil: Carlos Gracie sr > Reyson Gracie > Osvaldo Alves > Pascoal Duarte > Diego Lopes > André Fabiano > Lucas Barbosa
5655,Lucas Daniel Barbosa,v_andre_fabiano,André Fabiano,high,site_lineage_field,Lineage declarada no perfil: Carlos Gracie sr > Reyson Gracie > Osvaldo Alves > Pascoal Duarte > Diego Lopes > André Fabiano > Lucas Barbosa
v_cristiano_alves,Cristiano Alves,203,Julio Cesar,high,site_lineage_field,Lineage declarada no perfil: Luis França > Oswaldo Fadda > Monir Salomão > Júlio César > Cristiano Alves > Lucas Montalvão
14150,Lucas Montalvao,v_cristiano_alves,Cristiano Alves,high,site_lineage_field,Lineage declarada no perfil: Luis França > Oswaldo Fadda > Monir Salomão > Júlio César > Cristiano Alves > Lucas Montalvão
6043,Lucas Pinheiro,963,Carlos Vieira Holanda,high,site_lineage_field,Lineage declarada no perfil: Carlos Gracie > Osvaldo Alves > Faustino Neto > Carlos Holanda > Lucas Pinheiro
12348,Lucas Protasio,8819,Thiago Barreto,high,site_lineage_field,Lineage declarada no perfil: Carlos Gracie > Helio Gracie > Rolls Gracie > Romero Cavalcanti > Roberto Traven > Muzio de Angelis > Burtom Deivisom > Thiago Barreto > Lucas Protásio
13093,Lucas Rodrigues,415,Guilherme Mendes,high,site_lineage_field,Lineage declarada no perfil: Carlos Gracie > Carlson Gracie > André Pederneiras > Ramon Lemos > Guilherme Mendes > Lucas Rodrigues
12267,Lucas Norat,1044,Flavio Almeida,high,site_lineage_field,Lineage declarada no perfil: Carlos Gracie > Helio Gracie > Carlos Gracie Junior > Flávio Almeida > Lucas Norat
7582,Sergio Benini,2985,Marcelo Azevedo,high,site_lineage_field,Lineage declarada no perfil: Carlos Gracie Sr. > Helio Gracie > Carlos Gracie Junior > Vinicius Magalhães > Marcelo Azevedo > Sergio Benini > Lucas Valente
8516,Lucas Valente,7582,Sergio Benini,high,site_lineage_field,Lineage declarada no perfil: Carlos Gracie Sr. > Helio Gracie > Carlos Gracie Junior > Vinicius Magalhães > Marcelo Azevedo > Sergio Benini > Lucas Valente
11812,Lucas Sachs,1891,Walter Mattos,high,site_lineage_field,Lineage declarada no perfil: Carlos Gracie > Reyson Gracie > Osvaldo Alves > Sergio Penha > Walter Mattos > Lucas Sachs
13269,Lucas Souza,108,Gustavo Campos,high,site_lineage_field,Lineage declarada no perfil: Carlos Gracie > Reyson Gracie > Osvaldo Alves > Sérgio Penha > Walter Matos > Gustavo Campos > Lucas Souza
6792,Cassio Francis,374,Vinicius Magalhaes,high,site_lineage_field,Lineage declarada no perfil: C. Gracie > H. Gracie > C. Gracie Jr > Vinicius Draculino > Cássio Francis > Lucas Silva
11512,Lucas Silva,6792,Cassio Francis,high,site_lineage_field,Lineage declarada no perfil: C. Gracie > H. Gracie > C. Gracie Jr > Vinicius Draculino > Cássio Francis > Lucas Silva
3245,Luis Heredia,67,Rickson Gracie,high,site_lineage_field,Lineage declarada no perfil: Mitsuyo Maeda > Carlos Gracie > Helio Gracie > Rickson Gracie > Luis Heredia
v_luis_gustavo,Luis Gustavo,338,Ricardo Vieira,high,site_lineage_field,Lineage declarada no perfil: Carlos Gracie > Helio Gracie > Rolls Gracie > Romero Cavalcanti > Ricardo Vieira > Luis Gustavo
1675,Luis Roberto Duarte,22,Carlson Gracie,high,site_lineage_field,Lineage declarada no perfil: Mitsuyo Maeda > Carlos Gracie > Carlson Gracie > Luis Duarte
v_felipe_vidal,Felipe Vidal,6756,Rodrigo Silva,high,site_lineage_field,Lineage declarada no perfil: Carlos Gracie > Helio Gracie > Carlson Gracie > André Pederneiras > Rodrigo Feijão > Felipe Vidal > Cléber Crispim > Luis Oliveira
v_cleber_crispim,Cléber Crispim,v_felipe_vidal,Felipe Vidal,high,site_lineage_field,Lineage declarada no perfil: Carlos Gracie > Helio Gracie > Carlson Gracie > André Pederneiras > Rodrigo Feijão > Felipe Vidal > Cléber Crispim > Luis Oliveira
13053,Luis Oliveira,v_cleber_crispim,Cléber Crispim,high,site_lineage_field,Lineage declarada no perfil: Carlos Gracie > Helio Gracie > Carlson Gracie > André Pederneiras > Rodrigo Feijão > Felipe Vidal > Cléber Crispim > Luis Oliveira
6535,James Boran,566,Joe Moreira,high,site_lineage_field,Lineage declarada no perfil: Mitsuyo Maeda > Carlos Gracie > Helio Gracie > Francisco Mansor > Joe Moreira > James Boran > Luis Roman
1722,Luis Roman,6535,James Boran,high,site_lineage_field,Lineage declarada no perfil: Mitsuyo Maeda > Carlos Gracie > Helio Gracie > Francisco Mansor > Joe Moreira > James Boran > Luis Roman
v_leoni_nascimento,Leoni Nascimento,3394,Robson Gracie,high,site_lineage_field,Lineage declarada no perfil: Mitsuyo Maeda > Carlos Gracie > Robson Gracie > Leoni Nascimento > Luiz Dias
2560,Luiz Dias,v_leoni_nascimento,Leoni Nascimento,high,site_lineage_field,Lineage declarada no perfil: Mitsuyo Maeda > Carlos Gracie > Robson Gracie > Leoni Nascimento > Luiz Dias
1426,Luiz Abdo,luiz-guilherme-guigo,Luis Guilherme,high,site_lineage_field,Lineage declarada no perfil: Mitsuyo Maeda > Carlos Gracie > Helio Gracie > Rickson Gracie > Jorge Pereira > Luis Guilherme > Luiz Renato Abdo
2404,Luiz Ribeiro,338,Ricardo Vieira,high,site_lineage_field,Lineage declarada no perfil: Mitsuyo Maeda > Carlos Gracie > Helio Gracie > Rolls Gracie > Romero Cavalcanti > Ricardo Vieira > Luiz Ribeiro
3122,Luiz Panza,492,Marco Barbosa,high,site_lineage_field,Lineage declarada no perfil: Mitsuyo Maeda > Carlos Gracie > Helio Gracie > Rickson Gracie > Marcelo Behring > Waldomiro Perez > Roberto Godoi > Marco Barbosa > Luiz Panza
11872,Luiz Paulo,10088,Melqui Galvao,high,site_lineage_field,Lineage declarada no perfil: Carlos Gracie > Helio Gracie > Royler Gracie > Rolker Gracie > Augusto Monteiro > Ronnie Melo > Melquisedeque (Melqui) Galvão > Luiz Paulo
v_rodrigo_thiago,Rodrigo Thiago,666,Alexandre Paiva,high,site_lineage_field,Lineage declarada no perfil: Carlos Gracie > Helio Gracie > Rolls Gracie > Romero Cavalcanti > Alexandre Paiva > Rodrigo Thiago > Felipe Santos
14052,Luiz Felipe Santos,v_rodrigo_thiago,Rodrigo Thiago,high,site_lineage_field,Lineage declarada no perfil: Carlos Gracie > Helio Gracie > Rolls Gracie > Romero Cavalcanti > Alexandre Paiva > Rodrigo Thiago > Felipe Santos
v_henrique_betta,Henrique Betta,6756,Rodrigo Silva,high,site_lineage_field,Lineage declarada no perfil: Carlos Gracie > Helio Gracie > Carlson Gracie > André Pederneiras > Rodrigo Feijão > Henrique Betta
5263,Luiza Monteiro,rodrigo-cavaca,Rodrigo Cavaca,high,site_lineage_field,Lineage declarada no perfil: Carlos Gracie > Carlson Gracie > Élcio Figueiredo > Rodrigo Cavaca > Luiza Monteiro
marcio-feitosa,Marcio Feitosa,297,Carlos Gracie Junior,high,site_lineage_field,Lineage declarada no perfil: Mitsuyo Maeda > Carlos Gracie Sr. > Helio Gracie > Carlos Gracie Junior > Marcio Feitosa > Luzia Fernandes
2627,Luzia Fernandes,marcio-feitosa,Marcio Feitosa,high,site_lineage_field,Lineage declarada no perfil: Mitsuyo Maeda > Carlos Gracie Sr. > Helio Gracie > Carlos Gracie Junior > Marcio Feitosa > Luzia Fernandes
378,Robert Drysdale,355,Romero Cavalcanti,high,site_lineage_field,Lineage declarada no perfil: Carlos Gracie > Helio Gracie > Rolls Gracie > Romero Cavalcanti > Robert Drysdale > Luke Harris
13902,Luke Harris,378,Robert Drysdale,high,site_lineage_field,Lineage declarada no perfil: Carlos Gracie > Helio Gracie > Rolls Gracie > Romero Cavalcanti > Robert Drysdale > Luke Harris
2444,Mackenzie Dern,613,Wellington Dias,high,site_lineage_field,Lineage declarada no perfil: Carlos Gracie > Helio Gracie > Royler Gracie > Wellington Dias > Mackenzie Dern
10895,Maggie Grindatti,224,Roberto Abreu,high,site_lineage_field,Lineage declarada no perfil: Carlos Gracie > Helio Gracie > Carlson Gracie > Francisco Toco > Roberto Abreu > Maggie Grindatti
10155,Malachi Edmond,1307,Lloyd Irvin,high,site_lineage_field,Lineage declarada no perfil: M. Maeda > C. Gracie > H. Gracie > R. Gracie > Jorge Pereira > Leo Dalla > Lloyd Irvin > Malachi Edmond
v_alex_machado,Alex Machado,297,Carlos Gracie Junior,high,site_lineage_field,Lineage declarada no perfil: Mitsuyo Maeda > Carlos Gracie > Helio Gracie > Carlos Gracie Junior > Alex Machado > Manuel Pontes
7543,Manuel Pontes,v_alex_machado,Alex Machado,high,site_lineage_field,Lineage declarada no perfil: Mitsuyo Maeda > Carlos Gracie > Helio Gracie > Carlos Gracie Junior > Alex Machado > Manuel Pontes
13953,Mateus Moraes,582,Caio Terra,high,site_lineage_field,Lineage declarada no perfil: Carlos Gracie > Reylson Gracie > Paulo Maurício Strauch > Caio Terra > Mateus Moraes
12544,Mateus Rodrigues,415,Guilherme Mendes,high,site_lineage_field,Lineage declarada no perfil: Carlos Gracie > Carlson Gracie > André Pederneiras > Ramon Lemos > Guilherme Mendes > Mateus Rodrigues
2111,Mariusz Linke,720,Jorge Patino,high,site_lineage_field,Lineage declarada no perfil: Carlos Gracie > Helio Gracie > Rickson Gracie > Marcelo Behring > Waldomiro Perez > Jorge Patino > Mariusz Linke > Sylwester Dziekanowski > Mateusz Szczecinski
v_sylwester_dziekanowski,Sylwester Dziekanowski,2111,Mariusz Linke,high,site_lineage_field,Lineage declarada no perfil: Carlos Gracie > Helio Gracie > Rickson Gracie > Marcelo Behring > Waldomiro Perez > Jorge Patino > Mariusz Linke > Sylwester Dziekanowski > Mateusz Szczecinski
13916,Mateusz Szczecinski,v_sylwester_dziekanowski,Sylwester Dziekanowski,high,site_lineage_field,Lineage declarada no perfil: Carlos Gracie > Helio Gracie > Rickson Gracie > Marcelo Behring > Waldomiro Perez > Jorge Patino > Mariusz Linke > Sylwester Dziekanowski > Mateusz Szczecinski
8112,Matheus Costa,v_augusto_vicente,Augusto Vicente,high,site_lineage_field,Lineage declarada no perfil: Carlos Gracie > Helio Gracie > Orlando Barradas > Augusto Vicente > Matheus Costa
5423,Matheus Diniz,16,Marcelo Garcia,high,site_lineage_field,Lineage declarada no perfil: Carlos Gracie > Helio Gracie > Rolls Gracie > Romero Cavalcanti > Fabio Gurgel > Marcelo Garcia > Matheus Diniz
v_bruno_barreto,Bruno Barreto,8819,Thiago Barreto,high,site_lineage_field,Lineage declarada no perfil: Mitsuyo Maeda > Carlos Gracie > Helio Gracie > Rolls Gracie > Romero Cavalcanti > Roberto Traven > Muzio de Angelis > Burtom Deivisom > Thiago Barreto > /Bruno Barreto > Matheus Felipe
9230,Matheus Felipe,v_bruno_barreto,Bruno Barreto,high,site_lineage_field,Lineage declarada no perfil: Mitsuyo Maeda > Carlos Gracie > Helio Gracie > Rolls Gracie > Romero Cavalcanti > Roberto Traven > Muzio de Angelis > Burtom Deivisom > Thiago Barreto > /Bruno Barreto > Matheus Felipe
v_matheus_gabriel,Matheus Gabriel,11725,Kaiser Girao,high,site_lineage_field,Lineage declarada no perfil: Carlos Gracie > Helio Gracie > Carlos Gracie Junior > Rigan Machado > Keiser Girão > Matheus Gabriel
2582,Francisco Fernandes,297,Carlos Gracie Junior,high,site_lineage_field,Lineage declarada no perfil: Carlos Gracie > Helio Gracie > Carlos Gracie Jr. > Francisco Fernandes > Alan Régis > Matheus Godoy
v_alan_regis,Alan Régis,2582,Francisco Fernandes,high,site_lineage_field,Lineage declarada no perfil: Carlos Gracie > Helio Gracie > Carlos Gracie Jr. > Francisco Fernandes > Alan Régis > Matheus Godoy
10698,Matheus Godoy,v_alan_regis,Alan Régis,high,site_lineage_field,Lineage declarada no perfil: Carlos Gracie > Helio Gracie > Carlos Gracie Jr. > Francisco Fernandes > Alan Régis > Matheus Godoy
2062,Crezio de Souza,36,Carlos Gracie Senior,high,site_lineage_field,Lineage declarada no perfil: C. Gracie > Crezio de Souza > João Amaral > Daniel Gazoni > Matheus Gonzaga
v_joao_amaral,João Amaral,2062,Crezio de Souza,high,site_lineage_field,Lineage declarada no perfil: C. Gracie > Crezio de Souza > João Amaral > Daniel Gazoni > Matheus Gonzaga
v_daniel_gazoni,Daniel Gazoni,v_joao_amaral,João Amaral,high,site_lineage_field,Lineage declarada no perfil: C. Gracie > Crezio de Souza > João Amaral > Daniel Gazoni > Matheus Gonzaga
8800,Matheus Gonzaga,v_daniel_gazoni,Daniel Gazoni,high,site_lineage_field,Lineage declarada no perfil: C. Gracie > Crezio de Souza > João Amaral > Daniel Gazoni > Matheus Gonzaga
7047,Matheus Spirandeli,1188,Leandro Lo,high,site_lineage_field,Lineage declarada no perfil: Carlos Gracie > Helio Gracie > Rickson Gracie > Marcelo Behring > Waldomiro Perez > Roberto Godoi > Marco Barbosa > Cicero Costha > Leandro Lo > Matheus Spirandeli
13111,Matheus Lima,963,Carlos Vieira Holanda,high,site_lineage_field,Lineage declarada no perfil: Carlos Gracie > Reyson Gracie > Osvaldo Alves > Faustino Neto (Pina) > Carlos Holanda > Matheus Lima
8202,Ricardo Feliciano,875,Lucas Leite,high,site_lineage_field,Lineage declarada no perfil: Carlos Gracie > Helio Gracie > Rolls Gracie > Romero Cavalcanti > Leonardo Vieira > Lucas Leite > Ricardo Feliciano > Matheus Luna
10658,Matheus Luna,8202,Ricardo Feliciano,high,site_lineage_field,Lineage declarada no perfil: Carlos Gracie > Helio Gracie > Rolls Gracie > Romero Cavalcanti > Leonardo Vieira > Lucas Leite > Ricardo Feliciano > Matheus Luna
10909,Matheus Lutes,16,Marcelo Garcia,high,site_lineage_field,Lineage declarada no perfil: Carlos Gracie > Helio Gracie > Rolls Gracie > Romero Cavalcanti > Fabio Gurgel > Marcelo Garcia > Matheus Lutes
13438,Matheus Menezes,144,Andre Galvao,high,site_lineage_field,Lineage declarada no perfil: Carlos Gracie > Reyson Gracie > Osvaldo Alves > Luis Dagmar > André Galvão > Teteu Menezes
14216,Matheus Vetoraci,v_leonel_menezes,Leonel Menezes),high,site_lineage_field,Lineage declarada no perfil: Carlos Gracie > Helio Gracie > Carlson Gracie > Walter Guimaraes > Cesar Guimaraes > Alexandre Carrera ( > Leonel Menezes) > Matheus Vetoraci
v_eduardo_duarte,Eduardo Duarte,78,Andre Pederneiras,high,site_lineage_field,Lineage declarada no perfil: Carlos Gracie > Carlson Gracie > Andre Pederneiras > Eduardo Duarte > Matias Estévez
12689,Matias Estevez,v_eduardo_duarte,Eduardo Duarte,high,site_lineage_field,Lineage declarada no perfil: Carlos Gracie > Carlson Gracie > Andre Pederneiras > Eduardo Duarte > Matias Estévez
v_adilson_de_souza,Adilson de Souza,2216,Octavio de Almeida,high,site_lineage_field,Lineage declarada no perfil: Mitsuyo Maeda > Carlos Gracie > George Gracie > Octávio de Almeida > Adilson de Souza > Mauricio Antonio de Souza > Mark Vives > Matthew Leighton
v_mauricio_antonio_de_souza,Mauricio Antonio de Souza,v_adilson_de_souza,Adilson de Souza,high,site_lineage_field,Lineage declarada no perfil: Mitsuyo Maeda > Carlos Gracie > George Gracie > Octávio de Almeida > Adilson de Souza > Mauricio Antonio de Souza > Mark Vives > Matthew Leighton
v_mark_vives,Mark Vives,v_mauricio_antonio_de_souza,Mauricio Antonio de Souza,high,site_lineage_field,Lineage declarada no perfil: Mitsuyo Maeda > Carlos Gracie > George Gracie > Octávio de Almeida > Adilson de Souza > Mauricio Antonio de Souza > Mark Vives > Matthew Leighton
8729,Matthew Leighton,v_mark_vives,Mark Vives,high,site_lineage_field,Lineage declarada no perfil: Mitsuyo Maeda > Carlos Gracie > George Gracie > Octávio de Almeida > Adilson de Souza > Mauricio Antonio de Souza > Mark Vives > Matthew Leighton
2322,Marc Laimon,john-lewis,John Lewis,high,site_lineage_field,Lineage declarada no perfil: Carlos Gracie > Helio Gracie > Carlson Gracie > André Pederneiras > John Lewis > Marc Laimon
1382,Marcel Louzado,601,Roberto Godoi,high,site_lineage_field,Lineage declarada no perfil: Carlos Gracie > Helio Gracie > Rickson Gracie > Marcelo Behring > Waldomiro Perez > Roberto Godoi > Marcel Louzado
570,Marcelino Freitas,78,Andre Pederneiras,high,site_lineage_field,Lineage declarada no perfil: Mitsuyo Maeda > Carlos Gracie > Helio Gracie > Carlson Gracie > André Pederneiras > Marcelino Freitas
943,Marcelo Saporito,22,Carlson Gracie,high,site_lineage_field,Lineage declarada no perfil: Carlos Gracie > Carlson Gracie > Marcelo Saporito > Marcelo Cohen
8361,Marcelo Cohen,943,Marcelo Saporito,high,site_lineage_field,Lineage declarada no perfil: Carlos Gracie > Carlson Gracie > Marcelo Saporito > Marcelo Cohen
10644,Marcelo Gomide,1229,Erik Wanderley,high,site_lineage_field,Lineage declarada no perfil: Carlos Gracie > Helio Gracie > Carlos Gracie Jr > Vinicius Draculino > Erik Wanderley > Marcelo Gomide
10405,Marcelo Nunes,378,Robert Drysdale,high,site_lineage_field,Lineage declarada no perfil: Carlos Gracie > Helio Gracie > Rolls Gracie > Romero Cavalcanti > Leonardo Vieira > Robert Drysdale > Marcelo Nunes
1090,Marcelo Machado,515,Royler Gracie,high,site_lineage_field,Lineage declarada no perfil: Mitsuyo Maeda > Carlos Gracie > Helio Gracie > Royler Gracie > Marcelo Machado
9706,Marcelo Mafra,112,Demian Maia,high,site_lineage_field,Lineage declarada no perfil: Mitsuyo Maeda > Carlos Gracie > Helio Gracie > Rolls Gracie > Romero Cavalcanti (Cavalcante) > Fabio Gurgel > Demian Maia > Marcelo Mafra
8337,Marcelo Martins,v_elcio_figueiredo,Élcio Figueiredo,high,site_lineage_field,Lineage declarada no perfil: Mitsuyo Maeda > Carlos Gracie > Carlson Gracie > Élcio Figueiredo > Marcelo Martins
1253,Marcelo Ribeiro,297,Carlos Gracie Junior,high,site_lineage_field,Lineage declarada no perfil: Mitsuyo Maeda > Carlos Gracie Sr. > Helio Gracie > Carlos Gracie Junior > Marcelo Ribeiro
13628,Marcelo Pereira,78,Andre Pederneiras,high,site_lineage_field,Lineage declarada no perfil: Carlos Gracie > Helio Gracie > Carlson Gracie > Andre Pederneiras > Marcelo Pereira
205,Marcelo Salazar,627,Murilo Bustamante,high,site_lineage_field,Lineage declarada no perfil: Mitsuyo Maeda > Carlos Gracie > Carlson Gracie > Murilo Bustamante > Marcello Salazar
3099,Marcio Corleta,1631,Sylvio Behring,high,site_lineage_field,Lineage declarada no perfil: Mitsuyo Maeda > Carlos Gracie > Helio Gracie > Alvaro Barreto > Sylvio Behring > Marcio Corleta
4135,Marcio dos Santos,524,Osvaldo Alves,high,site_lineage_field,Lineage declarada no perfil: Mitsuyo Maeda > Carlos Gracie sr > Reyson Gracie > Osvaldo Alves > Marcio dos Santos
687,Marcio Feitosa,297,Carlos Gracie Junior,high,site_lineage_field,Lineage declarada no perfil: Carlos Gracie Sr. > Helio Gracie > Carlos Gracie Junior > Marcio Feitosa
3090,Marcio Stambowsky,27,Rolls Gracie,high,site_lineage_field,Lineage declarada no perfil: Carlos Gracie > Helio Gracie > Rolls Gracie > Marcio Stambowsky
1218,Marco Vilella,297,Carlos Gracie Junior,high,site_lineage_field,Lineage declarada no perfil: Mitsuyo Maeda > Carlos Gracie Sr. > Carlos Gracie Junior > Marco Vilella
1182,Marcos da Matta,22,Carlson Gracie,high,site_lineage_field,Lineage declarada no perfil: Mitsuyo Maeda > Carlos Gracie > Carlson Gracie > Marcos da Matta
1124,Marcos Escobar,935,Leonardo Castello Branco,high,site_lineage_field,Lineage declarada no perfil: Mitsuyo Maeda > Carlos Gracie > Carlson Gracie > Fernando “Pinduka” > Leonardo Castello Branco > Marcos Escobar
v_marcos_gomes,Marcos Gomes,415,Guilherme Mendes,high,site_lineage_field,Lineage declarada no perfil: Carlos Gracie > Helio Gracie > Carlson Gracie > André Pederneiras > Ramon Lemos > Guilherme Mendes > Marcos Gomes
v_diego_martins,Diego Martins),492,Marco Barbosa,high,site_lineage_field,Lineage declarada no perfil: Carlos Gracie > Helio Gracie > Rickson Gracie > Marcelo Behring > Waldomiro Perez > Roberto Godoi > Marco Barbosa > Diego Martins) > Marcos Martins
9573,Marcos Martins,v_diego_martins,Diego Martins),high,site_lineage_field,Lineage declarada no perfil: Carlos Gracie > Helio Gracie > Rickson Gracie > Marcelo Behring > Waldomiro Perez > Roberto Godoi > Marco Barbosa > Diego Martins) > Marcos Martins
v_javier_gomez,Javier Gomez,5414,Osvaldo Moizinho,high,site_lineage_field,Lineage declarada no perfil: Carlos Gracie > Helio Gracie > Francisco Mansur > Augusto Mendes > Osvaldo Moizinho > Javier Gomez > Marco Mendes
13487,Marco Mendes,v_javier_gomez,Javier Gomez,high,site_lineage_field,Lineage declarada no perfil: Carlos Gracie > Helio Gracie > Francisco Mansur > Augusto Mendes > Osvaldo Moizinho > Javier Gomez > Marco Mendes
6577,Marcos Santana,338,Ricardo Vieira,high,site_lineage_field,Lineage declarada no perfil: M. Maeda > C. Gracie > H. Gracie > Rolls Gracie > Romero Cavalcanti > Ricardo Vieira > Marcos Santana
v_marcos_de_oliveira,Marcos de Oliveira,591,Ricardo Liborio,high,site_lineage_field,Lineage declarada no perfil: Mitsuyo Maeda > Carlos Gracie > Carlson Gracie > Ricardo Libório > Marcos de Oliveira
v_marcos_tinoco,Marcos Tinoco,16,Marcelo Garcia,high,site_lineage_field,Lineage declarada no perfil: Mitsuyo Maeda > Carlos Gracie > Helio Gracie > Rolls Gracie > Romero Cavalcanti > Fabio Gurgel > Marcelo Garcia > Marcos Tinoco
v_marcos_costa,Marcos Costa,6748,Juarez Soares,high,site_lineage_field,Lineage declarada no perfil: Mitsuyo Maeda > Luis França > Oswaldo Fadda > Monir Salomão > Juarez Soares > Marcos Costa
2290,Marcos Torregrosa,1223,Cassio Werneck,high,site_lineage_field,Lineage declarada no perfil: Mitsuyo Maeda > Carlos Gracie > Reyson Gracie > Osvaldo Alves > Fabrício Martins > Ricardo Reis > Cassio Werneck > Marcos Torregrosa
984,Marcus Almeida,rodrigo-cavaca,Rodrigo Cavaca,high,site_lineage_field,Lineage declarada no perfil: Carlos Gracie > Carlson Gracie > Élcio Figueiredo > Rodrigo Cavaca > Marcus Almeida
1034,Pedro Sauer,67,Rickson Gracie,high,site_lineage_field,Lineage declarada no perfil: Carlos Gracie > Helio Gracie > Rickson Gracie > Pedro Sauer > Ishmael Bentley > Marcus Beddo
v_ishmael_bentley,Ishmael Bentley,1034,Pedro Sauer,high,site_lineage_field,Lineage declarada no perfil: Carlos Gracie > Helio Gracie > Rickson Gracie > Pedro Sauer > Ishmael Bentley > Marcus Beddo
v_marcus_beddo,Marcus Beddo,v_ishmael_bentley,Ishmael Bentley,high,site_lineage_field,Lineage declarada no perfil: Carlos Gracie > Helio Gracie > Rickson Gracie > Pedro Sauer > Ishmael Bentley > Marcus Beddo
1619,Marcus Bello,203,Julio Cesar,high,site_lineage_field,Lineage declarada no perfil: Mitsuyo Maeda > Luis França > Oswaldo Fadda > Monir Salomão > Julio Cesar Pereira > Marcus Bello
1785,Marcus Norat,515,Royler Gracie,high,site_lineage_field,Lineage declarada no perfil: Mitsuyo Maeda > Carlos Gracie > Helio Gracie > Royler Gracie > Marcus Norat
7321,Darragh OConnaill,481,Saulo Ribeiro,high,site_lineage_field,Lineage declarada no perfil: Carlos Gracie > Helio Gracie > Royler Gracie > Saulo Ribeiro > Darragh O’Conaill > Marcus Phelan
11187,Marcus Phelan,7321,Darragh OConnaill,high,site_lineage_field,Lineage declarada no perfil: Carlos Gracie > Helio Gracie > Royler Gracie > Saulo Ribeiro > Darragh O’Conaill > Marcus Phelan
10130,Marcus Vinicius Ribeiro,11701,Luciano Nucci,high,site_lineage_field,Lineage declarada no perfil: Carlos Gracie > Helio Gracie > Carlos Gracie Jr. > Ryan Gracie > Luciano Nucci > Marcus Ribeiro
12233,Margot Ciccarelli,484,Murilo Santana,high,site_lineage_field,Lineage declarada no perfil: Carlos Gracie > Helio Gracie > Rickson Gracie > Marcelo Behring > Mario Yamasaki > Murilo Santana > Margot Ciccarelli
12201,Maria Eduarda Tozoni,v_marcos_cunha,Marcos Cunha,high,site_lineage_field,Lineage declarada no perfil: Luiz França > Oswaldo Fadda > Sebastião Ricardo > Wendell Alexander > André Marola > Marcos Cunha > Maria Eduarda Tozoni
v_sr,Sr.,36,Carlos Gracie Senior,high,site_lineage_field,Lineage declarada no perfil: Carlos Gracie > Sr. > Helio Gracie > Carlos Gracie Junior > Ryan Gracie > Gabriel Vella > Caio Almeida > Maria Luiza
44,Helio Gracie,v_sr,Sr.,high,site_lineage_field,Lineage declarada no perfil: Carlos Gracie > Sr. > Helio Gracie > Carlos Gracie Junior > Ryan Gracie > Gabriel Vella > Caio Almeida > Maria Luiza
13505,Maria Luiza,7672,Caio Almeida,high,site_lineage_field,Lineage declarada no perfil: Carlos Gracie > Sr. > Helio Gracie > Carlos Gracie Junior > Ryan Gracie > Gabriel Vella > Caio Almeida > Maria Luiza
v_renato_veras,Renato Verás,203,Julio Cesar,high,site_lineage_field,Lineage declarada no perfil: Luis França > O. Fadda > Monir Salomão > Julio Cesar > Renato Verás > Maria Luisa Delahaye
13983,Maria Luiza Delahaye,v_renato_veras,Renato Verás,high,site_lineage_field,Lineage declarada no perfil: Luis França > O. Fadda > Monir Salomão > Julio Cesar > Renato Verás > Maria Luisa Delahaye
8759,Maria Malyjasiak,390,Abmar Barbosa,high,site_lineage_field,Lineage declarada no perfil: Carlos Gracie > Helio Gracie > Rolls Gracie > Romero Cavalcanti > Leonardo Vieira > Robert Drysdale > Abmar Barbosa > Maria Malyjasiak
13809,Maria Ruffatto,13962,Ighor Horta,high,site_lineage_field,Lineage declarada no perfil: Carlos Gracie > Carlson Gracie > Sergio Souza > Ricardo Marques > Ighor Horta > Maria Ruffatto
13586,Maria Carolina Vicentini,11658,Lucas Gualberto,high,site_lineage_field,Lineage declarada no perfil: Carlos Gracie > Helio Gracie > Rolls Gracie > Romero Cavalcanti > Fábio Gurgel > Isaque Bahiense > Lucas Gualberto > Maria Carolina Vicentini
1810,Marina Ribeiro,338,Ricardo Vieira,high,site_lineage_field,Lineage declarada no perfil: Mitsuyo Maeda > Carlos Gracie > Helio Gracie > Rolls Gracie > Romero Cavalcanti > Ricardo Vieira > Marina Ribeiro
3546,Mario Claudio Tallarico,27,Rolls Gracie,high,site_lineage_field,Lineage declarada no perfil: Mitsuyo Maeda > Carlos Gracie > Helio Gracie > Rolls Gracie > Mario Tallarico
1226,Mario Yokoyama,6683,Ryan Gracie,high,site_lineage_field,Lineage declarada no perfil: Mitsuyo Maeda > Carlos Gracie Sr. > Carlos Gracie Junior > Ryan Gracie > Mario Sergio Yokoyama
1774,Mark Ramos,v_edson_carvalho,Edson Carvalho,high,site_lineage_field,Lineage declarada no perfil: Mitsuyo Maeda > Carlos Gracie > Carlson Gracie > Edson Carvalho > Mark Ramos
367,Marlon Sandro,78,Andre Pederneiras,high,site_lineage_field,Lineage declarada no perfil: Carlos Gracie > Helio Gracie > Carlson Gracie > André Pederneiras > Marlon Sandro
7645,Masahiro Iwasaki,492,Marco Barbosa,high,site_lineage_field,Lineage declarada no perfil: Carlos Gracie > Helio Gracie > Rickson Gracie > Marcelo Behring > Waldomiro Perez > Roberto Godoi > Marco Barbosa > Masahiro Iwasaki
11789,Mason Fowler,582,Caio Terra,high,site_lineage_field,Lineage declarada no perfil: Carlos Gracie > Reylson Gracie > Paulo Maurício Strauch > Caio Terra > Mason Fowler
10509,Mathias Luna,8202,Ricardo Feliciano,high,site_lineage_field,Lineage declarada no perfil: Carlos Gracie > Helio Gracie > Rolls Gracie > Romero Cavalcanti > Leonardo Vieira > Lucas Leite > Ricardo Feliciano > Mathias Luna
10094,Mauricio Antunes,1155,Cicero Costha,high,site_lineage_field,Lineage declarada no perfil: Mitsuyo Maeda > Carlos Gracie > Helio Gracie > Rickson Gracie > Marcelo Behring > Waldomiro Perez > Roberto Godoi > Marco Barbosa > Cicero Costha > Mauricio Antunes
1185,Mauricio Gomes,27,Rolls Gracie,high,site_lineage_field,Lineage declarada no perfil: Mitsuyo Maeda > Carlos Gracie > Helio Gracie > Rolls Gracie > Maurício Gomes
v_mauricio_oliveira,Maurício Oliveira,203,Julio Cesar,high,site_lineage_field,Lineage declarada no perfil: Luis França > Oswaldo Fadda > Monir Salomão > Júlio César > Maurício Oliveira
9106,Mauro Pacifico,2216,Octavio de Almeida,high,site_lineage_field,Lineage declarada no perfil: Mitsuyo Maeda > Carlos Gracie > George Gracie > Octávio de Almeida > Mauro Pacífico
11926,Mayara Custodio,5523,Sebastian Lalli,high,site_lineage_field,Lineage declarada no perfil: Carlos Gracie > Helio Gracie > Carlson Gracie > Ricardo De La Riva > Carlos Lima > Sebastian Lalli > Mayara Custódio
8218,Mayko Araujo,419,Leonardo Vieira,high,site_lineage_field,Lineage declarada no perfil: M. Maeda > Carlos Gracie > Helio G > Rolls G > Romero Cavalcanti > Leonardo Vieira > Mayko Araújo
9271,Mayssa Bastos,203,Julio Cesar,high,site_lineage_field,Lineage declarada no perfil: Luis França > Oswaldo Fadda > Monir Salomão > Júlio César > Mayssa Bastos
v_roberval_mascarenhas,Roberval Mascarenhas,524,Osvaldo Alves,high,site_lineage_field,Lineage declarada no perfil: Carlos Gracie > Reyson Gracie > Osvaldo Alves > Roberval Mascarenhas > Iran Mascarenhas > Kent Hammarström > Max Lindblad
v_iran_mascarenhas,Iran Mascarenhas,v_roberval_mascarenhas,Roberval Mascarenhas,high,site_lineage_field,Lineage declarada no perfil: Carlos Gracie > Reyson Gracie > Osvaldo Alves > Roberval Mascarenhas > Iran Mascarenhas > Kent Hammarström > Max Lindblad
v_kent_hammarstrom,Kent Hammarström,v_iran_mascarenhas,Iran Mascarenhas,high,site_lineage_field,Lineage declarada no perfil: Carlos Gracie > Reyson Gracie > Osvaldo Alves > Roberval Mascarenhas > Iran Mascarenhas > Kent Hammarström > Max Lindblad
8308,Max Lindblad,v_kent_hammarstrom,Kent Hammarström,high,site_lineage_field,Lineage declarada no perfil: Carlos Gracie > Reyson Gracie > Osvaldo Alves > Roberval Mascarenhas > Iran Mascarenhas > Kent Hammarström > Max Lindblad
8116,Dante Leon,2035,Vitor Henrique,high,site_lineage_field,Lineage declarada no perfil: C. Gracie > Helio Gracie > Carlos Gracie Jr > Adilson Lima > Vitor Oliveira > Dante Leon > Max Hanson
13804,Maximilian Hanson,8116,Dante Leon,high,site_lineage_field,Lineage declarada no perfil: C. Gracie > Helio Gracie > Carlos Gracie Jr > Adilson Lima > Vitor Oliveira > Dante Leon > Max Hanson
11620,Maxine Thylin,903,Leticia Ribeiro,high,site_lineage_field,Lineage declarada no perfil: C. Gracie > Helio Gracie > Royler Gracie > Vini Aieta > Letícia Ribeiro > Maxine Thylin
v_marcio_pinheiro,Marcio Pinheiro,486,Amaury Bitetti,high,site_lineage_field,Lineage declarada no perfil: Carlos Gracie > Helio Gracie > Carlson Gracie > Amauri Bitetti > Marcio Pinheiro > Leo Morosetti > Melissa Cueto
v_leo_morosetti,Leo Morosetti,v_marcio_pinheiro,Marcio Pinheiro,high,site_lineage_field,Lineage declarada no perfil: Carlos Gracie > Helio Gracie > Carlson Gracie > Amauri Bitetti > Marcio Pinheiro > Leo Morosetti > Melissa Cueto
10451,Melissa Cueto,v_leo_morosetti,Leo Morosetti,high,site_lineage_field,Lineage declarada no perfil: Carlos Gracie > Helio Gracie > Carlson Gracie > Amauri Bitetti > Marcio Pinheiro > Leo Morosetti > Melissa Cueto
14270,Mia Funegra,415,Guilherme Mendes,high,site_lineage_field,Lineage declarada no perfil: Carlos Gracie > Helio Gracie > Carlson Gracie > André Pederneiras > Ramon Lemos > Guilherme Mendes > Mia Funegra
12122,Micael Galvao,10088,Melqui Galvao,high,site_lineage_field,Lineage declarada no perfil: Carlos Gracie > Helio Gracie > Royler Gracie > Rolker Gracie > Augusto Monteiro > Ronnie Melo > Melquisedeque Galvão > Micael Galvão
8427,Michael Perez,144,Andre Galvao,high,site_lineage_field,Lineage declarada no perfil: M. Maeda > Carlos Gracie > Reyson Gracie > Osvaldo Alves > L. Dagmar > André Galvão > Mike Perez
9253,Michael Trasso,6507,Regis Lebre,high,site_lineage_field,Lineage declarada no perfil: Mitsuyo Maeda > Carlos Gracie > Helio Gracie > Royler Gracie > Regis Lebre > Michael Trasso
12455,Michael Zenga,v_joao_amaral,João Amaral,high,site_lineage_field,Lineage declarada no perfil: Carlos Gracie > Helio Gracie > Carlson Gracie > Crézio Sousa > João Amaral > Michael Zenga
13947,Michael Jalen Fonacier,147,Rubens Charles,high,site_lineage_field,Lineage declarada no perfil: Carlos Gracie > Helio Gracie > Rolls Gracie > Romero Cavalcanti > Alexandre Paiva > Fernando Terere > Rubens Charles > Jalen Fonacier
1747,Michel Langhi,147,Rubens Charles,high,site_lineage_field,Lineage declarada no perfil: Mitsuyo Maeda > Carlos Gracie > Helio Gracie > Rolls Gracie > Romero Cavalcanti > Alexandre Paiva > Fernando Augusto > Rubens Charles > Michel Langhi
823,Michelle Nicolini,378,Robert Drysdale,high,site_lineage_field,Lineage declarada no perfil: Mitsuyo Maeda > Carlos Gracie > Helio Gracie > Rolls Gracie > Romero Cavalcanti > Leonardo Vieira > Robert Drysdale > Michelle Nicolini
1583,Mike Fowler,1307,Lloyd Irvin,high,site_lineage_field,Lineage declarada no perfil: C. Gracie > H. Gracie > R. Gracie > Jorge Pereira > Leo Dalla > Lloyd Irvin > Mike Fowler
7917,Milton Bastos,ricardo-franjinha-miller,Ricardo Miller,high,site_lineage_field,Lineage declarada no perfil: M. Maeda > C. Gracie > H. Gracie > Rolls Gracie > Romero Cavalcanti > Ricardo Miller > Milton Bastos
2231,Milton Regis,2040,Francisco Mansur,high,site_lineage_field,Lineage declarada no perfil: Mitsuyo Maeda > Carlos Gracie > Helio Gracie > Francisco Mansur > Milton Regis
v_moacir_mendes_jr,Moacir Mendes Jr,790,Mario Reis,high,site_lineage_field,Lineage declarada no perfil: M. Maeda > C. Gracie > H. Gracie > Álvaro Barreto > Sylvio Behring > Mário Reis > Moacir Mendes Jr
v_banni_cavalcanti,Banni Cavalcanti,22,Carlson Gracie,high,site_lineage_field,Lineage declarada no perfil: Carlos Gracie > Carlson Gracie > Banni Cavalcanti > Julio Lima > Sandro Lima > Monica Vanessa Silva
v_julio_lima,Julio Lima,v_banni_cavalcanti,Banni Cavalcanti,high,site_lineage_field,Lineage declarada no perfil: Carlos Gracie > Carlson Gracie > Banni Cavalcanti > Julio Lima > Sandro Lima > Monica Vanessa Silva
v_sandro_lima,Sandro Lima,v_julio_lima,Julio Lima,high,site_lineage_field,Lineage declarada no perfil: Carlos Gracie > Carlson Gracie > Banni Cavalcanti > Julio Lima > Sandro Lima > Monica Vanessa Silva
2206,Monica Vanessa Silva,v_sandro_lima,Sandro Lima,high,site_lineage_field,Lineage declarada no perfil: Carlos Gracie > Carlson Gracie > Banni Cavalcanti > Julio Lima > Sandro Lima > Monica Vanessa Silva
v_eddie_ricardo,Eddie Ricardo,745,Carlos Machado,high,site_lineage_field,Lineage declarada no perfil: M. Maeda > C. Gracie > H. Gracie > C. Gracie Jr > Carlos Machado > Eddie Ricardo > Monique Ricardo
7903,Monique Ricardo,v_eddie_ricardo,Eddie Ricardo,high,site_lineage_field,Lineage declarada no perfil: M. Maeda > C. Gracie > H. Gracie > C. Gracie Jr > Carlos Machado > Eddie Ricardo > Monique Ricardo
6176,Suyan Queiroz,22,Carlson Gracie,high,site_lineage_field,Lineage declarada no perfil: Carlos Gracie > Helio Gracie > Carlson Gracie > Suyan Queiroz > Marcelo Motta > Morgan Black
v_marcelo_motta,Marcelo Motta,6176,Suyan Queiroz,high,site_lineage_field,Lineage declarada no perfil: Carlos Gracie > Helio Gracie > Carlson Gracie > Suyan Queiroz > Marcelo Motta > Morgan Black
13594,Morgan Black,v_marcelo_motta,Marcelo Motta,high,site_lineage_field,Lineage declarada no perfil: Carlos Gracie > Helio Gracie > Carlson Gracie > Suyan Queiroz > Marcelo Motta > Morgan Black
v_jeferson_adam,Jeferson Adam),790,Mario Reis,high,site_lineage_field,Lineage declarada no perfil: Carlos Gracie > Helio Gracie > Alvaro Barreto > Sylvio Behring > Mario Reis > Jeferson Adam) > Murilo Amaral
9486,Murilo Amaral,v_jeferson_adam,Jeferson Adam),high,site_lineage_field,Lineage declarada no perfil: Carlos Gracie > Helio Gracie > Alvaro Barreto > Sylvio Behring > Mario Reis > Jeferson Adam) > Murilo Amaral
v_john_donehue,John Donehue,1817,Rigan Machado,high,site_lineage_field,Lineage declarada no perfil: Carlos Gracie > Helio Gracie > Carlos Gracie Jr. > Rigan Machado > John Donehue > Jeroen Lynders > Nadia Frankland
v_jeroen_lynders,Jeroen Lynders,v_john_donehue,John Donehue,high,site_lineage_field,Lineage declarada no perfil: Carlos Gracie > Helio Gracie > Carlos Gracie Jr. > Rigan Machado > John Donehue > Jeroen Lynders > Nadia Frankland
14186,Nadia Frankland,v_jeroen_lynders,Jeroen Lynders,high,site_lineage_field,Lineage declarada no perfil: Carlos Gracie > Helio Gracie > Carlos Gracie Jr. > Rigan Machado > John Donehue > Jeroen Lynders > Nadia Frankland
v_igor_almeira,Igor Almeira,3371,Eduardo Venancio,high,site_lineage_field,Lineage declarada no perfil: Carlos Gracie > Helio Gracie > Carlson Gracie > Ricardo De La Riva > Eduardo Brigadeiro > Igor Almeira > Natasha Quiza
11986,Natasha Quiza,v_igor_almeira,Igor Almeira,high,site_lineage_field,Lineage declarada no perfil: Carlos Gracie > Helio Gracie > Carlson Gracie > Ricardo De La Riva > Eduardo Brigadeiro > Igor Almeira > Natasha Quiza
9227,Nathalie Ribeiro,875,Lucas Leite,high,site_lineage_field,Lineage declarada no perfil: Carlos Gracie > Helio Gracie > Rolls Gracie > Romero Cavalcanti (Jacaré) > Leonardo Vieira (Leozinho) > Lucas Leite > Nathalie Ribeiro
10216,Natan Chueng,1155,Cicero Costha,high,site_lineage_field,Lineage declarada no perfil: Carlos Gracie > Helio Gracie > Rickson Gracie > Marcelo Behring > Waldomiro Perez > Roberto Godoi > Marco Barbosa > Cicero Costha > Natan Chueng
v_marcio_navarro,Marcio Navarro,378,Robert Drysdale,high,site_lineage_field,Lineage declarada no perfil: Carlos Gracie > Hélio Gracie > Rolls Gracie > Romero Cavalcanti > Leonardo Vieira > Robert Drysdale > Marcio Navarro > Nathan Carroll
v_nathan_carroll,Nathan Carroll,v_marcio_navarro,Marcio Navarro,high,site_lineage_field,Lineage declarada no perfil: Carlos Gracie > Hélio Gracie > Rolls Gracie > Romero Cavalcanti > Leonardo Vieira > Robert Drysdale > Marcio Navarro > Nathan Carroll
8081,Nathan Mendelsohn,2100,Claudio Franca,high,site_lineage_field,Lineage declarada no perfil: C. Gracie > Helio Gracie > Francisco Mansor > Cláudio França > Nathan Mendelsohn
12729,Nathannael Fernandes,10088,Melqui Galvao,high,site_lineage_field,Lineage declarada no perfil: Carlos Gracie > Helio Gracie > Royler Gracie > Rolker Gracie > Augusto Monteiro > Ronnie Melo > Melquisedeque Galvão > Nathannael Fernandes
14244,Nia Blackman,405,Marco Canha,high,site_lineage_field,Lineage declarada no perfil: Carlos Gracie > Helio Gracie > Rolls Gracie > Romero Cavalcanti > Ricardo Vieira > Marco Canha > Nia Blackman
6833,Jared Weiner,1307,Lloyd Irvin,high,site_lineage_field,Lineage declarada no perfil: Mitsuyo Maeda > Carlos Gracie > Helio Gracie > Rickson Gracie > Jorge Pereira > Leo Dalla > Lloyd Irvin > Jared Weiner > Nick Calvanese
7914,Nicholas Calvanese,6833,Jared Weiner,high,site_lineage_field,Lineage declarada no perfil: Mitsuyo Maeda > Carlos Gracie > Helio Gracie > Rickson Gracie > Jorge Pereira > Leo Dalla > Lloyd Irvin > Jared Weiner > Nick Calvanese
v_jeferson_adan,Jeferson Adan),790,Mario Reis,high,site_lineage_field,Lineage declarada no perfil: Carlos Gracie > Helio Gracie > Alvaro Barreto > Sylvio Behring > Mario Reis > Jeferson Adan) > Nicholas Meregali
7507,Nicholas Meregali,v_jeferson_adan,Jeferson Adan),high,site_lineage_field,Lineage declarada no perfil: Carlos Gracie > Helio Gracie > Alvaro Barreto > Sylvio Behring > Mario Reis > Jeferson Adan) > Nicholas Meregali
13463,Nicholas Maglicic,144,Andre Galvao,high,site_lineage_field,Lineage declarada no perfil: Carlos Gracie > Reyson Gracie > Osvaldo Alves > Luis Dagmar > André Galvão > Nicholas Maglicic
2297,Nicolas Gregoriades,505,Roger Gracie,high,site_lineage_field,Lineage declarada no perfil: Mitsuyo Maeda > Carlos Gracie Sr. > Carlos Gracie Junior > Roger Gracie > Nicolas Gregoriades
9823,Nicole Sullivan,144,Andre Galvao,high,site_lineage_field,Lineage declarada no perfil: Carlos Gracie (Senior) > Reyson Gracie > Osvaldo Alves > Luis Dagmar (Careca) > André Galvão > Nicole Sullivan
12110,Nick Rodriguez,8346,Craig Jones,high,site_lineage_field,Lineage declarada no perfil: Carlos Gracie > Helio Gracie > Carlos Gracie Jr > Jean Jacques Machado > Rigan Machado > John Will > John Simon > Lachlan Giles > Craig Jones > Nick Rodriguez
12102,Nick Salles,5447,Michael Musumeci,high,site_lineage_field,Lineage declarada no perfil: Carlos Gracie > Helio Gracie > Carlson Gracie > Andre Pederneiras > Rafael Fofitio > Gilbert Burns > Michael Musumeci > Nick Salles
7922,Nick Schrock,9114,JW Wright,high,site_lineage_field,Lineage declarada no perfil: Mitsuyo Maeda > Carlos Gracie > Helio Gracie > Royler Gracie > JW Wright > Nick Schrock
11735,Nicky Ryan,623,John Danaher,high,site_lineage_field,Lineage declarada no perfil: Carlos Gracie > Helio Gracie > Carlos Gracie Jr > Renzo Gracie > John Danaher > Nicky Ryan
v_dave_marinakis_lee_ting,Dave Marinakis / Lee Ting,v_david_hart,David Hart,high,site_lineage_field,Lineage declarada no perfil: Carlos Gracie > Helio Gracie > Carlos Gracie Junior > Jean Jacques Machado > Rigan Machado > John Will > David Hart > Dave Marinakis / Lee Ting > Nikki Lloyd-Griffiths
13560,Nikki Lloyd-Griffiths,v_dave_marinakis_lee_ting,Dave Marinakis / Lee Ting,high,site_lineage_field,Lineage declarada no perfil: Carlos Gracie > Helio Gracie > Carlos Gracie Junior > Jean Jacques Machado > Rigan Machado > John Will > David Hart > Dave Marinakis / Lee Ting > Nikki Lloyd-Griffiths
10468,Nisar Loynab,144,Andre Galvao,high,site_lineage_field,Lineage declarada no perfil: Carlos Gracie > Reyson Gracie > O. Alves > Luis Dagmar > André Galvão > Nisar Loynab
1604,Nivaldo Oliveira,419,Leonardo Vieira,high,site_lineage_field,Lineage declarada no perfil: Mitsuyo Maeda > Carlos Gracie > Helio Gracie > Rolls Gracie > Romero Cavalcanti > Leonardo Vieira > Nivaldo Oliveira
v_adalberto_ventura,Adalberto Ventura,6339,Admilson Brites,high,site_lineage_field,Lineage declarada no perfil: M. Maeda > C. Gracie > H. Gracie > Royler Gracie > Admilson Brites > Adalberto Ventura > Nívia Moura
8585,Nivia Moura,v_adalberto_ventura,Adalberto Ventura,high,site_lineage_field,Lineage declarada no perfil: M. Maeda > C. Gracie > H. Gracie > Royler Gracie > Admilson Brites > Adalberto Ventura > Nívia Moura
9502,Nobuhiro Sawada,1882,Mitsuyoshi Hayakawa,high,site_lineage_field,Lineage declarada no perfil: Mitsuyo Maeda > Carlos Gracie > Helio Gracie > Rolls Gracie > Romero Cavalcanti (Jacaré) > Alexandre Paiva (Gi-gi) > Mitsuyoshi Hayakawa > Nobuhiro Sawada
5793,Bruno Paulista,449,Alexandre de Souza,high,site_lineage_field,Lineage declarada no perfil: Carlos Gracie > Helio Gracie > Crolin Gracie > Alexandre de Souza > Bruno Paulista > Beneil Dariush > Dan Lukehart
5365,Beneil Dariush,5793,Bruno Paulista,high,site_lineage_field,Lineage declarada no perfil: Carlos Gracie > Helio Gracie > Crolin Gracie > Alexandre de Souza > Bruno Paulista > Beneil Dariush > Dan Lukehart
v_dan_lukehart,Dan Lukehart,5365,Beneil Dariush,high,site_lineage_field,Lineage declarada no perfil: Carlos Gracie > Helio Gracie > Crolin Gracie > Alexandre de Souza > Bruno Paulista > Beneil Dariush > Dan Lukehart
v_jairo_moura,Jairo Moura,1377,Jurandir Moura,high,site_lineage_field,Lineage declarada no perfil: Mitsuyo Maeda > Carlos Gracie > George Gracie > Jurandir Moura > Jairo Moura > Arnaldo Alves > Nuno Martins
v_arnaldo_alves,Arnaldo Alves,v_jairo_moura,Jairo Moura,high,site_lineage_field,Lineage declarada no perfil: Mitsuyo Maeda > Carlos Gracie > George Gracie > Jurandir Moura > Jairo Moura > Arnaldo Alves > Nuno Martins
10172,Nuno Martins,v_arnaldo_alves,Arnaldo Alves,high,site_lineage_field,Lineage declarada no perfil: Mitsuyo Maeda > Carlos Gracie > George Gracie > Jurandir Moura > Jairo Moura > Arnaldo Alves > Nuno Martins
8278,Nyjah Rollins,1307,Lloyd Irvin,high,site_lineage_field,Lineage declarada no perfil: M. Maeda > C. Gracie > H. Gracie > Rickson Gracie > J. Pereira > Leo Dalla > Lloyd Irvin > Nyjah Rollins
591,Ricardo Liborio,627,Murilo Bustamante,high,site_lineage_field,Lineage declarada no perfil: Carlos Gracie > Carlson Gracie > Murilo Bustamante > Ricardo Libório > Alex Paz > B. Odsuren
6286,Alex Paz,591,Ricardo Liborio,high,site_lineage_field,Lineage declarada no perfil: Carlos Gracie > Carlson Gracie > Murilo Bustamante > Ricardo Libório > Alex Paz > B. Odsuren
v_b_odsuren,B. Odsuren,6286,Alex Paz,high,site_lineage_field,Lineage declarada no perfil: Carlos Gracie > Carlson Gracie > Murilo Bustamante > Ricardo Libório > Alex Paz > B. Odsuren
11615,Olavo Abreu,591,Ricardo Liborio,high,site_lineage_field,Lineage declarada no perfil: Carlos Gracie > Helio Gracie > Carlson Gracie > Ricardo Libório > Olavo Abreu
256,Oliver Geddes,505,Roger Gracie,high,site_lineage_field,Lineage declarada no perfil: Mitsuyo Maeda > Carlos Gracie Sr. > Carlos Gracie Junior > Roger Gracie > Oliver Geddes
11707,Oliver Taza,623,John Danaher,high,site_lineage_field,Lineage declarada no perfil: Carlos Gracie > Helio Gracie > Carlos Gracie Jr > Renzo Gracie > John Danaher > Oliver Taza
338,Ricardo Vieira,419,Leonardo Vieira,high,site_lineage_field,Lineage declarada no perfil: C. Gracie > H. Gracie > Rolls Gracie > Romero Cavalcanti > Leo Vieira > Ricardo Vieira > Helder Medeiros > Omar AlSuwaidi
14191,Omar AlSuwaidi,11228,Helder Medeiros,high,site_lineage_field,Lineage declarada no perfil: C. Gracie > H. Gracie > Rolls Gracie > Romero Cavalcanti > Leo Vieira > Ricardo Vieira > Helder Medeiros > Omar AlSuwaidi
v_otavio_peixotinho,Otavio Peixotinho,22,Carlson Gracie,high,site_lineage_field,Lineage declarada no perfil: Mitsuyo Maeda > Carlos Gracie > Carlson Gracie > Otavio Peixotinho
2107,Otavio Sousa,297,Carlos Gracie Junior,high,site_lineage_field,Lineage declarada no perfil: Carlos Gracie > Helio Gracie > Carlos Gracie Junior > Otavio Sousa
2452,Orlando Sanchez,1633,Jose Olimpio,high,site_lineage_field,Lineage declarada no perfil: Carlos Gracie > Helio Gracie > Carlos Gracie Junior > Jose Olimpio > Orlando Sanchez
12615,Osamah Almarwai,144,Andre Galvao,high,site_lineage_field,Lineage declarada no perfil: Carlos Gracie > Reyson Gracie > Osvaldo Alves > Luis Dagmar > André Galvão > Osamah Almarwai
1405,Oswaldo Gracie,36,Carlos Gracie Senior,high,site_lineage_field,Lineage declarada no perfil: Mitsuyo Maeda > Carlos Gracie > Oswaldo Gracie
v_oswaldo_paqueta,Oswaldo “Paqueta”,22,Carlson Gracie,high,site_lineage_field,Lineage declarada no perfil: Carlos Gracie > Carlson Gracie > Oswaldo “Paqueta”
1259,Patricia Lage,2529,Roberto Lage,high,site_lineage_field,Lineage declarada no perfil: Carlos Gracie > George Gracie > Octávio de Almeida > Roberto Lage > Patricia Lage
8658,Patrick Bittan,1495,Flavio Behring,high,site_lineage_field,Lineage declarada no perfil: Mitsuyo Maeda > Carlos Gracie > Helio Gracie > Flavio Behring > Patrick Bittan
11015,Pablo Lavaselli,v_eduardo_duarte,Eduardo Duarte,high,site_lineage_field,Lineage declarada no perfil: Carlos Gracie > Carlson Gracie > Andre Pederneiras > Eduardo Duarte > Pablo Lavaselli
8069,Pablo Mantovani,108,Gustavo Campos,high,site_lineage_field,Lineage declarada no perfil: Mitsuyo Maeda > Carlos Gracie > Reyson Gracie > Osvaldo Alves > Sérgio Penha > Walter Matos > Gustavo Campos > Pablo Mantovani
938,Pablo Silva,2985,Marcelo Azevedo,high,site_lineage_field,Lineage declarada no perfil: Mitsuyo Maeda > Carlos Gracie Sr. > Helio Gracie > Carlos Gracie Junior > Vinicius Magalhães > Marcelo Azevedo > Pablo Silva
v_eduardo_duarte,Eduardo Duarte,4334,Andre da Silva,high,site_lineage_field,Lineage declarada no perfil: Mitsuyo Maeda > Luiz França > Oswaldo Fadda > Sebastião Ricardo > Wendell Alexander > André Marola > Eduardo Duarte > Pámela Bóveda
v_pamela_boveda,Pámela Bóveda,v_eduardo_duarte,Eduardo Duarte,high,site_lineage_field,Lineage declarada no perfil: Mitsuyo Maeda > Luiz França > Oswaldo Fadda > Sebastião Ricardo > Wendell Alexander > André Marola > Eduardo Duarte > Pámela Bóveda
9344,Paul Schreiner,2100,Claudio Franca,high,site_lineage_field,Lineage declarada no perfil: Mitsuyo Maeda > Carlos Gracie > Helio Gracie > Francisco Mansor > Claudio França > Paul Schreiner
v_pj_barch,PJ Barch,6531,Richard Martinez,high,site_lineage_field,Lineage declarada no perfil: Carlos Gracie (Senior) > Hélio Gracie > Carlos Gracie Jr > JJ Machado > Eddie Bravo > Richie Martinez > PJ Barch
1870,Paulo Filho,22,Carlson Gracie,high,site_lineage_field,Lineage declarada no perfil: Mitsuyo Maeda > Carlos Gracie > Carlson Gracie > Paulo Filho
v_paulo_gazze_jr,Paulo Gazze Jr,max-trombini-cia-paulista,Milton Maximiliano,high,site_lineage_field,Lineage declarada no perfil: Mitsuyo Maeda > Carlos Gracie > Helio Gracie > Rickson Gracie > Marcelo Behring > Waldomiro Perez > Milton Maximiliano Trombini > Paulo Gazze Jr
v_paulo_gabriel,Paulo Gabriel,903,Leticia Ribeiro,high,site_lineage_field,Lineage declarada no perfil: Carlos Gracie > Helio Gracie > Royler Gracie > Vini Aieta > Letícia Ribeiro > Paulo Gabriel
2999,Paulo Miyao,1155,Cicero Costha,high,site_lineage_field,Lineage declarada no perfil: Carlos Gracie > Helio Gracie > Rickson Gracie > Marcelo Behring > Waldomiro Perez > Roberto Godoi > Marco Barbosa > Cicero Costha > Paulo Miyao
v_rafael_pinto,/ Rafael Pinto,2357,Ana Laura Cordeiro,high,site_lineage_field,Lineage declarada no perfil: Carlos Gracie Sr. > Helio Gracie > Carlos Gracie Junior > Ana Laura Cordeiro > / Rafael Pinto > Paulo Merlin
14196,Paulo Merlin,v_rafael_pinto,/ Rafael Pinto,high,site_lineage_field,Lineage declarada no perfil: Carlos Gracie Sr. > Helio Gracie > Carlos Gracie Junior > Ana Laura Cordeiro > / Rafael Pinto > Paulo Merlin
11917,Gabriel Marinho,3416,Monir Salomao,high,site_lineage_field,Lineage declarada no perfil: Luis França > Oswaldo Fadda > Monir Salomão > Júlio César > Gabriel Marinho > Pedro Alex
11862,Pedro Alex,11917,Gabriel Marinho,high,site_lineage_field,Lineage declarada no perfil: Luis França > Oswaldo Fadda > Monir Salomão > Júlio César > Gabriel Marinho > Pedro Alex
v_leo_d_ilha,Leo D’ilha,22,Carlson Gracie,high,site_lineage_field,Lineage declarada no perfil: Carlos Gracie > Helio Gracie > Carlson Gracie > Leo D’ilha > Flavio Ferreira > Thiago de Oliveira > Pedro Agrizzi
v_flavio_ferreira,Flavio Ferreira,v_leo_d_ilha,Leo D’ilha,high,site_lineage_field,Lineage declarada no perfil: Carlos Gracie > Helio Gracie > Carlson Gracie > Leo D’ilha > Flavio Ferreira > Thiago de Oliveira > Pedro Agrizzi
v_thiago_de_oliveira,Thiago de Oliveira,v_flavio_ferreira,Flavio Ferreira,high,site_lineage_field,Lineage declarada no perfil: Carlos Gracie > Helio Gracie > Carlson Gracie > Leo D’ilha > Flavio Ferreira > Thiago de Oliveira > Pedro Agrizzi
12277,Pedro Agrizzi,v_thiago_de_oliveira,Thiago de Oliveira,high,site_lineage_field,Lineage declarada no perfil: Carlos Gracie > Helio Gracie > Carlson Gracie > Leo D’ilha > Flavio Ferreira > Thiago de Oliveira > Pedro Agrizzi
10263,Pedro Crixel,1155,Cicero Costha,high,site_lineage_field,Lineage declarada no perfil: Carlos Gracie > Helio Gracie > Rickson Gracie > Marcelo Behring > Waldomiro Perez > Roberto Godoi > Marco Barbosa > Cicero Costha > Pedro Crixel
v_douglas_rufino,Douglas Rufino,338,Ricardo Vieira,high,site_lineage_field,Lineage declarada no perfil: Carlos Gracie > Helio Gracie > Rolls Gracie > Romero Cavalcanti > Ricardo Vieira > Douglas Rufino > Pedro Dias
8305,Pedro Dias,v_douglas_rufino,Douglas Rufino,high,site_lineage_field,Lineage declarada no perfil: Carlos Gracie > Helio Gracie > Rolls Gracie > Romero Cavalcanti > Ricardo Vieira > Douglas Rufino > Pedro Dias
9741,Pedro Elias,1167,Augusto Ferrari,high,site_lineage_field,Lineage declarada no perfil: Carlos Gracie > Helio Gracie > Rickson Gracie > Marcelo Behring > Waldomiro Perez > Roberto Godoi > Marco Barbosa > Augusto Ferrari > Pedro Elias
v_jose_honorio,José Honório,2512,Cezar Guimarães,high,site_lineage_field,Lineage declarada no perfil: Carlos Gracie > Helio Gracie > Carlson Gracie > Walter Guimaraes > Cezar Guimarães > José Honório > Rodrigo Ribeiro > Pedro Lucas
8762,Rodrigo Ribeiro,v_jose_honorio,José Honório,high,site_lineage_field,Lineage declarada no perfil: Carlos Gracie > Helio Gracie > Carlson Gracie > Walter Guimaraes > Cezar Guimarães > José Honório > Rodrigo Ribeiro > Pedro Lucas
13339,Pedro Lucas,8762,Rodrigo Ribeiro,high,site_lineage_field,Lineage declarada no perfil: Carlos Gracie > Helio Gracie > Carlson Gracie > Walter Guimaraes > Cezar Guimarães > José Honório > Rodrigo Ribeiro > Pedro Lucas
v_paulo_perrota,Paulo Perrota,553,Roberto Correa,high,site_lineage_field,Lineage declarada no perfil: Carlos Gracie > Helio Gracie > Carlos Gracie Jr. > Roberto Corrêa > Paulo Perrota > Pedro Machado
12537,Pedro Machado,v_paulo_perrota,Paulo Perrota,high,site_lineage_field,Lineage declarada no perfil: Carlos Gracie > Helio Gracie > Carlos Gracie Jr. > Roberto Corrêa > Paulo Perrota > Pedro Machado
v_felipe_rair,Felipe Rair,1223,Cassio Werneck,high,site_lineage_field,Lineage declarada no perfil: Carlos Gracie > Reyson Gracie > Osvaldo Alves > Fabrício Martins > Ricardo Reis > Cássio Werneck > Felipe Rair > Pedro Maia
12287,Pedro Maia,v_felipe_rair,Felipe Rair,high,site_lineage_field,Lineage declarada no perfil: Carlos Gracie > Reyson Gracie > Osvaldo Alves > Fabrício Martins > Ricardo Reis > Cássio Werneck > Felipe Rair > Pedro Maia
11991,Pedro Marinho,1491,Ulpiano Malachias,high,site_lineage_field,Lineage declarada no perfil: Carlos Gracie > Helio Gracie > Carlos Gracie Junior > Ulpiano Malachias > Pedro Marinho
6276,Paulo Sergio,355,Romero Cavalcanti,high,site_lineage_field,Lineage declarada no perfil: Mitsuyo Maeda > Carlos Gracie > Helio Gracie > Rolls Gracie > Romero Cavalcanti > Paulo Sérgio Santos > Pedro Mello
7760,Pedro Mello,6276,Paulo Sergio,high,site_lineage_field,Lineage declarada no perfil: Mitsuyo Maeda > Carlos Gracie > Helio Gracie > Rolls Gracie > Romero Cavalcanti > Paulo Sérgio Santos > Pedro Mello
v_antonio_collares,Antonio Collares,67,Rickson Gracie,high,site_lineage_field,Lineage declarada no perfil: Mitsuyo Maeda > Carlos Gracie > Helio Gracie > Rickson Gracie > Antonio Collares > Pedro Pacheco Fernandes
1087,Pedro Pacheco Fernandes,v_antonio_collares,Antonio Collares,high,site_lineage_field,Lineage declarada no perfil: Mitsuyo Maeda > Carlos Gracie > Helio Gracie > Rickson Gracie > Antonio Collares > Pedro Pacheco Fernandes
14223,Pedro Pessoa Bisneto,7831,Diego Dias Ramalho,high,site_lineage_field,Lineage declarada no perfil: Carlos Gracie > Helio Gracie > Carlos Gracie Jr > José Olimpio > Diego Ramalho > Pedro Pessoa Bisneto
v_kleber_repolho,Kleber Repolho,v_nonato_machado,Nonato Machado,high,site_lineage_field,Lineage declarada no perfil: Carlos Gracie > R. Gracie > Nonato Machado > Kleber Repolho > Manoel Neto > Paquito
7396,Manoel Neto,v_kleber_repolho,Kleber Repolho,high,site_lineage_field,Lineage declarada no perfil: Carlos Gracie > R. Gracie > Nonato Machado > Kleber Repolho > Manoel Neto > Paquito
v_paquito,Paquito,7396,Manoel Neto,high,site_lineage_field,Lineage declarada no perfil: Carlos Gracie > R. Gracie > Nonato Machado > Kleber Repolho > Manoel Neto > Paquito
11027,Pedro Rocha,2403,Joao Gabriel Rocha,high,site_lineage_field,Lineage declarada no perfil: Carlos Gracie > Helio Gracie > Carlson Gracie > Crézio de Souza > André Almeida > Rafael Barbosa > Leandro Escobar > João Gabriel Rocha > Pedro Henrique Rocha
10928,Pedro Serrano,320,Romulo Barral,high,site_lineage_field,Lineage declarada no perfil: Carlos Gracie > Helio Gracie > Carlos Gracie Junior > Vinicius Magalhães > Rômulo Barral > Pedro Serrano
v_pedro_silva_de_souza,Pedro Silva de Souza,7552,Isaque Bahiense,high,site_lineage_field,Lineage declarada no perfil: Carlos Gracie > Helio Gracie > Rolls Gracie > Romero Cavalcanti > Alexandre Paiva > Fernando Tererê > Rubens Charles > Michael Langhi > Isaque Bahiense > Pedro Silva de Souza
11044,Pedro Veras,1155,Cicero Costha,high,site_lineage_field,Lineage declarada no perfil: Carlos Gracie > Helio Gracie > Rickson Gracie > Marcelo Behring > Waldomiro Perez > Roberto Godoi > Marco Barbosa > Cicero Costha > Pedro Veras
luis-heredia,Luis Herédia,67,Rickson Gracie,high,site_lineage_field,Lineage declarada no perfil: Mitsuyo Maeda > Carlos Gracie > Helio Gracie > Rickson Gracie > Luis Herédia > Penny Thomas
1050,Penny Thomas,luis-heredia,Luis Herédia,high,site_lineage_field,Lineage declarada no perfil: Mitsuyo Maeda > Carlos Gracie > Helio Gracie > Rickson Gracie > Luis Herédia > Penny Thomas
1316,Peter Letsos,5998,Carlson Gracie Junior,high,site_lineage_field,Lineage declarada no perfil: Mitsuyo Maeda > Carlos Gracie > Carlson Gracie > Carlson Gracie Jr > Peter Letsos
6342,Pedro Duarte,627,Murilo Bustamante,high,site_lineage_field,"Lineage declarada no perfil: Mitsuyo Maeda > Carlos Gracie > Helio Gracie > Carlson Gracie > Murilo Bustamante > Pedro Duarte > , ( > Tero Pyylampi) > Perttu Tepponen"
v_,", (",6342,Pedro Duarte,high,site_lineage_field,"Lineage declarada no perfil: Mitsuyo Maeda > Carlos Gracie > Helio Gracie > Carlson Gracie > Murilo Bustamante > Pedro Duarte > , ( > Tero Pyylampi) > Perttu Tepponen"
v_tero_pyylampi,Tero Pyylampi),v_,", (",high,site_lineage_field,"Lineage declarada no perfil: Mitsuyo Maeda > Carlos Gracie > Helio Gracie > Carlson Gracie > Murilo Bustamante > Pedro Duarte > , ( > Tero Pyylampi) > Perttu Tepponen"
9959,Perttu Tepponen,v_tero_pyylampi,Tero Pyylampi),high,site_lineage_field,"Lineage declarada no perfil: Mitsuyo Maeda > Carlos Gracie > Helio Gracie > Carlson Gracie > Murilo Bustamante > Pedro Duarte > , ( > Tero Pyylampi) > Perttu Tepponen"
7847,Philippe Balmant,16,Marcelo Garcia,high,site_lineage_field,Lineage declarada no perfil: Mitsuyo Maeda > Carlos Gracie > Helio Gracie > Rolls Gracie > Romero Cavalcanti > Fabio Gurgel > Marcelo Garcia > Philippe Balmant
10399,Philippe Pomaski,419,Leonardo Vieira,high,site_lineage_field,Lineage declarada no perfil: Carlos Gracie > Helio Gracie > Rolls Gracie > Romero Cavalcanti > Leonardo Vieira > Philippe Pomaski
14227,Pierre Olivier-Leclerc,9859,Firas Zahabi,high,site_lineage_field,Lineage declarada no perfil: Carlos Gracie > Helio Gracie > Carlos Gracie Jr > Renzo Gracie > John Danaher > Firas Zahabi > Pierre-Olivier Leclerc
8241,Radoslaw Turek,666,Alexandre Paiva,high,site_lineage_field,Lineage declarada no perfil: M. Maeda > C. Gracie > H. Gracie > Rolls Gracie > Romero Cavalcanti > Alexandre Paiva > Radek Turek
14044,Rafael Borges,11423,Meyram Maquine,high,site_lineage_field,Lineage declarada no perfil: Carlos Gracie > Helio Gracie > Rickson G. > Jorge Pereira > Luiz Guilherme > Meyram Maquine > Rafael Borges
2453,Rafael Correa,297,Carlos Gracie Junior,high,site_lineage_field,Lineage declarada no perfil: Mitsuyo Maeda > Carlos Gracie Sr. > Helio Gracie > Carlos Gracie Junior > Rafael Correa
1753,Rafael Freitas,297,Carlos Gracie Junior,high,site_lineage_field,Lineage declarada no perfil: Carlos Gracie Sr. > Helio Gracie > Carlos Gracie Jr > Rafael Freitas
1577,Rafael Heck,419,Leonardo Vieira,high,site_lineage_field,Lineage declarada no perfil: Mitsuyo Maeda > Carlos Gracie > Helio Gracie > Rolls Gracie > Romero Cavalcanti > Leonardo Vieira > Rafael Heck
pedro-mello,Pedro Mello,6276,Paulo Sergio,high,site_lineage_field,Lineage declarada no perfil: Mitsuyo Maeda > Carlos Gracie > Helio Gracie > Rolls Gracie > Romero Cavalcanti > Paulo Sérgio Santos > Pedro Mello > Rafael Mansur
6599,Rafael Mansur,pedro-mello,Pedro Mello,high,site_lineage_field,Lineage declarada no perfil: Mitsuyo Maeda > Carlos Gracie > Helio Gracie > Rolls Gracie > Romero Cavalcanti > Paulo Sérgio Santos > Pedro Mello > Rafael Mansur
179,Rafael Mendes,640,Ramon Lemos,high,site_lineage_field,Lineage declarada no perfil: Carlos Gracie > Carlson Gracie > Andre Pederneiras > Ramon Lemos > Rafael Mendes
194,Rafael Dallinha,647,Rodrigo Medeiros,high,site_lineage_field,Lineage declarada no perfil: Carlos Gracie > Carlson Gracie > Rodrigo Medeiros > Rafael Dallinha
460,Rafael dos Anjos,6186,Aldo Januario,high,site_lineage_field,Lineage declarada no perfil: Mitsuyo Maeda > Carlos Gracie Sr. > Carlos Gracie Junior > Aldo Januario > Rafael dos Anjos
460,Rafael dos Anjos,147,Rubens Charles,high,site_lineage_field,Lineage declarada no perfil: Carlos Gracie > Helio Gracie > Rolls Gracie > Romero Cavalcanti > Alexandre Paiva > Fernando Terere > Rubens Charles > Rafael dos Anjos
576,Rafael Lovato Jr,745,Carlos Machado,high,site_lineage_field,Lineage declarada no perfil: Carlos Gracie > Helio Gracie > Carlos Gracie Jr > Carlos Machado > Rafael Lovato Jr
10174,Rafael Paganini,322,Fabio Gurgel,high,site_lineage_field,Lineage declarada no perfil: C. Gracie > H. Gracie > Rolls Gracie > Romero Cavalcanti > Fábio Gurgel > Rafael Paganini
14188,Rafael Trabuco,2416,Felipe Pena,high,site_lineage_field,Lineage declarada no perfil: Carlos Gracie > Helio Gracie > Carlos Gracie Jr > Vinicius Magalhães (Draculino) > Marcelo Azevedo (Uirapuru) > Felipe Pena (Preguiça) > Rafael Trabuco
v_rafael_vasconcelos,Rafael Vasconcelos,1188,Leandro Lo,high,site_lineage_field,Lineage declarada no perfil: Carlos Gracie > Helio Gracie > Rickson Gracie > Marcelo Behring > Waldomiro Perez > Roberto Godoi > Marco Barbosa > Cicero Costha > Leandro Lo > Rafael Vasconcelos
8293,Angelica Galvao,144,Andre Galvao,high,site_lineage_field,Lineage declarada no perfil: C. Gracie > R. Gracie > Osvaldo Alves > Luis Dagmar > André Galvão > Angelica Galvão > Rafaela Guedes
11656,Rafaela Guedes,8293,Angelica Galvao,high,site_lineage_field,Lineage declarada no perfil: C. Gracie > R. Gracie > Osvaldo Alves > Luis Dagmar > André Galvão > Angelica Galvão > Rafaela Guedes
8407,Raquel Paaluhi Canuto,378,Robert Drysdale,high,site_lineage_field,Lineage declarada no perfil: Carlos Gracie > Helio Gracie > Rolls Gracie > Romero Cavalcanti > Leonardo Vieira > Robert Drysdale > Raquel Pa’aluhi Canuto
v_athaide_junior,Athaide Junior,381,Armando Wridt,high,site_lineage_field,Lineage declarada no perfil: Mitsuyo Maeda > Carlos Gracie > > Carlos Gracie > Helio Gracie > Armando Wridt > Athaide Junior > Rany Yahya
177,Rany Yahya,v_athaide_junior,Athaide Junior,high,site_lineage_field,Lineage declarada no perfil: Mitsuyo Maeda > Carlos Gracie > > Carlos Gracie > Helio Gracie > Armando Wridt > Athaide Junior > Rany Yahya
813,Raphael Abi-Rihan,809,Luis Carlos Dias,high,site_lineage_field,Lineage declarada no perfil: Mitsuyo Maeda > Carlos Gracie > Helio Gracie > Carlson Gracie > Luis Carlos Mateus > Raphael Abi-Rihan
6545,Ricardo Velloso,627,Murilo Bustamante,high,site_lineage_field,Lineage declarada no perfil: C. Gracie > H. Gracie > Carlson Gracie > M. Bustamante > Kiko Veloso > Leonardo Costa > Valdir Canuto > Renato Canuto
v_leonardo_costa,Leonardo Costa,6545,Ricardo Velloso,high,site_lineage_field,Lineage declarada no perfil: C. Gracie > H. Gracie > Carlson Gracie > M. Bustamante > Kiko Veloso > Leonardo Costa > Valdir Canuto > Renato Canuto
7505,Valdir Canuto,v_leonardo_costa,Leonardo Costa,high,site_lineage_field,Lineage declarada no perfil: C. Gracie > H. Gracie > Carlson Gracie > M. Bustamante > Kiko Veloso > Leonardo Costa > Valdir Canuto > Renato Canuto
7539,Renato Forasieppi Canuto,7505,Valdir Canuto,high,site_lineage_field,Lineage declarada no perfil: C. Gracie > H. Gracie > Carlson Gracie > M. Bustamante > Kiko Veloso > Leonardo Costa > Valdir Canuto > Renato Canuto
548,Renato Migliaccio,6683,Ryan Gracie,high,site_lineage_field,Lineage declarada no perfil: Carlos Gracie Sr. > Carlos Gracie Junior > Ryan Gracie > Renato Migliaccio
v_conan_silveira,“Conan” Silveira,22,Carlson Gracie,high,site_lineage_field,Lineage declarada no perfil: Mitsuyo Maeda > Carlos Gracie > Helio Gracie > Carlson Gracie > “Conan” Silveira > Hermes Franca > Raphael Chaves
v_hermes_franca,Hermes Franca,v_conan_silveira,“Conan” Silveira,high,site_lineage_field,Lineage declarada no perfil: Mitsuyo Maeda > Carlos Gracie > Helio Gracie > Carlson Gracie > “Conan” Silveira > Hermes Franca > Raphael Chaves
991,Raphael Chaves,v_hermes_franca,Hermes Franca,high,site_lineage_field,Lineage declarada no perfil: Mitsuyo Maeda > Carlos Gracie > Helio Gracie > Carlson Gracie > “Conan” Silveira > Hermes Franca > Raphael Chaves
v_laerte_barcelos,Laerte Barcelos,524,Osvaldo Alves,high,site_lineage_field,Lineage declarada no perfil: Carlos Gracie > Reyson Gracie > Osvaldo Alves > Laerte Barcelos > Raoni Barcelos
1545,Raoni Barcelos,v_laerte_barcelos,Laerte Barcelos,high,site_lineage_field,Lineage declarada no perfil: Carlos Gracie > Reyson Gracie > Osvaldo Alves > Laerte Barcelos > Raoni Barcelos
8213,Raul Gomes,6339,Admilson Brites,high,site_lineage_field,Lineage declarada no perfil: Mitsuyo Maeda > Carlos Gracie > Helio Gracie > Royler Gracie > Admilson Brites > Raul Gomes
11534,Raul Basilio,7672,Caio Almeida,high,site_lineage_field,Lineage declarada no perfil: C. Gracie > H. Gracie > Carlos Gracie Jr > Ryan Gracie > Gabriel Vella > Caio Almeida > Raul Basílio
v_vinicius_souza,Vinicius Souza,7552,Isaque Bahiense,high,site_lineage_field,Lineage declarada no perfil: Carlos Gracie > Helio Gracie > Rolls Gracie > Romero Cavalcanti > Fábio Gurgel > Isaque Bahiense > Vinicius Souza > Rawanna da Silva
13875,Rawana Silva,v_vinicius_souza,Vinicius Souza,high,site_lineage_field,Lineage declarada no perfil: Carlos Gracie > Helio Gracie > Rolls Gracie > Romero Cavalcanti > Fábio Gurgel > Isaque Bahiense > Vinicius Souza > Rawanna da Silva
13480,Rayron Gracie,674,Kyra Gracie,high,site_lineage_field,Lineage declarada no perfil: Carlos Gracie Sr. > Helio Gracie > Carlos Gracie Jr > Kyra Gracie > Rayron Gracie
1149,Reinaldo Ribeiro,935,Leonardo Castello Branco,high,site_lineage_field,Lineage declarada no perfil: Mitsuyo Maeda > Carlos Gracie > Carlson Gracie > Fernando “Pinduka” > Leonardo Castello Branco > Reinaldo Ribeiro
1957,Relson Gracie,44,Helio Gracie,high,site_lineage_field,Lineage declarada no perfil: Mitsuyo Maeda > Carlos Gracie > Helio Gracie > Relson Gracie
v_renan_barao,Renan Barao,78,Andre Pederneiras,high,site_lineage_field,Lineage declarada no perfil: Mitsuyo Maeda > Carlos Gracie > Carlson Gracie > Andre Pederneiras > Renan Barao
12641,Renan Cruz,9,Marcio Cruz,high,site_lineage_field,Lineage declarada no perfil: Carlos Gracie > Helio Gracie > Carlos Gracie Junior > Márcio Cruz > Renan Cruz
8779,Renata Marinho,322,Fabio Gurgel,high,site_lineage_field,Lineage declarada no perfil: M. Maeda > C. Gracie > H. Gracie > Rolls Gracie > Romero Cavalcanti > Fábio Gurgel > Renata Marinho
1372,Renato Barreto,1445,Rolker Gracie,high,site_lineage_field,Lineage declarada no perfil: Mitsuyo Maeda > Carlos Gracie > Helio Gracie > Royler Gracie > Rolker Gracie > Renato Barreto
2235,Renato Cardoso,rodrigo-cavaca,Rodrigo Cavaca,high,site_lineage_field,Lineage declarada no perfil: Mitsuyo Maeda > Carlos Gracie > Carlson Gracie > Élcio Figueiredo > Rodrigo Cavaca > Renato Cardoso
v_cleisson_santos,Cleisson Santos,v_douglas_rufino,Douglas Rufino,high,site_lineage_field,Lineage declarada no perfil: Carlos Gracie > Helio Gracie > Rolls Gracie > Romero Cavalcanti > Ricardo Vieira > Douglas Rufino > Cleisson Santos > Rerisson Gabriel
14225,Rerisson Gabriel,v_cleisson_santos,Cleisson Santos,high,site_lineage_field,Lineage declarada no perfil: Carlos Gracie > Helio Gracie > Rolls Gracie > Romero Cavalcanti > Ricardo Vieira > Douglas Rufino > Cleisson Santos > Rerisson Gabriel
331,Ricardo Abreu,195,Robson Moura,high,site_lineage_field,Lineage declarada no perfil: Mitsuyo Maeda > Carlos Gracie > Carlson Gracie > Andre Pederneiras > Robson Moura > Ricardo Abreu
1325,Ricardo Cavalcanti,22,Carlson Gracie,high,site_lineage_field,Lineage declarada no perfil: Mitsuyo Maeda > Carlos Gracie > Carlson Gracie > Ricardo Cavalcanti
2340,Ricardo Diogo,22,Carlson Gracie,high,site_lineage_field,Lineage declarada no perfil: Mitsuyo Maeda > Carlos Gracie > Carlson Gracie > Rey Diogo
1534,Ricardo Evangelista,203,Julio Cesar,high,site_lineage_field,Lineage declarada no perfil: Mitsuyo Maeda > Luis França > Oswaldo Fadda > Monir Salomão > Julio Cesar Pereira > Ricardo Evangelista
8202,Ricardo Feliciano,419,Leonardo Vieira,high,site_lineage_field,Lineage declarada no perfil: Carlos Gracie > Helio Gracie > Rolls Gracie > Romero Cavalcanti > Leonardo Vieira > Ricardo Feliciano
630,Ricardo Miller,355,Romero Cavalcanti,high,site_lineage_field,Lineage declarada no perfil: Mitsuyo Maeda > Carlos Gracie > Helio Gracie > Rolls Gracie > Romero Cavalcanti > Ricardo Miller
13840,Ricardo Soranco,8409,Ricardo Marques,high,site_lineage_field,Lineage declarada no perfil: Carlos Gracie > Helio Gracie > Carlson Gracie > Sérgio Bolão > Ricardo Marques > Ricardo Soranço
10357,Richard Alarcon,5000,Givanildo Santana,high,site_lineage_field,Lineage declarada no perfil: Carlos Gracie > George Gracie > Octávio Almeida > Moises Murad > Givanildo Santana > Richard Alarcon
1675,Luis Roberto Duarte,591,Ricardo Liborio,high,site_lineage_field,Lineage declarada no perfil: Mitsuyo Maeda > Carlos Gracie > Helio Gracie > Carlson Gracie > Ricardo Libório > Bebeo Duarte > Nelson Solari > Wilson Junior > Dickie Martin
v_nelson_solari,Nelson Solari,1675,Luis Roberto Duarte,high,site_lineage_field,Lineage declarada no perfil: Mitsuyo Maeda > Carlos Gracie > Helio Gracie > Carlson Gracie > Ricardo Libório > Bebeo Duarte > Nelson Solari > Wilson Junior > Dickie Martin
v_wilson_junior,Wilson Junior,v_nelson_solari,Nelson Solari,high,site_lineage_field,Lineage declarada no perfil: Mitsuyo Maeda > Carlos Gracie > Helio Gracie > Carlson Gracie > Ricardo Libório > Bebeo Duarte > Nelson Solari > Wilson Junior > Dickie Martin
806,Richard Martin,v_wilson_junior,Wilson Junior,high,site_lineage_field,Lineage declarada no perfil: Mitsuyo Maeda > Carlos Gracie > Helio Gracie > Carlson Gracie > Ricardo Libório > Bebeo Duarte > Nelson Solari > Wilson Junior > Dickie Martin
v_yuki_ishikawa,Yuki Ishikawa,1882,Mitsuyoshi Hayakawa,high,site_lineage_field,Lineage declarada no perfil: Carlos Gracie > Helio Gracie > Rolls Gracie > Romero Cavalcanti (Jacaré) > Alexandre Paiva (Gi-gi) > Mitsuyoshi Hayakawa > Yuki Ishikawa > Rida Haisam
9559,Rida Haisam,v_yuki_ishikawa,Yuki Ishikawa,high,site_lineage_field,Lineage declarada no perfil: Carlos Gracie > Helio Gracie > Rolls Gracie > Romero Cavalcanti (Jacaré) > Alexandre Paiva (Gi-gi) > Mitsuyoshi Hayakawa > Yuki Ishikawa > Rida Haisam
yukinori-sasa,Yukinori Sasa,996,Yuki Nakai,high,site_lineage_field,Lineage declarada no perfil: Mitsuyo Maeda > Carlos Gracie Sr. > Carlos Gracie Junior > Yuki Nakai > Yukinori Sasa > Rikako Yuasa
5761,Rikako Yuasa,yukinori-sasa,Yukinori Sasa,high,site_lineage_field,Lineage declarada no perfil: Mitsuyo Maeda > Carlos Gracie Sr. > Carlos Gracie Junior > Yuki Nakai > Yukinori Sasa > Rikako Yuasa
1488,Rilion Gracie,36,Carlos Gracie Senior,high,site_lineage_field,Lineage declarada no perfil: Mitsuyo Maeda > Carlos Gracie Sr. > Rilion Gracie
v_brandon_bennett,Brandon Bennett,52,Renzo Gracie,high,site_lineage_field,Lineage declarada no perfil: Carlos Gracie > Helio Gracie > Carlos Gracie Jr > Renzo Gracie > Brandon Bennett > Robert Diggle
12254,Robert Diggle,v_brandon_bennett,Brandon Bennett,high,site_lineage_field,Lineage declarada no perfil: Carlos Gracie > Helio Gracie > Carlos Gracie Jr > Renzo Gracie > Brandon Bennett > Robert Diggle
926,Roberto Alencar,297,Carlos Gracie Junior,high,site_lineage_field,Lineage declarada no perfil: Mitsuyo Maeda > Carlos Gracie Sr. > Helio Gracie > Carlos Gracie Junior > Roberto Alencar
535,Roberto Atalla,895,Sergio Souza,high,site_lineage_field,Lineage declarada no perfil: Mitsuyo Maeda > Carlos Gracie > Helio Gracie > Carlson Gracie > Sergio Souza > Roberto Atalla
v_raul_jimenez,Raul Jimenez,355,Romero Cavalcanti,high,site_lineage_field,Lineage declarada no perfil: C. Gracie > Helio Gracie > Rolls Gracie > Romero Cavalcanti > Raul Jimenez > Roberto Jimenez
10880,Roberto Jimenez,v_raul_jimenez,Raul Jimenez,high,site_lineage_field,Lineage declarada no perfil: C. Gracie > Helio Gracie > Rolls Gracie > Romero Cavalcanti > Raul Jimenez > Roberto Jimenez
550,Roberto Magalhaes,297,Carlos Gracie Junior,high,site_lineage_field,Lineage declarada no perfil: Carlos Gracie Sr. > Carlos Gracie Junior > Roberto Magalhaes
1824,Roberto Satoshi,v_adilson_de_souza,Adilson de Souza,high,site_lineage_field,Lineage declarada no perfil: Carlos Gracie > George Gracie > Octávio de Almeida > Adilson de Souza > Roberto Satoshi
v_roberto_tozzi,Roberto Tozzi,601,Roberto Godoi,high,site_lineage_field,Lineage declarada no perfil: Mitsuyo Maeda > Carlos Gracie > Helio Gracie > Rickson Gracie > Marcelo Behring > Waldomiro Perez > Roberto Godoi > Roberto Tozzi
13940,Robson Chaves,790,Mario Reis,high,site_lineage_field,Lineage declarada no perfil: Carlos Gracie > Helio Gracie > Alvaro Barreto > Sylvio Behring > Mario Reis > Robson Chaves
11281,Robson Lima,3416,Monir Salomao,high,site_lineage_field,Lineage declarada no perfil: Luis França > Oswaldo Fadda > Monir Salomão > Júlio César > Robson Lima
1065,Rodney Ellis,78,Andre Pederneiras,high,site_lineage_field,Lineage declarada no perfil: Carlos Gracie > Helio Gracie > Carlson Gracie > Andre Pederneiras > Rodney Ellis
247,Rodolfo Vieira,203,Julio Cesar,high,site_lineage_field,Lineage declarada no perfil: Mitsuyo Maeda > Luis França > Oswaldo Fadda > Monir Salomão > Julio Cesar > Rodolfo Vieira
2355,Rodolphe Olivier,338,Ricardo Vieira,high,site_lineage_field,Lineage declarada no perfil: Carlos Gracie > Helio Gracie > Rolls Gracie > Romero Cavalcanti > Ricardo Vieira > Rodolphe Olivier
v_marcio_antony,Marcio Antony,v_pascoal_duarte,Pascoal Duarte,high,site_lineage_field,Lineage declarada no perfil: M. Maeda > C. Gracie > R. Gracie > Osvaldo Alves > Pascoal Duarte > Marcio Antony > Rodrigo Carvalho
8696,Rodrigo Carvalho,v_marcio_antony,Marcio Antony,high,site_lineage_field,Lineage declarada no perfil: M. Maeda > C. Gracie > R. Gracie > Osvaldo Alves > Pascoal Duarte > Marcio Antony > Rodrigo Carvalho
543,Rodrigo Cavaca,v_elcio_figueiredo,Élcio Figueiredo,high,site_lineage_field,Lineage declarada no perfil: Mitsuyo Maeda > Carlos Gracie > Carlson Gracie > Élcio Figueiredo > Rodrigo Cavaca
3206,Rodrigo Conceicao,666,Alexandre Paiva,high,site_lineage_field,Lineage declarada no perfil: Mitsuyo Maeda > Carlos Gracie > Helio Gracie > Rolls Gracie > Romero Cavalcanti > Alexandre Paiva > Rodrigo Conceição
631,Rodrigo Caporal,640,Ramon Lemos,high,site_lineage_field,Lineage declarada no perfil: Mitsuyo Maeda > Carlos Gracie > Carlson Gracie > Andre Pederneiras > Ramon Lemos > Rodrigo Caporal
v_gustavo_muggiati,Gustavo Muggiati,297,Carlos Gracie Junior,high,site_lineage_field,Lineage declarada no perfil: M. Maeda > Carlos Gracie > Helio Gracie > Carlos Gracie Jr > Gustavo Muggiati > Rodrigo Fajardo
1895,Rodrigo Fajardo,v_gustavo_muggiati,Gustavo Muggiati,high,site_lineage_field,Lineage declarada no perfil: M. Maeda > Carlos Gracie > Helio Gracie > Carlos Gracie Jr > Gustavo Muggiati > Rodrigo Fajardo
v_eduardo_milioli,Eduardo Milioli,1488,Rilion Gracie,high,site_lineage_field,Lineage declarada no perfil: Carlos Gracie > Helio Gracie > Rilion Gracie > Eduardo Milioli > Rodrigo Francioni
12376,Rodrigo Francioni,v_eduardo_milioli,Eduardo Milioli,high,site_lineage_field,Lineage declarada no perfil: Carlos Gracie > Helio Gracie > Rilion Gracie > Eduardo Milioli > Rodrigo Francioni
6041,Reylson Gracie,44,Helio Gracie,high,site_lineage_field,Lineage declarada no perfil: Carlos Gracie > Helio Gracie > Reylson Gracie > Rodrigo Gracie
10579,Rodrigo Gracie,6041,Reylson Gracie,high,site_lineage_field,Lineage declarada no perfil: Carlos Gracie > Helio Gracie > Reylson Gracie > Rodrigo Gracie
12566,Rodrigo Lopes,3028,Leandro Escobar,high,site_lineage_field,Lineage declarada no perfil: Carlos Gracie > Helio Gracie > Carlson Gracie > Ricardo Libório > André Almeida > Leandro Escobar > Rodrigo Lopes
9720,Rodrigo Munduruca,1631,Sylvio Behring,high,site_lineage_field,Lineage declarada no perfil: Mitsuyo Maeda > Carlos Gracie > Helio Gracie > Alvaro Barreto > Sylvio Behring > Rodrigo Munduruca
1440,Rodrigo Ranieri,6006,Paulo Rezende,high,site_lineage_field,Lineage declarada no perfil: Mitsuyo Maeda > Carlos Gracie > Carlson Gracie > Fernando “Pinduka” > Leonardo Castello Branco > Paulo Rezende > Rodrigo Ranieri
v_eduardo_franco,Eduardo Franco,601,Roberto Godoi,high,site_lineage_field,Lineage declarada no perfil: Carlos Gracie > Helio Gracie > Rickson Gracie > Marcelo Behring > Waldomiro Perez > Roberto Godoi > Eduardo Franco > Rodrigo Ribeiro
8762,Rodrigo Ribeiro,v_eduardo_franco,Eduardo Franco,high,site_lineage_field,Lineage declarada no perfil: Carlos Gracie > Helio Gracie > Rickson Gracie > Marcelo Behring > Waldomiro Perez > Roberto Godoi > Eduardo Franco > Rodrigo Ribeiro
10321,Rodrigo Siqueira,11701,Luciano Nucci,high,site_lineage_field,Lineage declarada no perfil: M. Maeda > C. Gracie > H. Gracie > Carlos Gracie Jr. > Ryan Gracie > Luciano Nucci > Rodrigo Siqueira
6792,Cassio Francis,44,Helio Gracie,high,site_lineage_field,Lineage declarada no perfil: Carlos Gracie > Helio Gracie > Carlos Gracie Junior > Vinicius Magalhães > Cássio Francis > Roiter Lima
374,Vinicius Magalhaes,6792,Cassio Francis,high,site_lineage_field,Lineage declarada no perfil: Carlos Gracie > Helio Gracie > Carlos Gracie Junior > Vinicius Magalhães > Cássio Francis > Roiter Lima
12251,Roiner Lima,6792,Cassio Francis,high,site_lineage_field,Lineage declarada no perfil: Carlos Gracie > Helio Gracie > Carlos Gracie Junior > Vinicius Magalhães > Cássio Francis > Roiter Lima
1297,Roger Coelho,720,Jorge Patino,high,site_lineage_field,Lineage declarada no perfil: Mitsuyo Maeda > Carlos Gracie > Helio Gracie > Rickson Gracie > Marcelo Behring > Waldomiro Perez > Roberto Godoi > Jorge Patino > Roger Coelho
214,Rogerio Taborda,5869,Jorge Pereira,high,site_lineage_field,Lineage declarada no perfil: Mitsuyo Maeda > Carlos Gracie > Helio Gracie > Rickson Gracie > Jorge Pereira > Rogerio Taborda
8261,Rolando Samson,144,Andre Galvao,high,site_lineage_field,Lineage declarada no perfil: C. Gracie > R. Gracie > Osvaldo Alves > Luis Dagmar > André Galvão > Rolando Samson
1445,Rolker Gracie,44,Helio Gracie,high,site_lineage_field,Lineage declarada no perfil: Mitsuyo Maeda > Carlos Gracie > Helio Gracie > Rolker Gracie
70,Rolles Gracie,297,Carlos Gracie Junior,high,site_lineage_field,Lineage declarada no perfil: Mitsuyo Maeda > Carlos Gracie Sr. > Carlos Gracie Junior > Rolles Gracie
v_amelio_arruda,Amélio Arruda,44,Helio Gracie,high,site_lineage_field,Lineage declarada no perfil: Mitsuyo Maeda > Carlos Gracie > Helio Gracie > Amélio Arruda > Welton Ribeiro > Rômulo Azevedo
v_welton_ribeiro,Welton Ribeiro,v_amelio_arruda,Amélio Arruda,high,site_lineage_field,Lineage declarada no perfil: Mitsuyo Maeda > Carlos Gracie > Helio Gracie > Amélio Arruda > Welton Ribeiro > Rômulo Azevedo
7579,Romulo Azevedo,v_welton_ribeiro,Welton Ribeiro,high,site_lineage_field,Lineage declarada no perfil: Mitsuyo Maeda > Carlos Gracie > Helio Gracie > Amélio Arruda > Welton Ribeiro > Rômulo Azevedo
10162,Ronaldo Junior,144,Andre Galvao,high,site_lineage_field,Lineage declarada no perfil: Carlos Gracie > Reyson Gracie > Osvaldo Alves > Luis Dagmar > André Galvão > Ronaldo Júnior
117,Ronaldo Souza,371,Henrique Machado,high,site_lineage_field,Lineage declarada no perfil: Carlos Gracie > Reyson Gracie > Osvaldo Alves > Henrique Machado > Ronaldo Souza
11499,Roosevelt Sousa,v_iuri_alves,Iuri Alves,high,site_lineage_field,Lineage declarada no perfil: Carlos Gracie > Helio Gracie > Carlson Gracie > Murilo Bustamante > Roan Carneiro > Iuri Alves > Roosevelt Sousa
13158,Rose El Sharouni,419,Leonardo Vieira,high,site_lineage_field,Lineage declarada no perfil: Carlos Gracie > Helio Gracie > Rolls Gracie > Romero Cavalcanti > Leonardo Vieira > Rose-Marie El Sharouni
v_cesar_lima,César Lima),505,Roger Gracie,high,site_lineage_field,Lineage declarada no perfil: Mitsuyo Maeda > Carlos Gracie (senior) > Hélio Gracie > Carlos Gracie Júnior > Roger Gracie > César Lima) > Ross Nicholls
9261,Ross Nicholls,v_cesar_lima,César Lima),high,site_lineage_field,Lineage declarada no perfil: Mitsuyo Maeda > Carlos Gracie (senior) > Hélio Gracie > Carlos Gracie Júnior > Roger Gracie > César Lima) > Ross Nicholls
431,Rousimar Palhares,627,Murilo Bustamante,high,site_lineage_field,Lineage declarada no perfil: Mitsuyo Maeda > Carlos Gracie > Carlson Gracie > Murilo Bustamante > Rousimar Palhares
v_iran_brasileiro,Iran Brasileiro,v_takeo_iano,Takeo Iano,high,site_lineage_field,Lineage declarada no perfil: Takeo Iano > Iran Brasileiro > Ruan Alvarenga
12080,Ruan Alvarenga,v_iran_brasileiro,Iran Brasileiro,high,site_lineage_field,Lineage declarada no perfil: Takeo Iano > Iran Brasileiro > Ruan Alvarenga
8100,Rudson Mateus,582,Caio Terra,high,site_lineage_field,Lineage declarada no perfil: Mitsuyo Maeda > Carlos Gracie Sr. > Reylson Gracie > Paulo Strauch > Caio Terra > Rudson Mateus
v_rodrigo_nogueira,Rodrigo Nogueira,361,Ricardo De La Riva,high,site_lineage_field,Lineage declarada no perfil: Mitsuyo Maeda > Carlos Gracie > Carlson Gracie > Ricardo De La Riva > Rodrigo Nogueira > Luiz Firmino > Rufino Gomes
v_luiz_firmino,Luiz Firmino,v_rodrigo_nogueira,Rodrigo Nogueira,high,site_lineage_field,Lineage declarada no perfil: Mitsuyo Maeda > Carlos Gracie > Carlson Gracie > Ricardo De La Riva > Rodrigo Nogueira > Luiz Firmino > Rufino Gomes
781,Rufino Gomes,v_luiz_firmino,Luiz Firmino,high,site_lineage_field,Lineage declarada no perfil: Mitsuyo Maeda > Carlos Gracie > Carlson Gracie > Ricardo De La Riva > Rodrigo Nogueira > Luiz Firmino > Rufino Gomes
v_rui_alves,Rui Alves,7552,Isaque Bahiense,high,site_lineage_field,Lineage declarada no perfil: Carlos Gracie > Helio Gracie > Rolls Gracie > Romero Cavalcanti > Alexandre Paiva > Fernando Tererê > Rubens Charles > Michael Langhi > Isaque Bahiense > Rui Alves
v_sean_applegate,Sean Applegate,4317,Eddie Bravo,high,site_lineage_field,Lineage declarada no perfil: Carlos Gracie > Hélio Gracie > Carlos Gracie Jr > JJ Machado > Eddie Bravo > Sean Applegate > Ryan Aitken
14013,Ryan Aitken,v_sean_applegate,Sean Applegate,high,site_lineage_field,Lineage declarada no perfil: Carlos Gracie > Hélio Gracie > Carlos Gracie Jr > JJ Machado > Eddie Bravo > Sean Applegate > Ryan Aitken
rodrigo-medeiros-revolution-team,Rodrigo Medeiros,22,Carlson Gracie,high,site_lineage_field,Lineage declarada no perfil: Mitsuyo Maeda > Carlos Gracie > Carlson Gracie > Rodrigo Medeiros > Demetrius Ramos > Ryan Beauregard
v_demetrius_ramos,Demetrius Ramos,rodrigo-medeiros-revolution-team,Rodrigo Medeiros,high,site_lineage_field,Lineage declarada no perfil: Mitsuyo Maeda > Carlos Gracie > Carlson Gracie > Rodrigo Medeiros > Demetrius Ramos > Ryan Beauregard
2378,Ryan Beauregard,v_demetrius_ramos,Demetrius Ramos,high,site_lineage_field,Lineage declarada no perfil: Mitsuyo Maeda > Carlos Gracie > Carlson Gracie > Rodrigo Medeiros > Demetrius Ramos > Ryan Beauregard
1644,Ryo Ominami,297,Carlos Gracie Junior,high,site_lineage_field,Lineage declarada no perfil: Mitsuyo Maeda > Carlos Gracie Sr. > Helio Gracie > Carlos Gracie Junior > Ryo Ominami
2252,Ryron Gracie,44,Helio Gracie,high,site_lineage_field,Lineage declarada no perfil: Mitsuyo Maeda > Carlos Gracie > Helio Gracie > Ryron Gracie
13822,Sabrina Gondim,9465,Endres Barbosa Mendes,high,site_lineage_field,Lineage declarada no perfil: Carlos Gracie > Helio Gracie > Rolls Gracie > Romero Cavalcanti > Leonardo Vieira > Tarcísio Jardim > Endres Barbosa > Sabrina Gondim
11271,Saeed Dunkaev,419,Leonardo Vieira,high,site_lineage_field,Lineage declarada no perfil: Carlos Gracie > Helio Gracie > Rolls Gracie > Romero Cavalcanti > Leonardo Vieira > Saeed Dunkaev
14181,Salla Simola,6342,Pedro Duarte,high,site_lineage_field,Lineage declarada no perfil: Carlos Gracie > Helio Gracie > Carlson Gracie > Murilo Bustamante > Pedro Duarte > Salla Simola
12751,Sam McNally,7321,Darragh OConnaill,high,site_lineage_field,Lineage declarada no perfil: Carlos Gracie > Helio Gracie > Royler Gracie > Saulo Ribeiro > Xande Ribeiro > Darragh O’Conaill > Sam McNally
8192,Samantha Cook,405,Marco Canha,high,site_lineage_field,Lineage declarada no perfil: Mitsuyo Maeda > Carlos Gracie > Helio Gracie > Rolls Gracie > Romero Cavalcanti (Jacaré) > Ricardo Vieira > Marco Canha > Samantha Cook
2583,Alan Moraes,5998,Carlson Gracie Junior,high,site_lineage_field,Lineage declarada no perfil: Carlos Gracie > Helio Gracie > Carlson Gracie > Carlson Gracie Jr > Alan Moraes > Samir Chantre
1436,Samir Chantre,2583,Alan Moraes,high,site_lineage_field,Lineage declarada no perfil: Carlos Gracie > Helio Gracie > Carlson Gracie > Carlson Gracie Jr > Alan Moraes > Samir Chantre
1761,Samuel Braga,374,Vinicius Magalhaes,high,site_lineage_field,Lineage declarada no perfil: C. Gracie > Helio Gracie > Carlos Gracie Jr > Vinicius Magalhães > Samuel Braga
11510,Samuel Nagai,11725,Kaiser Girao,high,site_lineage_field,Lineage declarada no perfil: Carlos Gracie Sr. > Helio Gracie > Carlos Gracie Junior > Rigan Machado > Keiser Girão > Samuel Nagai
1904,Samy Al Jamal,1886,Fabricio Martins,high,site_lineage_field,Lineage declarada no perfil: Mitsuyo Maeda > Carlos Gracie > Reyson Gracie > Osvaldo Alves > Fabricio Martins > Samy Al Jamal
v_bruno_alves_correa,Bruno Alves Correa,3416,Monir Salomao,high,site_lineage_field,Lineage declarada no perfil: Luis França > Oswaldo Fadda > Monir Salomão > Júlio César > Bruno Alves Correa > Santiago Guerra
14028,Santiago Guerra,v_bruno_alves_correa,Bruno Alves Correa,high,site_lineage_field,Lineage declarada no perfil: Luis França > Oswaldo Fadda > Monir Salomão > Júlio César > Bruno Alves Correa > Santiago Guerra
11111,Santeri Lilius,505,Roger Gracie,high,site_lineage_field,Lineage declarada no perfil: Carlos Gracie > Helio Gracie > Carlos Gracie Jr > Roger Gracie > Santeri Lilius
13913,Scott Kaplan,16,Marcelo Garcia,high,site_lineage_field,Lineage declarada no perfil: Carlos Gracie > Helio Gracie > Rolls Gracie > Romero Cavalcanti > Fabio Gurgel > Marcelo Garcia > Scott Kaplan
12617,Sean Roberts,1781,Ralph Gracie,high,site_lineage_field,Lineage declarada no perfil: Carlos Gracie > Helio Gracie > Carlos Gracie Jr. > Ralph Gracie > Sean Roberts
v_mathias_jardin,Mathias Jardin,203,Julio Cesar,high,site_lineage_field,Lineage declarada no perfil: Luis França > Oswaldo Fadda > Monir Salomão > Júlio César Pereira > Mathias Jardin > Seif-Eddine Houmine
9515,Seif-Eddine Houmine,v_mathias_jardin,Mathias Jardin,high,site_lineage_field,Lineage declarada no perfil: Luis França > Oswaldo Fadda > Monir Salomão > Júlio César Pereira > Mathias Jardin > Seif-Eddine Houmine
7695,Sebastian Brosche,9587,Eduardo Rios,high,site_lineage_field,Lineage declarada no perfil: Carlos Gracie > Helio Gracie > Carlson Gracie > Ricardo Libório > Eduardo Rios > Sebastian Brosché
12215,Sebastian Rodriguez,484,Murilo Santana,high,site_lineage_field,Lineage declarada no perfil: Carlos Gracie > Helio Gracie > Rickson Gracie > Marcelo Behring > Mario Yamasaki > Murilo Santana > Sebastian Rodriguez
6366,Brian Mahecha,6368,Kevin Mahecha,high,site_lineage_field,Lineage declarada no perfil: Carlos Gracie > Helio Gracie > Carlson Gracie > André Pederneiras > João Roque > Jonatas Gurgel > Kevin Mahecha > Brian Mahecha > Sebastian Serpa
12573,Sebastian Serpa,6366,Brian Mahecha,high,site_lineage_field,Lineage declarada no perfil: Carlos Gracie > Helio Gracie > Carlson Gracie > André Pederneiras > João Roque > Jonatas Gurgel > Kevin Mahecha > Brian Mahecha > Sebastian Serpa
v_andrea_verdemare,Andrea Verdemare,2056,Federico Tisi,high,site_lineage_field,Lineage declarada no perfil: Carlos Gracie > Helio Gracie > Carlos Gracie Junior > Carlos Lemos > Federico Tisi > Andrea Verdemare > Serena Gabrielli
7768,Serena Gabrielli,v_andrea_verdemare,Andrea Verdemare,high,site_lineage_field,Lineage declarada no perfil: Carlos Gracie > Helio Gracie > Carlos Gracie Junior > Carlos Lemos > Federico Tisi > Andrea Verdemare > Serena Gabrielli
7686,Sergio Ardila-Ibarra,v_roan_carneiro,Roan Carneiro,high,site_lineage_field,Lineage declarada no perfil: M. Maeda > C. Gracie > Carlson Gracie > Murilo Bustamante > Roan Carneiro > Sergio Ardila-Ibarra
7582,Sergio Benini,374,Vinicius Magalhaes,high,site_lineage_field,Lineage declarada no perfil: Mitsuyo Maeda > Carlos Gracie > Helio Gracie > Carlos Gracie Jr > Vinicius Magalhães > Sergio Benini
v_yan_cabral,Yan Cabral,78,Andre Pederneiras,high,site_lineage_field,Lineage declarada no perfil: Mitsuyo Maeda > Carlos Gracie > Carlson Gracie > Andre Pederneiras > Yan Cabral > Sergio Calderon
9697,Sergio Calderon,v_yan_cabral,Yan Cabral,high,site_lineage_field,Lineage declarada no perfil: Mitsuyo Maeda > Carlos Gracie > Carlson Gracie > Andre Pederneiras > Yan Cabral > Sergio Calderon
3505,Sergio Iris,22,Carlson Gracie,high,site_lineage_field,Lineage declarada no perfil: Mitsuyo Maeda > Carlos Gracie > Carlson Gracie > Sérgio Íris
5814,Everdan Olegario,1005,Moises Murad,high,site_lineage_field,Lineage declarada no perfil: Carlos Gracie > George Gracie > Octávio de Almeida > Moises Murad > Everdan Olegário > Sérgio Moraes
138,Sergio Moraes,5814,Everdan Olegario,high,site_lineage_field,Lineage declarada no perfil: Carlos Gracie > George Gracie > Octávio de Almeida > Moises Murad > Everdan Olegário > Sérgio Moraes
v_sergio_babu,Sergio Babu,677,Sergio Penha,high,site_lineage_field,Lineage declarada no perfil: Mitsuyo Maeda > Carlos Gracie sr > Reyson Gracie > Osvaldo Alves > Sergio Penha > Sergio Babu
v_helder_menezes,Helder Menezes,67,Rickson Gracie,high,site_lineage_field,Lineage declarada no perfil: Carlos Gracie > Helio Gracie > Rickson Gracie > Helder Menezes > Marcos Matos > Sergio Rios
v_marcos_matos,Marcos Matos,v_helder_menezes,Helder Menezes,high,site_lineage_field,Lineage declarada no perfil: Carlos Gracie > Helio Gracie > Rickson Gracie > Helder Menezes > Marcos Matos > Sergio Rios
9637,Sergio Rios,v_marcos_matos,Marcos Matos,high,site_lineage_field,Lineage declarada no perfil: Carlos Gracie > Helio Gracie > Rickson Gracie > Helder Menezes > Marcos Matos > Sergio Rios
8528,Servio Tulio,2416,Felipe Pena,high,site_lineage_field,Lineage declarada no perfil: Carlos Gracie > Helio Gracie > Carlos Gracie Jr > Vinicius Magalhães (Draculino) > Marcelo Azevedo (Uirapuru) > Felipe Pena (Preguiça) > Servio Tulio
1301,Shane Rice,67,Rickson Gracie,high,site_lineage_field,Lineage declarada no perfil: Mitsuyo Maeda > Carlos Gracie > Helio Gracie > Rickson Gracie > Shane Rice
shimon-mochizuki,Shimon Mochizuki,419,Leonardo Vieira,high,site_lineage_field,Lineage declarada no perfil: Mitsuyo Maeda > Carlos Gracie > Helio Gracie > Rolls Gracie > Romero Cavalcanti > Leonardo Vieira > Shimon Mochizuki > Shanti Abelha
3186,Shanti Abelha,shimon-mochizuki,Shimon Mochizuki,high,site_lineage_field,Lineage declarada no perfil: Mitsuyo Maeda > Carlos Gracie > Helio Gracie > Rolls Gracie > Romero Cavalcanti > Leonardo Vieira > Shimon Mochizuki > Shanti Abelha
793,Shawn Williams,52,Renzo Gracie,high,site_lineage_field,Lineage declarada no perfil: Mitsuyo Maeda > Carlos Gracie > Helio Gracie > Carlos Gracie Jr > Renzo Gracie > Shawn Williams
13427,Shelby Murphey,415,Guilherme Mendes,high,site_lineage_field,Lineage declarada no perfil: Carlos Gracie > Carlson Gracie > André Pederneiras > Ramon Lemos > Guilherme Mendes > Shelby Murphey
718,Silvana Abreu,314,Andre Terencio,high,site_lineage_field,Lineage declarada no perfil: Mitsuyo Maeda > Carlos Gracie > Helio Gracie > Francisco Mansur > Carlos Henrique > Andre Terencio > Silvana Abreu
9064,Silvio Duran,rodrigo-cavaca,Rodrigo Cavaca,high,site_lineage_field,Lineage declarada no perfil: Carlos Gracie > Carlson Gracie > Élcio Figueiredo > Rodrigo Cavaca > Silvio Duran
2322,Marc Laimon,3220,John Lewis,high,site_lineage_field,Lineage declarada no perfil: Mitsuyo Maeda > Carlos Gracie > Carlson Gracie > Andre Pederneiras > John Lewis > Marc Laimon > Simpson Go
1508,Sim Go,2322,Marc Laimon,high,site_lineage_field,Lineage declarada no perfil: Mitsuyo Maeda > Carlos Gracie > Carlson Gracie > Andre Pederneiras > John Lewis > Marc Laimon > Simpson Go
13453,Shay Montague,7321,Darragh OConnaill,high,site_lineage_field,Lineage declarada no perfil: Carlos Gracie > Helio Gracie > Royler Gracie > Saulo Ribeiro > Darragh O’Conaill > Shay Montague
1319,Shinya Aoki,996,Yuki Nakai,high,site_lineage_field,Lineage declarada no perfil: Mitsuyo Maeda > Carlos Gracie Sr. > Carlos Gracie Junior > Yuki Nakai > Shinya Aoki
9893,Stefano Correa,v_octavio_de_almeida_junior,Octávio de Almeida Junior,high,site_lineage_field,Lineage declarada no perfil: Mitsuyo Maeda > Carlos Gracie > George Gracie > Octávio de Almeida (Senior) > Octávio de Almeida Júnior > Stéfano Côrrea
13138,Steffen Banta,2403,Joao Gabriel Rocha,high,site_lineage_field,Lineage declarada no perfil: Carlos Gracie > Helio Gracie > Carlson Gracie > Crézio de Souza > André Almeida > Rafael Barbosa > Leandro Escobar > João Gabriel Rocha > Steffen Banta
11454,Sofia Amarante,224,Roberto Abreu,high,site_lineage_field,Lineage declarada no perfil: Carlos Gracie > Helio Gracie > Carlson Gracie > Francisco Toco > Roberto Abreu > Sofia Amarante
11471,Tacio Carneiro,6006,Paulo Rezende,high,site_lineage_field,Lineage declarada no perfil: Carlos Gracie > Helio Gracie > Carlson Gracie > Fernando “Pinduka” > Leonardo Castello Branco > Paulo Rezende > Tácio Carneiro
v_takeyoshi_ikehara,Takeyoshi Ikehara,322,Fabio Gurgel,high,site_lineage_field,Lineage declarada no perfil: Carlos Gracie > Helio Gracie > Rolls Gracie > Romero Cavalcanti > Fabio Gurgel > Takeyoshi Ikehara > Noel Danforth > Tadiyah Danforth
v_noel_danforth,Noel Danforth,v_takeyoshi_ikehara,Takeyoshi Ikehara,high,site_lineage_field,Lineage declarada no perfil: Carlos Gracie > Helio Gracie > Rolls Gracie > Romero Cavalcanti > Fabio Gurgel > Takeyoshi Ikehara > Noel Danforth > Tadiyah Danforth
12644,Tadiyah Danforth,v_noel_danforth,Noel Danforth,high,site_lineage_field,Lineage declarada no perfil: Carlos Gracie > Helio Gracie > Rolls Gracie > Romero Cavalcanti > Fabio Gurgel > Takeyoshi Ikehara > Noel Danforth > Tadiyah Danforth
11697,Tainan Dalpra,415,Guilherme Mendes,high,site_lineage_field,Lineage declarada no perfil: Carlos Gracie > Carlson Gracie > André Pederneiras > Ramon Lemos > Guilherme Mendes > Tainan Dalpra
v_mica_cipili,Mica Cipili,1034,Pedro Sauer,high,site_lineage_field,Lineage declarada no perfil: Mitsuyo Maeda > Carlos Gracie (Senior) > Helio Gracie > Rickson Gracie > Pedro Sauer > Mica Cipili > Talia Marie Vaughan
v_talia_marie_vaughan,Talia Marie Vaughan,v_mica_cipili,Mica Cipili,high,site_lineage_field,Lineage declarada no perfil: Mitsuyo Maeda > Carlos Gracie (Senior) > Helio Gracie > Rickson Gracie > Pedro Sauer > Mica Cipili > Talia Marie Vaughan
v_francisco_santana_jr,Francisco Santana Jr,6683,Ryan Gracie,high,site_lineage_field,Lineage declarada no perfil: Mitsuyo Maeda > Carlos Gracie > Helio Gracie > Carlos Gracie Jr > Ryan Gracie > Francisco Santana Jr > Talita Nogueira
1430,Talita Nogueira,v_francisco_santana_jr,Francisco Santana Jr,high,site_lineage_field,Lineage declarada no perfil: Mitsuyo Maeda > Carlos Gracie > Helio Gracie > Carlos Gracie Jr > Ryan Gracie > Francisco Santana Jr > Talita Nogueira
6311,Emyr Bussade,591,Ricardo Liborio,high,site_lineage_field,Lineage declarada no perfil: Mitsuyo Maeda > Carlos Gracie > Carlson Gracie > Ricardo Libório > Emyr Bussade > Tammi Musumeci
3607,Tammi Musumeci,6311,Emyr Bussade,high,site_lineage_field,Lineage declarada no perfil: Mitsuyo Maeda > Carlos Gracie > Carlson Gracie > Ricardo Libório > Emyr Bussade > Tammi Musumeci
12654,Tarik Hopstock,9587,Eduardo Rios,high,site_lineage_field,Lineage declarada no perfil: Carlos Gracie > Helio Gracie > Carlson Gracie > Ricardo Libório > Eduardo Rios > Tarik Hopstock
11975,Tracey Goodell,1583,Mike Fowler,high,site_lineage_field,Lineage declarada no perfil: Carlos Gracie > Helio Gracie > Rickson Gracie > Jorge Pereira > Leo Dalla > Lloyd Irvin > Mike Fowler > Tracey Goodell
v_tarsis_humphreys,Tarsis Humphreys,322,Fabio Gurgel,high,site_lineage_field,Lineage declarada no perfil: Mitsuyo Maeda > Carlos Gracie > Helio Gracie > Rolls Gracie > Romero Cavalcanti > Fábio Gurgel > Tarsis Humphreys
v_wilson_ulhoa,Wilson Ulhôa,144,Andre Galvao,high,site_lineage_field,Lineage declarada no perfil: Carlos Gracie > Reyson Gracie > Osvaldo Alves > Luis Dagmar > André Galvão > Wilson Ulhôa > Thaís Loureiro
13220,Thais Loureiro,v_wilson_ulhoa,Wilson Ulhôa,high,site_lineage_field,Lineage declarada no perfil: Carlos Gracie > Reyson Gracie > Osvaldo Alves > Luis Dagmar > André Galvão > Wilson Ulhôa > Thaís Loureiro
8718,Thais Ramos,3371,Eduardo Venancio,high,site_lineage_field,Lineage declarada no perfil: M. Maeda > Carlos Gracie > Carlson Gracie > Ricardo De La Riva > Eduardo Venâncio > Thaís Ramos
12845,Thalyta Silva,6006,Paulo Rezende,high,site_lineage_field,Lineage declarada no perfil: Carlos Gracie > Helio Gracie > Carlson Gracie > Fernando “Pinduka” > Leonardo Castello Branco > Paulo Rezende > Thata Silva
10099,Thalison Soares,1155,Cicero Costha,high,site_lineage_field,Lineage declarada no perfil: Carlos Gracie > Helio Gracie > Rickson Gracie > Marcelo Behring > Waldomiro Perez > Roberto Godoi > Marco Barbosa > Cicero Costha > Thalison Soares
10100,Thamara Ferreira,1155,Cicero Costha,high,site_lineage_field,Lineage declarada no perfil: Carlos Gracie > Helio Gracie > Rickson Gracie > Marcelo Behring > Waldomiro Perez > Roberto Godoi > Marco Barbosa > Cicero Costha > Thamara Ferreira
12542,Thamires Monteiro,875,Lucas Leite,high,site_lineage_field,Lineage declarada no perfil: Carlos Gracie > Helio Gracie > Rolls Gracie > Romero Cavalcanti > Leonardo Vieira > Lucas Leite > Thamires Monteiro
14050,Thaynara Victoria,13487,Marco Mendes,high,site_lineage_field,Lineage declarada no perfil: Carlos Gracie > Helio Gracie > Francisco Mansur > Augusto Mendes > Osvaldo Moizinho > Javier Gomez > Marco Mendes > Thaynara Victoria
5814,Everdan Olegario,144,Andre Galvao,high,site_lineage_field,Lineage declarada no perfil: Carlos Gracie > Reyson Gracie > Osvaldo Alves > Luis Dagmar > André Galvão > Everdan Olegário > Paulo Barauna > Saulo Barbosa > Tamiris Silva
v_paulo_barauna,Paulo Barauna,5814,Everdan Olegario,high,site_lineage_field,Lineage declarada no perfil: Carlos Gracie > Reyson Gracie > Osvaldo Alves > Luis Dagmar > André Galvão > Everdan Olegário > Paulo Barauna > Saulo Barbosa > Tamiris Silva
v_saulo_barbosa,Saulo Barbosa,v_paulo_barauna,Paulo Barauna,high,site_lineage_field,Lineage declarada no perfil: Carlos Gracie > Reyson Gracie > Osvaldo Alves > Luis Dagmar > André Galvão > Everdan Olegário > Paulo Barauna > Saulo Barbosa > Tamiris Silva
13937,Tamires Silva,v_saulo_barbosa,Saulo Barbosa,high,site_lineage_field,Lineage declarada no perfil: Carlos Gracie > Reyson Gracie > Osvaldo Alves > Luis Dagmar > André Galvão > Everdan Olegário > Paulo Barauna > Saulo Barbosa > Tamiris Silva
1178,Theodoro Canal,203,Julio Cesar,high,site_lineage_field,Lineage declarada no perfil: Mitsuyo Maeda > Luis França > Oswaldo Fadda > Monir Salomão > Julio Cesar Pereira > Theodoro Canal
11338,Thiago Abud,484,Murilo Santana,high,site_lineage_field,Lineage declarada no perfil: C. Gracie > H. Gracie > R. Gracie > M. Behring > Mario Yamasaki > Murilo Santana > Thiago Abud
537,Thiago Borges,396,Carlos Vieira,high,site_lineage_field,Lineage declarada no perfil: Mitsuyo Maeda > Carlos Gracie > Helio Gracie > Rickson Gracie > Marcelo Behring > Waldomiro Perez > Maximiliano Trombini > Carlos Vieira > Thiago Borges
2181,Thiago Fernandes,78,Andre Pederneiras,high,site_lineage_field,Lineage declarada no perfil: Mitsuyo Maeda > Carlos Gracie > Carlson Gracie > Andre Pederneiras > Thiago Fernandes
flavio-aleluia,Flavio Aleluia,1400,Carlos Henrique,high,site_lineage_field,Lineage declarada no perfil: Mitsuyo Maeda > Carlos Gracie > Helio Gracie > Francisco Mansur > Carlos Henrique > Flavio Aleluia > Thiago Leiras
1727,Thiago Leiras,flavio-aleluia,Flavio Aleluia,high,site_lineage_field,Lineage declarada no perfil: Mitsuyo Maeda > Carlos Gracie > Helio Gracie > Francisco Mansur > Carlos Henrique > Flavio Aleluia > Thiago Leiras
8632,Thiago Macedo,7675,Faustino Neto,high,site_lineage_field,Lineage declarada no perfil: Carlos Gracie > Osvaldo Alves > Faustino Neto > Thiago Macedo
v_thiago_dos_santos,Thiago dos Santos,314,Andre Terencio,high,site_lineage_field,Lineage declarada no perfil: Mitsuyo Maeda > Carlos Gracie > Helio Gracie > Francisco Mansur > Carlos Henrique > André “Negão” > Thiago dos Santos
14084,Thiago Saboia,122,Michael Langhi,high,site_lineage_field,Lineage declarada no perfil: Carlos Gracie > Helio Gracie > Rolls Gracie > Romero Cavalcanti > Alexandre Paiva > Fernando Tererê > Rubens Charles > Michael Langhi > Thiago Saboia
2434,Thibaut Olivier,338,Ricardo Vieira,high,site_lineage_field,Lineage declarada no perfil: Mitsuyo Maeda > Carlos Gracie > Helio Gracie > Rolls Gracie > Romero Cavalcanti > Ricardo Vieira > Thibaut Olivier
1055,Tiago Alves,492,Marco Barbosa,high,site_lineage_field,Lineage declarada no perfil: Mitsuyo Maeda > Carlos Gracie > Helio Gracie > Rickson Gracie > Marcelo Behring > Waldomiro Perez > Roberto Godoi > Marco Barbosa > Tiago Alves
7865,Tiago Rocha,322,Fabio Gurgel,high,site_lineage_field,Lineage declarada no perfil: M. Maeda > C. Gracie > H. Gracie > Rolls Gracie > Romero Cavalcanti > Fábio Gurgel > Tiago Rocha
v_thiago_sa,Thiago Sá,338,Ricardo Vieira,high,site_lineage_field,Lineage declarada no perfil: M. Maeda > C. > Gracie > H. Gracie > Rolls Gracie > Romero Cavalcanti > Ricardo Vieira > Thiago Sá
8866,Thomas Halpin,224,Roberto Abreu,high,site_lineage_field,Lineage declarada no perfil: M. Maeda > Carlos Gracie > Carlson Gracie > Francisco Toco > Roberto Abreu > Thomas Halpin
12057,Todd Margolis,1034,Pedro Sauer,high,site_lineage_field,Lineage declarada no perfil: Carlos Gracie > Helio Gracie > Rickson Gracie > Pedro Sauer > Todd Margolis
3458,Totila Jordan,v_renam_pitangui,Renam Pitangui,high,site_lineage_field,Lineage declarada no perfil: Mitsuyo Maeda > Carlos Gracie > Helio Gracie > Rickson Gracie > Renam Pitangui > Totila Jordan
8105,Tommy Langaker,7693,Jose Carlos Granja,high,site_lineage_field,Lineage declarada no perfil: Carlos Gracie > Helio Gracie > Carlson Gracie > André Pederneiras > Jair Lourenço > José Carlos > Tommy Langaker
1994,Travis Lutter,745,Carlos Machado,high,site_lineage_field,Lineage declarada no perfil: Mitsuyo Maeda > Carlos Gracie Sr. > Carlos Gracie Junior > Carlos Machado > Travis Lutter
10903,Travis Stevens,623,John Danaher,high,site_lineage_field,Lineage declarada no perfil: Carlos Gracie > Helio Gracie > Carlos Gracie Jr > Renzo Gracie > John Danaher > Travis Stevens
12003,Tye Ruotolo,144,Andre Galvao,high,site_lineage_field,Lineage declarada no perfil: Carlos Gracie > Reyson Gracie > Osvaldo Alves > Luis Dagmar > André Galvão > Tye Ruotolo
6002,Vinicius Amaral,2512,Cezar Guimarães,high,site_lineage_field,Lineage declarada no perfil: Carlos Gracie > Helio Gracie > Carlson Gracie > Walter Guimarães > César Guimarães > Vinicius Amaral > Marcio Carreira > Uanderson Ferreira
v_marcio_carreira,Marcio Carreira,6002,Vinicius Amaral,high,site_lineage_field,Lineage declarada no perfil: Carlos Gracie > Helio Gracie > Carlson Gracie > Walter Guimarães > César Guimarães > Vinicius Amaral > Marcio Carreira > Uanderson Ferreira
12671,Uanderson Ferreira,v_marcio_carreira,Marcio Carreira,high,site_lineage_field,Lineage declarada no perfil: Carlos Gracie > Helio Gracie > Carlson Gracie > Walter Guimarães > César Guimarães > Vinicius Amaral > Marcio Carreira > Uanderson Ferreira
v_valdir_araujo_jr,Valdir Araújo Jr.,1145,Daniel Valverde,high,site_lineage_field,Lineage declarada no perfil: Carlos Gracie > Reyson Gracie > Osvaldo Alves > Daniel Valverde > Valdir Araújo Jr.
v_walter_broca,Walter Broca,v_alexey_cruz,Alexey Cruz,high,site_lineage_field,Lineage declarada no perfil: Mitsuyo Maeda > Carlos Gracie > Carlson Gracie > Ricardo De La Riva > Alexey Cruz > Walter Broca > Valmyr Neto
1851,Valmyr Neto,v_walter_broca,Walter Broca,high,site_lineage_field,Lineage declarada no perfil: Mitsuyo Maeda > Carlos Gracie > Carlson Gracie > Ricardo De La Riva > Alexey Cruz > Walter Broca > Valmyr Neto
1617,Victor Estima,297,Carlos Gracie Junior,high,site_lineage_field,Lineage declarada no perfil: Mitsuyo Maeda > Carlos Gracie > Helio Gracie > Carlos Gracie Jr > Victor Estima > Vanessa English
9083,Vanessa English,1617,Victor Estima,high,site_lineage_field,Lineage declarada no perfil: Mitsuyo Maeda > Carlos Gracie > Helio Gracie > Carlos Gracie Jr > Victor Estima > Vanessa English
11909,Vanessa Griffin,4411,Julius Park,high,site_lineage_field,Lineage declarada no perfil: Carlos Gracie > Helio Gracie > Rickson Gracie > Jorge Pereira > Leo Dalla > Lloyd Irvin > Julius Park > Vanessa Griffin
2073,Vanessa Oliveira,203,Julio Cesar,high,site_lineage_field,Lineage declarada no perfil: Mitsuyo Maeda > Luis França > Oswaldo Fadda > Monir Salomão > Julio Cesar Pereira > Vanessa Oliveira
10210,Vedha Toscano,2266,Fabio Clemente,high,site_lineage_field,Lineage declarada no perfil: Mitsuyo Maeda > Carlos Gracie > Hélio Gracie > Carlos Gracie Jr > Jean Jacques Machado > Fábio Clemente > Vedha Toscano
7732,Vicente Junior,361,Ricardo De La Riva,high,site_lineage_field,Lineage declarada no perfil: Mitsuyo Maeda > Carlos Gracie > Carlson Gracie > Ricardo De La Riva > Vicente Júnior
1945,Victor Costa,419,Leonardo Vieira,high,site_lineage_field,Lineage declarada no perfil: Mitsuyo Maeda > Carlos Gracie > Helio Gracie > Rolls Gracie > Romero Cavalcanti > Leonardo Vieira > Victor Costa
10159,Victor Hugo,84,Alexandre Ribeiro,high,site_lineage_field,Lineage declarada no perfil: C. Gracie > H. Gracie > Royler Gracie > Saulo Ribeiro > Alexandre Ribeiro > Victor Hugo
3110,Victor Genovesi,666,Alexandre Paiva,high,site_lineage_field,Lineage declarada no perfil: Mitsuyo Maeda > Carlos Gracie > Helio Gracie > Rolls Gracie > Romero Cavalcanti > Alexandre Paiva > Victor Genovesi
11754,Victor Nithael,6756,Rodrigo Silva,high,site_lineage_field,Lineage declarada no perfil: Carlos Gracie > Helio Gracie > Carlson Gracie > André Pederneiras > Rodrigo Feijão > Victor Nithael
179,Rafael Mendes,415,Guilherme Mendes,high,site_lineage_field,Lineage declarada no perfil: Mitsuyo Maeda > Carlos Gracie > Helio Gracie > Carlson Gracie > André Pederneiras > Ramon Lemos > Guilherme Mendes > Rafael Mendes > Vincent Nguyen
8090,Vincent Nguyen,179,Rafael Mendes,high,site_lineage_field,Lineage declarada no perfil: Mitsuyo Maeda > Carlos Gracie > Helio Gracie > Carlson Gracie > André Pederneiras > Ramon Lemos > Guilherme Mendes > Rafael Mendes > Vincent Nguyen
13190,Vinicius Lessa,410,Claudio Calasans,high,site_lineage_field,Lineage declarada no perfil: Carlos Gracie > Reyson Gracie > Osvaldo Alves > Sergio Lisboa > Erivaldo Junior > Claudio Calasans > Vinicius Lessa
13417,Vinicius Liberati,1155,Cicero Costha,high,site_lineage_field,Lineage declarada no perfil: Carlos Gracie > Helio Gracie > Rickson Gracie > Marcelo Behring > Waldomiro Perez > Roberto Godoi > Marco Barbosa > Cicero Costha > Vinicius Liberati
733,Vinicius Magalhaes,730,Vinicius Aieta,high,site_lineage_field,Lineage declarada no perfil: Mitsuyo Maeda > Carlos Gracie > Helio Gracie > Royler Gracie > Vini Aieta > Vinny Magalhães
v_vinicius_martins,Vinícius Martins,790,Mario Reis,high,site_lineage_field,Lineage declarada no perfil: Carlos Gracie > Helio Gracie > Alvaro Barreto > Sylvio Behring > Mario Reis > Vinícius Martins
v_vinicius_pedrosa,Vinícius Pedrosa,203,Julio Cesar,high,site_lineage_field,Lineage declarada no perfil: M. Maeda > Luis França > Oswaldo Fadda > Monir Salomão > Júlio César Pereira > Vinícius Pedrosa
9956,Vinicius Pereira,6792,Cassio Francis,high,site_lineage_field,Lineage declarada no perfil: C. Gracie > H. Gracie > C. Gracie Jr > Vinicius Draculino > Cássio Francis > Vinicius Pereira
4235,Victor Silverio,203,Julio Cesar,high,site_lineage_field,Lineage declarada no perfil: Mitsuyo Maeda > Luis França > Oswaldo Fadda > Monir Salomão > Julio Cesar > Victor Silvério
81,Vitor Ribeiro,78,Andre Pederneiras,high,site_lineage_field,Lineage declarada no perfil: Mitsuyo Maeda > Carlos Gracie > Carlson Gracie > Andre Pederneiras > Vitor Ribeiro
1986,Vitor Toledo,v_erivaldo_junior,Erivaldo Junior,high,site_lineage_field,Lineage declarada no perfil: Mitsuyo Maeda > Carlos Gracie > Reyson Gracie > Osvaldo Alves > Sergio Lisboa > Erivaldo Junior > Vitor Toledo
v_rafael_formiga,Rafael Formiga,3028,Leandro Escobar,high,site_lineage_field,Lineage declarada no perfil: Carlos Gracie > Helio Gracie > Carlson Gracie > Ricardo Libório > André Almeida > Leandro Escobar > Rafael Formiga > Vitória de Assis
14169,Vitoria Assis,v_rafael_formiga,Rafael Formiga,high,site_lineage_field,Lineage declarada no perfil: Carlos Gracie > Helio Gracie > Carlson Gracie > Ricardo Libório > André Almeida > Leandro Escobar > Rafael Formiga > Vitória de Assis
v_flavio_soldado,Flávio Soldado,203,Julio Cesar,high,site_lineage_field,Lineage declarada no perfil: Luis França > Oswaldo Fadda > Monir Salomão > Júlio César Pereira > Flávio Soldado > Vitoria Vieira
12594,Vitoria Vieira,v_flavio_soldado,Flávio Soldado,high,site_lineage_field,Lineage declarada no perfil: Luis França > Oswaldo Fadda > Monir Salomão > Júlio César Pereira > Flávio Soldado > Vitoria Vieira
338,Ricardo Vieira,27,Rolls Gracie,high,site_lineage_field,Lineage declarada no perfil: Mitsuyo Maeda > Carlos Gracie > Helio Gracie > Rolls Gracie > Romero Cavalcanti > Roberto Traven > Muzio de Angelis > Gile Ribeiro > Wagner “Galeto” Campos
1204,Roberto Traven,338,Ricardo Vieira,high,site_lineage_field,Lineage declarada no perfil: Mitsuyo Maeda > Carlos Gracie > Helio Gracie > Rolls Gracie > Romero Cavalcanti > Roberto Traven > Muzio de Angelis > Gile Ribeiro > Wagner “Galeto” Campos
v_gile_ribeiro,Gile Ribeiro,702,Muzio de Angelis,high,site_lineage_field,Lineage declarada no perfil: Mitsuyo Maeda > Carlos Gracie > Helio Gracie > Rolls Gracie > Romero Cavalcanti > Roberto Traven > Muzio de Angelis > Gile Ribeiro > Wagner “Galeto” Campos
272,Wagner Campos,v_gile_ribeiro,Gile Ribeiro,high,site_lineage_field,Lineage declarada no perfil: Mitsuyo Maeda > Carlos Gracie > Helio Gracie > Rolls Gracie > Romero Cavalcanti > Roberto Traven > Muzio de Angelis > Gile Ribeiro > Wagner “Galeto” Campos
11709,Wallace Costa,11917,Gabriel Marinho,high,site_lineage_field,Lineage declarada no perfil: Luis França > Oswaldo Fadda > Monir Salomão > Júlio César > Gabriel Marinho > Wallace Costa
11572,Waldir Filho,8409,Ricardo Marques,high,site_lineage_field,Lineage declarada no perfil: Carlos Gracie > Carlson Gracie > Sergio Souza > Ricardo Marques > Waldyr Filho
508,Walid Ismail,22,Carlson Gracie,high,site_lineage_field,Lineage declarada no perfil: Carlos Gracie > Helio Gracie > Carlson Gracie > Wallid Ismail
v_washington_luis,Washington Luis,2512,Cezar Guimarães,high,site_lineage_field,Lineage declarada no perfil: Carlos Gracie > Helio Gracie > Carlson Gracie > Walter Guimaraes > Cesar Guimaraes > Washington Luis
8842,Wanki Chae,1569,John Frankl,high,site_lineage_field,Lineage declarada no perfil: Mitsuyo Maeda > Carlos Gracie Sr. > Carlos Gracie Junior > Roberto Maia > John Frankl > Wanki Chae
v_polengue_dias,Polengue Dias,367,Marlon Sandro,high,site_lineage_field,Lineage declarada no perfil: Carlos Gracie > Helio Gracie > Carlson Gracie > André Pederneiras > Marlon Sandro > Polengue Dias > Welerson Gonçalves
13209,Welerson Goncalves,v_polengue_dias,Polengue Dias,high,site_lineage_field,Lineage declarada no perfil: Carlos Gracie > Helio Gracie > Carlson Gracie > André Pederneiras > Marlon Sandro > Polengue Dias > Welerson Gonçalves
v_fabio_chemik,Fábio Chemik,419,Leonardo Vieira,high,site_lineage_field,Lineage declarada no perfil: Carlos Gracie > Helio Gracie > Rolls Gracie > Romero Cavalcanti > Leonardo Vieira > Fábio Chemik > Wilson Bueno
14067,Wilson Bueno,v_fabio_chemik,Fábio Chemik,high,site_lineage_field,Lineage declarada no perfil: Carlos Gracie > Helio Gracie > Rolls Gracie > Romero Cavalcanti > Leonardo Vieira > Fábio Chemik > Wilson Bueno
11559,William Abreu,224,Roberto Abreu,high,site_lineage_field,Lineage declarada no perfil: Carlos Gracie > Helio Gracie > Carlson Gracie > Francisco Toco > Roberto Abreu > William Abreu
11771,William Tackett,1207,Rodrigo Cabral,high,site_lineage_field,Lineage declarada no perfil: Carlos Gracie > Helio Gracie > Rolls Gracie > Romero Cavalcanti > Leo Vieira > Rodrigo Cabral > William Tackett
11794,Willis Nunes,963,Carlos Vieira Holanda,high,site_lineage_field,Lineage declarada no perfil: Carlos Gracie > Reyson Gracie > Osvaldo Alves > Faustino Neto (Pina) > Carlos Holanda > Willis Nunes
v_wilson_moreira,Wilson Moreira,1155,Cicero Costha,high,site_lineage_field,Lineage declarada no perfil: Carlos Gracie > Helio Gracie > Rickson Gracie > Marcelo Behring > Waldomiro Perez > Roberto Godoi > Marco Barbosa > Cicero Costha > Wilson Moreira
v_henrique_lima,Henrique Lima,396,Carlos Vieira,high,site_lineage_field,Lineage declarada no perfil: Luiz França > Oswaldo Fadda > Jorge Pina > Carlos “Portugues” Vieira > Henrique Lima > Jakson Oliveira > Windson Torres
v_jakson_oliveira,Jakson Oliveira,v_henrique_lima,Henrique Lima,high,site_lineage_field,Lineage declarada no perfil: Luiz França > Oswaldo Fadda > Jorge Pina > Carlos “Portugues” Vieira > Henrique Lima > Jakson Oliveira > Windson Torres
14237,Windson Torres,v_jakson_oliveira,Jakson Oliveira,high,site_lineage_field,Lineage declarada no perfil: Luiz França > Oswaldo Fadda > Jorge Pina > Carlos “Portugues” Vieira > Henrique Lima > Jakson Oliveira > Windson Torres
8119,Xiong Yuxing,903,Leticia Ribeiro,high,site_lineage_field,Lineage declarada no perfil: Carlos Gracie > Helio Gracie > Royler Gracie > Vini Aieta > Letícia Ribeiro > Xiong Yuxing
8938,Jorge Britto,515,Royler Gracie,high,site_lineage_field,Lineage declarada no perfil: Mitsuyo Maeda > Carlos Gracie > Helio Gracie > Royler Gracie > Jorge Britto > Yacinta Nguyen
8783,Yacinta Nguyen,8938,Jorge Britto,high,site_lineage_field,Lineage declarada no perfil: Mitsuyo Maeda > Carlos Gracie > Helio Gracie > Royler Gracie > Jorge Britto > Yacinta Nguyen
5347,Yago de Souza,1155,Cicero Costha,high,site_lineage_field,Lineage declarada no perfil: Carlos Gracie > Helio Gracie > Rickson Gracie > Marcelo Behring > Waldomiro Perez > Roberto Godoi > Marco Barbosa > Cicero Costha > Yago de Souza
v_paulo_henrique_lima_cintra,Paulo Henrique Lima Cintra,1855,Fernando Guimaraes,high,site_lineage_field,Lineage declarada no perfil: Carlos Gracie > Carlson Gracie > André Pederneiras > Fernando Marques > Paulo Henrique Lima Cintra > Ubiratam dos Santos > Yatan Bueno
v_ubiratam_dos_santos,Ubiratam dos Santos,v_paulo_henrique_lima_cintra,Paulo Henrique Lima Cintra,high,site_lineage_field,Lineage declarada no perfil: Carlos Gracie > Carlson Gracie > André Pederneiras > Fernando Marques > Paulo Henrique Lima Cintra > Ubiratam dos Santos > Yatan Bueno
12055,Yatan Bueno,v_ubiratam_dos_santos,Ubiratam dos Santos,high,site_lineage_field,Lineage declarada no perfil: Carlos Gracie > Carlson Gracie > André Pederneiras > Fernando Marques > Paulo Henrique Lima Cintra > Ubiratam dos Santos > Yatan Bueno
10897,Yara Soares,693,Luiz Guilherme,high,site_lineage_field,Lineage declarada no perfil: Carlos Gracie > Helio Gracie > Rickson G. > Jorge Pereira > Luiz Guilherme > Yara Soares
v_arturo_wesson,Arturo Wesson,52,Renzo Gracie,high,site_lineage_field,Lineage declarada no perfil: Carlos Gracie > Helio Gracie > Carlos Gracie Jr > Renzo Gracie > Arturo Wesson > Yigit Hanay
13871,Yigit Hanay,v_arturo_wesson,Arturo Wesson,high,site_lineage_field,Lineage declarada no perfil: Carlos Gracie > Helio Gracie > Carlos Gracie Jr > Renzo Gracie > Arturo Wesson > Yigit Hanay
v_irami_rocha,Irami Rocha,527,Oswaldo Fadda,high,site_lineage_field,Lineage declarada no perfil: Mitsuyo Maeda > Luiz França > Oswaldo Fadda > Irami Rocha > Márcio Rodrigues > Ygor Rodrigues
5609,Marcio Rodrigues,v_irami_rocha,Irami Rocha,high,site_lineage_field,Lineage declarada no perfil: Mitsuyo Maeda > Luiz França > Oswaldo Fadda > Irami Rocha > Márcio Rodrigues > Ygor Rodrigues
9121,Ygor Rodrigues,5609,Marcio Rodrigues,high,site_lineage_field,Lineage declarada no perfil: Mitsuyo Maeda > Luiz França > Oswaldo Fadda > Irami Rocha > Márcio Rodrigues > Ygor Rodrigues
v_changuk_jung,Changuk Jung,1569,John Frankl,high,site_lineage_field,Lineage declarada no perfil: Carlos Gracie > Helio Gracie > Carlos Gracie Jr > Roberto Maia > John Frankl > Changuk Jung > Youngseung Cho
13389,Youngseung Cho,v_changuk_jung,Changuk Jung,high,site_lineage_field,Lineage declarada no perfil: Carlos Gracie > Helio Gracie > Carlos Gracie Jr > Roberto Maia > John Frankl > Changuk Jung > Youngseung Cho
v_naoya_uematsu,Naoya Uematsu,1882,Mitsuyoshi Hayakawa,high,site_lineage_field,Lineage declarada no perfil: Carlos Gracie > Helio Gracie > Rolls Gracie > Romero Cavalcanti > Alexandre Paiva > Mitsuyoshi Hayakawa > Naoya Uematsu > Yuta Shimada
8536,Yuta Shimada,v_naoya_uematsu,Naoya Uematsu,high,site_lineage_field,Lineage declarada no perfil: Carlos Gracie > Helio Gracie > Rolls Gracie > Romero Cavalcanti > Alexandre Paiva > Mitsuyoshi Hayakawa > Naoya Uematsu > Yuta Shimada
3348,Yukinori Sasa,996,Yuki Nakai,high,site_lineage_field,Lineage declarada no perfil: Carlos Gracie Sr. > Helio Gracie > Carlos Gracie Junior > Yuki Nakai > Yukinori Sasa
11212,Yuri Hendrex,1155,Cicero Costha,high,site_lineage_field,Lineage declarada no perfil: Carlos Gracie > Helio Gracie > Rickson Gracie > Marcelo Behring > Waldomiro Perez > Roberto Godoi > Marco Barbosa > Cicero Costha > Yuri Hendrex
601,Roberto Godoi,720,Jorge Patino,high,site_lineage_field,Lineage declarada no perfil: Carlos Gracie > Helio Gracie > Rickson Gracie > Marcelo Behring > Valdomiro Junior > Jorge Patino > Roberto Godoi > Roger Coelho & Antônio Cicconi > Rodrigo Menezes & Carlos Augusto ( Guto ) > Yuri Silva
v_roger_coelho_antonio_cicconi,Roger Coelho & Antônio Cicconi,601,Roberto Godoi,high,site_lineage_field,Lineage declarada no perfil: Carlos Gracie > Helio Gracie > Rickson Gracie > Marcelo Behring > Valdomiro Junior > Jorge Patino > Roberto Godoi > Roger Coelho & Antônio Cicconi > Rodrigo Menezes & Carlos Augusto ( Guto ) > Yuri Silva
v_rodrigo_menezes_carlos_augusto_guto,Rodrigo Menezes & Carlos Augusto ( Guto ),v_roger_coelho_antonio_cicconi,Roger Coelho & Antônio Cicconi,high,site_lineage_field,Lineage declarada no perfil: Carlos Gracie > Helio Gracie > Rickson Gracie > Marcelo Behring > Valdomiro Junior > Jorge Patino > Roberto Godoi > Roger Coelho & Antônio Cicconi > Rodrigo Menezes & Carlos Augusto ( Guto ) > Yuri Silva
14266,Yuri da Silva,v_rodrigo_menezes_carlos_augusto_guto,Rodrigo Menezes & Carlos Augusto ( Guto ),high,site_lineage_field,Lineage declarada no perfil: Carlos Gracie > Helio Gracie > Rickson Gracie > Marcelo Behring > Valdomiro Junior > Jorge Patino > Roberto Godoi > Roger Coelho & Antônio Cicconi > Rodrigo Menezes & Carlos Augusto ( Guto ) > Yuri Silva
3569,Yvone Duarte,524,Osvaldo Alves,high,site_lineage_field,Lineage declarada no perfil: Carlos Gracie sr > Reyson Gracie > Osvaldo Alves > Yvone Duarte
12227,Zach Maslany,4317,Eddie Bravo,high,site_lineage_field,Lineage declarada no perfil: Carlos Gracie > Hélio Gracie > Carlos Gracie Jr > JJ Machado > Eddie Bravo > Zach Maslany
13341,Zach Kaina,415,Guilherme Mendes,high,site_lineage_field,Lineage declarada no perfil: Carlos Gracie > Carlson Gracie > André Pederneiras > Ramon Lemos > Guilherme Mendes > Zach Kaina
6507,Regis Lebre,481,Saulo Ribeiro,high,site_lineage_field,Lineage declarada no perfil: Mitsuyo Maeda > Carlos Gracie > Helio Gracie > Royler Gracie > Saulo Ribeiro > Regis Lebre > Zak Maxwell
1137,Zak Maxwell,6507,Regis Lebre,high,site_lineage_field,Lineage declarada no perfil: Mitsuyo Maeda > Carlos Gracie > Helio Gracie > Royler Gracie > Saulo Ribeiro > Regis Lebre > Zak Maxwell
v_ribamar_santiago,Ribamar Santiago,322,Fabio Gurgel,high,site_lineage_field,Lineage declarada no perfil: Carlos Gracie > Helio Gracie > Rolls Gracie > Romero Cavalcanti > Fábio Gurgel > Ribamar Santiago > Zayed Alkatheeri
12968,Zayed Alkatheeri,v_ribamar_santiago,Ribamar Santiago,high,site_lineage_field,Lineage declarada no perfil: Carlos Gracie > Helio Gracie > Rolls Gracie > Romero Cavalcanti > Fábio Gurgel > Ribamar Santiago > Zayed Alkatheeri
4310,Tim Spriggs,4411,Julius Park,high,site_lineage_field,Lineage declarada no perfil: Carlos Gracie (senior) > Helio Gracie > Rickson Gracie > Jorge Pereira > Leonardo Dalla > Lloyd Irvin > Julius Park > Tim Spriggs
4381,Alain Pozo,v_wilson_junior,Wilson Junior,high,site_lineage_field,Lineage declarada no perfil: Carlos Gracie > Helio Gracie > Carlson Gracie > Ricardo Libório > Bebeo Duarte > Nelson Solari > Wilson Junior > Alain Pozo
4420,Jacob McKee,297,Carlos Gracie Junior,high,site_lineage_field,Lineage declarada no perfil: Mitsuyo Maeda > Carlos Gracie Sr. > Helio Gracie > Carlos Gracie Junior > Jacob McKee
415,Guilherme Mendes,179,Rafael Mendes,high,site_lineage_field,Lineage declarada no perfil: Mitsuyo Maeda > Carlos Gracie > Carlson Gracie > Andre Pederneiras > Ramon Lemos > Rafael Mendes > Guilherme Mendes > Riccardo Ammendolia
4437,Riccardo Ammendolia,415,Guilherme Mendes,high,site_lineage_field,Lineage declarada no perfil: Mitsuyo Maeda > Carlos Gracie > Carlson Gracie > Andre Pederneiras > Ramon Lemos > Rafael Mendes > Guilherme Mendes > Riccardo Ammendolia
v_fabiano_gaudio,Fabiano Gaudio,2512,Cezar Guimarães,high,site_lineage_field,Lineage declarada no perfil: Carlos Gracie > Helio Gracie > Carlson Gracie > Walter Guimaraes > Cesar Guimaraes > Fabiano Gaudio > Patrick Gaudio
4430,Patrick Gaudio,v_fabiano_gaudio,Fabiano Gaudio,high,site_lineage_field,Lineage declarada no perfil: Carlos Gracie > Helio Gracie > Carlson Gracie > Walter Guimaraes > Cesar Guimaraes > Fabiano Gaudio > Patrick Gaudio
4460,Jaime Canuto,v_renato_veras,Renato Verás,high,site_lineage_field,Lineage declarada no perfil: Luis França > O. Fadda > Monir Salomão > Julio Cesar > Renato Verás > Jaime Canuto
4465,Andris Brunovskis,144,Andre Galvao,high,site_lineage_field,Lineage declarada no perfil: M. Maeda > Carlos Gracie > Rey. Gracie > Osv. Alves > Luis Dagmar > André Galvão > Andris Brunovskis
4481,Mauro Ayres,714,Francisco Albuquerque,high,site_lineage_field,Lineage declarada no perfil: Mitsuyo Maeda > Carlos Gracie > Carlson Gracie > Francisco Albuquerque > Mauro Ayres
4485,Paulo Brandão,515,Royler Gracie,high,site_lineage_field,Lineage declarada no perfil: Mitsuyo Maeda > Carlos Gracie > Helio Gracie > Royler Gracie > Paulo Brandão
v_michael_liera,Michael Liera,144,Andre Galvao,high,site_lineage_field,Lineage declarada no perfil: Carlos Gracie > Rey. Gracie > Osvaldo Alves > Luis Dagmar > André Galvão > Michael Liera
4641,Fabio Monteiro,1445,Rolker Gracie,high,site_lineage_field,Lineage declarada no perfil: Mitsuyo Maeda > Carlos Gracie > Helio Gracie > Royler Gracie > Rolker Gracie > Binho Monteiro
4521,Erberth Santos,luiz-guilherme-guigo,Luis Guilherme,high,site_lineage_field,Lineage declarada no perfil: C. Gracie > Helio Gracie > Rickson Gracie > Jorge Pereira > Luis Guilherme > Erberth Santos
4687,Henry Akins,67,Rickson Gracie,high,site_lineage_field,Lineage declarada no perfil: Mitsuyo Maeda > Carlos Gracie > Helio Gracie > Rickson Gracie > Henry Akins
4676,Renato Miragaia,553,Roberto Correa,high,site_lineage_field,Lineage declarada no perfil: Mitsuyo Maeda > Carlos Gracie Sr. > Carlos Gracie Junior > Roberto Correa > Renato Miragaia
4943,Bruno Fernandes,297,Carlos Gracie Junior,high,site_lineage_field,Lineage declarada no perfil: Mitsuyo Maeda > Carlos Gracie Sr. > Helio Gracie > Carlos Gracie Junior > Bruno Fernandes
4912,Fernando Gurgel,355,Romero Cavalcanti,high,site_lineage_field,Lineage declarada no perfil: Mitsuyo Maeda > Carlos Gracie > Helio Gracie > Rolls Gracie > Romero Cavalcanti > Fernando Gurgel
4717,Luis Carlos Atalla,297,Carlos Gracie Junior,high,site_lineage_field,Lineage declarada no perfil: Mitsuyo Maeda > Carlos Gracie Sr. > Helio Gracie > Carlos Gracie Junior > Luca Atalla
4740,Marcelo Mello,515,Royler Gracie,high,site_lineage_field,Lineage declarada no perfil: Mitsuyo Maeda > Carlos Gracie > Helio Gracie > Royler Gracie > Marcelo Mello
4859,Ricardo Rezende,224,Roberto Abreu,high,site_lineage_field,Lineage declarada no perfil: Mitsuyo Maeda > Carlos Gracie > Carlson Gracie > Francisco Albuquerque > Roberto Abreu > Ricardo Rezende
4864,Alexandre Dantas,v_aloisio_silva,Aloísio Silva,high,site_lineage_field,Lineage declarada no perfil: Mitsuyo Maeda > Carlos Gracie Sr. > Robson Gracie > Aloisio Silva > Alexandre Dantas
4851,Kim Terra,338,Ricardo Vieira,high,site_lineage_field,Lineage declarada no perfil: C. Gracie > Helio Gracie > Rolls Gracie > Romero Cavalcanti > Ricardo Vieira > Kim Terra
4877,Sergio Jardim,67,Rickson Gracie,high,site_lineage_field,Lineage declarada no perfil: Mitsuyo Maeda > Carlos Gracie > Helio Gracie > Rickson Gracie > Sergio Jardim
4838,Monique Elias,790,Mario Reis,high,site_lineage_field,Lineage declarada no perfil: M. Maeda > Carlos Gracie > Helio Gracie > Alvaro Barreto > Sylvio Behring > Mario Reis > Monique Elias
sergio-moraes-bjj-fighter-wiki,Sergio Moraes,5814,Everdan Olegario,high,site_lineage_field,Lineage declarada no perfil: Carlos Gracie > Reyson Gracie > Osvaldo Alves > Luis Dagmar > André Galvão > Everdan Olegário > Sergio Moraes > Dimitrius Souza
4960,Dimitrius Souza,sergio-moraes-bjj-fighter-wiki,Sergio Moraes,high,site_lineage_field,Lineage declarada no perfil: Carlos Gracie > Reyson Gracie > Osvaldo Alves > Luis Dagmar > André Galvão > Everdan Olegário > Sergio Moraes > Dimitrius Souza
4993,Rodrigo Pagani,481,Saulo Ribeiro,high,site_lineage_field,Lineage declarada no perfil: Mitsuyo Maeda > Carlos Gracie > Helio Gracie > Royler Gracie > Saulo Ribeiro > Rodrigo Pagani
4996,Geovanny Martinez,4317,Eddie Bravo,high,site_lineage_field,Lineage declarada no perfil: Carlos Gracie (Senior) > Hélio Gracie > Carlos Gracie Júnior > Jean Jaques Machado > Eddie Bravo > Geo Martinez
luis-roberto-duarte-bebeo,Luis Duarte,627,Murilo Bustamante,high,site_lineage_field,Lineage declarada no perfil: Mitsuyo Maeda > Carlos Gracie > Carlson Gracie > Murilo Bustamante > Luis Duarte > Fabiano Scherner
5016,Fabiano Scherner,luis-roberto-duarte-bebeo,Luis Duarte,high,site_lineage_field,Lineage declarada no perfil: Mitsuyo Maeda > Carlos Gracie > Carlson Gracie > Murilo Bustamante > Luis Duarte > Fabiano Scherner
5020,Enson Inoue,john-lewis,John Lewis,high,site_lineage_field,Lineage declarada no perfil: Mitsuyo Maeda > Carlos Gracie > Carlson Gracie > Andre Pederneiras > John Lewis > Enson Inoue
v_jonathas_couto,Jonathas Couto,helio-soneca-moreira,Helio Soneca,high,site_lineage_field,Lineage declarada no perfil: Mitsuyo Maeda > Carlos Gracie Sr. > Carlos Gracie Junior > Helio Soneca > Jonathas Couto > João Pedro Rodrigues
5114,Joao Pedro Rodrigues,v_jonathas_couto,Jonathas Couto,high,site_lineage_field,Lineage declarada no perfil: Mitsuyo Maeda > Carlos Gracie Sr. > Carlos Gracie Junior > Helio Soneca > Jonathas Couto > João Pedro Rodrigues
5135,Carlos Rosado,22,Carlson Gracie,high,site_lineage_field,Lineage declarada no perfil: Mitsuyo Maeda > Carlos Gracie > Carlson Gracie > Carlos Rosado
5157,Vinicius Cruz,22,Carlson Gracie,high,site_lineage_field,Lineage declarada no perfil: Mitsuyo Maeda > Carlos Gracie > Carlson Gracie > Vinícius Cruz
5162,Rosangela Conceicao,1631,Sylvio Behring,high,site_lineage_field,Lineage declarada no perfil: Mitsuyo Maeda > Carlos Gracie > Helio Gracie > Alvaro Barreto > Sylvio Behring > Rosângela Conceição
5206,Andre Motta,78,Andre Pederneiras,high,site_lineage_field,Lineage declarada no perfil: Mitsuyo Maeda > Carlos Gracie > Carlson Gracie > Andre Pederneiras > Andre Motta
5223,Carlos Rollyson,22,Carlson Gracie,high,site_lineage_field,Lineage declarada no perfil: Mitsuyo Maeda > Carlos Gracie > Carlson Gracie > Carlos Rollyson
v_moacir_omena,(Moacir Omena,361,Ricardo De La Riva,high,site_lineage_field,Lineage declarada no perfil: Mitsuyo Maeda > Carlos Gracie > Carlson Gracie > Ricardo De La Riva > (Moacir Omena > ) Tony Passos
5320,Antonio Passos,v_moacir_omena,(Moacir Omena,high,site_lineage_field,Lineage declarada no perfil: Mitsuyo Maeda > Carlos Gracie > Carlson Gracie > Ricardo De La Riva > (Moacir Omena > ) Tony Passos
5391,Dean Liebenberg,396,Carlos Vieira,high,site_lineage_field,Lineage declarada no perfil: Carlos Gracie > Helio Gracie > Rickson Gracie > Marcelo Behring > Valdomiro Junior > Milton Maximiliano > Carlos Vieira > Dean Liebenberg
5410,Venla Luukkonen,6342,Pedro Duarte,high,site_lineage_field,Lineage declarada no perfil: M. Maeda > Carlos Gracie > Helio Gr. > Carlson Gr. > Murilo Bustamante > Pedro Duarte > Venla Luukkonen
5417,Guilherme Augusto,5814,Everdan Olegario,high,site_lineage_field,Lineage declarada no perfil: Carlos Gracie > George Gracie > Octávio de Almeida > Moises Murad > Everdan Olegário > Guilherme Augusto
12084,Guilherme Lambertucci,2416,Felipe Pena,high,site_lineage_field,Lineage declarada no perfil: Carlos Gracie > Helio Gracie > Carlos Gracie Junior > Vinicius Magalhães (Draculino) > Marcelo Azevedo (Uirapuru) > Felipe Pena (Preguiça) > Guilherme Lambertucci
5453,Herbert Burns,446,Gilbert Burns,high,site_lineage_field,Lineage declarada no perfil: Mitsuyo Maeda > Carlos Gracie > Carlson Gracie > Andre Pederneiras > Rafael Fofitio > Gilbert Burns > ) Herbert Burns
5473,Ibrahim Inal,419,Leonardo Vieira,high,site_lineage_field,Lineage declarada no perfil: Mitsuyo Maeda > Carlos Gracie > Helio Gracie > Rolls Gracie > Romero Cavalcanti > Leonardo Vieira > İbrahim İnal
5509,Victor Honorio,v_jose_honorio,José Honório,high,site_lineage_field,Lineage declarada no perfil: Carlos Gracie > Helio Gracie > Carlson Gracie > Walter Guimaraes > Cezar Guimarães > José Honório > Victor Honório
7201,Rodrigo Pinheiro,515,Royler Gracie,high,site_lineage_field,Lineage declarada no perfil: Carlos Gracie > Helio Gracie > Royler Gracie > Rodrigo Pinheiro > Manuel Ribamar
5636,Manuel Ribamar,7201,Rodrigo Pinheiro,high,site_lineage_field,Lineage declarada no perfil: Carlos Gracie > Helio Gracie > Royler Gracie > Rodrigo Pinheiro > Manuel Ribamar
5617,Jamie Cruz,52,Renzo Gracie,high,site_lineage_field,Lineage declarada no perfil: Mitsuyo Maeda > Carlos Gracie > Helio Gracie > Carlos Gracie Jr > Renzo Gracie > Jamie Cruz
5592,Alan Marques,1781,Ralph Gracie,high,site_lineage_field,Lineage declarada no perfil: Mitsuyo Maeda > Carlos Gracie Sr. > Helio Gracie > Carlos Gracie Junior > Ralph Gracie > Alan Marques
5578,Emily Kwok,278,Ricardo Almeida,high,site_lineage_field,Lineage declarada no perfil: Mitsuyo Maeda > Carlos Gracie Sr. > Helio Gracie > Carlos Gracie Junior > Renzo Gracie > Ricardo Almeida > Emily Kwok
5549,Louis Vintaloro,515,Royler Gracie,high,site_lineage_field,Lineage declarada no perfil: Mitsuyo Maeda > Carlos Gracie > Helio Gracie > Royler Gracie > Louis Vintaloro
5751,Steve Maxwell,1957,Relson Gracie,high,site_lineage_field,Lineage declarada no perfil: Mitsuyo Maeda > Carlos Gracie > Helio Gracie > Relson Gracie > Steve Maxwell
v_nilson_liboni,Nilson Liboni,515,Royler Gracie,high,site_lineage_field,Lineage declarada no perfil: Mitsuyo Maeda > Carlos Gracie > Helio Gracie > Royler Gracie > Nilson Liboni > Massao Shinkai/Daniel Shinkai > Isaque Paiva
v_massao_shinkai_daniel_shinkai,Massao Shinkai/Daniel Shinkai,v_nilson_liboni,Nilson Liboni,high,site_lineage_field,Lineage declarada no perfil: Mitsuyo Maeda > Carlos Gracie > Helio Gracie > Royler Gracie > Nilson Liboni > Massao Shinkai/Daniel Shinkai > Isaque Paiva
5715,Isaque Paiva,v_massao_shinkai_daniel_shinkai,Massao Shinkai/Daniel Shinkai,high,site_lineage_field,Lineage declarada no perfil: Mitsuyo Maeda > Carlos Gracie > Helio Gracie > Royler Gracie > Nilson Liboni > Massao Shinkai/Daniel Shinkai > Isaque Paiva
v_joaquina_bonfim,Joaquina Bonfim,1633,Jose Olimpio,high,site_lineage_field,Lineage declarada no perfil: Mitsuyo Maeda > Carlos Gracie Sr. > Helio Gracie > Carlos Gracie Junior > José Olímpio > Joaquina Bonfim
5756,Wellington Luis,1155,Cicero Costha,high,site_lineage_field,Lineage declarada no perfil: Carlos Gracie > Helio Gracie > Rickson Gracie > Marcelo Behring > Waldomiro Perez > Roberto Godoi > Marco Barbosa > Cicero Costha > Wellington Luís
5909,Thiago Abreu,rodrigo-cavaca,Rodrigo Cavaca,high,site_lineage_field,Lineage declarada no perfil: Mitsuyo Maeda > Carlos Gracie > Carlson Gracie > Élcio Figueiredo > Rodrigo Cavaca > Thiago Abreu
5926,Thiago Gaia,492,Marco Barbosa,high,site_lineage_field,Lineage declarada no perfil: Mitsuyo Maeda > Carlos Gracie > Helio Gracie > Rickson Gracie > Marcelo Behring > Waldomiro Perez > Roberto Godoi > Marco Barbosa > Thiago Gaia
5861,Jared Dopp,rafael-lovato-jr,Rafael Lovato Jr,high,site_lineage_field,Lineage declarada no perfil: Carlos Gracie > Helio Gracie > Carlos Gracie Junior > Carlos Machado > Rafael Lovato Junior > Jared Dopp
5842,Mahamed Aly,1307,Lloyd Irvin,high,site_lineage_field,Lineage declarada no perfil: Carlos Gracie > Helio Gracie > Rickson Gracie > Jorge Pereira > Leo Dalla > Lloyd Irvin > Mahamed Aly
5785,Paulo Guillobel,5869,Jorge Pereira,high,site_lineage_field,Lineage declarada no perfil: Mitsuyo Maeda > Carlos Gracie > Helio Gracie > Rickson Gracie > Jorge Pereira > Paulo Guillobel
5820,Andre Glodzinski,872,Maximiliano Trombini,high,site_lineage_field,Lineage declarada no perfil: Mitsuyo Maeda > Carlos Gracie > Helio Gracie > Rickson Gracie > Marcelo Behring > Valdomiro Junior > Milton Maximiliano Trombini > André Glodzinski
5854,Deborah Maxwell,481,Saulo Ribeiro,high,site_lineage_field,Lineage declarada no perfil: Mitsuyo Maeda > Carlos Gracie > Helio Gracie > Royler Gracie > Saulo Ribeiro > DC Maxwell
5873,Fabio Nascimento,1005,Moises Murad,high,site_lineage_field,Lineage declarada no perfil: Mitsuyo Maeda > Carlos Gracie > George Gracie > Octávio de Almeida > Moises Muradi > Fábio Nascimento
5883,Felicia Oh,88,Jean Jacques Machado,high,site_lineage_field,Lineage declarada no perfil: Mitsuyo Maeda > Carlos Gracie Sr. > Carlos Gracie Junior > Jean Jacques Machado > Felicia Oh
5992,Wilson Reis,601,Roberto Godoi,high,site_lineage_field,Lineage declarada no perfil: Mitsuyo Maeda > Carlos Gracie > Helio Gracie > Rickson Gracie > Marcelo Behring > Waldomiro Perez > Roberto Godoi > Wilson Reis
v_ataide_junior,Ataíde Junior,381,Armando Wridt,high,site_lineage_field,Lineage declarada no perfil: Mitsuyo Maeda > Carlos Gracie > Helio Gracie > Armando Wridt > Ataíde Junior > Adriano Moraes
6054,Adriano Moraes,v_ataide_junior,Ataíde Junior,high,site_lineage_field,Lineage declarada no perfil: Mitsuyo Maeda > Carlos Gracie > Helio Gracie > Armando Wridt > Ataíde Junior > Adriano Moraes
v_nic_ruben,Nic Ruben,9587,Eduardo Rios,high,site_lineage_field,Lineage declarada no perfil: M. Maeda > Carlos Gracie > Helio G > Carlson G. > Ricardo Libório > Eduardo Rios > Nic Ruben
6046,Ghazaleh Parman,john-lewis,John Lewis,high,site_lineage_field,Lineage declarada no perfil: Mitsuyo Maeda > Carlos Gracie > Carlson Gracie > Andre Pederneiras > John Lewis > Gazzy Parman
6060,Tomoyuki Hashimoto,996,Yuki Nakai,high,site_lineage_field,Lineage declarada no perfil: Carlos Gracie Sr. > Carlos Gracie Junior > Yuki Nakai > Tomoyuki Hashimoto
6064,Steve da Silva,john-lewis,John Lewis,high,site_lineage_field,Lineage declarada no perfil: Mitsuyo Maeda > Carlos Gracie > Carlson Gracie > André Pederneiras > John Lewis > Steve da Silva
6081,Ataide Ludgero Junior,381,Armando Wridt,high,site_lineage_field,Lineage declarada no perfil: Mitsuyo Maeda > Carlos Gracie > > Carlos Gracie > Helio Gracie > Armando Wridt > Ataíde Junior
6095,Mansher Khera,16,Marcelo Garcia,high,site_lineage_field,Lineage declarada no perfil: M. Maeda > C. Gracie > H. Gracie > R. Gracie > R. Cavalcanti > F. Gurgel > Marcelo Garcia > Mansher Khera
6103,Isaac Doederlein,147,Rubens Charles,high,site_lineage_field,Lineage declarada no perfil: Carlos Gracie > Helio Gracie > Rolls Gracie > Romero Cavalcanti > Alexandre Paiva > Fernando Tererê > Rubens Charles > Isaac Doederlein
6149,Karen Antunes,8218,Mayko Araujo,high,site_lineage_field,Lineage declarada no perfil: Carlos Gracie > Helio Gracie > Rolls Gracie > Romero Cavalcanti > Leonardo Vieira > Mayko Araújo > Karen Antunes
6151,Hiago George,1155,Cicero Costha,high,site_lineage_field,Lineage declarada no perfil: Carlos Gracie > Helio Gracie > Rickson Gracie > Marcelo Behring > Waldomiro Perez > Roberto Godoi > Marco Barbosa > Cicero Costha > Hiago George
6156,Tanner Rice,147,Rubens Charles,high,site_lineage_field,Lineage declarada no perfil: Carlos Gracie > Helio Gracie > Rolls Gracie > Romero Cavalcanti > Alexandre Paiva > Fernando Augusto > Rubens Charles > Tanner Rice
6167,Ricco Rodriguez,88,Jean Jacques Machado,high,site_lineage_field,Lineage declarada no perfil: Mitsuyo Maeda > Carlos Gracie Sr. > Carlos Gracie Jr > Jean Jacques Machado > Ricco Rodriguez
6170,Luigi Mondelli,1716,Andre Almeida,high,site_lineage_field,Lineage declarada no perfil: Mitsuyo Maeda > Carlos Gracie > Helio Gracie > Carlson Gracie > Crézio de Souza > André Almeida > Luigi Mondelli
v_rodolfo_azevedo,Rodolfo Azevedo,6339,Admilson Brites,high,site_lineage_field,Lineage declarada no perfil: Mitsuyo Maeda > Carlos Gracie > Helio Gracie > Royler Gracie > Admilson Brites > Rodolfo Azevedo > Djalma Spindola
6196,Djalma Spindola,v_rodolfo_azevedo,Rodolfo Azevedo,high,site_lineage_field,Lineage declarada no perfil: Mitsuyo Maeda > Carlos Gracie > Helio Gracie > Royler Gracie > Admilson Brites > Rodolfo Azevedo > Djalma Spindola
6203,Carlos Barreto,895,Sergio Souza,high,site_lineage_field,Lineage declarada no perfil: Mitsuyo Maeda > Carlos Gracie > Helio Gracie > Carlson Gracie > Sergio Souza > Carlos Barreto
v_ben_meireles,Ben Meireles,v_fabio_holanda,Fábio Holanda,high,site_lineage_field,Lineage declarada no perfil: Mitsuyo Maeda > Carlos Gracie > Carlson Gracie > Murilo Bustamante > Fabio Holanda > Ben Meireles > Peter Tremblay > Alison Tremblay
v_peter_tremblay,Peter Tremblay,v_ben_meireles,Ben Meireles,high,site_lineage_field,Lineage declarada no perfil: Mitsuyo Maeda > Carlos Gracie > Carlson Gracie > Murilo Bustamante > Fabio Holanda > Ben Meireles > Peter Tremblay > Alison Tremblay
v_alison_tremblay,Alison Tremblay,v_peter_tremblay,Peter Tremblay,high,site_lineage_field,Lineage declarada no perfil: Mitsuyo Maeda > Carlos Gracie > Carlson Gracie > Murilo Bustamante > Fabio Holanda > Ben Meireles > Peter Tremblay > Alison Tremblay
6236,Sophia McDermott Drysdale,378,Robert Drysdale,high,site_lineage_field,Lineage declarada no perfil: Mitsuyo Maeda > Carlos Gracie > Helio Gracie > Rolls Gracie > Romero Cavalcanti > Leonardo Vieira > Robert Drysdale > Sophia Drysdale
6246,Ailson Brites,297,Carlos Gracie Junior,high,site_lineage_field,Lineage declarada no perfil: Mitsuyo Maeda > Carlos Gracie Sr. > Helio Gracie > Carlos Gracie Jr > Ailson Brites
v_jose_augusto,José Augusto,524,Osvaldo Alves,high,site_lineage_field,Lineage declarada no perfil: Mitsuyo Maeda > Carlos Gracie sr > Reyson Gracie > Osvaldo Alves > José Augusto > Diego Borges
6253,Diego Borges,v_jose_augusto,José Augusto,high,site_lineage_field,Lineage declarada no perfil: Mitsuyo Maeda > Carlos Gracie sr > Reyson Gracie > Osvaldo Alves > José Augusto > Diego Borges
v_ricardo_pinho,Ricardo Pinho,2091,Francisco Sa,high,site_lineage_field,Lineage declarada no perfil: Takeo Iano > Francisco Sá > Ricardo Pinho > Pirillo Roriz
6284,Pirillo Roriz,v_ricardo_pinho,Ricardo Pinho,high,site_lineage_field,Lineage declarada no perfil: Takeo Iano > Francisco Sá > Ricardo Pinho > Pirillo Roriz
alex-paz,Alex Paz,591,Ricardo Liborio,high,site_lineage_field,Lineage declarada no perfil: Mitsuyo Maeda > Carlos Gracie > Carlson Gracie > Murilo Bustamante > Ricardo Libório > Alex Paz > Faisal Al Ketbi
v_faisal_al_ketbi,Faisal Al Ketbi,alex-paz,Alex Paz,high,site_lineage_field,Lineage declarada no perfil: Mitsuyo Maeda > Carlos Gracie > Carlson Gracie > Murilo Bustamante > Ricardo Libório > Alex Paz > Faisal Al Ketbi
v_gilberto_gabas,Gilberto Gabas,492,Marco Barbosa,high,site_lineage_field,Lineage declarada no perfil: Carlos Gracie > Helio Gracie > Rickson Gracie > Marcelo Behring > Waldomiro Perez > Roberto Godoi > Marco Barbosa > Gilberto Gabas > Arnaldo Maidana
6337,Arnaldo Maidana,v_gilberto_gabas,Gilberto Gabas,high,site_lineage_field,Lineage declarada no perfil: Carlos Gracie > Helio Gracie > Rickson Gracie > Marcelo Behring > Waldomiro Perez > Roberto Godoi > Marco Barbosa > Gilberto Gabas > Arnaldo Maidana
6328,Jason Gagnon,147,Rubens Charles,high,site_lineage_field,Lineage declarada no perfil: Carlos Gracie > Helio Gracie > Rolls Gracie > Romero Cavalcanti > Alexandre Paiva > Fernando Terere > Rubens Charles > Jason Gagnon
v_marcio_barao,Márcio Barão,6683,Ryan Gracie,high,site_lineage_field,Lineage declarada no perfil: Carlos Gracie Sr > Carlos G. Jr > Ryan Gracie > Márcio Barão > Evandro Nunes
6324,Evandro Nunes,v_marcio_barao,Márcio Barão,high,site_lineage_field,Lineage declarada no perfil: Carlos Gracie Sr > Carlos G. Jr > Ryan Gracie > Márcio Barão > Evandro Nunes
v_marcel_goncalves,Marcel Gonçalves,224,Roberto Abreu,high,site_lineage_field,Lineage declarada no perfil: Carlos Gracie > Carlson Gracie > Francisco Albuquerque (Toco) > Roberto Abreu > Marcel Gonçalves
6395,Chris Holdsworth,2322,Marc Laimon,high,site_lineage_field,Lineage declarada no perfil: M. Maeda > C. Gracie > Carlson Gracie > A. Pederneiras > J. Lewis > Marc Laimon > Chris Holdsworth
6375,Ruan Oliveira,702,Muzio de Angelis,high,site_lineage_field,Lineage declarada no perfil: Mitsuyo Maeda > Carlos Gracie > Helio Gracie > Rolls Gracie > Romero Cavalcanti > Roberto Traven > Múzio de Angelis > Ruan de Oliveira
6366,Brian Mahecha,975,Jonatas Gurgel,high,site_lineage_field,Lineage declarada no perfil: Carlos Gracie > Carlson Gracie > André Pederneiras > João Roque > Jonatas Gurgel > Brian Mahecha
6359,Pedro Araujo,374,Vinicius Magalhaes,high,site_lineage_field,Lineage declarada no perfil: M. Maeda > Carlos Gracie > Helio Gracie > Carlos Gracie Jr > Vinicius Magalhães > Pedro Araújo
6354,Jonathan Satava,16,Marcelo Garcia,high,site_lineage_field,Lineage declarada no perfil: Mitsuyo Maeda > Carlos Gracie > Helio Gracie > Rolls Gracie > Romero Cavalcanti > Fabio Gurgel > Marcelo Garcia > Jonathan Satava
6351,Alec Baulding,355,Romero Cavalcanti,high,site_lineage_field,Lineage declarada no perfil: Mitsuyo Maeda > Carlos Gracie > Helio Gracie > Rolls Gracie > Romero Cavalcanti > Alec Baulding
6348,Henrique Gama Filho,714,Francisco Albuquerque,high,site_lineage_field,Lineage declarada no perfil: Mitsuyo Maeda > Carlos Gracie > Carlson Gracie > Francisco Albuquerque > Henrique Gama Filho
6432,Yan Lucas,6284,Pirillo Roriz,high,site_lineage_field,Lineage declarada no perfil: Takeo Iano > Francisco Sá > Ricardo Pinho > Pirillo Roriz > Yan Lucas
v_pedro_gama,Pedro Gama,2003,Reyson Gracie,high,site_lineage_field,Lineage declarada no perfil: Mitsuyo Maeda > Carlos Gracie sr > Reyson Gracie > Pedro Gama
6454,Patricia Fontes,875,Lucas Leite,high,site_lineage_field,Lineage declarada no perfil: Mitsuyo Maeda > Carlos Gracie > Helio Gracie > Rolls Gracie > Romero Cavalcanti > Leonardo Vieira > Lucas Leite > Patricia Fontes
6481,Amal Easton,52,Renzo Gracie,high,site_lineage_field,Lineage declarada no perfil: Mitsuyo Maeda > Carlos Gracie > Helio Gracie > Carlos Gracie Jr > Renzo Gracie > Amal Easton
6483,Neiman Gracie,52,Renzo Gracie,high,site_lineage_field,Lineage declarada no perfil: Mitsuyo Maeda > Carlos Gracie > Helio Gracie > Carlos Gracie Jr > Renzo Gracie > Neiman Gracie
481,Saulo Ribeiro,730,Vinicius Aieta,high,site_lineage_field,Lineage declarada no perfil: Mitsuyo Maeda > Carlos Gracie > Helio Gracie > Royler Gracie > Vini Aieta > Saulo Ribeiro > Jorge Britto > Darson Hemmings
8938,Jorge Britto,481,Saulo Ribeiro,high,site_lineage_field,Lineage declarada no perfil: Mitsuyo Maeda > Carlos Gracie > Helio Gracie > Royler Gracie > Vini Aieta > Saulo Ribeiro > Jorge Britto > Darson Hemmings
6493,Darson Hemmings,8938,Jorge Britto,high,site_lineage_field,Lineage declarada no perfil: Mitsuyo Maeda > Carlos Gracie > Helio Gracie > Royler Gracie > Vini Aieta > Saulo Ribeiro > Jorge Britto > Darson Hemmings
v_kristina_barlaan,Kristina Barlaan,582,Caio Terra,high,site_lineage_field,Lineage declarada no perfil: Mitsuyo Maeda > Carlos Gracie Sr. > Reylson Gracie > Paulo Strauch > Caio Terra > Kristina Barlaan
6528,Bruno Moreno,1813,Jair Lourenco,high,site_lineage_field,Lineage declarada no perfil: Mitsuyo Maeda > Carlos Gracie > Carlson Gracie > André Pederneiras > Jair Lourenço > Bruno Moreno
6503,Marcel Fortuna,449,Alexandre de Souza,high,site_lineage_field,Lineage declarada no perfil: Mitsuyo Maeda > Carlos Gracie > Helio Gracie > Crolin Gracie > Alexandre de Souza > Marcel Fortuna
6545,Ricardo Velloso,22,Carlson Gracie,high,site_lineage_field,Lineage declarada no perfil: Mitsuyo Maeda > Carlos Gracie > Carlson Gracie > Ricardo Velloso
6563,Francisco Iturralde,1403,Fernando Di Piero,high,site_lineage_field,Lineage declarada no perfil: Mitsuyo Maeda > Carlos Gracie > Helio Gracie > Rolls Gracie > Romero Cavalcanti > Fábio Gurgel > Fernando Di Piero > Francisco Iturralde
6592,Dany Gerard,1583,Mike Fowler,high,site_lineage_field,Lineage declarada no perfil: Mitsuyo Maeda > Carlos Gracie > Helio Gracie > Rickson Gracie > Jorge Pereira > Leo Dalla > Lloyd Irvin > Mike Fowler > Dany Gerard
6596,Jhonny Loureiro,790,Mario Reis,high,site_lineage_field,Lineage declarada no perfil: Mitsuyo Maeda > Carlos Gracie > Helio Gracie > Alvaro Barreto > Sylvio Behring > Mário Reis > Jhonny Loureiro
6618,Luciana Dias,613,Wellington Dias,high,site_lineage_field,Lineage declarada no perfil: Mitsuyo Maeda > Carlos Gracie > Helio Gracie > Royler Gracie > Wellington Dias > ) Luciana Dias
v_diego_castelo_branco,Diego Castelo Branco,4485,Paulo Brandão,high,site_lineage_field,Lineage declarada no perfil: Carlos Gracie > Helio Gracie > Royler Gracie > Paulo Brandão (Coelho) > Diego Castelo Branco > Luciana Mota
12788,Luciana Mota,v_diego_castelo_branco,Diego Castelo Branco,high,site_lineage_field,Lineage declarada no perfil: Carlos Gracie > Helio Gracie > Royler Gracie > Paulo Brandão (Coelho) > Diego Castelo Branco > Luciana Mota
marcio-stambowsky,Márcio Stambowsky,27,Rolls Gracie,high,site_lineage_field,Lineage declarada no perfil: Mitsuyo Maeda > Carlos Gracie > Helio Gracie > Rolls Gracie > Márcio Stambowsky > Deborah Gracie
v_deborah_gracie,Deborah Gracie,marcio-stambowsky,Márcio Stambowsky,high,site_lineage_field,Lineage declarada no perfil: Mitsuyo Maeda > Carlos Gracie > Helio Gracie > Rolls Gracie > Márcio Stambowsky > Deborah Gracie
6674,Miguel Angel Alderete,v_eduardo_duarte,Eduardo Duarte,high,site_lineage_field,Lineage declarada no perfil: Carlos Gracie > Carlson Gracie > Andre Pederneiras > Eduardo Duarte > Miguel Ángel Alderete
v_rodrigo_antonio,Rodrigo Antônio,78,Andre Pederneiras,high,site_lineage_field,Lineage declarada no perfil: Mitsuyo Maeda > Carlos Gracie > Carlson Gracie > André Pederneiras > Rodrigo Antônio
6761,Tayane Porfirio,666,Alexandre Paiva,high,site_lineage_field,Lineage declarada no perfil: Carlos Gracie > Helio Gracie > Rolls Gracie > Romero Cavalcanti > Alexandre Paiva > Tayane Porfirio
6765,Fernanda Mazzelli,v_thiago_de_oliveira,Thiago de Oliveira,high,site_lineage_field,Lineage declarada no perfil: Carlos Gracie > Carlson Gracie > Leo D’ilha > Flavio Ferreira > Thiago de Oliveira > Fernanda Mazzelli
6768,Adilson Lima,5223,Carlos Rollyson,high,site_lineage_field,Lineage declarada no perfil: Mitsuyo Maeda > Carlos Gracie > Carlson Gracie > Carlos Rollyson > Adilson Lima
7693,Jose Carlos Granja,203,Julio Cesar,high,site_lineage_field,Lineage declarada no perfil: Mitsuyo Maeda > Luis França > Oswaldo Fadda > Monir Salomão > Julio Cesar Pereira > José Carlos
6805,Max Gimenis,203,Julio Cesar,high,site_lineage_field,Lineage declarada no perfil: Luis França > Oswaldo Fadda > Monir Salomão > Julio Cesar Pereira > Max Gimenis
6825,Fernando Andrade Reis,322,Fabio Gurgel,high,site_lineage_field,Lineage declarada no perfil: M. Maeda > C. Gracie > H. Gracie > Rolls Gracie > Romero Cavalcanti > Fábio Gurgel > Fernando Reis
6976,Vinicius Canevari,3371,Eduardo Venancio,high,site_lineage_field,Lineage declarada no perfil: Mitsuyo Maeda > Carlos Gracie > Carlson Gracie > Ricardo De La Riva > Eduardo Venâncio > Vinicius Canevari
v_nathiely_karoline,Nathiely Karoline,1155,Cicero Costha,high,site_lineage_field,Lineage declarada no perfil: Carlos Gracie > Helio Gracie > Rickson Gracie > Marcelo Behring > Waldomiro Perez > Roberto Godoi > Marco Barbosa > Cicero Costha > Nathiely Karoline
7002,Jamil Hill-Taylor,1307,Lloyd Irvin,high,site_lineage_field,Lineage declarada no perfil: Carlos Gracie > Helio Gracie > Rickson Gracie > Jorge Pereira > Leonardo Dalla > Lloyd Irvin > Shane Hill-Taylor
78,Andre Pederneiras,36,Carlos Gracie Senior,high,site_lineage_field,Lineage declarada no perfil: M. Maeda > C. Gracie > André Pederneiras > John Lewis > Enson Inoue > Stephen Roberto
7009,Stephen Roberto,5020,Enson Inoue,high,site_lineage_field,Lineage declarada no perfil: M. Maeda > C. Gracie > André Pederneiras > John Lewis > Enson Inoue > Stephen Roberto
7075,Jack McVicker,613,Wellington Dias,high,site_lineage_field,Lineage declarada no perfil: Mitsuyo Maeda > Carlos Gracie > Helio Gracie > Royler Gracie > Wellington Dias > Jack McVicker
v_manoel_costa,Manoel Costa,2517,Wilson Mattos,high,site_lineage_field,Lineage declarada no perfil: Mitsuyo Maeda > Luis França > Oswaldo Fadda > Wilson Mattos > Manoel Costa > Ariadne Oliveira
7077,Ariadne de Oliveira,v_manoel_costa,Manoel Costa,high,site_lineage_field,Lineage declarada no perfil: Mitsuyo Maeda > Luis França > Oswaldo Fadda > Wilson Mattos > Manoel Costa > Ariadne Oliveira
7079,Carlos Farias,1204,Roberto Traven,high,site_lineage_field,Lineage declarada no perfil: Mitsuyo Maeda > Carlos Gracie > Helio Gracie > Rolls Gracie > Romero Cavalcanti > Roberto Traven > Carlos Farias
7103,Wagner Mota,437,Fernando Augusto Silva,high,site_lineage_field,Lineage declarada no perfil: Mitsuyo Maeda > Carlos Gracie > Helio Gracie > Rolls Gracie > Romero Cavalcanti > Alexandre Paiva > Fernando Tererê > Wagner Mota
7106,Talita Alencar,1178,Theodoro Canal,high,site_lineage_field,Lineage declarada no perfil: L. França > O. Fadda > Monir Salomão > Julio César > Theodoro Canal > Talita Alencar
7111,Muslim Patsarigov,6209,Felipe Mota,high,site_lineage_field,Lineage declarada no perfil: M. Maeda > Carlos Gracie > Helio G > Rolls G. > R. Cavalcanti > O. Couto > Felipe Mota > Muslim Patsarigov
7114,Marcus Antelante,921,Rafael Barbosa,high,site_lineage_field,Lineage declarada no perfil: Mitsuyo Maeda > Carlos Gracie > Helio Gracie > Carlson Gracie > Crézio de Souza > André Almeida > Rafael Barbosa > Marcus Antelante
7123,Luiz Tosta,790,Mario Reis,high,site_lineage_field,Lineage declarada no perfil: Mitsuyo Maeda > C. Gracie > Helio Gracie > Alvaro Barreto > Sylvio Behring > Mario Reis > Luiz Tosta
7156,Tiago Bravo,702,Muzio de Angelis,high,site_lineage_field,Lineage declarada no perfil: Carlos Gracie > Helio Gracie > Rolls Gracie > Romero Cavalcanti > Roberto Traven > Muzio Angelis > Tiago Bravo
7201,Rodrigo Pinheiro,524,Osvaldo Alves,high,site_lineage_field,Lineage declarada no perfil: Mitsuyo Maeda > Carlos Gracie sr > Reyson Gracie > Osvaldo Alves > Rodrigo Pinheiro
7171,Tiago Pereira,6339,Admilson Brites,high,site_lineage_field,Lineage declarada no perfil: Mitsuyo Maeda > Carlos Gracie > Helio Gracie > Royler Gracie > Admilson Brites > Tiago Pereira
7140,Fabricio Medeiros,588,Renato Tavares,high,site_lineage_field,Lineage declarada no perfil: Mitsuyo Maeda > Carlos Gracie > Carlson Gracie > Renato Tavares > Fabricio Medeiros
7256,Jan Buatim,1188,Leandro Lo,high,site_lineage_field,Lineage declarada no perfil: Mitsuyo Maeda > Carlos Gracie > Helio Gracie > Rickson Gracie > Marcelo Behring > Waldomiro Perez > Roberto Godoi > Marco Barbosa > Cicero Costha > Leandro Lo > Jan Buatim
v_marcos,Marcos/,v_ricardo_teixeira,Ricardo Teixeira,high,site_lineage_field,Lineage declarada no perfil: Carlos Gracie > Helio Gracie > Francisco Mansor > Joe Moreira > Ricardo Teixeira > Marcos/ > David Avellan > Enrico Cocco
7463,David Avellan,v_marcos,Marcos/,high,site_lineage_field,Lineage declarada no perfil: Carlos Gracie > Helio Gracie > Francisco Mansor > Joe Moreira > Ricardo Teixeira > Marcos/ > David Avellan > Enrico Cocco
7247,Enrico Cocco,7463,David Avellan,high,site_lineage_field,Lineage declarada no perfil: Carlos Gracie > Helio Gracie > Francisco Mansor > Joe Moreira > Ricardo Teixeira > Marcos/ > David Avellan > Enrico Cocco
7231,Manuel Diaz,582,Caio Terra,high,site_lineage_field,Lineage declarada no perfil: Mitsuyo Maeda > Carlos Gracie > Reylson Gracie > Paulo Maurício Strauch > Caio Terra > Manuel Diaz
7224,Diogo Almeida,5814,Everdan Olegario,high,site_lineage_field,Lineage declarada no perfil: Carlos Gracie > Reyson Gracie > Osvaldo Alves > Luis Dagmar > André Galvão > Everdan Olegário > Diogo Almeida
7218,Outi Jarvilehto,112,Demian Maia,high,site_lineage_field,Lineage declarada no perfil: Mitsuyo Maeda > Carlos Gracie > Helio Gracie > Rolls Gracie > Romero Cavalcanti > Fabio Gurgel > Demian Maia > Outi Järvilehto
7289,Paulo Caruso,524,Osvaldo Alves,high,site_lineage_field,Lineage declarada no perfil: Mitsuyo Maeda > Carlos Gracie sr > Reyson Gracie > Osvaldo Alves > Paulo Caruso
7329,Mauricio Pereira,v_laerte_barcelos,Laerte Barcelos,high,site_lineage_field,Lineage declarada no perfil: Mitsuyo Maeda > Carlos Gracie > Reyson Gracie > Osvaldo Alves > Laerte Barcelos > Mauricio Pereira
v_toni_pontes,Toni Pontes,78,Andre Pederneiras,high,site_lineage_field,Lineage declarada no perfil: Mitsuyo Maeda > Carlos Gracie > Carlson Gracie > Andre Pederneiras > Toni Pontes > Roli Delgado
7352,Rolando Delgado,v_toni_pontes,Toni Pontes,high,site_lineage_field,Lineage declarada no perfil: Mitsuyo Maeda > Carlos Gracie > Carlson Gracie > Andre Pederneiras > Toni Pontes > Roli Delgado
v_jose_ze_marcello,Jose “Zé” Marcello,895,Sergio Souza,high,site_lineage_field,Lineage declarada no perfil: Mitsuyo Maeda > Carlos Gracie > Helio Gracie > Carlson Gracie > Sérgio “Bolão” Souza > Jose “Zé” Marcello > Anderson Pereira > Ilke Bulut
249,Anderson Pereira,v_jose_ze_marcello,Jose “Zé” Marcello,high,site_lineage_field,Lineage declarada no perfil: Mitsuyo Maeda > Carlos Gracie > Helio Gracie > Carlson Gracie > Sérgio “Bolão” Souza > Jose “Zé” Marcello > Anderson Pereira > Ilke Bulut
7376,Ilke Bulut,249,Anderson Pereira,high,site_lineage_field,Lineage declarada no perfil: Mitsuyo Maeda > Carlos Gracie > Helio Gracie > Carlson Gracie > Sérgio “Bolão” Souza > Jose “Zé” Marcello > Anderson Pereira > Ilke Bulut
7473,Thamires Aquino,203,Julio Cesar,high,site_lineage_field,Lineage declarada no perfil: Luiz França > Oswaldo Fadda > Monir Salomão > Julio Cesar Pereira > Thamires Aquino
7476,Kristian Woodmansee,144,Andre Galvao,high,site_lineage_field,Lineage declarada no perfil: M. Maeda > C. Gracie > R. Gracie > O. Alves > Luis Dagmar > André Galvão > Kristian Woodmansee
7502,Paul Ardila-Ibarra,v_roan_carneiro,Roan Carneiro,high,site_lineage_field,Lineage declarada no perfil: Carlos Gracie > Carlson Gracie > Murilo Bustamante > Roan Carneiro > Paul Ardila-Ibarra
7512,Nakapan Phungephorn,1034,Pedro Sauer,high,site_lineage_field,Lineage declarada no perfil: Mitsuyo Maeda > Carlos Gracie > Helio Gracie > Rickson Gracie > Pedro Sauer > Nakapan Phungephorn
7519,Eliot Kelly,2290,Marcos Torregrosa,high,site_lineage_field,Lineage declarada no perfil: Mitsuyo Maeda > Carlos Gracie > Reyson Gracie > Osvaldo Alves > Fabrício Martins > Ricardo Reis > Cassio Werneck > Marcos Torregrosa > Eliot Kelly
7556,Mauricio Pereira,1495,Flavio Behring,high,site_lineage_field,Lineage declarada no perfil: Mitsuyo Maeda > Carlos Gracie > Helio Gracie > Flávio Behring > Maurício Miguel Pereira
3185,Crezio Chaves,36,Carlos Gracie Senior,high,site_lineage_field,Lineage declarada no perfil: Mitsuyo Maeda > Carlos Gracie > Crezio Chaves > Rodrigo Castro > Vinicius Garcia
v_rodrigo_castro,Rodrigo Castro,3185,Crezio Chaves,high,site_lineage_field,Lineage declarada no perfil: Mitsuyo Maeda > Carlos Gracie > Crezio Chaves > Rodrigo Castro > Vinicius Garcia
7636,Vinicius Garcia,v_rodrigo_castro,Rodrigo Castro,high,site_lineage_field,Lineage declarada no perfil: Mitsuyo Maeda > Carlos Gracie > Crezio Chaves > Rodrigo Castro > Vinicius Garcia
