claim_id,student_person_id,student_name,promoter_person_id,teacher_name,claim_type,relationship_label,status,evidence_level,notes
bjj-hist_carlos_sr-hist_maeda,hist_carlos_sr,Carlos Gracie Senior,hist_maeda,Mitsuyo Maeda,black_belt_awarded_by,Faixa-preta concedida por,confirmed,high,Lineage declarada no perfil: M. Maeda > C. Gracie > H. Gracie > R. Gracie > J. Pereira > Leo Dalla > Lloyd Irvin > Aarae Alexander
bjj-hist_helio-hist_carlos_sr,hist_helio,Helio Gracie,hist_carlos_sr,Carlos Gracie Senior,black_belt_awarded_by,Faixa-preta concedida por,confirmed,high,Lineage declarada no perfil: M. Maeda > C. Gracie > H. Gracie > R. Gracie > J. Pereira > Leo Dalla > Lloyd Irvin > Aarae Alexander
bjj-67-hist_helio,67,Rickson Gracie,hist_helio,Helio Gracie,black_belt_awarded_by,Faixa-preta concedida por,confirmed,high,Lineage declarada no perfil: M. Maeda > C. Gracie > H. Gracie > R. Gracie > J. Pereira > Leo Dalla > Lloyd Irvin > Aarae Alexander
bjj-5869-67,5869,Jorge Pereira,67,Rickson Gracie,black_belt_awarded_by,Faixa-preta concedida por,confirmed,high,Lineage declarada no perfil: M. Maeda > C. Gracie > H. Gracie > R. Gracie > J. Pereira > Leo Dalla > Lloyd Irvin > Aarae Alexander
bjj-6403-5869,6403,Leonardo Dalla,5869,Jorge Pereira,black_belt_awarded_by,Faixa-preta concedida por,confirmed,high,Lineage declarada no perfil: M. Maeda > C. Gracie > H. Gracie > R. Gracie > J. Pereira > Leo Dalla > Lloyd Irvin > Aarae Alexander
bjj-1307-6403,1307,Lloyd Irvin,6403,Leonardo Dalla,black_belt_awarded_by,Faixa-preta concedida por,confirmed,high,Lineage declarada no perfil: M. Maeda > C. Gracie > H. Gracie > R. Gracie > J. Pereira > Leo Dalla > Lloyd Irvin > Aarae Alexander
bjj-8141-1307,8141,Aarae Alexander,1307,Lloyd Irvin,black_belt_awarded_by,Faixa-preta concedida por,confirmed,high,Lineage declarada no perfil: M. Maeda > C. Gracie > H. Gracie > R. Gracie > J. Pereira > Leo Dalla > Lloyd Irvin > Aarae Alexander
bjj-hist_rolls-hist_helio,hist_rolls,Rolls Gracie,hist_helio,Helio Gracie,black_belt_awarded_by,Faixa-preta concedida por,confirmed,high,Lineage declarada no perfil: Carlos Gracie > Helio Gracie > Rolls Gracie > Romero Cavalcanti (Jacaré) > Roberto Traven > Philip Smith > Aaron Johnson
bjj-355-hist_rolls,355,Romero Cavalcanti,hist_rolls,Rolls Gracie,black_belt_awarded_by,Faixa-preta concedida por,confirmed,high,Lineage declarada no perfil: Carlos Gracie > Helio Gracie > Rolls Gracie > Romero Cavalcanti (Jacaré) > Roberto Traven > Philip Smith > Aaron Johnson
bjj-1204-355,1204,Roberto Traven,355,Romero Cavalcanti,black_belt_awarded_by,Faixa-preta concedida por,confirmed,high,Lineage declarada no perfil: Carlos Gracie > Helio Gracie > Rolls Gracie > Romero Cavalcanti (Jacaré) > Roberto Traven > Philip Smith > Aaron Johnson
bjj-v_philip_smith-1204,v_philip_smith,Philip Smith,1204,Roberto Traven,black_belt_awarded_by,Faixa-preta concedida por,confirmed,high,Lineage declarada no perfil: Carlos Gracie > Helio Gracie > Rolls Gracie > Romero Cavalcanti (Jacaré) > Roberto Traven > Philip Smith > Aaron Johnson
bjj-9246-v_philip_smith,9246,Aaron Johnson,v_philip_smith,Philip Smith,black_belt_awarded_by,Faixa-preta concedida por,confirmed,high,Lineage declarada no perfil: Carlos Gracie > Helio Gracie > Rolls Gracie > Romero Cavalcanti (Jacaré) > Roberto Traven > Philip Smith > Aaron Johnson
bjj-22-hist_carlos_sr,22,Carlson Gracie,hist_carlos_sr,Carlos Gracie Senior,black_belt_awarded_by,Faixa-preta concedida por,confirmed,high,Lineage declarada no perfil: M. Maeda > Carlos Gracie > Carlson Gracie > Zé Mario Sperry > Rafael Haubert > Abdurakhman Bilarov
bjj-232-22,232,Jose Mario Sperry,22,Carlson Gracie,black_belt_awarded_by,Faixa-preta concedida por,confirmed,high,Lineage declarada no perfil: M. Maeda > Carlos Gracie > Carlson Gracie > Zé Mario Sperry > Rafael Haubert > Abdurakhman Bilarov
bjj-v_rafael_haubert-232,v_rafael_haubert,Rafael Haubert,232,Jose Mario Sperry,black_belt_awarded_by,Faixa-preta concedida por,confirmed,high,Lineage declarada no perfil: M. Maeda > Carlos Gracie > Carlson Gracie > Zé Mario Sperry > Rafael Haubert > Abdurakhman Bilarov
bjj-8494-v_rafael_haubert,8494,Abdurakhman Bilarov,v_rafael_haubert,Rafael Haubert,black_belt_awarded_by,Faixa-preta concedida por,confirmed,high,Lineage declarada no perfil: M. Maeda > Carlos Gracie > Carlson Gracie > Zé Mario Sperry > Rafael Haubert > Abdurakhman Bilarov
bjj-419-355,419,Leonardo Vieira,355,Romero Cavalcanti,black_belt_awarded_by,Faixa-preta concedida por,confirmed,high,Lineage declarada no perfil: Mitsuyo Maeda > Carlos Gracie > Helio Gracie > Rolls Gracie > Romero Cavalcanti > Leonardo Vieira > Robert Drysdale > Abmar Barbosa
bjj-378-419,378,Robert Drysdale,419,Leonardo Vieira,black_belt_awarded_by,Faixa-preta concedida por,confirmed,high,Lineage declarada no perfil: Mitsuyo Maeda > Carlos Gracie > Helio Gracie > Rolls Gracie > Romero Cavalcanti > Leonardo Vieira > Robert Drysdale > Abmar Barbosa
bjj-390-378,390,Abmar Barbosa,378,Robert Drysdale,black_belt_awarded_by,Faixa-preta concedida por,confirmed,high,Lineage declarada no perfil: Mitsuyo Maeda > Carlos Gracie > Helio Gracie > Rolls Gracie > Romero Cavalcanti > Leonardo Vieira > Robert Drysdale > Abmar Barbosa
bjj-739-67,739,Marcelo Behring,67,Rickson Gracie,black_belt_awarded_by,Faixa-preta concedida por,confirmed,high,Lineage declarada no perfil: Mitsuyo Maeda > Carlos Gracie > Helio Gracie > Rickson Gracie > Marcelo Behring > Fernando Yamasaki > Abraham Tabar > Abraham Marte Messina
bjj-7856-739,7856,Fernando Yamasaki,739,Marcelo Behring,black_belt_awarded_by,Faixa-preta concedida por,confirmed,high,Lineage declarada no perfil: Mitsuyo Maeda > Carlos Gracie > Helio Gracie > Rickson Gracie > Marcelo Behring > Fernando Yamasaki > Abraham Tabar > Abraham Marte Messina
bjj-v_abraham_tabar-7856,v_abraham_tabar,Abraham Tabar,7856,Fernando Yamasaki,black_belt_awarded_by,Faixa-preta concedida por,confirmed,high,Lineage declarada no perfil: Mitsuyo Maeda > Carlos Gracie > Helio Gracie > Rickson Gracie > Marcelo Behring > Fernando Yamasaki > Abraham Tabar > Abraham Marte Messina
bjj-3083-v_abraham_tabar,3083,Abraham Marte Messina,v_abraham_tabar,Abraham Tabar,black_belt_awarded_by,Faixa-preta concedida por,confirmed,high,Lineage declarada no perfil: Mitsuyo Maeda > Carlos Gracie > Helio Gracie > Rickson Gracie > Marcelo Behring > Fernando Yamasaki > Abraham Tabar > Abraham Marte Messina
bjj-3384-2160,3384,Crolin Gracie,2160,Carley Gracie,black_belt_awarded_by,Faixa-preta concedida por,confirmed,high,Lineage declarada no perfil: Carlos Gracie > Crolin Gracie > Jorge Popovitch > Pablo Popovitch > Vagner Rocha > Achilles Rocha
bjj-v_jorge_popovitch-3384,v_jorge_popovitch,Jorge Popovitch,3384,Crolin Gracie,black_belt_awarded_by,Faixa-preta concedida por,confirmed,high,Lineage declarada no perfil: Carlos Gracie > Crolin Gracie > Jorge Popovitch > Pablo Popovitch > Vagner Rocha > Achilles Rocha
bjj-919-v_jorge_popovitch,919,Pablo Popovitch,v_jorge_popovitch,Jorge Popovitch,black_belt_awarded_by,Faixa-preta concedida por,confirmed,high,Lineage declarada no perfil: Carlos Gracie > Crolin Gracie > Jorge Popovitch > Pablo Popovitch > Vagner Rocha > Achilles Rocha
bjj-8394-919,8394,Vagner Rocha,919,Pablo Popovitch,black_belt_awarded_by,Faixa-preta concedida por,confirmed,high,Lineage declarada no perfil: Carlos Gracie > Crolin Gracie > Jorge Popovitch > Pablo Popovitch > Vagner Rocha > Achilles Rocha
bjj-14157-8394,14157,Achilles Rocha,8394,Vagner Rocha,black_belt_awarded_by,Faixa-preta concedida por,confirmed,high,Lineage declarada no perfil: Carlos Gracie > Crolin Gracie > Jorge Popovitch > Pablo Popovitch > Vagner Rocha > Achilles Rocha
bjj-559-355,559,Rodrigo Medeiros,355,Romero Cavalcanti,black_belt_awarded_by,Faixa-preta concedida por,confirmed,high,Lineage declarada no perfil: Carlos Gracie > Helio Gracie > Rolls Gracie > Romero Cavalcanti > Rodrigo “Comprido” Medeiros > Felipe Costa > Ryan Hall > Adam Benayoun
bjj-465-559,465,Felipe Costa,559,Rodrigo Medeiros,black_belt_awarded_by,Faixa-preta concedida por,confirmed,high,Lineage declarada no perfil: Carlos Gracie > Helio Gracie > Rolls Gracie > Romero Cavalcanti > Rodrigo “Comprido” Medeiros > Felipe Costa > Ryan Hall > Adam Benayoun
bjj-725-465,725,Ryan Hall,465,Felipe Costa,black_belt_awarded_by,Faixa-preta concedida por,confirmed,high,Lineage declarada no perfil: Carlos Gracie > Helio Gracie > Rolls Gracie > Romero Cavalcanti > Rodrigo “Comprido” Medeiros > Felipe Costa > Ryan Hall > Adam Benayoun
bjj-8814-725,8814,Adam Benayoun,725,Ryan Hall,black_belt_awarded_by,Faixa-preta concedida por,confirmed,high,Lineage declarada no perfil: Carlos Gracie > Helio Gracie > Rolls Gracie > Romero Cavalcanti > Rodrigo “Comprido” Medeiros > Felipe Costa > Ryan Hall > Adam Benayoun
bjj-3384-hist_carlos_sr,3384,Crolin Gracie,hist_carlos_sr,Carlos Gracie Senior,black_belt_awarded_by,Faixa-preta concedida por,confirmed,high,Lineage declarada no perfil: M. Maeda > C. Gracie > Crolin Gracie > Jorge Popovitch > Pablo Popovitch > AJ Sousa > Adam Ferrara
bjj-5747-919,5747,Arthur Sousa,919,Pablo Popovitch,black_belt_awarded_by,Faixa-preta concedida por,confirmed,high,Lineage declarada no perfil: M. Maeda > C. Gracie > Crolin Gracie > Jorge Popovitch > Pablo Popovitch > AJ Sousa > Adam Ferrara
bjj-8131-5747,8131,Adam Ferrara,5747,Arthur Sousa,black_belt_awarded_by,Faixa-preta concedida por,confirmed,high,Lineage declarada no perfil: M. Maeda > C. Gracie > Crolin Gracie > Jorge Popovitch > Pablo Popovitch > AJ Sousa > Adam Ferrara
bjj-591-22,591,Ricardo Liborio,22,Carlson Gracie,black_belt_awarded_by,Faixa-preta concedida por,confirmed,high,Lineage declarada no perfil: Mitsuyo Maeda > Carlos Gracie > Carlson Gracie > Ricardo Libório > Adam Kayoom
bjj-1133-591,1133,Adam Kayoom,591,Ricardo Liborio,black_belt_awarded_by,Faixa-preta concedida por,confirmed,high,Lineage declarada no perfil: Mitsuyo Maeda > Carlos Gracie > Carlson Gracie > Ricardo Libório > Adam Kayoom
bjj-338-355,338,Ricardo Vieira,355,Romero Cavalcanti,black_belt_awarded_by,Faixa-preta concedida por,confirmed,high,Lineage declarada no perfil: Carlos Gracie > Helio Gracie > Rolls Gracie > Romero Cavalcanti > Ricardo Vieira > Alan Finfou > Adam Wardziński
bjj-289-338,289,Alan do Nascimento,338,Ricardo Vieira,black_belt_awarded_by,Faixa-preta concedida por,confirmed,high,Lineage declarada no perfil: Carlos Gracie > Helio Gracie > Rolls Gracie > Romero Cavalcanti > Ricardo Vieira > Alan Finfou > Adam Wardziński
bjj-7478-289,7478,Adam Wardzinski,289,Alan do Nascimento,black_belt_awarded_by,Faixa-preta concedida por,confirmed,high,Lineage declarada no perfil: Carlos Gracie > Helio Gracie > Rolls Gracie > Romero Cavalcanti > Ricardo Vieira > Alan Finfou > Adam Wardziński
bjj-527-2443,527,Oswaldo Fadda,2443,Luiz Franca,black_belt_awarded_by,Faixa-preta concedida por,confirmed,high,Lineage declarada no perfil: Luis França > Oswaldo Fadda > Monir Salomão > Júlio César > Orlando Júnior > Ademir Barreto
bjj-3416-527,3416,Monir Salomao,527,Oswaldo Fadda,black_belt_awarded_by,Faixa-preta concedida por,confirmed,high,Lineage declarada no perfil: Luis França > Oswaldo Fadda > Monir Salomão > Júlio César > Orlando Júnior > Ademir Barreto
bjj-v_orlando_junior-3416,v_orlando_junior,Orlando Júnior,3416,Monir Salomao,black_belt_awarded_by,Faixa-preta concedida por,confirmed,high,Lineage declarada no perfil: Luis França > Oswaldo Fadda > Monir Salomão > Júlio César > Orlando Júnior > Ademir Barreto
bjj-13245-v_orlando_junior,13245,Ademir Barreto,v_orlando_junior,Orlando Júnior,black_belt_awarded_by,Faixa-preta concedida por,confirmed,high,Lineage declarada no perfil: Luis França > Oswaldo Fadda > Monir Salomão > Júlio César > Orlando Júnior > Ademir Barreto
bjj-515-hist_helio,515,Royler Gracie,hist_helio,Helio Gracie,black_belt_awarded_by,Faixa-preta concedida por,confirmed,high,Lineage declarada no perfil: Mitsuyo Maeda > Carlos Gracie > Helio Gracie > Royler Gracie > Admilson Brites
bjj-6339-515,6339,Admilson Brites,515,Royler Gracie,black_belt_awarded_by,Faixa-preta concedida por,confirmed,high,Lineage declarada no perfil: Mitsuyo Maeda > Carlos Gracie > Helio Gracie > Royler Gracie > Admilson Brites
bjj-v_hilton_leao-v_yoshyo_kamada,v_hilton_leao,Hilton Leão,v_yoshyo_kamada,Yoshyo Kamada,black_belt_awarded_by,Faixa-preta concedida por,confirmed,high,Lineage declarada no perfil: Yoshyo Kamada > Hilton Leão > João Eugênio > Ronaldo Lorentz > Admilson Gobi
bjj-v_joao_eugenio-v_hilton_leao,v_joao_eugenio,João Eugênio,v_hilton_leao,Hilton Leão,black_belt_awarded_by,Faixa-preta concedida por,confirmed,high,Lineage declarada no perfil: Yoshyo Kamada > Hilton Leão > João Eugênio > Ronaldo Lorentz > Admilson Gobi
bjj-v_ronaldo_lorentz-v_joao_eugenio,v_ronaldo_lorentz,Ronaldo Lorentz,v_joao_eugenio,João Eugênio,black_belt_awarded_by,Faixa-preta concedida por,confirmed,high,Lineage declarada no perfil: Yoshyo Kamada > Hilton Leão > João Eugênio > Ronaldo Lorentz > Admilson Gobi
bjj-v_admilson_gobi-v_ronaldo_lorentz,v_admilson_gobi,Admilson Gobi,v_ronaldo_lorentz,Ronaldo Lorentz,black_belt_awarded_by,Faixa-preta concedida por,confirmed,high,Lineage declarada no perfil: Yoshyo Kamada > Hilton Leão > João Eugênio > Ronaldo Lorentz > Admilson Gobi
bjj-22-hist_helio,22,Carlson Gracie,hist_helio,Helio Gracie,black_belt_awarded_by,Faixa-preta concedida por,confirmed,high,Lineage declarada no perfil: Mitsuyo Maeda > Carlos Gracie > Helio Gracie > Carlson Gracie > Fernando “Pinduka > Leonardo Castello Branco > Paulo Rezende > Rodrigo Carvalho > Aniel Bonifacio
bjj-fernando-pinduka-22,fernando-pinduka,Fernando “Pinduka,22,Carlson Gracie,black_belt_awarded_by,Faixa-preta concedida por,confirmed,high,Lineage declarada no perfil: Mitsuyo Maeda > Carlos Gracie > Helio Gracie > Carlson Gracie > Fernando “Pinduka > Leonardo Castello Branco > Paulo Rezende > Rodrigo Carvalho > Aniel Bonifacio
bjj-935-fernando-pinduka,935,Leonardo Castello Branco,fernando-pinduka,Fernando “Pinduka,black_belt_awarded_by,Faixa-preta concedida por,confirmed,high,Lineage declarada no perfil: Mitsuyo Maeda > Carlos Gracie > Helio Gracie > Carlson Gracie > Fernando “Pinduka > Leonardo Castello Branco > Paulo Rezende > Rodrigo Carvalho > Aniel Bonifacio
bjj-6006-935,6006,Paulo Rezende,935,Leonardo Castello Branco,black_belt_awarded_by,Faixa-preta concedida por,confirmed,high,Lineage declarada no perfil: Mitsuyo Maeda > Carlos Gracie > Helio Gracie > Carlson Gracie > Fernando “Pinduka > Leonardo Castello Branco > Paulo Rezende > Rodrigo Carvalho > Aniel Bonifacio
bjj-8696-6006,8696,Rodrigo Carvalho,6006,Paulo Rezende,black_belt_awarded_by,Faixa-preta concedida por,confirmed,high,Lineage declarada no perfil: Mitsuyo Maeda > Carlos Gracie > Helio Gracie > Carlson Gracie > Fernando “Pinduka > Leonardo Castello Branco > Paulo Rezende > Rodrigo Carvalho > Aniel Bonifacio
bjj-9541-8696,9541,Aniel Bonifacio,8696,Rodrigo Carvalho,black_belt_awarded_by,Faixa-preta concedida por,confirmed,high,Lineage declarada no perfil: Mitsuyo Maeda > Carlos Gracie > Helio Gracie > Carlson Gracie > Fernando “Pinduka > Leonardo Castello Branco > Paulo Rezende > Rodrigo Carvalho > Aniel Bonifacio
bjj-297-hist_helio,297,Carlos Gracie Junior,hist_helio,Helio Gracie,black_belt_awarded_by,Faixa-preta concedida por,confirmed,high,Lineage declarada no perfil: Carlos Gracie > Helio Gracie > Carlos Gracie Junior > Jean Jacques Machado > Rigan Machado > John Will > David Hart > Adele Fornarino
bjj-88-297,88,Jean Jacques Machado,297,Carlos Gracie Junior,black_belt_awarded_by,Faixa-preta concedida por,confirmed,high,Lineage declarada no perfil: Carlos Gracie > Helio Gracie > Carlos Gracie Junior > Jean Jacques Machado > Rigan Machado > John Will > David Hart > Adele Fornarino
bjj-1817-88,1817,Rigan Machado,88,Jean Jacques Machado,black_belt_awarded_by,Faixa-preta concedida por,confirmed,high,Lineage declarada no perfil: Carlos Gracie > Helio Gracie > Carlos Gracie Junior > Jean Jacques Machado > Rigan Machado > John Will > David Hart > Adele Fornarino
bjj-705-1817,705,John Will,1817,Rigan Machado,black_belt_awarded_by,Faixa-preta concedida por,confirmed,high,Lineage declarada no perfil: Carlos Gracie > Helio Gracie > Carlos Gracie Junior > Jean Jacques Machado > Rigan Machado > John Will > David Hart > Adele Fornarino
bjj-v_david_hart-705,v_david_hart,David Hart,705,John Will,black_belt_awarded_by,Faixa-preta concedida por,confirmed,high,Lineage declarada no perfil: Carlos Gracie > Helio Gracie > Carlos Gracie Junior > Jean Jacques Machado > Rigan Machado > John Will > David Hart > Adele Fornarino
bjj-13498-v_david_hart,13498,Adele Fornarino,v_david_hart,David Hart,black_belt_awarded_by,Faixa-preta concedida por,confirmed,high,Lineage declarada no perfil: Carlos Gracie > Helio Gracie > Carlos Gracie Junior > Jean Jacques Machado > Rigan Machado > John Will > David Hart > Adele Fornarino
bjj-579-355,579,Octavio Couto,355,Romero Cavalcanti,black_belt_awarded_by,Faixa-preta concedida por,confirmed,high,Lineage declarada no perfil: Mitsuyo Maeda > Carlos Gracie > Helio Gracie > Rolls Gracie > Romero Cavalcanti > Otavio Couto > Adriana Martins Pinto
bjj-v_adriana_martins_pinto-579,v_adriana_martins_pinto,Adriana Martins Pinto,579,Octavio Couto,black_belt_awarded_by,Faixa-preta concedida por,confirmed,high,Lineage declarada no perfil: Mitsuyo Maeda > Carlos Gracie > Helio Gracie > Rolls Gracie > Romero Cavalcanti > Otavio Couto > Adriana Martins Pinto
bjj-1445-515,1445,Rolker Gracie,515,Royler Gracie,black_belt_awarded_by,Faixa-preta concedida por,confirmed,high,Lineage declarada no perfil: Mitsuyo Maeda > Carlos Gracie > Helio Gracie > Royler Gracie > Rolker Gracie > Guto Monteiro > Cristiano Carioca > Adriano Martins
bjj-guto-monteiro-1445,guto-monteiro,Guto Monteiro,1445,Rolker Gracie,black_belt_awarded_by,Faixa-preta concedida por,confirmed,high,Lineage declarada no perfil: Mitsuyo Maeda > Carlos Gracie > Helio Gracie > Royler Gracie > Rolker Gracie > Guto Monteiro > Cristiano Carioca > Adriano Martins
bjj-1108-guto-monteiro,1108,Cristiano Carioca,guto-monteiro,Guto Monteiro,black_belt_awarded_by,Faixa-preta concedida por,confirmed,high,Lineage declarada no perfil: Mitsuyo Maeda > Carlos Gracie > Helio Gracie > Royler Gracie > Rolker Gracie > Guto Monteiro > Cristiano Carioca > Adriano Martins
bjj-1116-1108,1116,Adriano Martins,1108,Cristiano Carioca,black_belt_awarded_by,Faixa-preta concedida por,confirmed,high,Lineage declarada no perfil: Mitsuyo Maeda > Carlos Gracie > Helio Gracie > Royler Gracie > Rolker Gracie > Guto Monteiro > Cristiano Carioca > Adriano Martins
bjj-528-hist_carlos_sr,528,George Gracie,hist_carlos_sr,Carlos Gracie Senior,black_belt_awarded_by,Faixa-preta concedida por,confirmed,high,Lineage declarada no perfil: Mitsuyo Maeda > Carlos Gracie > George Gracie > Octávio de Almeida Senior > Octávio de Almeida Junior > Adriano Silva
bjj-2216-528,2216,Octavio de Almeida,528,George Gracie,black_belt_awarded_by,Faixa-preta concedida por,confirmed,high,Lineage declarada no perfil: Mitsuyo Maeda > Carlos Gracie > George Gracie > Octávio de Almeida Senior > Octávio de Almeida Junior > Adriano Silva
bjj-v_octavio_de_almeida_junior-2216,v_octavio_de_almeida_junior,Octávio de Almeida Junior,2216,Octavio de Almeida,black_belt_awarded_by,Faixa-preta concedida por,confirmed,high,Lineage declarada no perfil: Mitsuyo Maeda > Carlos Gracie > George Gracie > Octávio de Almeida Senior > Octávio de Almeida Junior > Adriano Silva
bjj-909-v_octavio_de_almeida_junior,909,Adriano Silva,v_octavio_de_almeida_junior,Octávio de Almeida Junior,black_belt_awarded_by,Faixa-preta concedida por,confirmed,high,Lineage declarada no perfil: Mitsuyo Maeda > Carlos Gracie > George Gracie > Octávio de Almeida Senior > Octávio de Almeida Junior > Adriano Silva
bjj-v_eduardo_de_lima-297,v_eduardo_de_lima,Eduardo de Lima),297,Carlos Gracie Junior,black_belt_awarded_by,Faixa-preta concedida por,confirmed,high,Lineage declarada no perfil: Mitsuyo Maeda > Carlos Gracie Sr. > Helio Gracie > Carlos Gracie Junior > Eduardo de Lima) > AJ Agazarm
bjj-4328-v_eduardo_de_lima,4328,AJ Agazarm,v_eduardo_de_lima,Eduardo de Lima),black_belt_awarded_by,Faixa-preta concedida por,confirmed,high,Lineage declarada no perfil: Mitsuyo Maeda > Carlos Gracie Sr. > Helio Gracie > Carlos Gracie Junior > Eduardo de Lima) > AJ Agazarm
bjj-297-hist_carlos_sr,297,Carlos Gracie Junior,hist_carlos_sr,Carlos Gracie Senior,black_belt_awarded_by,Faixa-preta concedida por,confirmed,high,Lineage declarada no perfil: Mitsuyo Maeda > Carlos Gracie Sr. > Carlos Gracie Junior > Helio Soneca > Alan Belcher
bjj-helio-soneca-moreira-297,helio-soneca-moreira,Helio Soneca,297,Carlos Gracie Junior,black_belt_awarded_by,Faixa-preta concedida por,confirmed,high,Lineage declarada no perfil: Mitsuyo Maeda > Carlos Gracie Sr. > Carlos Gracie Junior > Helio Soneca > Alan Belcher
bjj-2189-helio-soneca-moreira,2189,Alan Belcher,helio-soneca-moreira,Helio Soneca,black_belt_awarded_by,Faixa-preta concedida por,confirmed,high,Lineage declarada no perfil: Mitsuyo Maeda > Carlos Gracie Sr. > Carlos Gracie Junior > Helio Soneca > Alan Belcher
bjj-5998-22,5998,Carlson Gracie Junior,22,Carlson Gracie,black_belt_awarded_by,Faixa-preta concedida por,confirmed,high,Lineage declarada no perfil: Carlos Gracie > Helio Gracie > Carlson Gracie > Carlson Gracie Júnior > Alan Moraes
bjj-2583-5998,2583,Alan Moraes,5998,Carlson Gracie Junior,black_belt_awarded_by,Faixa-preta concedida por,confirmed,high,Lineage declarada no perfil: Carlos Gracie > Helio Gracie > Carlson Gracie > Carlson Gracie Júnior > Alan Moraes
bjj-4317-88,4317,Eddie Bravo,88,Jean Jacques Machado,black_belt_awarded_by,Faixa-preta concedida por,confirmed,high,Lineage declarada no perfil: Carlos Gracie > Hélio Gracie > Carlos Gracie Júnior > Jean Jaques Machado > Eddie Bravo > Denny Prokopos > Adam Sachnoff > Alan Sanchez
bjj-1498-4317,1498,Denny Prokopos,4317,Eddie Bravo,black_belt_awarded_by,Faixa-preta concedida por,confirmed,high,Lineage declarada no perfil: Carlos Gracie > Hélio Gracie > Carlos Gracie Júnior > Jean Jaques Machado > Eddie Bravo > Denny Prokopos > Adam Sachnoff > Alan Sanchez
bjj-v_adam_sachnoff-1498,v_adam_sachnoff,Adam Sachnoff,1498,Denny Prokopos,black_belt_awarded_by,Faixa-preta concedida por,confirmed,high,Lineage declarada no perfil: Carlos Gracie > Hélio Gracie > Carlos Gracie Júnior > Jean Jaques Machado > Eddie Bravo > Denny Prokopos > Adam Sachnoff > Alan Sanchez
bjj-12235-v_adam_sachnoff,12235,Alan Sanchez,v_adam_sachnoff,Adam Sachnoff,black_belt_awarded_by,Faixa-preta concedida por,confirmed,high,Lineage declarada no perfil: Carlos Gracie > Hélio Gracie > Carlos Gracie Júnior > Jean Jaques Machado > Eddie Bravo > Denny Prokopos > Adam Sachnoff > Alan Sanchez
bjj-696-579,696,Alberto Carmona,579,Octavio Couto,black_belt_awarded_by,Faixa-preta concedida por,confirmed,high,Lineage declarada no perfil: M. Maeda > Carlos Gracie > Helio G > Rolls G. > R. Cavalcanti > Otavio Couto > Alberto Carmona
bjj-374-297,374,Vinicius Magalhaes,297,Carlos Gracie Junior,black_belt_awarded_by,Faixa-preta concedida por,confirmed,high,Lineage declarada no perfil: Mitsuyo Maeda > Carlos Gracie Sr. > Helio Gracie > Carlos Gracie Junior > Vinicius Magalhães > Alberto Crane
bjj-2611-374,2611,Alberto Crane,374,Vinicius Magalhaes,black_belt_awarded_by,Faixa-preta concedida por,confirmed,high,Lineage declarada no perfil: Mitsuyo Maeda > Carlos Gracie Sr. > Helio Gracie > Carlos Gracie Junior > Vinicius Magalhães > Alberto Crane
bjj-2003-hist_carlos_sr,2003,Reyson Gracie,hist_carlos_sr,Carlos Gracie Senior,black_belt_awarded_by,Faixa-preta concedida por,confirmed,high,Lineage declarada no perfil: Carlos Gracie > Reyson Gracie > Luiz Façanha > Cássio Façanha > Ricardo Candido > Marcos Santana > Wellyton Menezes/Rildo Paiva > Alef Brito
bjj-v_luiz_facanha-2003,v_luiz_facanha,Luiz Façanha,2003,Reyson Gracie,black_belt_awarded_by,Faixa-preta concedida por,confirmed,high,Lineage declarada no perfil: Carlos Gracie > Reyson Gracie > Luiz Façanha > Cássio Façanha > Ricardo Candido > Marcos Santana > Wellyton Menezes/Rildo Paiva > Alef Brito
bjj-v_cassio_facanha-v_luiz_facanha,v_cassio_facanha,Cássio Façanha,v_luiz_facanha,Luiz Façanha,black_belt_awarded_by,Faixa-preta concedida por,confirmed,high,Lineage declarada no perfil: Carlos Gracie > Reyson Gracie > Luiz Façanha > Cássio Façanha > Ricardo Candido > Marcos Santana > Wellyton Menezes/Rildo Paiva > Alef Brito
bjj-v_ricardo_candido-v_cassio_facanha,v_ricardo_candido,Ricardo Candido,v_cassio_facanha,Cássio Façanha,black_belt_awarded_by,Faixa-preta concedida por,confirmed,high,Lineage declarada no perfil: Carlos Gracie > Reyson Gracie > Luiz Façanha > Cássio Façanha > Ricardo Candido > Marcos Santana > Wellyton Menezes/Rildo Paiva > Alef Brito
bjj-6577-v_ricardo_candido,6577,Marcos Santana,v_ricardo_candido,Ricardo Candido,black_belt_awarded_by,Faixa-preta concedida por,confirmed,high,Lineage declarada no perfil: Carlos Gracie > Reyson Gracie > Luiz Façanha > Cássio Façanha > Ricardo Candido > Marcos Santana > Wellyton Menezes/Rildo Paiva > Alef Brito
bjj-v_wellyton_menezes_rildo_paiva-6577,v_wellyton_menezes_rildo_paiva,Wellyton Menezes/Rildo Paiva,6577,Marcos Santana,black_belt_awarded_by,Faixa-preta concedida por,confirmed,high,Lineage declarada no perfil: Carlos Gracie > Reyson Gracie > Luiz Façanha > Cássio Façanha > Ricardo Candido > Marcos Santana > Wellyton Menezes/Rildo Paiva > Alef Brito
bjj-9876-v_wellyton_menezes_rildo_paiva,9876,Alef Brito,v_wellyton_menezes_rildo_paiva,Wellyton Menezes/Rildo Paiva,black_belt_awarded_by,Faixa-preta concedida por,confirmed,high,Lineage declarada no perfil: Carlos Gracie > Reyson Gracie > Luiz Façanha > Cássio Façanha > Ricardo Candido > Marcos Santana > Wellyton Menezes/Rildo Paiva > Alef Brito
bjj-v_junior_cardoso-515,v_junior_cardoso,Junior Cardoso,515,Royler Gracie,black_belt_awarded_by,Faixa-preta concedida por,confirmed,high,Lineage declarada no perfil: Mitsuyo Maeda > Carlos Gracie > Helio Gracie > Royler Gracie > Junior Cardoso > Alex Martins
bjj-7660-v_junior_cardoso,7660,Alex Martins,v_junior_cardoso,Junior Cardoso,black_belt_awarded_by,Faixa-preta concedida por,confirmed,high,Lineage declarada no perfil: Mitsuyo Maeda > Carlos Gracie > Helio Gracie > Royler Gracie > Junior Cardoso > Alex Martins
bjj-322-355,322,Fabio Gurgel,355,Romero Cavalcanti,black_belt_awarded_by,Faixa-preta concedida por,confirmed,high,Lineage declarada no perfil: Carlos Gracie > Helio Gracie > Rolls Gracie > Romero Cavalcanti > Fábio Gurgel > Isaque Bahiense > Alex Munis
bjj-7552-322,7552,Isaque Bahiense,322,Fabio Gurgel,black_belt_awarded_by,Faixa-preta concedida por,confirmed,high,Lineage declarada no perfil: Carlos Gracie > Helio Gracie > Rolls Gracie > Romero Cavalcanti > Fábio Gurgel > Isaque Bahiense > Alex Munis
bjj-11746-7552,11746,Alex Munis,7552,Isaque Bahiense,black_belt_awarded_by,Faixa-preta concedida por,confirmed,high,Lineage declarada no perfil: Carlos Gracie > Helio Gracie > Rolls Gracie > Romero Cavalcanti > Fábio Gurgel > Isaque Bahiense > Alex Munis
bjj-v_mario_yamasaki-739,v_mario_yamasaki,Mario Yamasaki,739,Marcelo Behring,black_belt_awarded_by,Faixa-preta concedida por,confirmed,high,Lineage declarada no perfil: Carlos Gracie > Helio Gracie > Rickson Gracie > Marcelo Behring > Mario Yamasaki > David Jacobs > Greg Souders > Alex Nguyen
bjj-9037-v_mario_yamasaki,9037,David Jacobs,v_mario_yamasaki,Mario Yamasaki,black_belt_awarded_by,Faixa-preta concedida por,confirmed,high,Lineage declarada no perfil: Carlos Gracie > Helio Gracie > Rickson Gracie > Marcelo Behring > Mario Yamasaki > David Jacobs > Greg Souders > Alex Nguyen
bjj-13493-9037,13493,Greg Souders,9037,David Jacobs,black_belt_awarded_by,Faixa-preta concedida por,confirmed,high,Lineage declarada no perfil: Carlos Gracie > Helio Gracie > Rickson Gracie > Marcelo Behring > Mario Yamasaki > David Jacobs > Greg Souders > Alex Nguyen
bjj-13084-13493,13084,Alex Nguyen,13493,Greg Souders,black_belt_awarded_by,Faixa-preta concedida por,confirmed,high,Lineage declarada no perfil: Carlos Gracie > Helio Gracie > Rickson Gracie > Marcelo Behring > Mario Yamasaki > David Jacobs > Greg Souders > Alex Nguyen
bjj-3394-hist_carlos_sr,3394,Robson Gracie,hist_carlos_sr,Carlos Gracie Senior,black_belt_awarded_by,Faixa-preta concedida por,confirmed,high,Lineage declarada no perfil: Mitsuyo Maeda > Carlos Gracie Sr > Robson Gracie > Aloísio Silva > Leka Vieira
bjj-v_aloisio_silva-3394,v_aloisio_silva,Aloísio Silva,3394,Robson Gracie,black_belt_awarded_by,Faixa-preta concedida por,confirmed,high,Lineage declarada no perfil: Mitsuyo Maeda > Carlos Gracie Sr > Robson Gracie > Aloísio Silva > Leka Vieira
bjj-1131-v_aloisio_silva,1131,Alessandra Vieira,v_aloisio_silva,Aloísio Silva,black_belt_awarded_by,Faixa-preta concedida por,confirmed,high,Lineage declarada no perfil: Mitsuyo Maeda > Carlos Gracie Sr > Robson Gracie > Aloísio Silva > Leka Vieira
bjj-1757-419,1757,Alexander Trans,419,Leonardo Vieira,black_belt_awarded_by,Faixa-preta concedida por,confirmed,high,Lineage declarada no perfil: Carlos Gracie > Helio Gracie > Rolls Gracie > Romero Cavalcanti > Leonardo Vieira > Alexander Trans
bjj-1097-739,1097,Waldomiro Perez,739,Marcelo Behring,black_belt_awarded_by,Faixa-preta concedida por,confirmed,high,Lineage declarada no perfil: Mitsuyo Maeda > Carlos Gracie > Helio Gracie > Rickson Gracie > Marcelo Behring > Waldomiro Perez > Roberto Godoi > Marco Barbosa > Mario Dias > Alessandro Capodeferro
bjj-601-1097,601,Roberto Godoi,1097,Waldomiro Perez,black_belt_awarded_by,Faixa-preta concedida por,confirmed,high,Lineage declarada no perfil: Mitsuyo Maeda > Carlos Gracie > Helio Gracie > Rickson Gracie > Marcelo Behring > Waldomiro Perez > Roberto Godoi > Marco Barbosa > Mario Dias > Alessandro Capodeferro
bjj-492-601,492,Marco Barbosa,601,Roberto Godoi,black_belt_awarded_by,Faixa-preta concedida por,confirmed,high,Lineage declarada no perfil: Mitsuyo Maeda > Carlos Gracie > Helio Gracie > Rickson Gracie > Marcelo Behring > Waldomiro Perez > Roberto Godoi > Marco Barbosa > Mario Dias > Alessandro Capodeferro
bjj-v_mario_dias-492,v_mario_dias,Mario Dias,492,Marco Barbosa,black_belt_awarded_by,Faixa-preta concedida por,confirmed,high,Lineage declarada no perfil: Mitsuyo Maeda > Carlos Gracie > Helio Gracie > Rickson Gracie > Marcelo Behring > Waldomiro Perez > Roberto Godoi > Marco Barbosa > Mario Dias > Alessandro Capodeferro
bjj-1567-v_mario_dias,1567,Alessandro Capodeferro,v_mario_dias,Mario Dias,black_belt_awarded_by,Faixa-preta concedida por,confirmed,high,Lineage declarada no perfil: Mitsuyo Maeda > Carlos Gracie > Helio Gracie > Rickson Gracie > Marcelo Behring > Waldomiro Perez > Roberto Godoi > Marco Barbosa > Mario Dias > Alessandro Capodeferro
bjj-524-2003,524,Osvaldo Alves,2003,Reyson Gracie,black_belt_awarded_by,Faixa-preta concedida por,confirmed,high,Lineage declarada no perfil: Carlos Gracie > Reyson Gracie > Osvaldo Alves > Luis Dagmar > André Galvão > Alehander Mariano
bjj-v_luis_dagmar-524,v_luis_dagmar,Luis Dagmar,524,Osvaldo Alves,black_belt_awarded_by,Faixa-preta concedida por,confirmed,high,Lineage declarada no perfil: Carlos Gracie > Reyson Gracie > Osvaldo Alves > Luis Dagmar > André Galvão > Alehander Mariano
bjj-144-v_luis_dagmar,144,Andre Galvao,v_luis_dagmar,Luis Dagmar,black_belt_awarded_by,Faixa-preta concedida por,confirmed,high,Lineage declarada no perfil: Carlos Gracie > Reyson Gracie > Osvaldo Alves > Luis Dagmar > André Galvão > Alehander Mariano
bjj-13533-144,13533,Alehander Mariano,144,Andre Galvao,black_belt_awarded_by,Faixa-preta concedida por,confirmed,high,Lineage declarada no perfil: Carlos Gracie > Reyson Gracie > Osvaldo Alves > Luis Dagmar > André Galvão > Alehander Mariano
bjj-361-22,361,Ricardo De La Riva,22,Carlson Gracie,black_belt_awarded_by,Faixa-preta concedida por,confirmed,high,Lineage declarada no perfil: Mitsuyo Maeda > Carlos Gracie > Carlson Gracie > Ricardo De La Riva > Alexandre Baraúna
bjj-9166-361,9166,Alexandre Barauna,361,Ricardo De La Riva,black_belt_awarded_by,Faixa-preta concedida por,confirmed,high,Lineage declarada no perfil: Mitsuyo Maeda > Carlos Gracie > Carlson Gracie > Ricardo De La Riva > Alexandre Baraúna
bjj-553-297,553,Roberto Correa,297,Carlos Gracie Junior,black_belt_awarded_by,Faixa-preta concedida por,confirmed,high,Lineage declarada no perfil: Mitsuyo Maeda > Carlos Gracie > Hélio Gracie > Carlos Gracie Jr > Roberto Correa > Alexandre Cavaliere
bjj-9312-553,9312,Alexandre Cavaliere,553,Roberto Correa,black_belt_awarded_by,Faixa-preta concedida por,confirmed,high,Lineage declarada no perfil: Mitsuyo Maeda > Carlos Gracie > Hélio Gracie > Carlos Gracie Jr > Roberto Correa > Alexandre Cavaliere
bjj-3384-hist_helio,3384,Crolin Gracie,hist_helio,Helio Gracie,black_belt_awarded_by,Faixa-preta concedida por,confirmed,high,Lineage declarada no perfil: Mitsuyo Maeda > Carlos Gracie > Helio Gracie > Crolin Gracie > Alexandre de Souza
bjj-449-3384,449,Alexandre de Souza,3384,Crolin Gracie,black_belt_awarded_by,Faixa-preta concedida por,confirmed,high,Lineage declarada no perfil: Mitsuyo Maeda > Carlos Gracie > Helio Gracie > Crolin Gracie > Alexandre de Souza
bjj-1488-hist_helio,1488,Rilion Gracie,hist_helio,Helio Gracie,black_belt_awarded_by,Faixa-preta concedida por,confirmed,high,Lineage declarada no perfil: Mitsuyo Maeda > Carlos Gracie > Helio Gracie > Rilion Gracie > Alexandro Ceconi
bjj-474-1488,474,Alexandre Ceconi,1488,Rilion Gracie,black_belt_awarded_by,Faixa-preta concedida por,confirmed,high,Lineage declarada no perfil: Mitsuyo Maeda > Carlos Gracie > Helio Gracie > Rilion Gracie > Alexandro Ceconi
bjj-727-297,727,Alexandre de Freitas,297,Carlos Gracie Junior,black_belt_awarded_by,Faixa-preta concedida por,confirmed,high,Lineage declarada no perfil: Mitsuyo Maeda > Carlos Gracie Sr. > Helio Gracie > Carlos Gracie Junior > Alexandre de Freitas
bjj-v_sergio_lisboa-524,v_sergio_lisboa,Sergio Lisboa,524,Osvaldo Alves,black_belt_awarded_by,Faixa-preta concedida por,confirmed,high,Lineage declarada no perfil: Carlos Gracie > Reyson Gracie > Osvaldo Alves > Sergio Lisboa > Erivaldo Junior > Claudio Calasans > Alexandre de Jesus
bjj-v_erivaldo_junior-v_sergio_lisboa,v_erivaldo_junior,Erivaldo Junior,v_sergio_lisboa,Sergio Lisboa,black_belt_awarded_by,Faixa-preta concedida por,confirmed,high,Lineage declarada no perfil: Carlos Gracie > Reyson Gracie > Osvaldo Alves > Sergio Lisboa > Erivaldo Junior > Claudio Calasans > Alexandre de Jesus
bjj-410-v_erivaldo_junior,410,Claudio Calasans,v_erivaldo_junior,Erivaldo Junior,black_belt_awarded_by,Faixa-preta concedida por,confirmed,high,Lineage declarada no perfil: Carlos Gracie > Reyson Gracie > Osvaldo Alves > Sergio Lisboa > Erivaldo Junior > Claudio Calasans > Alexandre de Jesus
bjj-9793-410,9793,Alexandre Jesus,410,Claudio Calasans,black_belt_awarded_by,Faixa-preta concedida por,confirmed,high,Lineage declarada no perfil: Carlos Gracie > Reyson Gracie > Osvaldo Alves > Sergio Lisboa > Erivaldo Junior > Claudio Calasans > Alexandre de Jesus
bjj-v_orlando_saraiva-22,v_orlando_saraiva,Orlando Saraiva,22,Carlson Gracie,black_belt_awarded_by,Faixa-preta concedida por,confirmed,high,Lineage declarada no perfil: Carlos Gracie > Helio Gracie > Carlson Gracie > Orlando Saraiva > Alexandre Manara (father) > Alexandre Manara
bjj-v_alexandre_manara_father-v_orlando_saraiva,v_alexandre_manara_father,Alexandre Manara (father),v_orlando_saraiva,Orlando Saraiva,black_belt_awarded_by,Faixa-preta concedida por,confirmed,high,Lineage declarada no perfil: Carlos Gracie > Helio Gracie > Carlson Gracie > Orlando Saraiva > Alexandre Manara (father) > Alexandre Manara
bjj-14205-v_alexandre_manara_father,14205,Alexandre Manara,v_alexandre_manara_father,Alexandre Manara (father),black_belt_awarded_by,Faixa-preta concedida por,confirmed,high,Lineage declarada no perfil: Carlos Gracie > Helio Gracie > Carlson Gracie > Orlando Saraiva > Alexandre Manara (father) > Alexandre Manara
bjj-v_andre_vasconcelos-5998,v_andre_vasconcelos,André Vasconcelos,5998,Carlson Gracie Junior,black_belt_awarded_by,Faixa-preta concedida por,confirmed,high,Lineage declarada no perfil: Carlos Gracie > Helio Gracie > Carlson Gracie > Carlson Gracie Jr > André Vasconcelos > Alexandre Molinaro
bjj-9407-v_andre_vasconcelos,9407,Alexandre Molinaro,v_andre_vasconcelos,André Vasconcelos,black_belt_awarded_by,Faixa-preta concedida por,confirmed,high,Lineage declarada no perfil: Carlos Gracie > Helio Gracie > Carlson Gracie > Carlson Gracie Jr > André Vasconcelos > Alexandre Molinaro
bjj-666-355,666,Alexandre Paiva,355,Romero Cavalcanti,black_belt_awarded_by,Faixa-preta concedida por,confirmed,high,Lineage declarada no perfil: Carlos Gracie > Helio Gracie > Rolls Gracie > Romero Cavalcanti > Alexandre Paiva
bjj-714-22,714,Francisco Albuquerque,22,Carlson Gracie,black_belt_awarded_by,Faixa-preta concedida por,confirmed,high,Lineage declarada no perfil: Mitsuyo Maeda > Carlos Gracie > Carlson Gracie > Francisco Albuquerque > Alexandre Pimentel.
bjj-311-714,311,Alexandre Pimentel,714,Francisco Albuquerque,black_belt_awarded_by,Faixa-preta concedida por,confirmed,high,Lineage declarada no perfil: Mitsuyo Maeda > Carlos Gracie > Carlson Gracie > Francisco Albuquerque > Alexandre Pimentel.
bjj-1671-666,1671,Alexandre Puga,666,Alexandre Paiva,black_belt_awarded_by,Faixa-preta concedida por,confirmed,high,Lineage declarada no perfil: Mitsuyo Maeda > Carlos Gracie > Helio Gracie > Rolls Gracie > Romero Cavalcanti > Alexandre Paiva > Alexandre Puga
bjj-481-515,481,Saulo Ribeiro,515,Royler Gracie,black_belt_awarded_by,Faixa-preta concedida por,confirmed,high,Lineage declarada no perfil: Mitsuyo Maeda > Carlos Gracie > Helio Gracie > Royler Gracie > Saulo Ribeiro > Alexandre Ribeiro
bjj-84-481,84,Alexandre Ribeiro,481,Saulo Ribeiro,black_belt_awarded_by,Faixa-preta concedida por,confirmed,high,Lineage declarada no perfil: Mitsuyo Maeda > Carlos Gracie > Helio Gracie > Royler Gracie > Saulo Ribeiro > Alexandre Ribeiro
bjj-2443-hist_maeda,2443,Luiz Franca,hist_maeda,Mitsuyo Maeda,black_belt_awarded_by,Faixa-preta concedida por,confirmed,high,Lineage declarada no perfil: Mitsuyo Maeda > Luis França > Oswaldo Fadda > Neury Gomes > Alexandre Santos
bjj-v_neury_gomes-527,v_neury_gomes,Neury Gomes,527,Oswaldo Fadda,black_belt_awarded_by,Faixa-preta concedida por,confirmed,high,Lineage declarada no perfil: Mitsuyo Maeda > Luis França > Oswaldo Fadda > Neury Gomes > Alexandre Santos
bjj-1517-v_neury_gomes,1517,Alexandre Santos,v_neury_gomes,Neury Gomes,black_belt_awarded_by,Faixa-preta concedida por,confirmed,high,Lineage declarada no perfil: Mitsuyo Maeda > Luis França > Oswaldo Fadda > Neury Gomes > Alexandre Santos
bjj-627-22,627,Murilo Bustamante,22,Carlson Gracie,black_belt_awarded_by,Faixa-preta concedida por,confirmed,high,Lineage declarada no perfil: Mitsuyo Maeda > Carlos Gracie > Carlson Gracie > Murilo Bustamante > Alexandre Vieira
bjj-8525-627,8525,Alexandre Vieira,627,Murilo Bustamante,black_belt_awarded_by,Faixa-preta concedida por,confirmed,high,Lineage declarada no perfil: Mitsuyo Maeda > Carlos Gracie > Carlson Gracie > Murilo Bustamante > Alexandre Vieira
bjj-174-601,174,Bruno Frazatto,601,Roberto Godoi,black_belt_awarded_by,Faixa-preta concedida por,confirmed,high,Lineage declarada no perfil: Carlos Gracie > Helio Gracie > Rickson Gracie > Marcelo Behring > Waldomiro Perez > Roberto Godoi > Bruno Frazatto > Alex Enriquez
bjj-12569-174,12569,Alexandria Enriquez,174,Bruno Frazatto,black_belt_awarded_by,Faixa-preta concedida por,confirmed,high,Lineage declarada no perfil: Carlos Gracie > Helio Gracie > Rickson Gracie > Marcelo Behring > Waldomiro Perez > Roberto Godoi > Bruno Frazatto > Alex Enriquez
bjj-891-338,891,Alexsandro Machado,338,Ricardo Vieira,black_belt_awarded_by,Faixa-preta concedida por,confirmed,high,Lineage declarada no perfil: Mitsuyo Maeda > Carlos Gracie > Helio Gracie > Rolls Gracie > Romero Cavalcanti > Ricardo Vieira > Alexsandro Machado
bjj-52-297,52,Renzo Gracie,297,Carlos Gracie Junior,black_belt_awarded_by,Faixa-preta concedida por,confirmed,high,Lineage declarada no perfil: Mitsuyo Maeda > Carlos Gracie (Senior) > Helio Gracie > Carlos Gracie Jr > Renzo Gracie > Mario Delgado > Alexis Alduncin
bjj-v_mario_delgado-52,v_mario_delgado,Mario Delgado,52,Renzo Gracie,black_belt_awarded_by,Faixa-preta concedida por,confirmed,high,Lineage declarada no perfil: Mitsuyo Maeda > Carlos Gracie (Senior) > Helio Gracie > Carlos Gracie Jr > Renzo Gracie > Mario Delgado > Alexis Alduncin
bjj-9377-v_mario_delgado,9377,Alexis Alduncin,v_mario_delgado,Mario Delgado,black_belt_awarded_by,Faixa-preta concedida por,confirmed,high,Lineage declarada no perfil: Mitsuyo Maeda > Carlos Gracie (Senior) > Helio Gracie > Carlos Gracie Jr > Renzo Gracie > Mario Delgado > Alexis Alduncin
bjj-78-22,78,Andre Pederneiras,22,Carlson Gracie,black_belt_awarded_by,Faixa-preta concedida por,confirmed,high,Lineage declarada no perfil: Carlos Gracie > Helio Gracie > Carlson Gracie > André Pederneiras > Rodrigo Feijão > Alexssandro  Sodré
bjj-6756-78,6756,Rodrigo Silva,78,Andre Pederneiras,black_belt_awarded_by,Faixa-preta concedida por,confirmed,high,Lineage declarada no perfil: Carlos Gracie > Helio Gracie > Carlson Gracie > André Pederneiras > Rodrigo Feijão > Alexssandro  Sodré
bjj-8884-6756,8884,Alexsandro Sodre,6756,Rodrigo Silva,black_belt_awarded_by,Faixa-preta concedida por,confirmed,high,Lineage declarada no perfil: Carlos Gracie > Helio Gracie > Carlson Gracie > André Pederneiras > Rodrigo Feijão > Alexssandro  Sodré
bjj-10004-322,10004,Ali Monfaradi,322,Fabio Gurgel,black_belt_awarded_by,Faixa-preta concedida por,confirmed,high,Lineage declarada no perfil: Carlos Gracie > Helio Gracie > Rolls Gracie > Romero Cavalcanti > Fábio Gurgel > Ali Monfaradi
bjj-826-22,826,Allan Goes,22,Carlson Gracie,black_belt_awarded_by,Faixa-preta concedida por,confirmed,high,Lineage declarada no perfil: Mitsuyo Maeda > Carlos Gracie > Carlson Gracie > Allan Góes
bjj-2052-hist_helio,2052,Alvaro Barreto,hist_helio,Helio Gracie,black_belt_awarded_by,Faixa-preta concedida por,confirmed,high,Lineage declarada no perfil: Mitsuyo Maeda > Carlos Gracie > Helio Gracie > Alvaro Barreto
bjj-203-3416,203,Julio Cesar,3416,Monir Salomao,black_belt_awarded_by,Faixa-preta concedida por,confirmed,high,Lineage declarada no perfil: Mitsuyo Maeda > Luiz França > Oswaldo Fadda > Monir Salomão > Julio Cesar Pereira > Alvaro Bobadilla
bjj-1553-203,1553,Alvaro Bobadilla,203,Julio Cesar,black_belt_awarded_by,Faixa-preta concedida por,confirmed,high,Lineage declarada no perfil: Mitsuyo Maeda > Luiz França > Oswaldo Fadda > Monir Salomão > Julio Cesar Pereira > Alvaro Bobadilla
bjj-1495-hist_helio,1495,Flavio Behring,hist_helio,Helio Gracie,black_belt_awarded_by,Faixa-preta concedida por,confirmed,high,Lineage declarada no perfil: Mitsuyo Maeda > Carlos Gracie (Senior) > Helio Gracie > Flavio Behring > Patrick Chaput > Derebey Sebahatin > Khalid Houry > Amal Amjahid
bjj-v_patrick_chaput-1495,v_patrick_chaput,Patrick Chaput,1495,Flavio Behring,black_belt_awarded_by,Faixa-preta concedida por,confirmed,high,Lineage declarada no perfil: Mitsuyo Maeda > Carlos Gracie (Senior) > Helio Gracie > Flavio Behring > Patrick Chaput > Derebey Sebahatin > Khalid Houry > Amal Amjahid
bjj-v_derebey_sebahatin-v_patrick_chaput,v_derebey_sebahatin,Derebey Sebahatin,v_patrick_chaput,Patrick Chaput,black_belt_awarded_by,Faixa-preta concedida por,confirmed,high,Lineage declarada no perfil: Mitsuyo Maeda > Carlos Gracie (Senior) > Helio Gracie > Flavio Behring > Patrick Chaput > Derebey Sebahatin > Khalid Houry > Amal Amjahid
bjj-v_khalid_houry-v_derebey_sebahatin,v_khalid_houry,Khalid Houry,v_derebey_sebahatin,Derebey Sebahatin,black_belt_awarded_by,Faixa-preta concedida por,confirmed,high,Lineage declarada no perfil: Mitsuyo Maeda > Carlos Gracie (Senior) > Helio Gracie > Flavio Behring > Patrick Chaput > Derebey Sebahatin > Khalid Houry > Amal Amjahid
bjj-9058-v_khalid_houry,9058,Amal Amjahid,v_khalid_houry,Khalid Houry,black_belt_awarded_by,Faixa-preta concedida por,confirmed,high,Lineage declarada no perfil: Mitsuyo Maeda > Carlos Gracie (Senior) > Helio Gracie > Flavio Behring > Patrick Chaput > Derebey Sebahatin > Khalid Houry > Amal Amjahid
bjj-9-297,9,Marcio Cruz,297,Carlos Gracie Junior,black_belt_awarded_by,Faixa-preta concedida por,confirmed,high,Lineage declarada no perfil: C. Gracie > Helio Gracie > Carlos Gracie Jr > Marcio Cruz > Amanda Alequin
bjj-v_amanda_alequin-9,v_amanda_alequin,Amanda Alequin,9,Marcio Cruz,black_belt_awarded_by,Faixa-preta concedida por,confirmed,high,Lineage declarada no perfil: C. Gracie > Helio Gracie > Carlos Gracie Jr > Marcio Cruz > Amanda Alequin
bjj-14146-144,14146,Amanda Bruse,144,Andre Galvao,black_belt_awarded_by,Faixa-preta concedida por,confirmed,high,Lineage declarada no perfil: Carlos Gracie > Reyson Gracie > Osvaldo Alves > Luis Dagmar > André Galvão > Amanda Bruse
bjj-1736-297,1736,Daniel Simões (Gracie),297,Carlos Gracie Junior,black_belt_awarded_by,Faixa-preta concedida por,confirmed,high,Lineage declarada no perfil: Carlos Gracie > Helio Gracie > Carlos Gracie Jr. > Daniel Simões (Gracie) > James Booth > Amanda Leve
bjj-v_james_booth-1736,v_james_booth,James Booth,1736,Daniel Simões (Gracie),black_belt_awarded_by,Faixa-preta concedida por,confirmed,high,Lineage declarada no perfil: Carlos Gracie > Helio Gracie > Carlos Gracie Jr. > Daniel Simões (Gracie) > James Booth > Amanda Leve
bjj-12064-v_james_booth,12064,Amanda Leve,v_james_booth,James Booth,black_belt_awarded_by,Faixa-preta concedida por,confirmed,high,Lineage declarada no perfil: Carlos Gracie > Helio Gracie > Carlos Gracie Jr. > Daniel Simões (Gracie) > James Booth > Amanda Leve
bjj-v_andre_pinheiro-601,v_andre_pinheiro,André Pinheiro,601,Roberto Godoi,black_belt_awarded_by,Faixa-preta concedida por,confirmed,high,Lineage declarada no perfil: Carlos Gracie > Helio Gracie > Rickson Gracie > Marcelo Behring > Waldomiro Perez > Roberto Godoi > André Pinheiro > Luis Marques > Amanda Magda
bjj-10403-v_andre_pinheiro,10403,Luis Marques,v_andre_pinheiro,André Pinheiro,black_belt_awarded_by,Faixa-preta concedida por,confirmed,high,Lineage declarada no perfil: Carlos Gracie > Helio Gracie > Rickson Gracie > Marcelo Behring > Waldomiro Perez > Roberto Godoi > André Pinheiro > Luis Marques > Amanda Magda
bjj-13078-10403,13078,Amanda Magda,10403,Luis Marques,black_belt_awarded_by,Faixa-preta concedida por,confirmed,high,Lineage declarada no perfil: Carlos Gracie > Helio Gracie > Rickson Gracie > Marcelo Behring > Waldomiro Perez > Roberto Godoi > André Pinheiro > Luis Marques > Amanda Magda
bjj-8301-203,8301,Amanda Monteiro,203,Julio Cesar,black_belt_awarded_by,Faixa-preta concedida por,confirmed,high,Lineage declarada no perfil: Luis França > Oswaldo Fadda > Monir Salomão > Júlio Cesar > Amanda Monteiro
bjj-486-22,486,Amaury Bitetti,22,Carlson Gracie,black_belt_awarded_by,Faixa-preta concedida por,confirmed,high,Lineage declarada no perfil: Mitsuyo Maeda > Carlos Gracie > Carlson Gracie > Amaury Bitetti
bjj-743-hist_helio,743,Royce Gracie,hist_helio,Helio Gracie,black_belt_awarded_by,Faixa-preta concedida por,confirmed,high,Lineage declarada no perfil: Mitsuyo Maeda > Carlos Gracie > Helio Gracie > Royce Gracie > Amin Touati
bjj-1391-743,1391,Amin Touati,743,Royce Gracie,black_belt_awarded_by,Faixa-preta concedida por,confirmed,high,Lineage declarada no perfil: Mitsuyo Maeda > Carlos Gracie > Helio Gracie > Royce Gracie > Amin Touati
bjj-2529-2216,2529,Roberto Lage,2216,Octavio de Almeida,black_belt_awarded_by,Faixa-preta concedida por,confirmed,high,Lineage declarada no perfil: Carlos Gracie > George Gracie > Octávio de Almeida > Roberto Lage > Eduardo Mori > Amy Campo
bjj-v_eduardo_mori-2529,v_eduardo_mori,Eduardo Mori,2529,Roberto Lage,black_belt_awarded_by,Faixa-preta concedida por,confirmed,high,Lineage declarada no perfil: Carlos Gracie > George Gracie > Octávio de Almeida > Roberto Lage > Eduardo Mori > Amy Campo
bjj-12639-v_eduardo_mori,12639,Amy Campo,v_eduardo_mori,Eduardo Mori,black_belt_awarded_by,Faixa-preta concedida por,confirmed,high,Lineage declarada no perfil: Carlos Gracie > George Gracie > Octávio de Almeida > Roberto Lage > Eduardo Mori > Amy Campo
bjj-224-714,224,Roberto Abreu,714,Francisco Albuquerque,black_belt_awarded_by,Faixa-preta concedida por,confirmed,high,Lineage declarada no perfil: Carlos Gracie > Helio Gracie > Carlson Gracie > Francisco Toco > Roberto Abreu > Ana Carolina Silva
bjj-13832-224,13832,Ana Carolina Lima Silva,224,Roberto Abreu,black_belt_awarded_by,Faixa-preta concedida por,confirmed,high,Lineage declarada no perfil: Carlos Gracie > Helio Gracie > Carlson Gracie > Francisco Toco > Roberto Abreu > Ana Carolina Silva
bjj-v_sebastiao_ricardo-527,v_sebastiao_ricardo,Sebastião Ricardo,527,Oswaldo Fadda,black_belt_awarded_by,Faixa-preta concedida por,confirmed,high,Lineage declarada no perfil: Mitsuyo Maeda > Luiz França > Oswaldo Fadda > Sebastião Ricardo > Wendell Alexander > André Marola > Marcos Cunha > Ana Carolina Schmitt
bjj-634-v_sebastiao_ricardo,634,Wendell Alexander,v_sebastiao_ricardo,Sebastião Ricardo,black_belt_awarded_by,Faixa-preta concedida por,confirmed,high,Lineage declarada no perfil: Mitsuyo Maeda > Luiz França > Oswaldo Fadda > Sebastião Ricardo > Wendell Alexander > André Marola > Marcos Cunha > Ana Carolina Schmitt
bjj-4334-634,4334,Andre da Silva,634,Wendell Alexander,black_belt_awarded_by,Faixa-preta concedida por,confirmed,high,Lineage declarada no perfil: Mitsuyo Maeda > Luiz França > Oswaldo Fadda > Sebastião Ricardo > Wendell Alexander > André Marola > Marcos Cunha > Ana Carolina Schmitt
bjj-v_marcos_cunha-4334,v_marcos_cunha,Marcos Cunha,4334,Andre da Silva,black_belt_awarded_by,Faixa-preta concedida por,confirmed,high,Lineage declarada no perfil: Mitsuyo Maeda > Luiz França > Oswaldo Fadda > Sebastião Ricardo > Wendell Alexander > André Marola > Marcos Cunha > Ana Carolina Schmitt
bjj-8888-v_marcos_cunha,8888,Ana Carolina Schmitt,v_marcos_cunha,Marcos Cunha,black_belt_awarded_by,Faixa-preta concedida por,confirmed,high,Lineage declarada no perfil: Mitsuyo Maeda > Luiz França > Oswaldo Fadda > Sebastião Ricardo > Wendell Alexander > André Marola > Marcos Cunha > Ana Carolina Schmitt
bjj-6979-203,6979,Ana Carolina Vieira,203,Julio Cesar,black_belt_awarded_by,Faixa-preta concedida por,confirmed,high,Lineage declarada no perfil: Luis França > Oswaldo Fadda > Monir Salomão > Julio Cesar > Ana Carolina Vieira
bjj-2357-297,2357,Ana Laura Cordeiro,297,Carlos Gracie Junior,black_belt_awarded_by,Faixa-preta concedida por,confirmed,high,Lineage declarada no perfil: Mitsuyo Maeda > Carlos Gracie Sr. > Helio Gracie > Carlos Gracie Junior > Ana Laura Cordeiro
bjj-v_ana_maria_india-338,v_ana_maria_india,Ana Maria “India”,338,Ricardo Vieira,black_belt_awarded_by,Faixa-preta concedida por,confirmed,high,Lineage declarada no perfil: Mitsuyo Maeda > Carlos Gracie > Helio Gracie > Rolls Gracie > Romero Cavalcanti > Ricardo Vieira > Ana Maria “India”
bjj-405-338,405,Marco Canha,338,Ricardo Vieira,black_belt_awarded_by,Faixa-preta concedida por,confirmed,high,Lineage declarada no perfil: Carlos Gracie > Helio Gracie > Rolls Gracie > Romero Cavalcanti > Ricardo Vieira > Marco Canha > Anabel Lopez Beard
bjj-v_anabel_lopez_beard-405,v_anabel_lopez_beard,Anabel Lopez Beard,405,Marco Canha,black_belt_awarded_by,Faixa-preta concedida por,confirmed,high,Lineage declarada no perfil: Carlos Gracie > Helio Gracie > Rolls Gracie > Romero Cavalcanti > Ricardo Vieira > Marco Canha > Anabel Lopez Beard
bjj-10232-322,10232,Gabriel Figueiró,322,Fabio Gurgel,black_belt_awarded_by,Faixa-preta concedida por,confirmed,high,Lineage declarada no perfil: Carlos Gracie > Helio Gracie > Rolls Gracie > Romero Cavalcanti > Fábio Gurgel > Gabriel Figueiró > Isaque Bahiense > Anderson Munis
bjj-7552-10232,7552,Isaque Bahiense,10232,Gabriel Figueiró,black_belt_awarded_by,Faixa-preta concedida por,confirmed,high,Lineage declarada no perfil: Carlos Gracie > Helio Gracie > Rolls Gracie > Romero Cavalcanti > Fábio Gurgel > Gabriel Figueiró > Isaque Bahiense > Anderson Munis
bjj-11685-7552,11685,Anderson Munis,7552,Isaque Bahiense,black_belt_awarded_by,Faixa-preta concedida por,confirmed,high,Lineage declarada no perfil: Carlos Gracie > Helio Gracie > Rolls Gracie > Romero Cavalcanti > Fábio Gurgel > Gabriel Figueiró > Isaque Bahiense > Anderson Munis
bjj-895-22,895,Sergio Souza,22,Carlson Gracie,black_belt_awarded_by,Faixa-preta concedida por,confirmed,high,Lineage declarada no perfil: Mitsuyo Maeda > Carlos Gracie > Helio Gracie > Carlson Gracie > Sérgio Bolão > Zé Marcello > Anderson Pereira
bjj-v_ze_marcello-895,v_ze_marcello,Zé Marcello,895,Sergio Souza,black_belt_awarded_by,Faixa-preta concedida por,confirmed,high,Lineage declarada no perfil: Mitsuyo Maeda > Carlos Gracie > Helio Gracie > Carlson Gracie > Sérgio Bolão > Zé Marcello > Anderson Pereira
bjj-249-v_ze_marcello,249,Anderson Pereira,v_ze_marcello,Zé Marcello,black_belt_awarded_by,Faixa-preta concedida por,confirmed,high,Lineage declarada no perfil: Mitsuyo Maeda > Carlos Gracie > Helio Gracie > Carlson Gracie > Sérgio Bolão > Zé Marcello > Anderson Pereira
bjj-1594-297,1594,Carlos Lemos Jr,297,Carlos Gracie Junior,black_belt_awarded_by,Faixa-preta concedida por,confirmed,high,Lineage declarada no perfil: Mitsuyo Maeda > Carlos Gracie Sr. > Carlos Gracie Junior > Carlos Lemos Jr > Federico Tisi > Andrea Baggio
bjj-2056-1594,2056,Federico Tisi,1594,Carlos Lemos Jr,black_belt_awarded_by,Faixa-preta concedida por,confirmed,high,Lineage declarada no perfil: Mitsuyo Maeda > Carlos Gracie Sr. > Carlos Gracie Junior > Carlos Lemos Jr > Federico Tisi > Andrea Baggio
bjj-1101-2056,1101,Andrea Baggio,2056,Federico Tisi,black_belt_awarded_by,Faixa-preta concedida por,confirmed,high,Lineage declarada no perfil: Mitsuyo Maeda > Carlos Gracie Sr. > Carlos Gracie Junior > Carlos Lemos Jr > Federico Tisi > Andrea Baggio
bjj-1044-297,1044,Flavio Almeida,297,Carlos Gracie Junior,black_belt_awarded_by,Faixa-preta concedida por,confirmed,high,Lineage declarada no perfil: Mitsuyo Maeda > Carlos Gracie > Helio Gracie > Carlos Gracie Jr > Flávio Almeida > André Almeida
bjj-9615-1044,9615,Andre Almeida,1044,Flavio Almeida,black_belt_awarded_by,Faixa-preta concedida por,confirmed,high,Lineage declarada no perfil: Mitsuyo Maeda > Carlos Gracie > Helio Gracie > Carlos Gracie Jr > Flávio Almeida > André Almeida
bjj-1716-591,1716,Andre Almeida,591,Ricardo Liborio,black_belt_awarded_by,Faixa-preta concedida por,confirmed,high,Lineage declarada no perfil: Mitsuyo Maeda > Carlos Gracie > Helio Gracie > Carlson Gracie > Ricardo Libório > André Almeida
bjj-960-895,960,Mauro Chueng,895,Sergio Souza,black_belt_awarded_by,Faixa-preta concedida por,confirmed,high,Lineage declarada no perfil: Carlos Gracie > Carlson Gracie > Sergio Bolão > Mauro Chueng > Elan Santiago > Lucas Lepri > André Góis
bjj-6158-960,6158,Elan Santiago,960,Mauro Chueng,black_belt_awarded_by,Faixa-preta concedida por,confirmed,high,Lineage declarada no perfil: Carlos Gracie > Carlson Gracie > Sergio Bolão > Mauro Chueng > Elan Santiago > Lucas Lepri > André Góis
bjj-358-6158,358,Lucas Lepri,6158,Elan Santiago,black_belt_awarded_by,Faixa-preta concedida por,confirmed,high,Lineage declarada no perfil: Carlos Gracie > Carlson Gracie > Sergio Bolão > Mauro Chueng > Elan Santiago > Lucas Lepri > André Góis
bjj-11646-358,11646,Andre Gois,358,Lucas Lepri,black_belt_awarded_by,Faixa-preta concedida por,confirmed,high,Lineage declarada no perfil: Carlos Gracie > Carlson Gracie > Sergio Bolão > Mauro Chueng > Elan Santiago > Lucas Lepri > André Góis
bjj-6507-515,6507,Regis Lebre,515,Royler Gracie,black_belt_awarded_by,Faixa-preta concedida por,confirmed,high,Lineage declarada no perfil: Mitsuyo Maeda > Carlos Gracie > Helio Gracie > Royler Gracie > Regis Lebre > Andre Maracaba
bjj-7747-6507,7747,Andre Maracaba,6507,Regis Lebre,black_belt_awarded_by,Faixa-preta concedida por,confirmed,high,Lineage declarada no perfil: Mitsuyo Maeda > Carlos Gracie > Helio Gracie > Royler Gracie > Regis Lebre > Andre Maracaba
bjj-1332-v_andre_monteiro_also_known_as_tim_is_a,1332,jiu-jitsu,v_andre_monteiro_also_known_as_tim_is_a,"Andre Monteiro, also known as “Tim”, is a",black_belt_awarded_by,Faixa-preta concedida por,confirmed,high,"Lineage declarada no perfil: Andre Monteiro, also known as “Tim”, is a > Brazilian Jiu Jitsu > black belt, from the Carlson Gracie (under > Francisco “Toco” > ) who has medalled in important tournaments such as the Pan American (Gi and Nogi) and the Brazilian Nationals. Andre Monteiro is also a renowned coach, having built his career in from the United States a country he moved to in 2008."
bjj-v_black_belt_from_the_carlson_gracie_under-1332,v_black_belt_from_the_carlson_gracie_under,"black belt, from the Carlson Gracie (under",1332,jiu-jitsu,black_belt_awarded_by,Faixa-preta concedida por,confirmed,high,"Lineage declarada no perfil: Andre Monteiro, also known as “Tim”, is a > Brazilian Jiu Jitsu > black belt, from the Carlson Gracie (under > Francisco “Toco” > ) who has medalled in important tournaments such as the Pan American (Gi and Nogi) and the Brazilian Nationals. Andre Monteiro is also a renowned coach, having built his career in from the United States a country he moved to in 2008."
bjj-714-v_black_belt_from_the_carlson_gracie_under,714,Francisco Albuquerque,v_black_belt_from_the_carlson_gracie_under,"black belt, from the Carlson Gracie (under",black_belt_awarded_by,Faixa-preta concedida por,confirmed,high,"Lineage declarada no perfil: Andre Monteiro, also known as “Tim”, is a > Brazilian Jiu Jitsu > black belt, from the Carlson Gracie (under > Francisco “Toco” > ) who has medalled in important tournaments such as the Pan American (Gi and Nogi) and the Brazilian Nationals. Andre Monteiro is also a renowned coach, having built his career in from the United States a country he moved to in 2008."
bjj-v_who_has_medalled_in_important_tournaments_such_as_the_pan_american_gi_and_nogi_and_the_brazilian_nationals_andre_monteiro_is_also_a_renowned_coach_having_built_his_career_in_from_the_united_states_a_country_he_moved_to_in-714,v_who_has_medalled_in_important_tournaments_such_as_the_pan_american_gi_and_nogi_and_the_brazilian_nationals_andre_monteiro_is_also_a_renowned_coach_having_built_his_career_in_from_the_united_states_a_country_he_moved_to_in,") who has medalled in important tournaments such as the Pan American (Gi and Nogi) and the Brazilian Nationals. Andre Monteiro is also a renowned coach, having built his career in from the United States a country he moved to in 2008.",714,Francisco Albuquerque,black_belt_awarded_by,Faixa-preta concedida por,confirmed,high,"Lineage declarada no perfil: Andre Monteiro, also known as “Tim”, is a > Brazilian Jiu Jitsu > black belt, from the Carlson Gracie (under > Francisco “Toco” > ) who has medalled in important tournaments such as the Pan American (Gi and Nogi) and the Brazilian Nationals. Andre Monteiro is also a renowned coach, having built his career in from the United States a country he moved to in 2008."
bjj-11384-224,11384,Andre Porfirio,224,Roberto Abreu,black_belt_awarded_by,Faixa-preta concedida por,confirmed,high,Lineage declarada no perfil: Carlos Gracie > Carlson Gracie > Francisco Albuquerque > Roberto Abreu > André Porfirio
bjj-v_leandro_vieira-419,v_leandro_vieira,Leandro Vieira,419,Leonardo Vieira,black_belt_awarded_by,Faixa-preta concedida por,confirmed,high,Lineage declarada no perfil: Mitsuyo Maeda > Carlos Gracie > Helio Gracie > Rolls Gracie > Romero Cavalcanti > Leonardo Vieira > Leandro Vieira > Andre Quiles
bjj-1414-v_leandro_vieira,1414,Andre Quiles,v_leandro_vieira,Leandro Vieira,black_belt_awarded_by,Faixa-preta concedida por,confirmed,high,Lineage declarada no perfil: Mitsuyo Maeda > Carlos Gracie > Helio Gracie > Rolls Gracie > Romero Cavalcanti > Leonardo Vieira > Leandro Vieira > Andre Quiles
bjj-2040-hist_helio,2040,Francisco Mansur,hist_helio,Helio Gracie,black_belt_awarded_by,Faixa-preta concedida por,confirmed,high,Lineage declarada no perfil: Mitsuyo Maeda > Carlos Gracie > Helio Gracie > Francisco Mansor > Carlos Henrique > André Terencio
bjj-1400-2040,1400,Carlos Henrique,2040,Francisco Mansur,black_belt_awarded_by,Faixa-preta concedida por,confirmed,high,Lineage declarada no perfil: Mitsuyo Maeda > Carlos Gracie > Helio Gracie > Francisco Mansor > Carlos Henrique > André Terencio
bjj-314-1400,314,Andre Terencio,1400,Carlos Henrique,black_belt_awarded_by,Faixa-preta concedida por,confirmed,high,Lineage declarada no perfil: Mitsuyo Maeda > Carlos Gracie > Helio Gracie > Francisco Mansor > Carlos Henrique > André Terencio
bjj-5523-361,5523,Sebastian Lalli,361,Ricardo De La Riva,black_belt_awarded_by,Faixa-preta concedida por,confirmed,high,Lineage declarada no perfil: C. Gracie > Carlson Gracie > De La Riva > Carlos Lima > Sebastian Lalli > Andressa Cintra
bjj-8519-5523,8519,Andressa Cintra,5523,Sebastian Lalli,black_belt_awarded_by,Faixa-preta concedida por,confirmed,high,Lineage declarada no perfil: C. Gracie > Carlson Gracie > De La Riva > Carlos Lima > Sebastian Lalli > Andressa Cintra
bjj-7675-524,7675,Faustino Neto,524,Osvaldo Alves,black_belt_awarded_by,Faixa-preta concedida por,confirmed,high,Lineage declarada no perfil: Carlos Gracie > Reyson Gracie > Osvaldo Alves > Faustino Neto (Pina) > Carlos Holanda > Andrew Soares
bjj-963-7675,963,Carlos Vieira Holanda,7675,Faustino Neto,black_belt_awarded_by,Faixa-preta concedida por,confirmed,high,Lineage declarada no perfil: Carlos Gracie > Reyson Gracie > Osvaldo Alves > Faustino Neto (Pina) > Carlos Holanda > Andrew Soares
bjj-v_andrew_soares-963,v_andrew_soares,Andrew Soares,963,Carlos Vieira Holanda,black_belt_awarded_by,Faixa-preta concedida por,confirmed,high,Lineage declarada no perfil: Carlos Gracie > Reyson Gracie > Osvaldo Alves > Faustino Neto (Pina) > Carlos Holanda > Andrew Soares
bjj-v_rodrigo_vaghi-67,v_rodrigo_vaghi,Rodrigo Vaghi,67,Rickson Gracie,black_belt_awarded_by,Faixa-preta concedida por,confirmed,high,Lineage declarada no perfil: Carlos Gracie > H. Gracie > Rickson Gracie > Rodrigo Vaghi > Heath Pedigo > Andrew Wiltse
bjj-11359-v_rodrigo_vaghi,11359,Heath Pedigo,v_rodrigo_vaghi,Rodrigo Vaghi,black_belt_awarded_by,Faixa-preta concedida por,confirmed,high,Lineage declarada no perfil: Carlos Gracie > H. Gracie > Rickson Gracie > Rodrigo Vaghi > Heath Pedigo > Andrew Wiltse
bjj-11808-11359,11808,Andrew Wiltse,11359,Heath Pedigo,black_belt_awarded_by,Faixa-preta concedida por,confirmed,high,Lineage declarada no perfil: Carlos Gracie > H. Gracie > Rickson Gracie > Rodrigo Vaghi > Heath Pedigo > Andrew Wiltse
bjj-1207-419,1207,Rodrigo Cabral,419,Leonardo Vieira,black_belt_awarded_by,Faixa-preta concedida por,confirmed,high,Lineage declarada no perfil: Carlos Gracie > Helio Gracie > Rolls Gracie > Romero Cavalcanti (Jacaré) > Leonardo Vieira (Leozinho) > Rodrigo Cabral (Brucutu) > Andrew Tackett
bjj-13172-1207,13172,Andrew Tackett,1207,Rodrigo Cabral,black_belt_awarded_by,Faixa-preta concedida por,confirmed,high,Lineage declarada no perfil: Carlos Gracie > Helio Gracie > Rolls Gracie > Romero Cavalcanti (Jacaré) > Leonardo Vieira (Leozinho) > Rodrigo Cabral (Brucutu) > Andrew Tackett
bjj-11878-144,11878,Andy Murasaki,144,Andre Galvao,black_belt_awarded_by,Faixa-preta concedida por,confirmed,high,Lineage declarada no perfil: Carlos Gracie > Reyson Gracie > Osvaldo Alves > Luis Dagmar > André Galvão > Andy Murasaki
bjj-v_casey_halstead-4317,v_casey_halstead,Casey Halstead,4317,Eddie Bravo,black_belt_awarded_by,Faixa-preta concedida por,confirmed,high,Lineage declarada no perfil: Carlos Gracie > Hélio Gracie > Carlos Gracie Júnior > Jean Jaques Machado > Eddie Bravo > Casey Halstead > Andy Varela
bjj-12703-v_casey_halstead,12703,Andy Varela,v_casey_halstead,Casey Halstead,black_belt_awarded_by,Faixa-preta concedida por,confirmed,high,Lineage declarada no perfil: Carlos Gracie > Hélio Gracie > Carlos Gracie Júnior > Jean Jaques Machado > Eddie Bravo > Casey Halstead > Andy Varela
bjj-10638-1307,10638,Angelo Claiborne,1307,Lloyd Irvin,black_belt_awarded_by,Faixa-preta concedida por,confirmed,high,Lineage declarada no perfil: Carlos Gracie > Helio Gracie > Rickson Gracie > J. Pereira > Leo Dalla > Lloyd Irvin > Angelo Claiborne
bjj-10764-7552,10764,Anna Rodrigues,7552,Isaque Bahiense,black_belt_awarded_by,Faixa-preta concedida por,confirmed,high,Lineage declarada no perfil: Carlos Gracie > Helio Gracie > Rolls Gracie > Romero Cavalcanti > Fábio Gurgel > Isaque Bahiense > Anna Rodrigues
bjj-647-22,647,Rodrigo Medeiros,22,Carlson Gracie,black_belt_awarded_by,Faixa-preta concedida por,confirmed,high,Lineage declarada no perfil: Mitsuyo Maeda > Carlos Gracie > Carlson Gracie > Rodrigo Medeiros > Tony Pacenski
bjj-540-647,540,Anthony Pacenski,647,Rodrigo Medeiros,black_belt_awarded_by,Faixa-preta concedida por,confirmed,high,Lineage declarada no perfil: Mitsuyo Maeda > Carlos Gracie > Carlson Gracie > Rodrigo Medeiros > Tony Pacenski
bjj-745-297,745,Carlos Machado,297,Carlos Gracie Junior,black_belt_awarded_by,Faixa-preta concedida por,confirmed,high,Lineage declarada no perfil: Mitsuyo Maeda > Carlos Gracie Sr. > Carlos Gracie Junior > Carlos Machado > Anthony Perosh
bjj-1104-745,1104,Anthony Perosh,745,Carlos Machado,black_belt_awarded_by,Faixa-preta concedida por,confirmed,high,Lineage declarada no perfil: Mitsuyo Maeda > Carlos Gracie Sr. > Carlos Gracie Junior > Carlos Machado > Anthony Perosh
bjj-2175-634,2175,Wagnney Fabiano,634,Wendell Alexander,black_belt_awarded_by,Faixa-preta concedida por,confirmed,high,Lineage declarada no perfil: Mitsuyo Maeda > Luiz França > Oswaldo Fadda > Sebastião Ricardo > Wendell Alexander > Wagnney Fabiano > AJ Scales
bjj-957-2175,957,Anthony Scales,2175,Wagnney Fabiano,black_belt_awarded_by,Faixa-preta concedida por,confirmed,high,Lineage declarada no perfil: Mitsuyo Maeda > Luiz França > Oswaldo Fadda > Sebastião Ricardo > Wendell Alexander > Wagnney Fabiano > AJ Scales
bjj-11228-338,11228,Helder Medeiros,338,Ricardo Vieira,black_belt_awarded_by,Faixa-preta concedida por,confirmed,high,Lineage declarada no perfil: Mitsuyo Maeda > Carlos Gracie > Helio Gracie > Rolls Gracie > Romero Cavalcanti > Ricardo Vieira > Helder Medeiros > Antonio Carlos
bjj-v_antonio_carlos-11228,v_antonio_carlos,Antonio Carlos,11228,Helder Medeiros,black_belt_awarded_by,Faixa-preta concedida por,confirmed,high,Lineage declarada no perfil: Mitsuyo Maeda > Carlos Gracie > Helio Gracie > Rolls Gracie > Romero Cavalcanti > Ricardo Vieira > Helder Medeiros > Antonio Carlos
bjj-1536-3394,1536,Antonio de Melo,3394,Robson Gracie,black_belt_awarded_by,Faixa-preta concedida por,confirmed,high,Lineage declarada no perfil: Mitsuyo Maeda > Carlos Gracie Sr. > Robson Gracie > Antonio de Melo
bjj-911-322,911,Antonio Peinado,322,Fabio Gurgel,black_belt_awarded_by,Faixa-preta concedida por,confirmed,high,Lineage declarada no perfil: Carlos Gracie > Helio Gracie > Rolls Gracie > Romero Cavalcanti > Fábio Gurgel > Antonio Peinado
bjj-2517-527,2517,Wilson Mattos,527,Oswaldo Fadda,black_belt_awarded_by,Faixa-preta concedida por,confirmed,high,Lineage declarada no perfil: Mitsuyo Maeda > Luis França > Oswaldo Fadda > Wilson Mattos > Antonio Crivelari
bjj-9130-2517,9130,Antonio Roberto Crivelari,2517,Wilson Mattos,black_belt_awarded_by,Faixa-preta concedida por,confirmed,high,Lineage declarada no perfil: Mitsuyo Maeda > Luis França > Oswaldo Fadda > Wilson Mattos > Antonio Crivelari
bjj-1865-361,1865,Antonio Rodrigo Nogueira,361,Ricardo De La Riva,black_belt_awarded_by,Faixa-preta concedida por,confirmed,high,Lineage declarada no perfil: Mitsuyo Maeda > Carlos Gracie > Carlson Gracie > Ricardo De La Riva > Antônio Rodrigo Nogueira
bjj-12-297,12,Antonio Schembri,297,Carlos Gracie Junior,black_belt_awarded_by,Faixa-preta concedida por,confirmed,high,Lineage declarada no perfil: Mitsuyo Maeda > Carlos Gracie Sr. > Carlos Gracie Junior > Nino Schembri.
bjj-387-553,387,Antonio Braga Neto,553,Roberto Correa,black_belt_awarded_by,Faixa-preta concedida por,confirmed,high,Lineage declarada no perfil: Carlos Gracie > Helio Gracie > Carlos Gracie Jr > Roberto Correa > Antonio Braga Neto
bjj-2985-374,2985,Marcelo Azevedo,374,Vinicius Magalhaes,black_belt_awarded_by,Faixa-preta concedida por,confirmed,high,Lineage declarada no perfil: Carlos Gracie > Helio Gracie > Carlos Gracie Junior > Vinicius Magalhães (Draculino) > Marcelo Azevedo (Uirapuru) > Felipe Pena (Preguiça) > Arley Pacheco
bjj-2416-2985,2416,Felipe Pena,2985,Marcelo Azevedo,black_belt_awarded_by,Faixa-preta concedida por,confirmed,high,Lineage declarada no perfil: Carlos Gracie > Helio Gracie > Carlos Gracie Junior > Vinicius Magalhães (Draculino) > Marcelo Azevedo (Uirapuru) > Felipe Pena (Preguiça) > Arley Pacheco
bjj-13364-2416,13364,Arley Pacheco,2416,Felipe Pena,black_belt_awarded_by,Faixa-preta concedida por,confirmed,high,Lineage declarada no perfil: Carlos Gracie > Helio Gracie > Carlos Gracie Junior > Vinicius Magalhães (Draculino) > Marcelo Azevedo (Uirapuru) > Felipe Pena (Preguiça) > Arley Pacheco
bjj-584-78,584,Arlisson Melo,78,Andre Pederneiras,black_belt_awarded_by,Faixa-preta concedida por,confirmed,high,Lineage declarada no perfil: Mitsuyo Maeda > Carlos Gracie > Carlson Gracie > Andre Pederneiras > Arlisson Melo
bjj-1916-232,1916,Fernando Pontes,232,Jose Mario Sperry,black_belt_awarded_by,Faixa-preta concedida por,confirmed,high,Lineage declarada no perfil: Mitsuyo Maeda > Carlos Gracie > Carlson Gracie > José Mario Sperry > Fernando Paradeda > Mateus Bernardi (Alemão) > Arthur Detanico
bjj-v_mateus_bernardi_alemao-1916,v_mateus_bernardi_alemao,Mateus Bernardi (Alemão),1916,Fernando Pontes,black_belt_awarded_by,Faixa-preta concedida por,confirmed,high,Lineage declarada no perfil: Mitsuyo Maeda > Carlos Gracie > Carlson Gracie > José Mario Sperry > Fernando Paradeda > Mateus Bernardi (Alemão) > Arthur Detanico
bjj-9931-v_mateus_bernardi_alemao,9931,Arthur Detanico,v_mateus_bernardi_alemao,Mateus Bernardi (Alemão),black_belt_awarded_by,Faixa-preta concedida por,confirmed,high,Lineage declarada no perfil: Mitsuyo Maeda > Carlos Gracie > Carlson Gracie > José Mario Sperry > Fernando Paradeda > Mateus Bernardi (Alemão) > Arthur Detanico
bjj-1155-492,1155,Cicero Costha,492,Marco Barbosa,black_belt_awarded_by,Faixa-preta concedida por,confirmed,high,Lineage declarada no perfil: Carlos Gracie > Helio Gracie > Rickson Gracie > Marcelo Behring > Waldomiro Perez > Roberto Godoi > Marco Barbosa > Cicero Costha > Ariel Tabak
bjj-13175-1155,13175,Ariel Tabak,1155,Cicero Costha,black_belt_awarded_by,Faixa-preta concedida por,confirmed,high,Lineage declarada no perfil: Carlos Gracie > Helio Gracie > Rickson Gracie > Marcelo Behring > Waldomiro Perez > Roberto Godoi > Marco Barbosa > Cicero Costha > Ariel Tabak
bjj-640-78,640,Ramon Lemos,78,Andre Pederneiras,black_belt_awarded_by,Faixa-preta concedida por,confirmed,high,Lineage declarada no perfil: Carlos Gracie > Carlson Gracie > Andre Pederneiras > Ramon Lemos > Ary Farias
bjj-260-640,260,Ary Farias,640,Ramon Lemos,black_belt_awarded_by,Faixa-preta concedida por,confirmed,high,Lineage declarada no perfil: Carlos Gracie > Carlson Gracie > Andre Pederneiras > Ramon Lemos > Ary Farias
bjj-1263-297,1263,Lucio Rodrigues,297,Carlos Gracie Junior,black_belt_awarded_by,Faixa-preta concedida por,confirmed,high,Lineage declarada no perfil: Carlos Gracie > Helio Gracie > Carlos Gracie Jr. > Lúcio Rodrigues > Arya Esfandmaz
bjj-11703-1263,11703,Arya Esfandmaz,1263,Lucio Rodrigues,black_belt_awarded_by,Faixa-preta concedida por,confirmed,high,Lineage declarada no perfil: Carlos Gracie > Helio Gracie > Carlos Gracie Jr. > Lúcio Rodrigues > Arya Esfandmaz
bjj-381-hist_helio,381,Armando Wridt,hist_helio,Helio Gracie,black_belt_awarded_by,Faixa-preta concedida por,confirmed,high,Lineage declarada no perfil: Mitsuyo Maeda > Carlos Gracie > Helio Gracie > Armando Wridt
bjj-422-297,422,Braulio Estima,297,Carlos Gracie Junior,black_belt_awarded_by,Faixa-preta concedida por,confirmed,high,Lineage declarada no perfil: C. Gracie > Helio Gracie > Carlos Gracie Jr > Braulio Estima > Chris Rees > Ashley Williams
bjj-v_chris_rees-422,v_chris_rees,Chris Rees,422,Braulio Estima,black_belt_awarded_by,Faixa-preta concedida por,confirmed,high,Lineage declarada no perfil: C. Gracie > Helio Gracie > Carlos Gracie Jr > Braulio Estima > Chris Rees > Ashley Williams
bjj-9401-v_chris_rees,9401,Ashley Williams,v_chris_rees,Chris Rees,black_belt_awarded_by,Faixa-preta concedida por,confirmed,high,Lineage declarada no perfil: C. Gracie > Helio Gracie > Carlos Gracie Jr > Braulio Estima > Chris Rees > Ashley Williams
bjj-1167-492,1167,Augusto Ferrari,492,Marco Barbosa,black_belt_awarded_by,Faixa-preta concedida por,confirmed,high,Lineage declarada no perfil: Mitsuyo Maeda > Carlos Gracie > Helio Gracie > Rickson Gracie > Marcelo Behring > Waldomiro Perez > Roberto Godoi > Marco Barbosa > Augusto Ferrari
bjj-188-2040,188,Augusto Mendes,2040,Francisco Mansur,black_belt_awarded_by,Faixa-preta concedida por,confirmed,high,Lineage declarada no perfil: Mitsuyo Maeda > Carlos Gracie > Helio Gracie > Francisco Mansur > Augusto Mendes
bjj-2606-1445,2606,Augusto Monteiro,1445,Rolker Gracie,black_belt_awarded_by,Faixa-preta concedida por,confirmed,high,Lineage declarada no perfil: Mitsuyo Maeda > Carlos Gracie > Helio Gracie > Royler Gracie > Rolker Gracie > Guto Monteiro
bjj-v_tyrone_gonsalves-84,v_tyrone_gonsalves,Tyrone Gonsalves,84,Alexandre Ribeiro,black_belt_awarded_by,Faixa-preta concedida por,confirmed,high,Lineage declarada no perfil: Carlos Gracie > Helio Gracie > Royler Gracie > Saulo Ribeiro > Alexandre Ribeiro > Tyrone Gonsalves > Aurélie Le Vern
bjj-13332-v_tyrone_gonsalves,13332,Aurelie Le Vern,v_tyrone_gonsalves,Tyrone Gonsalves,black_belt_awarded_by,Faixa-preta concedida por,confirmed,high,Lineage declarada no perfil: Carlos Gracie > Helio Gracie > Royler Gracie > Saulo Ribeiro > Alexandre Ribeiro > Tyrone Gonsalves > Aurélie Le Vern
bjj-12203-1044,12203,Austin Baker,1044,Flavio Almeida,black_belt_awarded_by,Faixa-preta concedida por,confirmed,high,Lineage declarada no perfil: Carlos Gracie > Helio Gracie > Carlos Gracie Junior > Flávio Almeida > Austin Baker
bjj-12356-358,12356,Damion Oranday,358,Lucas Lepri,black_belt_awarded_by,Faixa-preta concedida por,confirmed,high,Lineage declarada no perfil: Carlos Gracie > Carlson Gracie > Sergio Bolão > Mauro Chueng > Elan Santiago > Lucas Lepri > Damion Oranday > Austin Oranday
bjj-13849-12356,13849,Austin Oranday,12356,Damion Oranday,black_belt_awarded_by,Faixa-preta concedida por,confirmed,high,Lineage declarada no perfil: Carlos Gracie > Carlson Gracie > Sergio Bolão > Mauro Chueng > Elan Santiago > Lucas Lepri > Damion Oranday > Austin Oranday
bjj-3220-78,3220,John Lewis,78,Andre Pederneiras,black_belt_awarded_by,Faixa-preta concedida por,confirmed,high,Lineage declarada no perfil: Mitsuyo Maeda > Carlos Gracie > Helio Gracie > Carlson Gracie > André Pederneiras > John Lewis > Egan Inoue > Barret Yoshida
bjj-6518-3220,6518,Egan Inoue,3220,John Lewis,black_belt_awarded_by,Faixa-preta concedida por,confirmed,high,Lineage declarada no perfil: Mitsuyo Maeda > Carlos Gracie > Helio Gracie > Carlson Gracie > André Pederneiras > John Lewis > Egan Inoue > Barret Yoshida
bjj-1023-6518,1023,Baret Yoshida,6518,Egan Inoue,black_belt_awarded_by,Faixa-preta concedida por,confirmed,high,Lineage declarada no perfil: Mitsuyo Maeda > Carlos Gracie > Helio Gracie > Carlson Gracie > André Pederneiras > John Lewis > Egan Inoue > Barret Yoshida
bjj-730-515,730,Vinicius Aieta,515,Royler Gracie,black_belt_awarded_by,Faixa-preta concedida por,confirmed,high,Lineage declarada no perfil: C. Gracie > Helio Gracie > Royler Gracie > Vini Aieta > Leticia Ribeiro > Beatriz Mesquita
bjj-903-730,903,Leticia Ribeiro,730,Vinicius Aieta,black_belt_awarded_by,Faixa-preta concedida por,confirmed,high,Lineage declarada no perfil: C. Gracie > Helio Gracie > Royler Gracie > Vini Aieta > Leticia Ribeiro > Beatriz Mesquita
bjj-1119-903,1119,Beatriz Mesquita,903,Leticia Ribeiro,black_belt_awarded_by,Faixa-preta concedida por,confirmed,high,Lineage declarada no perfil: C. Gracie > Helio Gracie > Royler Gracie > Vini Aieta > Leticia Ribeiro > Beatriz Mesquita
bjj-613-515,613,Wellington Dias,515,Royler Gracie,black_belt_awarded_by,Faixa-preta concedida por,confirmed,high,Lineage declarada no perfil: Mitsuyo Maeda > Carlos Gracie > Helio Gracie > Royler Gracie > Wellington Dias > Ben Baxter
bjj-1998-613,1998,Ben Baxter,613,Wellington Dias,black_belt_awarded_by,Faixa-preta concedida por,confirmed,high,Lineage declarada no perfil: Mitsuyo Maeda > Carlos Gracie > Helio Gracie > Royler Gracie > Wellington Dias > Ben Baxter
bjj-8409-895,8409,Ricardo Marques,895,Sergio Souza,black_belt_awarded_by,Faixa-preta concedida por,confirmed,high,Lineage declarada no perfil: Carlos Gracie > Helio Gracie > Carlson Gracie > Sergio Souza > Ricardo Marques > Bernardo Faria
bjj-425-8409,425,Bernardo Faria,8409,Ricardo Marques,black_belt_awarded_by,Faixa-preta concedida por,confirmed,high,Lineage declarada no perfil: Carlos Gracie > Helio Gracie > Carlson Gracie > Sergio Souza > Ricardo Marques > Bernardo Faria
bjj-952-78,952,Joao Roque,78,Andre Pederneiras,black_belt_awarded_by,Faixa-preta concedida por,confirmed,high,Lineage declarada no perfil: Mitsuyo Maeda > Carlos Gracie > Carlson Gracie > Andre Pederneiras > Joao Roque > Bernardo Pitel
bjj-1433-952,1433,Bernardo Pitel,952,Joao Roque,black_belt_awarded_by,Faixa-preta concedida por,confirmed,high,Lineage declarada no perfil: Mitsuyo Maeda > Carlos Gracie > Carlson Gracie > Andre Pederneiras > Joao Roque > Bernardo Pitel
bjj-1980-hist_helio,1980,Pedro Hemeterio,hist_helio,Helio Gracie,black_belt_awarded_by,Faixa-preta concedida por,confirmed,high,Lineage declarada no perfil: Mitsuyo Maeda > Carlos Gracie > Helio Gracie > Pedro Hemeterio > Francisco Hemeterio > Banni Cavalcanti > Diojone Farias > Bianca Andrade
bjj-v_francisco_hemeterio-1980,v_francisco_hemeterio,Francisco Hemeterio,1980,Pedro Hemeterio,black_belt_awarded_by,Faixa-preta concedida por,confirmed,high,Lineage declarada no perfil: Mitsuyo Maeda > Carlos Gracie > Helio Gracie > Pedro Hemeterio > Francisco Hemeterio > Banni Cavalcanti > Diojone Farias > Bianca Andrade
bjj-v_banni_cavalcanti-v_francisco_hemeterio,v_banni_cavalcanti,Banni Cavalcanti,v_francisco_hemeterio,Francisco Hemeterio,black_belt_awarded_by,Faixa-preta concedida por,confirmed,high,Lineage declarada no perfil: Mitsuyo Maeda > Carlos Gracie > Helio Gracie > Pedro Hemeterio > Francisco Hemeterio > Banni Cavalcanti > Diojone Farias > Bianca Andrade
bjj-v_diojone_farias-v_banni_cavalcanti,v_diojone_farias,Diojone Farias,v_banni_cavalcanti,Banni Cavalcanti,black_belt_awarded_by,Faixa-preta concedida por,confirmed,high,Lineage declarada no perfil: Mitsuyo Maeda > Carlos Gracie > Helio Gracie > Pedro Hemeterio > Francisco Hemeterio > Banni Cavalcanti > Diojone Farias > Bianca Andrade
bjj-1158-v_diojone_farias,1158,Bianca Andrade,v_diojone_farias,Diojone Farias,black_belt_awarded_by,Faixa-preta concedida por,confirmed,high,Lineage declarada no perfil: Mitsuyo Maeda > Carlos Gracie > Helio Gracie > Pedro Hemeterio > Francisco Hemeterio > Banni Cavalcanti > Diojone Farias > Bianca Andrade
bjj-524-hist_carlos_sr,524,Osvaldo Alves,hist_carlos_sr,Carlos Gracie Senior,black_belt_awarded_by,Faixa-preta concedida por,confirmed,high,Lineage declarada no perfil: Mitsuyo Maeda > Carlos Gracie > Osvaldo Alves > Faustino Neto > Bibiano Fernandes
bjj-471-7675,471,Bibiano Fernandes,7675,Faustino Neto,black_belt_awarded_by,Faixa-preta concedida por,confirmed,high,Lineage declarada no perfil: Mitsuyo Maeda > Carlos Gracie > Osvaldo Alves > Faustino Neto > Bibiano Fernandes
bjj-630-355,630,Ricardo Miller,355,Romero Cavalcanti,black_belt_awarded_by,Faixa-preta concedida por,confirmed,high,Lineage declarada no perfil: Mitsuyo Maeda > Carlos Gracie > Helio Gracie > Rolls Gracie > Romero Cavalcanti > Ricardo Miller > William Cooper
bjj-898-630,898,Bill Cooper,630,Ricardo Miller,black_belt_awarded_by,Faixa-preta concedida por,confirmed,high,Lineage declarada no perfil: Mitsuyo Maeda > Carlos Gracie > Helio Gracie > Rolls Gracie > Romero Cavalcanti > Ricardo Miller > William Cooper
bjj-2160-hist_carlos_sr,2160,Carley Gracie,hist_carlos_sr,Carlos Gracie Senior,black_belt_awarded_by,Faixa-preta concedida por,confirmed,high,Lineage declarada no perfil: Mitsuyo Maeda > Carlos Gracie > Carley Gracie > Clark Gracie > Brandon Walensky
bjj-1523-2160,1523,Clark Gracie,2160,Carley Gracie,black_belt_awarded_by,Faixa-preta concedida por,confirmed,high,Lineage declarada no perfil: Mitsuyo Maeda > Carlos Gracie > Carley Gracie > Clark Gracie > Brandon Walensky
bjj-9385-1523,9385,Brandon Walensky,1523,Clark Gracie,black_belt_awarded_by,Faixa-preta concedida por,confirmed,high,Lineage declarada no perfil: Mitsuyo Maeda > Carlos Gracie > Carley Gracie > Clark Gracie > Brandon Walensky
bjj-v_daniel_almeida-634,v_daniel_almeida,Daniel Almeida,634,Wendell Alexander,black_belt_awarded_by,Faixa-preta concedida por,confirmed,high,Lineage declarada no perfil: Mitsuyo Maeda > Luiz França > Oswaldo Fadda > Sebastião Ricardo > Wendell Alexander > Daniel Almeida > Fábio Andrade > Marcio André > Brenda Heller
bjj-1665-v_daniel_almeida,1665,Fabio Andrade,v_daniel_almeida,Daniel Almeida,black_belt_awarded_by,Faixa-preta concedida por,confirmed,high,Lineage declarada no perfil: Mitsuyo Maeda > Luiz França > Oswaldo Fadda > Sebastião Ricardo > Wendell Alexander > Daniel Almeida > Fábio Andrade > Marcio André > Brenda Heller
bjj-4163-1665,4163,Marcio Andre Barbosa Junior,1665,Fabio Andrade,black_belt_awarded_by,Faixa-preta concedida por,confirmed,high,Lineage declarada no perfil: Mitsuyo Maeda > Luiz França > Oswaldo Fadda > Sebastião Ricardo > Wendell Alexander > Daniel Almeida > Fábio Andrade > Marcio André > Brenda Heller
bjj-9048-4163,9048,Brenda Heller,4163,Marcio Andre Barbosa Junior,black_belt_awarded_by,Faixa-preta concedida por,confirmed,high,Lineage declarada no perfil: Mitsuyo Maeda > Luiz França > Oswaldo Fadda > Sebastião Ricardo > Wendell Alexander > Daniel Almeida > Fábio Andrade > Marcio André > Brenda Heller
bjj-10862-322,10862,Brenda Larissa,322,Fabio Gurgel,black_belt_awarded_by,Faixa-preta concedida por,confirmed,high,Lineage declarada no perfil: C. Gracie > H. Gracie > Rolls Gracie > Romero Cavalcanti > Fábio Gurgel > Brenda Larissa
bjj-6683-297,6683,Ryan Gracie,297,Carlos Gracie Junior,black_belt_awarded_by,Faixa-preta concedida por,confirmed,high,Lineage declarada no perfil: Carlos Gracie > Helio Gracie > Carlos Gracie Jr > Ryan Gracie > Gabriel Vella > Caio Almeida > Bianca Basílio
bjj-607-6683,607,Gabriel Vella,6683,Ryan Gracie,black_belt_awarded_by,Faixa-preta concedida por,confirmed,high,Lineage declarada no perfil: Carlos Gracie > Helio Gracie > Carlos Gracie Jr > Ryan Gracie > Gabriel Vella > Caio Almeida > Bianca Basílio
bjj-7672-607,7672,Caio Almeida,607,Gabriel Vella,black_belt_awarded_by,Faixa-preta concedida por,confirmed,high,Lineage declarada no perfil: Carlos Gracie > Helio Gracie > Carlos Gracie Jr > Ryan Gracie > Gabriel Vella > Caio Almeida > Bianca Basílio
bjj-7535-7672,7535,Bianca Basilio,7672,Caio Almeida,black_belt_awarded_by,Faixa-preta concedida por,confirmed,high,Lineage declarada no perfil: Carlos Gracie > Helio Gracie > Carlos Gracie Jr > Ryan Gracie > Gabriel Vella > Caio Almeida > Bianca Basílio
bjj-253-78,253,Jay Dee Penn,78,Andre Pederneiras,black_belt_awarded_by,Faixa-preta concedida por,confirmed,high,Lineage declarada no perfil: Mitsuyo Maeda > Carlos Gracie > Carlson Gracie > André Pederneiras > BJ Penn
bjj-v_klay_pittman-745,v_klay_pittman,Klay Pittman,745,Carlos Machado,black_belt_awarded_by,Faixa-preta concedida por,confirmed,high,Lineage declarada no perfil: Carlos Gracie Sr. > Helio Gracie > Carlos Gracie Junior > Carlos Machado > Klay Pittman > Brandon Mullins
bjj-2358-v_klay_pittman,2358,Brandon Mullins,v_klay_pittman,Klay Pittman,black_belt_awarded_by,Faixa-preta concedida por,confirmed,high,Lineage declarada no perfil: Carlos Gracie Sr. > Helio Gracie > Carlos Gracie Junior > Carlos Machado > Klay Pittman > Brandon Mullins
bjj-1886-524,1886,Fabricio Martins,524,Osvaldo Alves,black_belt_awarded_by,Faixa-preta concedida por,confirmed,high,Lineage declarada no perfil: Mitsuyo Maeda > Carlos Gracie > Reyson Gracie > Osvaldo Alves > Fabrício Martins > Brian Beauchamp
bjj-8298-1886,8298,Brian Beauchamp,1886,Fabricio Martins,black_belt_awarded_by,Faixa-preta concedida por,confirmed,high,Lineage declarada no perfil: Mitsuyo Maeda > Carlos Gracie > Reyson Gracie > Osvaldo Alves > Fabrício Martins > Brian Beauchamp
bjj-v_rob_kahn-743,v_rob_kahn,Rob Kahn,743,Royce Gracie,black_belt_awarded_by,Faixa-preta concedida por,confirmed,high,Lineage declarada no perfil: Mitsuyo Maeda > Carlos Gracie > Helio Gracie > Royce Gracie > Rob Kahn > Mike Wacker > Brian Beaury
bjj-v_mike_wacker-v_rob_kahn,v_mike_wacker,Mike Wacker,v_rob_kahn,Rob Kahn,black_belt_awarded_by,Faixa-preta concedida por,confirmed,high,Lineage declarada no perfil: Mitsuyo Maeda > Carlos Gracie > Helio Gracie > Royce Gracie > Rob Kahn > Mike Wacker > Brian Beaury
bjj-9640-v_mike_wacker,9640,Brian Beaury,v_mike_wacker,Mike Wacker,black_belt_awarded_by,Faixa-preta concedida por,confirmed,high,Lineage declarada no perfil: Mitsuyo Maeda > Carlos Gracie > Helio Gracie > Royce Gracie > Rob Kahn > Mike Wacker > Brian Beaury
bjj-8874-322,8874,Thomas Lisboa,322,Fabio Gurgel,black_belt_awarded_by,Faixa-preta concedida por,confirmed,high,Lineage declarada no perfil: C. Gracie > H. Gracie > Rolls Gracie > Romero Cavalcanti > Fabio Gurgel > Thomas Lisboa > Brian Giorgio
bjj-11354-8874,11354,Brian Giorgio,8874,Thomas Lisboa,black_belt_awarded_by,Faixa-preta concedida por,confirmed,high,Lineage declarada no perfil: C. Gracie > H. Gracie > Rolls Gracie > Romero Cavalcanti > Fabio Gurgel > Thomas Lisboa > Brian Giorgio
bjj-v_fabio_holanda-627,v_fabio_holanda,Fábio Holanda,627,Murilo Bustamante,black_belt_awarded_by,Faixa-preta concedida por,confirmed,high,Lineage declarada no perfil: Carlos Gracie > Helio Gracie > Carlson Gracie > Murilo Bustamante > Fábio Holanda > Brianna Ste-Marie
bjj-12599-v_fabio_holanda,12599,Brianna Ste-Marie,v_fabio_holanda,Fábio Holanda,black_belt_awarded_by,Faixa-preta concedida por,confirmed,high,Lineage declarada no perfil: Carlos Gracie > Helio Gracie > Carlson Gracie > Murilo Bustamante > Fábio Holanda > Brianna Ste-Marie
bjj-690-22,690,Fernando Marques,22,Carlson Gracie,black_belt_awarded_by,Faixa-preta concedida por,confirmed,high,Lineage declarada no perfil: Carlos Gracie > Helio Gracie > Carlson Gracie > Fernando “Pinduka” > Leonardo Castello Branco > Paulo Rezende > Brígida Felipe
bjj-935-690,935,Leonardo Castello Branco,690,Fernando Marques,black_belt_awarded_by,Faixa-preta concedida por,confirmed,high,Lineage declarada no perfil: Carlos Gracie > Helio Gracie > Carlson Gracie > Fernando “Pinduka” > Leonardo Castello Branco > Paulo Rezende > Brígida Felipe
bjj-13577-6006,13577,Brigida Carvalho Felipe,6006,Paulo Rezende,black_belt_awarded_by,Faixa-preta concedida por,confirmed,high,Lineage declarada no perfil: Carlos Gracie > Helio Gracie > Carlson Gracie > Fernando “Pinduka” > Leonardo Castello Branco > Paulo Rezende > Brígida Felipe
bjj-1633-297,1633,Jose Olimpio,297,Carlos Gracie Junior,black_belt_awarded_by,Faixa-preta concedida por,confirmed,high,Lineage declarada no perfil: Mitsuyo Maeda > Carlos Gracie Sr. > Helio Gracie > Carlos Gracie Jr > Jose Olimpio > Bruno Alves
bjj-1659-1633,1659,Bruno Alves,1633,Jose Olimpio,black_belt_awarded_by,Faixa-preta concedida por,confirmed,high,Lineage declarada no perfil: Mitsuyo Maeda > Carlos Gracie Sr. > Helio Gracie > Carlos Gracie Jr > Jose Olimpio > Bruno Alves
bjj-222-374,222,Bruno Amorim,374,Vinicius Magalhaes,black_belt_awarded_by,Faixa-preta concedida por,confirmed,high,Lineage declarada no perfil: Mitsuyo Maeda > Carlos Gracie Sr. > Carlos Gracie Junior > Vinicios Magalhaes > Bruno Amorim > Main Achievements:
bjj-v_main_achievements-222,v_main_achievements,Main Achievements:,222,Bruno Amorim,black_belt_awarded_by,Faixa-preta concedida por,confirmed,high,Lineage declarada no perfil: Mitsuyo Maeda > Carlos Gracie Sr. > Carlos Gracie Junior > Vinicios Magalhaes > Bruno Amorim > Main Achievements:
bjj-2062-22,2062,Crezio de Souza,22,Carlson Gracie,black_belt_awarded_by,Faixa-preta concedida por,confirmed,high,Lineage declarada no perfil: M. Maeda > C. Gracie > Carlson Gracie > Crezio de Souza > Adalberto de Souza > Bruno Barbosa
bjj-v_adalberto_de_souza-2062,v_adalberto_de_souza,Adalberto de Souza,2062,Crezio de Souza,black_belt_awarded_by,Faixa-preta concedida por,confirmed,high,Lineage declarada no perfil: M. Maeda > C. Gracie > Carlson Gracie > Crezio de Souza > Adalberto de Souza > Bruno Barbosa
bjj-7568-v_adalberto_de_souza,7568,Bruno Barbosa,v_adalberto_de_souza,Adalberto de Souza,black_belt_awarded_by,Faixa-preta concedida por,confirmed,high,Lineage declarada no perfil: M. Maeda > C. Gracie > Carlson Gracie > Crezio de Souza > Adalberto de Souza > Bruno Barbosa
bjj-637-634,637,Bruno Bastos,634,Wendell Alexander,black_belt_awarded_by,Faixa-preta concedida por,confirmed,high,Lineage declarada no perfil: Luiz França > Oswaldo Fadda > Sebastião Ricardo > Wendell Alexander > Bruno Bastos
bjj-1152-355,1152,Eduardo Conceicao,355,Romero Cavalcanti,black_belt_awarded_by,Faixa-preta concedida por,confirmed,high,Lineage declarada no perfil: Mitsuyo Maeda > Carlos Gracie > Helio Gracie > Rolls Gracie > Romero Cavalcanti > Eduardo Jamelão > Bruno de Paula
bjj-684-1152,684,Bruno de Paula,1152,Eduardo Conceicao,black_belt_awarded_by,Faixa-preta concedida por,confirmed,high,Lineage declarada no perfil: Mitsuyo Maeda > Carlos Gracie > Helio Gracie > Rolls Gracie > Romero Cavalcanti > Eduardo Jamelão > Bruno de Paula
bjj-1707-714,1707,Bruno Ferreira,714,Francisco Albuquerque,black_belt_awarded_by,Faixa-preta concedida por,confirmed,high,Lineage declarada no perfil: Mitsuyo Maeda > Carlos Gracie > Carlson Gracie > Francisco Albuquerque > Bruno Ferreira
bjj-v_alexandre_machado-297,v_alexandre_machado,Alexandre Machado,297,Carlos Gracie Junior,black_belt_awarded_by,Faixa-preta concedida por,confirmed,high,Lineage declarada no perfil: Mitsuyo Maeda > Carlos Gracie > Helio Gracie > Carlos Gracie Jr > Alexandre Machado > Bruno Lima
bjj-10176-v_alexandre_machado,10176,Bruno Lima,v_alexandre_machado,Alexandre Machado,black_belt_awarded_by,Faixa-preta concedida por,confirmed,high,Lineage declarada no perfil: Mitsuyo Maeda > Carlos Gracie > Helio Gracie > Carlos Gracie Jr > Alexandre Machado > Bruno Lima
bjj-6002-22,6002,Vinicius Amaral,22,Carlson Gracie,black_belt_awarded_by,Faixa-preta concedida por,confirmed,high,Lineage declarada no perfil: Mitsuyo Maeda > Carlos Gracie > Helio Gracie > Carlson Gracie > Vinicios Amaral > Bruno Malfacine
bjj-283-6002,283,Bruno Malfacine,6002,Vinicius Amaral,black_belt_awarded_by,Faixa-preta concedida por,confirmed,high,Lineage declarada no perfil: Mitsuyo Maeda > Carlos Gracie > Helio Gracie > Carlson Gracie > Vinicios Amaral > Bruno Malfacine
bjj-868-338,868,Bruno Matias,338,Ricardo Vieira,black_belt_awarded_by,Faixa-preta concedida por,confirmed,high,Lineage declarada no perfil: Carlos Gracie > Helio Gracie > Rolls Gracie > Romero Cavalcanti > Ricardo Vieira > Bruno Matias
bjj-1491-297,1491,Ulpiano Malachias,297,Carlos Gracie Junior,black_belt_awarded_by,Faixa-preta concedida por,confirmed,high,Lineage declarada no perfil: Carlos Gracie > Helio Gracie > Carlos Gracie Junior > Ulpiano Malachias > José Bruno Matias
bjj-12069-1491,12069,Jose Bruno Matias,1491,Ulpiano Malachias,black_belt_awarded_by,Faixa-preta concedida por,confirmed,high,Lineage declarada no perfil: Carlos Gracie > Helio Gracie > Carlos Gracie Junior > Ulpiano Malachias > José Bruno Matias
bjj-v_alvaro_mansor-2040,v_alvaro_mansor,Alvaro Mansor,2040,Francisco Mansur,black_belt_awarded_by,Faixa-preta concedida por,confirmed,high,Lineage declarada no perfil: Mitsuyo Maeda > Carlos Gracie > Helio Gracie > Francisco Mansor > Alvaro Mansor > Bruno Mendes
bjj-3117-v_alvaro_mansor,3117,Bruno Mendes,v_alvaro_mansor,Alvaro Mansor,black_belt_awarded_by,Faixa-preta concedida por,confirmed,high,Lineage declarada no perfil: Mitsuyo Maeda > Carlos Gracie > Helio Gracie > Francisco Mansor > Alvaro Mansor > Bruno Mendes
bjj-1188-1155,1188,Leandro Lo,1155,Cicero Costha,black_belt_awarded_by,Faixa-preta concedida por,confirmed,high,Lineage declarada no perfil: Mitsuyo Maeda > Carlos Gracie > Helio Gracie > Rickson Gracie > Marcelo Behring > Waldomiro Perez > Roberto Godoi > Marco Barbosa > Cicero Costha > Leandro Lo > Caio Caetano
bjj-9217-1188,9217,Caio Caetano,1188,Leandro Lo,black_belt_awarded_by,Faixa-preta concedida por,confirmed,high,Lineage declarada no perfil: Mitsuyo Maeda > Carlos Gracie > Helio Gracie > Rickson Gracie > Marcelo Behring > Waldomiro Perez > Roberto Godoi > Marco Barbosa > Cicero Costha > Leandro Lo > Caio Caetano
bjj-10964-322,10964,Caio Paganini,322,Fabio Gurgel,black_belt_awarded_by,Faixa-preta concedida por,confirmed,high,Lineage declarada no perfil: Carlos Gracie > Helio Gracie > Rolls Gracie > Romero Cavalcanti > Fábio Gurgel > Caio Paganini
bjj-6041-hist_carlos_sr,6041,Reylson Gracie,hist_carlos_sr,Carlos Gracie Senior,black_belt_awarded_by,Faixa-preta concedida por,confirmed,high,Lineage declarada no perfil: Mitsuyo Maeda > Carlos Gracie Sr. > Reylson Gracie > Paulo Maurício Strauch > Caio Terra
bjj-3016-6041,3016,Paulo Mauricio Strauch,6041,Reylson Gracie,black_belt_awarded_by,Faixa-preta concedida por,confirmed,high,Lineage declarada no perfil: Mitsuyo Maeda > Carlos Gracie Sr. > Reylson Gracie > Paulo Maurício Strauch > Caio Terra
bjj-582-3016,582,Caio Terra,3016,Paulo Mauricio Strauch,black_belt_awarded_by,Faixa-preta concedida por,confirmed,high,Lineage declarada no perfil: Mitsuyo Maeda > Carlos Gracie Sr. > Reylson Gracie > Paulo Maurício Strauch > Caio Terra
bjj-v_caio_vinicius-2416,v_caio_vinicius,Caio Vinicius,2416,Felipe Pena,black_belt_awarded_by,Faixa-preta concedida por,confirmed,high,Lineage declarada no perfil: Carlos Gracie > Helio Gracie > Carlos Gracie Junior > Vinicius Magalhães (Draculino) > Marcelo Azevedo (Uirapuru) > Felipe Pena (Preguiça) > Caio Vinicius
bjj-v_charles_faria-601,v_charles_faria,Charles Faria,601,Roberto Godoi,black_belt_awarded_by,Faixa-preta concedida por,confirmed,high,Lineage declarada no perfil: Mitsuyo Maeda > Carlos Gracie > Helio Gracie > Rickson Gracie > Marcelo Behring > Waldomiro Perez > Roberto Godoi > Charles Faria > Julio Pinheiro > Carina Santi
bjj-v_julio_pinheiro-v_charles_faria,v_julio_pinheiro,Julio Pinheiro,v_charles_faria,Charles Faria,black_belt_awarded_by,Faixa-preta concedida por,confirmed,high,Lineage declarada no perfil: Mitsuyo Maeda > Carlos Gracie > Helio Gracie > Rickson Gracie > Marcelo Behring > Waldomiro Perez > Roberto Godoi > Charles Faria > Julio Pinheiro > Carina Santi
bjj-8624-v_julio_pinheiro,8624,Carina Santi,v_julio_pinheiro,Julio Pinheiro,black_belt_awarded_by,Faixa-preta concedida por,confirmed,high,Lineage declarada no perfil: Mitsuyo Maeda > Carlos Gracie > Helio Gracie > Rickson Gracie > Marcelo Behring > Waldomiro Perez > Roberto Godoi > Charles Faria > Julio Pinheiro > Carina Santi
bjj-2160-22,2160,Carley Gracie,22,Carlson Gracie,black_belt_awarded_by,Faixa-preta concedida por,confirmed,high,Lineage declarada no perfil: Mitsuyo Maeda > Carlos Gracie Sr. > Carlson Gracie > Carley Gracie
bjj-2460-hist_helio,2460,Carlos Elias,hist_helio,Helio Gracie,black_belt_awarded_by,Faixa-preta concedida por,confirmed,high,Lineage declarada no perfil: Mitsuyo Maeda > Carlos Gracie > Helio Gracie > Carlos Henrique Elias
bjj-437-666,437,Fernando Augusto Silva,666,Alexandre Paiva,black_belt_awarded_by,Faixa-preta concedida por,confirmed,high,Lineage declarada no perfil: Carlos Gracie > Helio Gracie > Rolls Gracie > Romero Cavalcanti > Alexandre Paiva > Fernando Tererê > Rubens Charles > Michael Langhi > Isaque Bahiense > Carlos Henrique
bjj-147-437,147,Rubens Charles,437,Fernando Augusto Silva,black_belt_awarded_by,Faixa-preta concedida por,confirmed,high,Lineage declarada no perfil: Carlos Gracie > Helio Gracie > Rolls Gracie > Romero Cavalcanti > Alexandre Paiva > Fernando Tererê > Rubens Charles > Michael Langhi > Isaque Bahiense > Carlos Henrique
bjj-122-147,122,Michael Langhi,147,Rubens Charles,black_belt_awarded_by,Faixa-preta concedida por,confirmed,high,Lineage declarada no perfil: Carlos Gracie > Helio Gracie > Rolls Gracie > Romero Cavalcanti > Alexandre Paiva > Fernando Tererê > Rubens Charles > Michael Langhi > Isaque Bahiense > Carlos Henrique
bjj-7552-122,7552,Isaque Bahiense,122,Michael Langhi,black_belt_awarded_by,Faixa-preta concedida por,confirmed,high,Lineage declarada no perfil: Carlos Gracie > Helio Gracie > Rolls Gracie > Romero Cavalcanti > Alexandre Paiva > Fernando Tererê > Rubens Charles > Michael Langhi > Isaque Bahiense > Carlos Henrique
bjj-1400-7552,1400,Carlos Henrique,7552,Isaque Bahiense,black_belt_awarded_by,Faixa-preta concedida por,confirmed,high,Lineage declarada no perfil: Carlos Gracie > Helio Gracie > Rolls Gracie > Romero Cavalcanti > Alexandre Paiva > Fernando Tererê > Rubens Charles > Michael Langhi > Isaque Bahiense > Carlos Henrique
bjj-2100-2040,2100,Claudio Franca,2040,Francisco Mansur,black_belt_awarded_by,Faixa-preta concedida por,confirmed,high,Lineage declarada no perfil: Mitsuyo Maeda > Carlos Gracie > Helio Gracie > Francisco Mansor > Claudio Franca > Carlos Melo
bjj-9611-2100,9611,Carlos Melo,2100,Claudio Franca,black_belt_awarded_by,Faixa-preta concedida por,confirmed,high,Lineage declarada no perfil: Mitsuyo Maeda > Carlos Gracie > Helio Gracie > Francisco Mansor > Claudio Franca > Carlos Melo
bjj-v_jorge_pina-527,v_jorge_pina,Jorge Pina,527,Oswaldo Fadda,black_belt_awarded_by,Faixa-preta concedida por,confirmed,high,Lineage declarada no perfil: Mitsuyo Maeda > Luis França > Oswaldo Fadda > Jorge Pina > Carlos Vieira
bjj-396-v_jorge_pina,396,Carlos Vieira,v_jorge_pina,Jorge Pina,black_belt_awarded_by,Faixa-preta concedida por,confirmed,high,Lineage declarada no perfil: Mitsuyo Maeda > Luis França > Oswaldo Fadda > Jorge Pina > Carlos Vieira
bjj-7006-3416,7006,Julio dos Anjos Junior,3416,Monir Salomao,black_belt_awarded_by,Faixa-preta concedida por,confirmed,high,Lineage declarada no perfil: Luis França > Oswaldo Fadda > Monir Salomão > Júlio César > Júlio dos Anjos > Catriel Oliveira
bjj-12346-7006,12346,Catriel Oliveira,7006,Julio dos Anjos Junior,black_belt_awarded_by,Faixa-preta concedida por,confirmed,high,Lineage declarada no perfil: Luis França > Oswaldo Fadda > Monir Salomão > Júlio César > Júlio dos Anjos > Catriel Oliveira
bjj-1332-v_carlson_gracie_was_one_of_the_most_important_figures_in,1332,jiu-jitsu,v_carlson_gracie_was_one_of_the_most_important_figures_in,Carlson Gracie was one of the most important figures in,black_belt_awarded_by,Faixa-preta concedida por,confirmed,high,"Lineage declarada no perfil: Carlson Gracie was one of the most important figures in > jiu-jitsu > and still is considered today to be one of the best representatives of the sport both as a competitor and as a coach through his > Carlson Gracie Academy > . His legacy will live for many years to come, as many of the world’s premier grappling teams were directly related to the Carlson , teams such as > Nova Uniao > , American Top Team (ATT), Brazilian Top Team (BTT), > Nova Geração > and many others."
bjj-v_and_still_is_considered_today_to_be_one_of_the_best_representatives_of_the_sport_both_as_a_competitor_and_as_a_coach_through_his-1332,v_and_still_is_considered_today_to_be_one_of_the_best_representatives_of_the_sport_both_as_a_competitor_and_as_a_coach_through_his,and still is considered today to be one of the best representatives of the sport both as a competitor and as a coach through his,1332,jiu-jitsu,black_belt_awarded_by,Faixa-preta concedida por,confirmed,high,"Lineage declarada no perfil: Carlson Gracie was one of the most important figures in > jiu-jitsu > and still is considered today to be one of the best representatives of the sport both as a competitor and as a coach through his > Carlson Gracie Academy > . His legacy will live for many years to come, as many of the world’s premier grappling teams were directly related to the Carlson , teams such as > Nova Uniao > , American Top Team (ATT), Brazilian Top Team (BTT), > Nova Geração > and many others."
bjj-1899-v_and_still_is_considered_today_to_be_one_of_the_best_representatives_of_the_sport_both_as_a_competitor_and_as_a_coach_through_his,1899,Carlson Gracie Academy,v_and_still_is_considered_today_to_be_one_of_the_best_representatives_of_the_sport_both_as_a_competitor_and_as_a_coach_through_his,and still is considered today to be one of the best representatives of the sport both as a competitor and as a coach through his,black_belt_awarded_by,Faixa-preta concedida por,confirmed,high,"Lineage declarada no perfil: Carlson Gracie was one of the most important figures in > jiu-jitsu > and still is considered today to be one of the best representatives of the sport both as a competitor and as a coach through his > Carlson Gracie Academy > . His legacy will live for many years to come, as many of the world’s premier grappling teams were directly related to the Carlson , teams such as > Nova Uniao > , American Top Team (ATT), Brazilian Top Team (BTT), > Nova Geração > and many others."
bjj-v_his_legacy_will_live_for_many_years_to_come_as_many_of_the_world_s_premier_grappling_teams_were_directly_related_to_the_carlson_teams_such_as-1899,v_his_legacy_will_live_for_many_years_to_come_as_many_of_the_world_s_premier_grappling_teams_were_directly_related_to_the_carlson_teams_such_as,". His legacy will live for many years to come, as many of the world’s premier grappling teams were directly related to the Carlson , teams such as",1899,Carlson Gracie Academy,black_belt_awarded_by,Faixa-preta concedida por,confirmed,high,"Lineage declarada no perfil: Carlson Gracie was one of the most important figures in > jiu-jitsu > and still is considered today to be one of the best representatives of the sport both as a competitor and as a coach through his > Carlson Gracie Academy > . His legacy will live for many years to come, as many of the world’s premier grappling teams were directly related to the Carlson , teams such as > Nova Uniao > , American Top Team (ATT), Brazilian Top Team (BTT), > Nova Geração > and many others."
bjj-2198-v_his_legacy_will_live_for_many_years_to_come_as_many_of_the_world_s_premier_grappling_teams_were_directly_related_to_the_carlson_teams_such_as,2198,Nova Uniao,v_his_legacy_will_live_for_many_years_to_come_as_many_of_the_world_s_premier_grappling_teams_were_directly_related_to_the_carlson_teams_such_as,". His legacy will live for many years to come, as many of the world’s premier grappling teams were directly related to the Carlson , teams such as",black_belt_awarded_by,Faixa-preta concedida por,confirmed,high,"Lineage declarada no perfil: Carlson Gracie was one of the most important figures in > jiu-jitsu > and still is considered today to be one of the best representatives of the sport both as a competitor and as a coach through his > Carlson Gracie Academy > . His legacy will live for many years to come, as many of the world’s premier grappling teams were directly related to the Carlson , teams such as > Nova Uniao > , American Top Team (ATT), Brazilian Top Team (BTT), > Nova Geração > and many others."
bjj-v_american_top_team_att_brazilian_top_team_btt-2198,v_american_top_team_att_brazilian_top_team_btt,", American Top Team (ATT), Brazilian Top Team (BTT),",2198,Nova Uniao,black_belt_awarded_by,Faixa-preta concedida por,confirmed,high,"Lineage declarada no perfil: Carlson Gracie was one of the most important figures in > jiu-jitsu > and still is considered today to be one of the best representatives of the sport both as a competitor and as a coach through his > Carlson Gracie Academy > . His legacy will live for many years to come, as many of the world’s premier grappling teams were directly related to the Carlson , teams such as > Nova Uniao > , American Top Team (ATT), Brazilian Top Team (BTT), > Nova Geração > and many others."
bjj-1557-v_american_top_team_att_brazilian_top_team_btt,1557,Nova Geração,v_american_top_team_att_brazilian_top_team_btt,", American Top Team (ATT), Brazilian Top Team (BTT),",black_belt_awarded_by,Faixa-preta concedida por,confirmed,high,"Lineage declarada no perfil: Carlson Gracie was one of the most important figures in > jiu-jitsu > and still is considered today to be one of the best representatives of the sport both as a competitor and as a coach through his > Carlson Gracie Academy > . His legacy will live for many years to come, as many of the world’s premier grappling teams were directly related to the Carlson , teams such as > Nova Uniao > , American Top Team (ATT), Brazilian Top Team (BTT), > Nova Geração > and many others."
bjj-v_and_many_others-1557,v_and_many_others,and many others.,1557,Nova Geração,black_belt_awarded_by,Faixa-preta concedida por,confirmed,high,"Lineage declarada no perfil: Carlson Gracie was one of the most important figures in > jiu-jitsu > and still is considered today to be one of the best representatives of the sport both as a competitor and as a coach through his > Carlson Gracie Academy > . His legacy will live for many years to come, as many of the world’s premier grappling teams were directly related to the Carlson , teams such as > Nova Uniao > , American Top Team (ATT), Brazilian Top Team (BTT), > Nova Geração > and many others."
bjj-1000-232,1000,Caroline Lazzer,232,Jose Mario Sperry,black_belt_awarded_by,Faixa-preta concedida por,confirmed,high,Lineage declarada no perfil: Mitsuyo Maeda > Carlos Gracie > Carlson Gracie > Ze Mario Sperry > Caroline de Lazzer
bjj-14032-637,14032,Cassia Moura,637,Bruno Bastos,black_belt_awarded_by,Faixa-preta concedida por,confirmed,high,Lineage declarada no perfil: Luiz França > Oswaldo Fadda > Sebastião Ricardo > Wendell Alexander > Bruno Bastos > Cassia Moura
bjj-829-22,829,Cassio Cardoso,22,Carlson Gracie,black_belt_awarded_by,Faixa-preta concedida por,confirmed,high,Lineage declarada no perfil: Carlos Gracie > Helio Gracie > Carlson Gracie > Cássio Cardoso
bjj-13379-84,13379,Cassio Felipe Costa,84,Alexandre Ribeiro,black_belt_awarded_by,Faixa-preta concedida por,confirmed,high,Lineage declarada no perfil: C. Gracie > H. Gracie > Royler Gracie > Saulo Ribeiro > Alexandre Ribeiro > Felipe Costa
bjj-v_ricardo_reis-1886,v_ricardo_reis,Ricardo Reis,1886,Fabricio Martins,black_belt_awarded_by,Faixa-preta concedida por,confirmed,high,Lineage declarada no perfil: Mitsuyo Maeda > Carlos Gracie > Reyson Gracie > Osvaldo Alves > Fabrício Martins > Ricardo Reis > Cassio Werneck
bjj-1223-v_ricardo_reis,1223,Cassio Werneck,v_ricardo_reis,Ricardo Reis,black_belt_awarded_by,Faixa-preta concedida por,confirmed,high,Lineage declarada no perfil: Mitsuyo Maeda > Carlos Gracie > Reyson Gracie > Osvaldo Alves > Fabrício Martins > Ricardo Reis > Cassio Werneck
bjj-8562-419,8562,Catherine Perret,419,Leonardo Vieira,black_belt_awarded_by,Faixa-preta concedida por,confirmed,high,Lineage declarada no perfil: Mitsuyo Maeda > Carlos Gracie Senior > Helio Gracie > Rolls Gracie > Romero (Jacaré) Cavalcanti > Leonardo Vieira > Catherine Fuhro Perret
bjj-10596-1445,10596,Cleber Luciano,1445,Rolker Gracie,black_belt_awarded_by,Faixa-preta concedida por,confirmed,high,Lineage declarada no perfil: Carlos Gracie > Helio Gracie > Royler Gracie > Rolker Gracie > Cleber Luciano
bjj-7657-7672,7657,Cleber Sousa,7672,Caio Almeida,black_belt_awarded_by,Faixa-preta concedida por,confirmed,high,Lineage declarada no perfil: C. Gracie > Carlos Gracie Jr > Ryan Gracie > Gabriel Vella > Caio Almeida > Cleber Sousa
bjj-428-553,428,Celso Vinicius,553,Roberto Correa,black_belt_awarded_by,Faixa-preta concedida por,confirmed,high,Lineage declarada no perfil: Mitsuyo Maeda > Carlos Gracie Sr. > Carlos Gracie Junior > Roberto Correa > Celso Venicius
bjj-929-3394,929,Cesar Gracie,3394,Robson Gracie,black_belt_awarded_by,Faixa-preta concedida por,confirmed,high,Lineage declarada no perfil: Mitsuyo Maeda > Carlos Gracie Sr. > Robson Gracie > Cesar Gracie
bjj-v_walter_guimaraes-22,v_walter_guimaraes,Walter Guimaraes,22,Carlson Gracie,black_belt_awarded_by,Faixa-preta concedida por,confirmed,high,Lineage declarada no perfil: Mitsuyo Maeda > Carlos Gracie > Carlson Gracie > Walter Guimaraes > Cesar Guimaraes
bjj-2512-v_walter_guimaraes,2512,Cezar Guimarães,v_walter_guimaraes,Walter Guimaraes,black_belt_awarded_by,Faixa-preta concedida por,confirmed,high,Lineage declarada no perfil: Mitsuyo Maeda > Carlos Gracie > Carlson Gracie > Walter Guimaraes > Cesar Guimaraes
bjj-588-22,588,Renato Tavares,22,Carlson Gracie,black_belt_awarded_by,Faixa-preta concedida por,confirmed,high,Lineage declarada no perfil: Mitsuyo Maeda > Carlos Gracie > Carlson Gracie > Renato Tavares > Colin/Kyle Cannon > Nick Albin > Chad Hardy
bjj-v_colin_kyle_cannon-588,v_colin_kyle_cannon,Colin/Kyle Cannon,588,Renato Tavares,black_belt_awarded_by,Faixa-preta concedida por,confirmed,high,Lineage declarada no perfil: Mitsuyo Maeda > Carlos Gracie > Carlson Gracie > Renato Tavares > Colin/Kyle Cannon > Nick Albin > Chad Hardy
bjj-v_nick_albin-v_colin_kyle_cannon,v_nick_albin,Nick Albin,v_colin_kyle_cannon,Colin/Kyle Cannon,black_belt_awarded_by,Faixa-preta concedida por,confirmed,high,Lineage declarada no perfil: Mitsuyo Maeda > Carlos Gracie > Carlson Gracie > Renato Tavares > Colin/Kyle Cannon > Nick Albin > Chad Hardy
bjj-9845-v_nick_albin,9845,Chad Hardy,v_nick_albin,Nick Albin,black_belt_awarded_by,Faixa-preta concedida por,confirmed,high,Lineage declarada no perfil: Mitsuyo Maeda > Carlos Gracie > Carlson Gracie > Renato Tavares > Colin/Kyle Cannon > Nick Albin > Chad Hardy
bjj-7652-1633,7652,Charles Negromonte,1633,Jose Olimpio,black_belt_awarded_by,Faixa-preta concedida por,confirmed,high,Lineage declarada no perfil: Carlos Gracie > Helio Gracie > Carlos Gracie Jr > José Olímpio > Charles Negromonte
bjj-720-1097,720,Jorge Patino,1097,Waldomiro Perez,black_belt_awarded_by,Faixa-preta concedida por,confirmed,high,Lineage declarada no perfil: Carlos Gracie > Helio Gracie > Rickson Gracie > Marcelo Behring > Waldomiro Perez > Jorge Patino > Charles Oliveira
bjj-877-720,877,Charles Oliveira,720,Jorge Patino,black_belt_awarded_by,Faixa-preta concedida por,confirmed,high,Lineage declarada no perfil: Carlos Gracie > Helio Gracie > Rickson Gracie > Marcelo Behring > Waldomiro Perez > Jorge Patino > Charles Oliveira
bjj-fg-legacy-73-322,fg-legacy-73,Ulf Ehlert,322,Fabio Gurgel,black_belt_awarded_by,Faixa-preta concedida por,confirmed,high,Lineage declarada no perfil: Carlos Gracie > Helio Gracie > Rolls Gracie > Romero Cavalcanti (Jacaré) > Fábio Gurgel > Ulf Ehlert > Charlotte Von Baumgarten
bjj-9545-fg-legacy-73,9545,Charlotte Von Baumgarten,fg-legacy-73,Ulf Ehlert,black_belt_awarded_by,Faixa-preta concedida por,confirmed,high,Lineage declarada no perfil: Carlos Gracie > Helio Gracie > Rolls Gracie > Romero Cavalcanti (Jacaré) > Fábio Gurgel > Ulf Ehlert > Charlotte Von Baumgarten
bjj-9587-591,9587,Eduardo Rios,591,Ricardo Liborio,black_belt_awarded_by,Faixa-preta concedida por,confirmed,high,Lineage declarada no perfil: Carlos Gracie > Helio Gracie > Carlson Gracie > Ricardo Libório > Eduardo Rios > Pedro Lott > Chayse Diekema
bjj-v_pedro_lott-9587,v_pedro_lott,Pedro Lott,9587,Eduardo Rios,black_belt_awarded_by,Faixa-preta concedida por,confirmed,high,Lineage declarada no perfil: Carlos Gracie > Helio Gracie > Carlson Gracie > Ricardo Libório > Eduardo Rios > Pedro Lott > Chayse Diekema
bjj-13655-v_pedro_lott,13655,Chayse Diekema,v_pedro_lott,Pedro Lott,black_belt_awarded_by,Faixa-preta concedida por,confirmed,high,Lineage declarada no perfil: Carlos Gracie > Helio Gracie > Carlson Gracie > Ricardo Libório > Eduardo Rios > Pedro Lott > Chayse Diekema
bjj-484-v_mario_yamasaki,484,Murilo Santana,v_mario_yamasaki,Mario Yamasaki,black_belt_awarded_by,Faixa-preta concedida por,confirmed,high,Lineage declarada no perfil: Carlos Gracie > Helio Gracie > Rickson Gracie > Marcelo Behring > Mario Yamasaki > Murilo Santana > Chloé McNally
bjj-12708-484,12708,Chloe McNally,484,Murilo Santana,black_belt_awarded_by,Faixa-preta concedida por,confirmed,high,Lineage declarada no perfil: Carlos Gracie > Helio Gracie > Rickson Gracie > Marcelo Behring > Mario Yamasaki > Murilo Santana > Chloé McNally
bjj-v_edson_carvalho-22,v_edson_carvalho,Edson Carvalho,22,Carlson Gracie,black_belt_awarded_by,Faixa-preta concedida por,confirmed,high,Lineage declarada no perfil: Carlos Gracie > Carlson Gracie > Edson Carvalho > Robson Barbosa > Christian Graugart
bjj-v_robson_barbosa-v_edson_carvalho,v_robson_barbosa,Robson Barbosa,v_edson_carvalho,Edson Carvalho,black_belt_awarded_by,Faixa-preta concedida por,confirmed,high,Lineage declarada no perfil: Carlos Gracie > Carlson Gracie > Edson Carvalho > Robson Barbosa > Christian Graugart
bjj-2402-v_robson_barbosa,2402,Christian Graugart,v_robson_barbosa,Robson Barbosa,black_belt_awarded_by,Faixa-preta concedida por,confirmed,high,Lineage declarada no perfil: Carlos Gracie > Carlson Gracie > Edson Carvalho > Robson Barbosa > Christian Graugart
bjj-7808-355,7808,Christian Moriarty,355,Romero Cavalcanti,black_belt_awarded_by,Faixa-preta concedida por,confirmed,high,Lineage declarada no perfil: Mitsuyo Maeda > Carlos Gracie > Helio Gracie > Rolls Gracie > Romero Cavalcanti > Chris Moriarty
bjj-4411-1307,4411,Julius Park,1307,Lloyd Irvin,black_belt_awarded_by,Faixa-preta concedida por,confirmed,high,Lineage declarada no perfil: Carlos Gracie > Helio Gracie > Rickson Gracie > Jorge Pereira > Leo Dalla > Lloyd Irvin > Julius Park > Christopher Tran
bjj-13747-4411,13747,Chris Tran,4411,Julius Park,black_belt_awarded_by,Faixa-preta concedida por,confirmed,high,Lineage declarada no perfil: Carlos Gracie > Helio Gracie > Rickson Gracie > Jorge Pereira > Leo Dalla > Lloyd Irvin > Julius Park > Christopher Tran
bjj-v_christian_uflacker-297,v_christian_uflacker,Christian Uflacker,297,Carlos Gracie Junior,black_belt_awarded_by,Faixa-preta concedida por,confirmed,high,Lineage declarada no perfil: Mitsuyo Maeda > Carlos Gracie > Helio Gracie > Carlos Gracie Jr > Christian Uflacker
bjj-559-22,559,Rodrigo Medeiros,22,Carlson Gracie,black_belt_awarded_by,Faixa-preta concedida por,confirmed,high,Lineage declarada no perfil: Carlos Gracie > Helio Gracie > Carlson Gracie > Rodrigo Medeiros > Johnny Ramirez > Mark Vives > John Gutta > Claire North
bjj-v_johnny_ramirez-559,v_johnny_ramirez,Johnny Ramirez,559,Rodrigo Medeiros,black_belt_awarded_by,Faixa-preta concedida por,confirmed,high,Lineage declarada no perfil: Carlos Gracie > Helio Gracie > Carlson Gracie > Rodrigo Medeiros > Johnny Ramirez > Mark Vives > John Gutta > Claire North
bjj-v_mark_vives-v_johnny_ramirez,v_mark_vives,Mark Vives,v_johnny_ramirez,Johnny Ramirez,black_belt_awarded_by,Faixa-preta concedida por,confirmed,high,Lineage declarada no perfil: Carlos Gracie > Helio Gracie > Carlson Gracie > Rodrigo Medeiros > Johnny Ramirez > Mark Vives > John Gutta > Claire North
bjj-v_john_gutta-v_mark_vives,v_john_gutta,John Gutta,v_mark_vives,Mark Vives,black_belt_awarded_by,Faixa-preta concedida por,confirmed,high,Lineage declarada no perfil: Carlos Gracie > Helio Gracie > Carlson Gracie > Rodrigo Medeiros > Johnny Ramirez > Mark Vives > John Gutta > Claire North
bjj-12663-v_john_gutta,12663,Claire North,v_john_gutta,John Gutta,black_belt_awarded_by,Faixa-preta concedida por,confirmed,high,Lineage declarada no perfil: Carlos Gracie > Helio Gracie > Carlson Gracie > Rodrigo Medeiros > Johnny Ramirez > Mark Vives > John Gutta > Claire North
bjj-v_claudia_do_val-361,v_claudia_do_val,Claudia do Val,361,Ricardo De La Riva,black_belt_awarded_by,Faixa-preta concedida por,confirmed,high,Lineage declarada no perfil: Carlos Gracie > Helio Gracie > Carlson Gracie > Ricardo De La Riva > Claudia do Val
bjj-7749-634,7749,Claudio Joanino,634,Wendell Alexander,black_belt_awarded_by,Faixa-preta concedida por,confirmed,high,Lineage declarada no perfil: M. Maeda > Luiz França > Oswaldo Fadda > Sebastião Ricardo > Wendell Alexander > Cláudio Joanino
bjj-489-338,489,Claudio Silva,338,Ricardo Vieira,black_belt_awarded_by,Faixa-preta concedida por,confirmed,high,Lineage declarada no perfil: Mitsuyo Maeda > Carlos Gracie > Helio Gracie > Rolls Gracie > Romero Cavalcanti > Ricardo Vieira (BWO Leo Negao) > Claudio Silva
bjj-443-374,443,Claudio Mattos,374,Vinicius Magalhaes,black_belt_awarded_by,Faixa-preta concedida por,confirmed,high,Lineage declarada no perfil: Mitsuyo Maeda > Carlos Gracie Sr. > Helio Gracie > Carlos Gracie Junior > Vinicius Magalhães > Claudio Mattos
bjj-v_jose_senador-v_takeo_yano,v_jose_senador,José Senador,v_takeo_yano,Takeo Yano,black_belt_awarded_by,Faixa-preta concedida por,confirmed,high,Lineage declarada no perfil: Takeo Yano > José Senador > Alberto Lage > Ronald Bauer > Cleito Soares > Cleito Soares Jr
bjj-v_alberto_lage-v_jose_senador,v_alberto_lage,Alberto Lage,v_jose_senador,José Senador,black_belt_awarded_by,Faixa-preta concedida por,confirmed,high,Lineage declarada no perfil: Takeo Yano > José Senador > Alberto Lage > Ronald Bauer > Cleito Soares > Cleito Soares Jr
bjj-v_ronald_bauer-v_alberto_lage,v_ronald_bauer,Ronald Bauer,v_alberto_lage,Alberto Lage,black_belt_awarded_by,Faixa-preta concedida por,confirmed,high,Lineage declarada no perfil: Takeo Yano > José Senador > Alberto Lage > Ronald Bauer > Cleito Soares > Cleito Soares Jr
bjj-v_cleito_soares-v_ronald_bauer,v_cleito_soares,Cleito Soares,v_ronald_bauer,Ronald Bauer,black_belt_awarded_by,Faixa-preta concedida por,confirmed,high,Lineage declarada no perfil: Takeo Yano > José Senador > Alberto Lage > Ronald Bauer > Cleito Soares > Cleito Soares Jr
bjj-v_cleito_soares_jr-v_cleito_soares,v_cleito_soares_jr,Cleito Soares Jr,v_cleito_soares,Cleito Soares,black_belt_awarded_by,Faixa-preta concedida por,confirmed,high,Lineage declarada no perfil: Takeo Yano > José Senador > Alberto Lage > Ronald Bauer > Cleito Soares > Cleito Soares Jr
bjj-v_nonato_machado-2003,v_nonato_machado,Nonato Machado,2003,Reyson Gracie,black_belt_awarded_by,Faixa-preta concedida por,confirmed,high,Lineage declarada no perfil: Mitsuyo Maeda > Carlos Gracie > Reyson Gracie > Nonato Machado > Cosmo Dias
bjj-7976-v_nonato_machado,7976,Cosmo Dias,v_nonato_machado,Nonato Machado,black_belt_awarded_by,Faixa-preta concedida por,confirmed,high,Lineage declarada no perfil: Mitsuyo Maeda > Carlos Gracie > Reyson Gracie > Nonato Machado > Cosmo Dias
bjj-415-640,415,Guilherme Mendes,640,Ramon Lemos,black_belt_awarded_by,Faixa-preta concedida por,confirmed,high,Lineage declarada no perfil: Carlos Gracie > Carlson Gracie > André Pederneiras > Ramon Lemos > Guilherme Mendes > Cole Abate
bjj-12950-415,12950,Cole Abate,415,Guilherme Mendes,black_belt_awarded_by,Faixa-preta concedida por,confirmed,high,Lineage declarada no perfil: Carlos Gracie > Carlson Gracie > André Pederneiras > Ramon Lemos > Guilherme Mendes > Cole Abate
bjj-931-297,931,Mauricio Mariano,297,Carlos Gracie Junior,black_belt_awarded_by,Faixa-preta concedida por,confirmed,high,Lineage declarada no perfil: Carlos Gracie > Helio Gracie > Carlos Gracie Jr > Maurício Mariano > Cole Franson
bjj-9150-931,9150,Cole Franson,931,Mauricio Mariano,black_belt_awarded_by,Faixa-preta concedida por,confirmed,high,Lineage declarada no perfil: Carlos Gracie > Helio Gracie > Carlos Gracie Jr > Maurício Mariano > Cole Franson
bjj-12940-1307,12940,Cory Walker,1307,Lloyd Irvin,black_belt_awarded_by,Faixa-preta concedida por,confirmed,high,Lineage declarada no perfil: Carlos Gracie > Helio Gracie > Rickson Gracie > J. Pereira > Leo Dalla > Lloyd Irvin > Cory Walker
bjj-1933-515,1933,Craig Kukuk,515,Royler Gracie,black_belt_awarded_by,Faixa-preta concedida por,confirmed,high,Lineage declarada no perfil: Carlos Gracie > Helio Gracie > Royler Gracie > Craig Kukuk
bjj-v_john_simon-705,v_john_simon,John Simon,705,John Will,black_belt_awarded_by,Faixa-preta concedida por,confirmed,high,Lineage declarada no perfil: Carlos Gracie > Helio Gracie > Carlos Gracie Jr > Jean Jacques Machado > Rigan Machado > John Will > John Simon > Lachlan Giles > Craig Jones
bjj-8682-v_john_simon,8682,Lachlan Giles,v_john_simon,John Simon,black_belt_awarded_by,Faixa-preta concedida por,confirmed,high,Lineage declarada no perfil: Carlos Gracie > Helio Gracie > Carlos Gracie Jr > Jean Jacques Machado > Rigan Machado > John Will > John Simon > Lachlan Giles > Craig Jones
bjj-8346-8682,8346,Craig Jones,8682,Lachlan Giles,black_belt_awarded_by,Faixa-preta concedida por,confirmed,high,Lineage declarada no perfil: Carlos Gracie > Helio Gracie > Carlos Gracie Jr > Jean Jacques Machado > Rigan Machado > John Will > John Simon > Lachlan Giles > Craig Jones
bjj-3185-hist_helio,3185,Crezio Chaves,hist_helio,Helio Gracie,black_belt_awarded_by,Faixa-preta concedida por,confirmed,high,Lineage declarada no perfil: Mitsuyo Maeda > Carlos Gracie > Helio Gracie > Crezio Chaves
bjj-2956-374,2956,Cristiano Lazzarini,374,Vinicius Magalhaes,black_belt_awarded_by,Faixa-preta concedida por,confirmed,high,Lineage declarada no perfil: Mitsuyo Maeda > Carlos Gracie Sr. > Helio Gracie > Carlos Gracie Junior > Vinicius Magalhães > Cristiano Lazzarini
bjj-159-515,159,Cristiano Marcello,515,Royler Gracie,black_belt_awarded_by,Faixa-preta concedida por,confirmed,high,Lineage declarada no perfil: Mitsuyo Maeda > Carlos Gracie > Helio Gracie > Royler Gracie > Cristiano Marcello
bjj-leka-vieira-v_aloisio_silva,leka-vieira,Leka Vieira,v_aloisio_silva,Aloísio Silva,black_belt_awarded_by,Faixa-preta concedida por,confirmed,high,Lineage declarada no perfil: Mitsuyo Maeda > Carlos Gracie Sr > Robson Gracie > Aloisio Silva > Leka Vieira > Cindy Omatsu
bjj-5781-leka-vieira,5781,Cynthia Omatsu,leka-vieira,Leka Vieira,black_belt_awarded_by,Faixa-preta concedida por,confirmed,high,Lineage declarada no perfil: Mitsuyo Maeda > Carlos Gracie Sr > Robson Gracie > Aloisio Silva > Leka Vieira > Cindy Omatsu
bjj-996-297,996,Yuki Nakai,297,Carlos Gracie Junior,black_belt_awarded_by,Faixa-preta concedida por,confirmed,high,Lineage declarada no perfil: Mitsuyo Maeda > Carlos Gracie > Helio Gracie > Carlos Gracie Jr > Yuki Nakai > Daisuke Shiraki
bjj-9152-996,9152,Daisuke Shiraki,996,Yuki Nakai,black_belt_awarded_by,Faixa-preta concedida por,confirmed,high,Lineage declarada no perfil: Mitsuyo Maeda > Carlos Gracie > Helio Gracie > Carlos Gracie Jr > Yuki Nakai > Daisuke Shiraki
bjj-1716-2062,1716,Andre Almeida,2062,Crezio de Souza,black_belt_awarded_by,Faixa-preta concedida por,confirmed,high,Lineage declarada no perfil: Carlos Gracie > Helio Gracie > Carlson Gracie > Crézio de Souza > André Almeida > Leandro Escobar > Daniel Amorim Junior
bjj-3028-1716,3028,Leandro Escobar,1716,Andre Almeida,black_belt_awarded_by,Faixa-preta concedida por,confirmed,high,Lineage declarada no perfil: Carlos Gracie > Helio Gracie > Carlson Gracie > Crézio de Souza > André Almeida > Leandro Escobar > Daniel Amorim Junior
bjj-11949-3028,11949,Daniel Amorim Junior,3028,Leandro Escobar,black_belt_awarded_by,Faixa-preta concedida por,confirmed,high,Lineage declarada no perfil: Carlos Gracie > Helio Gracie > Carlson Gracie > Crézio de Souza > André Almeida > Leandro Escobar > Daniel Amorim Junior
bjj-872-1097,872,Maximiliano Trombini,1097,Waldomiro Perez,black_belt_awarded_by,Faixa-preta concedida por,confirmed,high,Lineage declarada no perfil: Mitsuyo Maeda > Carlos Gracie > Helio Gracie > Rickson Gracie > Marcelo Bering > Valdomiro Junior > Milton Maximiano > Carlos Vieira > Daniel Azevedo
bjj-396-872,396,Carlos Vieira,872,Maximiliano Trombini,black_belt_awarded_by,Faixa-preta concedida por,confirmed,high,Lineage declarada no perfil: Mitsuyo Maeda > Carlos Gracie > Helio Gracie > Rickson Gracie > Marcelo Bering > Valdomiro Junior > Milton Maximiano > Carlos Vieira > Daniel Azevedo
bjj-708-396,708,Daniel Azevedo,396,Carlos Vieira,black_belt_awarded_by,Faixa-preta concedida por,confirmed,high,Lineage declarada no perfil: Mitsuyo Maeda > Carlos Gracie > Helio Gracie > Rickson Gracie > Marcelo Bering > Valdomiro Junior > Milton Maximiano > Carlos Vieira > Daniel Azevedo
bjj-1332-v_daniel_beleza_is_one_of_the_best,1332,jiu-jitsu,v_daniel_beleza_is_one_of_the_best,Daniel Beleza is one of the best,black_belt_awarded_by,Faixa-preta concedida por,confirmed,high,"Lineage declarada no perfil: Daniel Beleza is one of the best > Brazilian Jiu Jitsu > competitors to have come out from the famous “Sazinho” BJJ academy (SAS) located in Fortaleza, Brazil. A black belt since December 2000 Daniel Beleza has obtained several important titles such as Pan American champion and World Cup champion (CBJJO). Following a certain BJJ black belt trend at the turn of the millenium Daniel Beleza made the transition across to the United States to coach and compete, having settled in Pennsylvania. Daniel Beleza is also from an unusual “non-Gracie/Maeda” , being instead from the line of Takeo Iano and > Master Francisco Sá"
bjj-v_competitors_to_have_come_out_from_the_famous_sazinho_bjj_academy_sas_located_in_fortaleza_brazil_a_black_belt_since_december_daniel_beleza_has_obtained_several_important_titles_such_as_pan_american_champion_and_world_cup_champion_cbjjo_following_a_certain_bjj_black_belt_trend_at_the_turn_of_the_millenium_daniel_beleza_made_the_transition_across_to_the_united_states_to_coach_and_compete_having_settled_in_pennsylvania_daniel_beleza_is_also_from_an_unusual_non_gracie_maeda_being_instead_from_the_line_of_takeo_iano_and-1332,v_competitors_to_have_come_out_from_the_famous_sazinho_bjj_academy_sas_located_in_fortaleza_brazil_a_black_belt_since_december_daniel_beleza_has_obtained_several_important_titles_such_as_pan_american_champion_and_world_cup_champion_cbjjo_following_a_certain_bjj_black_belt_trend_at_the_turn_of_the_millenium_daniel_beleza_made_the_transition_across_to_the_united_states_to_coach_and_compete_having_settled_in_pennsylvania_daniel_beleza_is_also_from_an_unusual_non_gracie_maeda_being_instead_from_the_line_of_takeo_iano_and,"competitors to have come out from the famous “Sazinho” BJJ academy (SAS) located in Fortaleza, Brazil. A black belt since December 2000 Daniel Beleza has obtained several important titles such as Pan American champion and World Cup champion (CBJJO). Following a certain BJJ black belt trend at the turn of the millenium Daniel Beleza made the transition across to the United States to coach and compete, having settled in Pennsylvania. Daniel Beleza is also from an unusual “non-Gracie/Maeda” , being instead from the line of Takeo Iano and",1332,jiu-jitsu,black_belt_awarded_by,Faixa-preta concedida por,confirmed,high,"Lineage declarada no perfil: Daniel Beleza is one of the best > Brazilian Jiu Jitsu > competitors to have come out from the famous “Sazinho” BJJ academy (SAS) located in Fortaleza, Brazil. A black belt since December 2000 Daniel Beleza has obtained several important titles such as Pan American champion and World Cup champion (CBJJO). Following a certain BJJ black belt trend at the turn of the millenium Daniel Beleza made the transition across to the United States to coach and compete, having settled in Pennsylvania. Daniel Beleza is also from an unusual “non-Gracie/Maeda” , being instead from the line of Takeo Iano and > Master Francisco Sá"
bjj-2091-v_competitors_to_have_come_out_from_the_famous_sazinho_bjj_academy_sas_located_in_fortaleza_brazil_a_black_belt_since_december_daniel_beleza_has_obtained_several_important_titles_such_as_pan_american_champion_and_world_cup_champion_cbjjo_following_a_certain_bjj_black_belt_trend_at_the_turn_of_the_millenium_daniel_beleza_made_the_transition_across_to_the_united_states_to_coach_and_compete_having_settled_in_pennsylvania_daniel_beleza_is_also_from_an_unusual_non_gracie_maeda_being_instead_from_the_line_of_takeo_iano_and,2091,Francisco Sa,v_competitors_to_have_come_out_from_the_famous_sazinho_bjj_academy_sas_located_in_fortaleza_brazil_a_black_belt_since_december_daniel_beleza_has_obtained_several_important_titles_such_as_pan_american_champion_and_world_cup_champion_cbjjo_following_a_certain_bjj_black_belt_trend_at_the_turn_of_the_millenium_daniel_beleza_made_the_transition_across_to_the_united_states_to_coach_and_compete_having_settled_in_pennsylvania_daniel_beleza_is_also_from_an_unusual_non_gracie_maeda_being_instead_from_the_line_of_takeo_iano_and,"competitors to have come out from the famous “Sazinho” BJJ academy (SAS) located in Fortaleza, Brazil. A black belt since December 2000 Daniel Beleza has obtained several important titles such as Pan American champion and World Cup champion (CBJJO). Following a certain BJJ black belt trend at the turn of the millenium Daniel Beleza made the transition across to the United States to coach and compete, having settled in Pennsylvania. Daniel Beleza is also from an unusual “non-Gracie/Maeda” , being instead from the line of Takeo Iano and",black_belt_awarded_by,Faixa-preta concedida por,confirmed,high,"Lineage declarada no perfil: Daniel Beleza is one of the best > Brazilian Jiu Jitsu > competitors to have come out from the famous “Sazinho” BJJ academy (SAS) located in Fortaleza, Brazil. A black belt since December 2000 Daniel Beleza has obtained several important titles such as Pan American champion and World Cup champion (CBJJO). Following a certain BJJ black belt trend at the turn of the millenium Daniel Beleza made the transition across to the United States to coach and compete, having settled in Pennsylvania. Daniel Beleza is also from an unusual “non-Gracie/Maeda” , being instead from the line of Takeo Iano and > Master Francisco Sá"
bjj-875-419,875,Lucas Leite,419,Leonardo Vieira,black_belt_awarded_by,Faixa-preta concedida por,confirmed,high,Lineage declarada no perfil: Carlos Gracie > Helio Gracie > Rolls Gracie > Romero Cavalcanti > Leonardo Vieira > Lucas Leite > Daniel Diniz
bjj-12419-875,12419,Daniel Diniz,875,Lucas Leite,black_belt_awarded_by,Faixa-preta concedida por,confirmed,high,Lineage declarada no perfil: Carlos Gracie > Helio Gracie > Rolls Gracie > Romero Cavalcanti > Leonardo Vieira > Lucas Leite > Daniel Diniz
bjj-rodrigo-feijao-78,rodrigo-feijao,Rodrigo Feijão,78,Andre Pederneiras,black_belt_awarded_by,Faixa-preta concedida por,confirmed,high,Lineage declarada no perfil: Mitsuyo Maeda > Carlos Gracie > Carlson Gracie > André Pederneiras > Rodrigo Feijão > Daniel Garcia
bjj-v_daniel_garcia-rodrigo-feijao,v_daniel_garcia,Daniel Garcia,rodrigo-feijao,Rodrigo Feijão,black_belt_awarded_by,Faixa-preta concedida por,confirmed,high,Lineage declarada no perfil: Mitsuyo Maeda > Carlos Gracie > Carlson Gracie > André Pederneiras > Rodrigo Feijão > Daniel Garcia
bjj-4747-78,4747,Rafael Barros,78,Andre Pederneiras,black_belt_awarded_by,Faixa-preta concedida por,confirmed,high,Lineage declarada no perfil: Carlos Gracie > Helio Gracie > Carlson Gracie > Andre Pederneiras > Rafael Fofitio > Gilbert Burns > Michael Musumeci > Daniel Maira
bjj-446-4747,446,Gilbert Burns,4747,Rafael Barros,black_belt_awarded_by,Faixa-preta concedida por,confirmed,high,Lineage declarada no perfil: Carlos Gracie > Helio Gracie > Carlson Gracie > Andre Pederneiras > Rafael Fofitio > Gilbert Burns > Michael Musumeci > Daniel Maira
bjj-5447-446,5447,Michael Musumeci,446,Gilbert Burns,black_belt_awarded_by,Faixa-preta concedida por,confirmed,high,Lineage declarada no perfil: Carlos Gracie > Helio Gracie > Carlson Gracie > Andre Pederneiras > Rafael Fofitio > Gilbert Burns > Michael Musumeci > Daniel Maira
bjj-v_daniel_maira-5447,v_daniel_maira,Daniel Maira,5447,Michael Musumeci,black_belt_awarded_by,Faixa-preta concedida por,confirmed,high,Lineage declarada no perfil: Carlos Gracie > Helio Gracie > Carlson Gracie > Andre Pederneiras > Rafael Fofitio > Gilbert Burns > Michael Musumeci > Daniel Maira
bjj-453-515,453,Daniel Moraes,515,Royler Gracie,black_belt_awarded_by,Faixa-preta concedida por,confirmed,high,Lineage declarada no perfil: Mitsuyo Maeda > Carlos Gracie > Helio Gracie > Royler Gracie > Daniel Moraes
bjj-12918-144,12918,Daniel Sathler,144,Andre Galvao,black_belt_awarded_by,Faixa-preta concedida por,confirmed,high,Lineage declarada no perfil: Carlos Gracie > Reyson Gracie > Osvaldo Alves > Luis Dagmar > André Galvão > Daniel Sathler
bjj-994-1886,994,Daniel Otero,1886,Fabricio Martins,black_belt_awarded_by,Faixa-preta concedida por,confirmed,high,Lineage declarada no perfil: Mitsuyo Maeda > Carlos Gracie > Reyson Gracie > Osvaldo Alves > Fabricio Martins > Daniel Otero
bjj-1145-524,1145,Daniel Valverde,524,Osvaldo Alves,black_belt_awarded_by,Faixa-preta concedida por,confirmed,high,Lineage declarada no perfil: Carlos Gracie > Reyson Gracie > Osvaldo Alves > Daniel Valverde
bjj-745-hist_helio,745,Carlos Machado,hist_helio,Helio Gracie,black_belt_awarded_by,Faixa-preta concedida por,confirmed,high,Lineage declarada no perfil: Mitsuyo Maeda > Carlos Gracie > Helio Gracie > Carlos Machado > Orland Waugh > Danny Alvarez > Danielle Alvarez
bjj-v_orland_waugh-745,v_orland_waugh,Orland Waugh,745,Carlos Machado,black_belt_awarded_by,Faixa-preta concedida por,confirmed,high,Lineage declarada no perfil: Mitsuyo Maeda > Carlos Gracie > Helio Gracie > Carlos Machado > Orland Waugh > Danny Alvarez > Danielle Alvarez
bjj-6829-v_orland_waugh,6829,Daniel Alvarez,v_orland_waugh,Orland Waugh,black_belt_awarded_by,Faixa-preta concedida por,confirmed,high,Lineage declarada no perfil: Mitsuyo Maeda > Carlos Gracie > Helio Gracie > Carlos Machado > Orland Waugh > Danny Alvarez > Danielle Alvarez
bjj-7997-6829,7997,Danielle Alvarez,6829,Daniel Alvarez,black_belt_awarded_by,Faixa-preta concedida por,confirmed,high,Lineage declarada no perfil: Mitsuyo Maeda > Carlos Gracie > Helio Gracie > Carlos Machado > Orland Waugh > Danny Alvarez > Danielle Alvarez
bjj-v_scott_huston-559,v_scott_huston,Scott Huston,559,Rodrigo Medeiros,black_belt_awarded_by,Faixa-preta concedida por,confirmed,high,Lineage declarada no perfil: Mitsuyo Maeda > Carlos Gracie (Senior) > Hélio Gracie > Rolls Gracie > Romero Cavalcanti (Jacaré) > Rodrigo Medeiros (Comprido) > Scott Huston > Dan Borovic
bjj-9325-v_scott_huston,9325,Danilo Borovic,v_scott_huston,Scott Huston,black_belt_awarded_by,Faixa-preta concedida por,confirmed,high,Lineage declarada no perfil: Mitsuyo Maeda > Carlos Gracie (Senior) > Hélio Gracie > Rolls Gracie > Romero Cavalcanti (Jacaré) > Rodrigo Medeiros (Comprido) > Scott Huston > Dan Borovic
bjj-8036-78,8036,Danilo Cherman,78,Andre Pederneiras,black_belt_awarded_by,Faixa-preta concedida por,confirmed,high,Lineage declarada no perfil: Mitsuyo Maeda > Carlos Gracie > Carlson Gracie > André Pederneiras > Danilo Cherman
bjj-v_luiz_major-4334,v_luiz_major,Luiz Major,4334,Andre da Silva,black_belt_awarded_by,Faixa-preta concedida por,confirmed,high,Lineage declarada no perfil: Luiz França > Oswaldo Fadda > Sebastião Ricardo > Wendell Alexander > André Marola > Luiz Major > Danilo Moreira
bjj-10953-v_luiz_major,10953,Danilo Moreira,v_luiz_major,Luiz Major,black_belt_awarded_by,Faixa-preta concedida por,confirmed,high,Lineage declarada no perfil: Luiz França > Oswaldo Fadda > Sebastião Ricardo > Wendell Alexander > André Marola > Luiz Major > Danilo Moreira
bjj-8116-203,8116,Dante Leon,203,Julio Cesar,black_belt_awarded_by,Faixa-preta concedida por,confirmed,high,Lineage declarada no perfil: Luis França > Oswaldo Fadda > Monir Salomão > Júlio César Pereira > Dante Leon
bjj-1781-297,1781,Ralph Gracie,297,Carlos Gracie Junior,black_belt_awarded_by,Faixa-preta concedida por,confirmed,high,Lineage declarada no perfil: Mitsuyo Maeda > Carlos Gracie > Helio Gracie > Carlos Gracie Jr > Ralph Gracie > Dave Camarillo
bjj-816-1781,816,Dave Camarillo,1781,Ralph Gracie,black_belt_awarded_by,Faixa-preta concedida por,confirmed,high,Lineage declarada no perfil: Mitsuyo Maeda > Carlos Gracie > Helio Gracie > Carlos Gracie Jr > Ralph Gracie > Dave Camarillo
bjj-12275-3416,12275,Davi Cabral,3416,Monir Salomao,black_belt_awarded_by,Faixa-preta concedida por,confirmed,high,Lineage declarada no perfil: Luis França > Oswaldo Fadda > Monir Salomão > Júlio César > Davi Cabral
bjj-cezar-guimaraes-casquinha-v_walter_guimaraes,cezar-guimaraes-casquinha,Cesar Guimaraes,v_walter_guimaraes,Walter Guimaraes,black_belt_awarded_by,Faixa-preta concedida por,confirmed,high,Lineage declarada no perfil: Mitsuyo Maeda > Carlos Gracie > Carlson Gracie > Walter Guimaraes > Cesar Guimaraes > Davi Ramos
bjj-1386-cezar-guimaraes-casquinha,1386,Davi Ramos,cezar-guimaraes-casquinha,Cesar Guimaraes,black_belt_awarded_by,Faixa-preta concedida por,confirmed,high,Lineage declarada no perfil: Mitsuyo Maeda > Carlos Gracie > Carlson Gracie > Walter Guimaraes > Cesar Guimaraes > Davi Ramos
bjj-v_alexandre_carrera-2512,v_alexandre_carrera,Alexandre Carrera (,2512,Cezar Guimarães,black_belt_awarded_by,Faixa-preta concedida por,confirmed,high,Lineage declarada no perfil: Carlos Gracie > Helio Gracie > Carlson Gracie > Walter Guimaraes > Cesar Guimaraes > Alexandre Carrera ( > Leonel Menezes) > Davi Vetoraci
bjj-v_leonel_menezes-v_alexandre_carrera,v_leonel_menezes,Leonel Menezes),v_alexandre_carrera,Alexandre Carrera (,black_belt_awarded_by,Faixa-preta concedida por,confirmed,high,Lineage declarada no perfil: Carlos Gracie > Helio Gracie > Carlson Gracie > Walter Guimaraes > Cesar Guimaraes > Alexandre Carrera ( > Leonel Menezes) > Davi Vetoraci
bjj-14268-v_leonel_menezes,14268,Davi Vetoraci,v_leonel_menezes,Leonel Menezes),black_belt_awarded_by,Faixa-preta concedida por,confirmed,high,Lineage declarada no perfil: Carlos Gracie > Helio Gracie > Carlson Gracie > Walter Guimaraes > Cesar Guimaraes > Alexandre Carrera ( > Leonel Menezes) > Davi Vetoraci
bjj-566-2040,566,Joe Moreira,2040,Francisco Mansur,black_belt_awarded_by,Faixa-preta concedida por,confirmed,high,Lineage declarada no perfil: M. Maeda > C. Gracie > H. Gracie > Francisco Mansor > Joe Moreira > Ricardo Teixeira > David Avellan
bjj-v_ricardo_teixeira-566,v_ricardo_teixeira,Ricardo Teixeira,566,Joe Moreira,black_belt_awarded_by,Faixa-preta concedida por,confirmed,high,Lineage declarada no perfil: M. Maeda > C. Gracie > H. Gracie > Francisco Mansor > Joe Moreira > Ricardo Teixeira > David Avellan
bjj-7463-v_ricardo_teixeira,7463,David Avellan,v_ricardo_teixeira,Ricardo Teixeira,black_belt_awarded_by,Faixa-preta concedida por,confirmed,high,Lineage declarada no perfil: M. Maeda > C. Gracie > H. Gracie > Francisco Mansor > Joe Moreira > Ricardo Teixeira > David Avellan
bjj-v_danny_agemy-481,v_danny_agemy,Danny Agemy,481,Saulo Ribeiro,black_belt_awarded_by,Faixa-preta concedida por,confirmed,high,Lineage declarada no perfil: C. Gracie > Helio Gracie > Royler Gracie > Saulo Ribeiro > Danny Agemy > David Garmo
bjj-9668-v_danny_agemy,9668,David Garmo,v_danny_agemy,Danny Agemy,black_belt_awarded_by,Faixa-preta concedida por,confirmed,high,Lineage declarada no perfil: C. Gracie > Helio Gracie > Royler Gracie > Saulo Ribeiro > Danny Agemy > David Garmo
bjj-max-trombini-cia-paulista-1097,max-trombini-cia-paulista,Milton Maximiliano,1097,Waldomiro Perez,black_belt_awarded_by,Faixa-preta concedida por,confirmed,high,Lineage declarada no perfil: Mitsuyo Maeda > Carlos Gracie > Helio Gracie > Rickson Gracie > Marcelo Behring > Valdomiro Junior > Milton Maximiliano > Eduardo Santoro > David Raab
bjj-2324-max-trombini-cia-paulista,2324,Eduardo Santoro,max-trombini-cia-paulista,Milton Maximiliano,black_belt_awarded_by,Faixa-preta concedida por,confirmed,high,Lineage declarada no perfil: Mitsuyo Maeda > Carlos Gracie > Helio Gracie > Rickson Gracie > Marcelo Behring > Valdomiro Junior > Milton Maximiliano > Eduardo Santoro > David Raab
bjj-v_david_raab-2324,v_david_raab,David Raab,2324,Eduardo Santoro,black_belt_awarded_by,Faixa-preta concedida por,confirmed,high,Lineage declarada no perfil: Mitsuyo Maeda > Carlos Gracie > Helio Gracie > Rickson Gracie > Marcelo Behring > Valdomiro Junior > Milton Maximiliano > Eduardo Santoro > David Raab
bjj-1650-338,1650,David Onuma,338,Ricardo Vieira,black_belt_awarded_by,Faixa-preta concedida por,confirmed,high,Lineage declarada no perfil: Mitsuyo Maeda > Carlos Gracie > Helio Gracie > Rolls Gracie > Romero Cavalcanti > Ricardo Vieira > David Onuma
bjj-1817-297,1817,Rigan Machado,297,Carlos Gracie Junior,black_belt_awarded_by,Faixa-preta concedida por,confirmed,high,Lineage declarada no perfil: Carlos Gracie > Helio Gracie > Carlos Gracie Jr > Rigan Machado > David Meyer
bjj-11262-1817,11262,David Meyer,1817,Rigan Machado,black_belt_awarded_by,Faixa-preta concedida por,confirmed,high,Lineage declarada no perfil: Carlos Gracie > Helio Gracie > Carlos Gracie Jr > Rigan Machado > David Meyer
bjj-4965-929,4965,David Terrell,929,Cesar Gracie,black_belt_awarded_by,Faixa-preta concedida por,confirmed,high,Lineage declarada no perfil: Mitsuyo Maeda > Carlos Gracie Sr. > Robson Gracie > Cesar Gracie > David Terrell
bjj-7321-84,7321,Darragh OConnaill,84,Alexandre Ribeiro,black_belt_awarded_by,Faixa-preta concedida por,confirmed,high,Lineage declarada no perfil: Mitsuyo Maeda > Carlos Gracie > Helio Gracie > Royler Gracie > Saulo Ribeiro > Alexandre Ribeiro > ) Darragh O’Conaill
bjj-2068-67,2068,Fabio Santos,67,Rickson Gracie,black_belt_awarded_by,Faixa-preta concedida por,confirmed,high,Lineage declarada no perfil: Mitsuyo Maeda > Carlos Gracie > Helio Gracie > Rickson Gracie > Fabio Santos > Jeffrey Higgs > Dean Lister
bjj-v_jeffrey_higgs-2068,v_jeffrey_higgs,Jeffrey Higgs,2068,Fabio Santos,black_belt_awarded_by,Faixa-preta concedida por,confirmed,high,Lineage declarada no perfil: Mitsuyo Maeda > Carlos Gracie > Helio Gracie > Rickson Gracie > Fabio Santos > Jeffrey Higgs > Dean Lister
bjj-1369-v_jeffrey_higgs,1369,Dean Lister,v_jeffrey_higgs,Jeffrey Higgs,black_belt_awarded_by,Faixa-preta concedida por,confirmed,high,Lineage declarada no perfil: Mitsuyo Maeda > Carlos Gracie > Helio Gracie > Rickson Gracie > Fabio Santos > Jeffrey Higgs > Dean Lister
bjj-6768-297,6768,Adilson Lima,297,Carlos Gracie Junior,black_belt_awarded_by,Faixa-preta concedida por,confirmed,high,Lineage declarada no perfil: Mitsuyo Maeda > Carlos Gracie Sr. > Carlos Gracie Junior > Adilson Lima > Delson Heleno
bjj-1820-6768,1820,Delson Heleno,6768,Adilson Lima,black_belt_awarded_by,Faixa-preta concedida por,confirmed,high,Lineage declarada no perfil: Mitsuyo Maeda > Carlos Gracie Sr. > Carlos Gracie Junior > Adilson Lima > Delson Heleno
bjj-112-322,112,Demian Maia,322,Fabio Gurgel,black_belt_awarded_by,Faixa-preta concedida por,confirmed,high,Lineage declarada no perfil: M. Maeda > C. Gracie > H. Gracie > Rolls Gracie > Romero Cavalcanti > Fabio Gurgel > Demian Maia
bjj-244-203,244,Denilson Pimenta,203,Julio Cesar,black_belt_awarded_by,Faixa-preta concedida por,confirmed,high,Lineage declarada no perfil: Mitsuyo Maeda > Luis França > Oswaldo Fadda > Monir Salomão > Julio Cesar Pereira > Denilson Pimenta
bjj-1550-553,1550,Dennis Asche,553,Roberto Correa,black_belt_awarded_by,Faixa-preta concedida por,confirmed,high,Lineage declarada no perfil: Mitsuyo Maeda > Carlos Gracie Sr. > Carlos Gracie Junior > Roberto Correa > Dennis Asche
bjj-778-2040,778,Denys Darzi,2040,Francisco Mansur,black_belt_awarded_by,Faixa-preta concedida por,confirmed,high,Lineage declarada no perfil: Carlos Gracie > Helio Gracie > Francisco Mansor > Denys Darzi
bjj-9157-484,9157,Devhonte Johnson,484,Murilo Santana,black_belt_awarded_by,Faixa-preta concedida por,confirmed,high,Lineage declarada no perfil: Carlos Gracie > Helio Gracie > Rickson Gracie > Marcelo Behring > Mario Yamasaki > Murilo Santana > Devhonte M. Johnson
bjj-14038-963,14038,Diana Teixeira,963,Carlos Vieira Holanda,black_belt_awarded_by,Faixa-preta concedida por,confirmed,high,Lineage declarada no perfil: Carlos Gracie > Reyson Gracie > Osvaldo Alves > Faustino Neto (Pina) > Carlos Holanda > Diana Teixeira
bjj-9864-2583,9864,Diego Bispo,2583,Alan Moraes,black_belt_awarded_by,Faixa-preta concedida por,confirmed,high,Lineage declarada no perfil: Mitsuyo Maeda > Carlos Gracie > Carlson Gracie > Carlson Gracie Júnior > Alan Moraes > Diego Bispo
bjj-7831-1633,7831,Diego Dias Ramalho,1633,Jose Olimpio,black_belt_awarded_by,Faixa-preta concedida por,confirmed,high,Lineage declarada no perfil: Carlos Gracie > Helio Gracie > Carlos Gracie Jr > José Olimpio > Diego Ramalho
bjj-10840-1155,10840,Diego Oliveira,1155,Cicero Costha,black_belt_awarded_by,Faixa-preta concedida por,confirmed,high,Lineage declarada no perfil: Carlos Gracie > Helio Gracie > Rickson Gracie > Marcelo Behring > Waldomiro Perez > Roberto Godoi > Marco Barbosa > Cicero Costha > Diego Oliveira
bjj-11963-6756,11963,Diego Sodre,6756,Rodrigo Silva,black_belt_awarded_by,Faixa-preta concedida por,confirmed,high,Lineage declarada no perfil: Carlos Gracie > Helio Gracie > Carlson Gracie > André Pederneiras > Rodrigo Feijão > Diego Sodré
bjj-luiz-guilherme-guigo-5869,luiz-guilherme-guigo,Luis Guilherme,5869,Jorge Pereira,black_belt_awarded_by,Faixa-preta concedida por,confirmed,high,Lineage declarada no perfil: M. Maeda > Carlos Gracie > Helio G. > Rickson G. > Jorge Pereira > Luis Guilherme > Diego Vivaldo
bjj-8334-luiz-guilherme-guigo,8334,Diego Vivaldo,luiz-guilherme-guigo,Luis Guilherme,black_belt_awarded_by,Faixa-preta concedida por,confirmed,high,Lineage declarada no perfil: M. Maeda > Carlos Gracie > Helio G. > Rickson G. > Jorge Pereira > Luis Guilherme > Diego Vivaldo
bjj-16-322,16,Marcelo Garcia,322,Fabio Gurgel,black_belt_awarded_by,Faixa-preta concedida por,confirmed,high,Lineage declarada no perfil: Mitsuyo Maeda > Carlos Gracie > Helio Gracie > Rolls Gracie > Romero Cavalcanti > Fabio Gurgel > Marcelo Garcia > Dillon Danis
bjj-5258-16,5258,Dillon Danis,16,Marcelo Garcia,black_belt_awarded_by,Faixa-preta concedida por,confirmed,high,Lineage declarada no perfil: Mitsuyo Maeda > Carlos Gracie > Helio Gracie > Rolls Gracie > Romero Cavalcanti > Fabio Gurgel > Marcelo Garcia > Dillon Danis
bjj-505-297,505,Roger Gracie,297,Carlos Gracie Junior,black_belt_awarded_by,Faixa-preta concedida por,confirmed,high,Lineage declarada no perfil: Carlos Gracie > Helio Gracie > Carlos Gracie Junior > Roger Gracie > Nick Brooks > Robert Graalfs
bjj-v_nick_brooks-505,v_nick_brooks,Nick Brooks,505,Roger Gracie,black_belt_awarded_by,Faixa-preta concedida por,confirmed,high,Lineage declarada no perfil: Carlos Gracie > Helio Gracie > Carlos Gracie Junior > Roger Gracie > Nick Brooks > Robert Graalfs
bjj-v_robert_graalfs-v_nick_brooks,v_robert_graalfs,Robert Graalfs,v_nick_brooks,Nick Brooks,black_belt_awarded_by,Faixa-preta concedida por,confirmed,high,Lineage declarada no perfil: Carlos Gracie > Helio Gracie > Carlos Gracie Junior > Roger Gracie > Nick Brooks > Robert Graalfs
bjj-1003-188,1003,Diogo Sampaio Araujo,188,Augusto Mendes,black_belt_awarded_by,Faixa-preta concedida por,confirmed,high,Lineage declarada no perfil: Mitsuyo Maeda > Carlos Gracie > Helio Gracie > Francisco Mansor > Augusto Mendes > Diogo Araujo
bjj-v_ronnie_melo-2606,v_ronnie_melo,Ronnie Melo,2606,Augusto Monteiro,black_belt_awarded_by,Faixa-preta concedida por,confirmed,high,Lineage declarada no perfil: Carlos Gracie > Helio Gracie > Royler Gracie > Rolker Gracie > Augusto Monteiro > Ronnie Melo > Melquisedeque Galvão > Diogo Reis
bjj-10088-v_ronnie_melo,10088,Melqui Galvao,v_ronnie_melo,Ronnie Melo,black_belt_awarded_by,Faixa-preta concedida por,confirmed,high,Lineage declarada no perfil: Carlos Gracie > Helio Gracie > Royler Gracie > Rolker Gracie > Augusto Monteiro > Ronnie Melo > Melquisedeque Galvão > Diogo Reis
bjj-11823-10088,11823,Diogo Reis,10088,Melqui Galvao,black_belt_awarded_by,Faixa-preta concedida por,confirmed,high,Lineage declarada no perfil: Carlos Gracie > Helio Gracie > Royler Gracie > Rolker Gracie > Augusto Monteiro > Ronnie Melo > Melquisedeque Galvão > Diogo Reis
bjj-2226-1307,2226,DeAlonzio Jackson,1307,Lloyd Irvin,black_belt_awarded_by,Faixa-preta concedida por,confirmed,high,Lineage declarada no perfil: Carlos Gracie > Helio Gracie > Rickson Gracie > Jorge Pereira > Leonardo Dalla > Lloyd Irvin > DJ Jackson
bjj-v_luiz_palhares-67,v_luiz_palhares,Luiz Palhares,67,Rickson Gracie,black_belt_awarded_by,Faixa-preta concedida por,confirmed,high,Lineage declarada no perfil: C. Gracie > Helio Gracie > Rickson Gracie > Luiz Palhares > Nestor Bayot > Deandre Corbe
bjj-v_nestor_bayot-v_luiz_palhares,v_nestor_bayot,Nestor Bayot,v_luiz_palhares,Luiz Palhares,black_belt_awarded_by,Faixa-preta concedida por,confirmed,high,Lineage declarada no perfil: C. Gracie > Helio Gracie > Rickson Gracie > Luiz Palhares > Nestor Bayot > Deandre Corbe
bjj-9934-v_nestor_bayot,9934,Deandre Corbe,v_nestor_bayot,Nestor Bayot,black_belt_awarded_by,Faixa-preta concedida por,confirmed,high,Lineage declarada no perfil: C. Gracie > Helio Gracie > Rickson Gracie > Luiz Palhares > Nestor Bayot > Deandre Corbe
bjj-9321-144,9321,Dominique Bell,144,Andre Galvao,black_belt_awarded_by,Faixa-preta concedida por,confirmed,high,Lineage declarada no perfil: C. Gracie > R. Gracie > Osvaldo Alves > Luis Dagmar > André Galvão > Dominique Bell
bjj-5229-16,5229,Dominika Obelenyte,16,Marcelo Garcia,black_belt_awarded_by,Faixa-preta concedida por,confirmed,high,Lineage declarada no perfil: Mitsuyo Maeda > Carlos Gracie > Helio Gracie > Rolls Gracie > Romero Cavalcanti > Fabio Gurgel > Marcelo Garcia > Dominyka Obelenyte
bjj-8128-1307,8128,Donald Achnick,1307,Lloyd Irvin,black_belt_awarded_by,Faixa-preta concedida por,confirmed,high,Lineage declarada no perfil: M. Maeda > C. Gracie > H. Gracie > R. Gracie > Jorge Pereira > Leo Dalla > Lloyd Irvin > Donald Achnick
bjj-623-52,623,John Danaher,52,Renzo Gracie,black_belt_awarded_by,Faixa-preta concedida por,confirmed,high,Lineage declarada no perfil: Carlos Gracie > Helio Gracie > Carlos Gracie Jr > Renzo Gracie > John Danaher > Dorian Olivarez
bjj-13729-623,13729,Dorian Olivarez,623,John Danaher,black_belt_awarded_by,Faixa-preta concedida por,confirmed,high,Lineage declarada no perfil: Carlos Gracie > Helio Gracie > Carlos Gracie Jr > Renzo Gracie > John Danaher > Dorian Olivarez
bjj-10000-623,10000,Doug Pelinkovic,623,John Danaher,black_belt_awarded_by,Faixa-preta concedida por,confirmed,high,Lineage declarada no perfil: Mitsuyo Maeda > C. Gracie > H. Gracie > C. Gracie Jr > Renzo Gracie > John Danaher > Doug Pelinkovic
bjj-v_marcus_silveira-22,v_marcus_silveira,Marcus Silveira,22,Carlson Gracie,black_belt_awarded_by,Faixa-preta concedida por,confirmed,high,Lineage declarada no perfil: Mitsuyo Maeda > Carlos Gracie > Carlson Gracie > Marcus Silveira > Dustin Denes
bjj-1680-v_marcus_silveira,1680,Dustin Denes,v_marcus_silveira,Marcus Silveira,black_belt_awarded_by,Faixa-preta concedida por,confirmed,high,Lineage declarada no perfil: Mitsuyo Maeda > Carlos Gracie > Carlson Gracie > Marcus Silveira > Dustin Denes
bjj-v_renam_pitangui-67,v_renam_pitangui,Renam Pitangui,67,Rickson Gracie,black_belt_awarded_by,Faixa-preta concedida por,confirmed,high,Lineage declarada no perfil: Mitsuyo Maeda > Carlos Gracie > Helio Gracie > Rickson Gracie > Renam Pitangui > Totila ‘Pitoco’ Jordan > Rogério Poggio > Edson Diniz
bjj-totila-jordan-v_renam_pitangui,totila-jordan,Totila ‘Pitoco’ Jordan,v_renam_pitangui,Renam Pitangui,black_belt_awarded_by,Faixa-preta concedida por,confirmed,high,Lineage declarada no perfil: Mitsuyo Maeda > Carlos Gracie > Helio Gracie > Rickson Gracie > Renam Pitangui > Totila ‘Pitoco’ Jordan > Rogério Poggio > Edson Diniz
bjj-1942-totila-jordan,1942,Rogerio Poggio,totila-jordan,Totila ‘Pitoco’ Jordan,black_belt_awarded_by,Faixa-preta concedida por,confirmed,high,Lineage declarada no perfil: Mitsuyo Maeda > Carlos Gracie > Helio Gracie > Rickson Gracie > Renam Pitangui > Totila ‘Pitoco’ Jordan > Rogério Poggio > Edson Diniz
bjj-9941-1942,9941,Edson Diniz,1942,Rogerio Poggio,black_belt_awarded_by,Faixa-preta concedida por,confirmed,high,Lineage declarada no perfil: Mitsuyo Maeda > Carlos Gracie > Helio Gracie > Rickson Gracie > Renam Pitangui > Totila ‘Pitoco’ Jordan > Rogério Poggio > Edson Diniz
bjj-v_eduardo_avelar-3028,v_eduardo_avelar,Eduardo Avelar,3028,Leandro Escobar,black_belt_awarded_by,Faixa-preta concedida por,confirmed,high,Lineage declarada no perfil: Carlos Gracie > Helio Gracie > Carlson Gracie > Crézio de Souza > André Almeida > Leandro Escobar > Eduardo Avelar
bjj-7405-203,7405,Eduardo Barboza,203,Julio Cesar,black_belt_awarded_by,Faixa-preta concedida por,confirmed,high,Lineage declarada no perfil: Mitsuyo Maeda > Luis França > Oswaldo Fadda > Monir Salomão > Júlio César > Eduardo Barboza
bjj-9901-297,9901,Eduardo Galvao,297,Carlos Gracie Junior,black_belt_awarded_by,Faixa-preta concedida por,confirmed,high,Lineage declarada no perfil: Mitsuyo Maeda > Carlos Gracie > Helio Gracie > Carlos Gracie Junior > Eduardo Galvão
bjj-3508-714,3508,Eduardo Goncalves,714,Francisco Albuquerque,black_belt_awarded_by,Faixa-preta concedida por,confirmed,high,Lineage declarada no perfil: Mitsuyo Maeda > Carlos Gracie > Carlson Gracie > Francisco Albuquerque > Eduardo Gonçalves
bjj-13483-338,13483,Eduardo Granzotto,338,Ricardo Vieira,black_belt_awarded_by,Faixa-preta concedida por,confirmed,high,Lineage declarada no perfil: Carlos Gracie > Helio Gracie > Rolls Gracie > Romero Cavalcanti > Ricardo Vieira > Eduardo Granzotto
bjj-9483-luiz-guilherme-guigo,9483,Eduardo Lopes,luiz-guilherme-guigo,Luis Guilherme,black_belt_awarded_by,Faixa-preta concedida por,confirmed,high,Lineage declarada no perfil: M. Maeda > Carlos Gracie > Helio G. > Rickson G. > Jorge Pereira > Luis Guilherme > Eduardo Lopes
bjj-9635-481,9635,Guilherme Rocha,481,Saulo Ribeiro,black_belt_awarded_by,Faixa-preta concedida por,confirmed,high,Lineage declarada no perfil: Mitsuyo Maeda > Carlos Gracie > Helio Gracie > Royler Gracie > Saulo Ribeiro > Guilherme Rocha > Eduardo Monteiro
bjj-1520-9635,1520,Eduardo Monteiro,9635,Guilherme Rocha,black_belt_awarded_by,Faixa-preta concedida por,confirmed,high,Lineage declarada no perfil: Mitsuyo Maeda > Carlos Gracie > Helio Gracie > Royler Gracie > Saulo Ribeiro > Guilherme Rocha > Eduardo Monteiro
bjj-v_neovan_da_costa-553,v_neovan_da_costa,Neovan da Costa,553,Roberto Correa,black_belt_awarded_by,Faixa-preta concedida por,confirmed,high,Lineage declarada no perfil: Carlos Gracie > Helio Gracie > Carlos Gracie Jr. > Roberto Corrêa > Neovan da Costa > Eduardo Roque
bjj-12539-v_neovan_da_costa,12539,Eduardo Roque,v_neovan_da_costa,Neovan da Costa,black_belt_awarded_by,Faixa-preta concedida por,confirmed,high,Lineage declarada no perfil: Carlos Gracie > Helio Gracie > Carlos Gracie Jr. > Roberto Corrêa > Neovan da Costa > Eduardo Roque
bjj-562-355,562,Eduardo Telles,355,Romero Cavalcanti,black_belt_awarded_by,Faixa-preta concedida por,confirmed,high,Lineage declarada no perfil: Mitsuyo Maeda > Carlos Gracie > Helio Gracie > Rolls Gracie > Romero Cavalcanti > Eduardo Telles
bjj-v_gustavo_almeida-7672,v_gustavo_almeida,Gustavo Almeida,7672,Caio Almeida,black_belt_awarded_by,Faixa-preta concedida por,confirmed,high,Lineage declarada no perfil: Mitsuyo Maeda > Carlos Gracie > Helio Gracie > Carlos Gracie Junior > Ryan Gracie > Gabriel Vella > Caio Almeida > Gustavo Almeida > Eduardo Tinoco
bjj-8602-v_gustavo_almeida,8602,Eduardo Tinoco,v_gustavo_almeida,Gustavo Almeida,black_belt_awarded_by,Faixa-preta concedida por,confirmed,high,Lineage declarada no perfil: Mitsuyo Maeda > Carlos Gracie > Helio Gracie > Carlos Gracie Junior > Ryan Gracie > Gabriel Vella > Caio Almeida > Gustavo Almeida > Eduardo Tinoco
bjj-11357-640,11357,Eduardo Ramos,640,Ramon Lemos,black_belt_awarded_by,Faixa-preta concedida por,confirmed,high,Lineage declarada no perfil: Carlos Gracie > Helio Gracie > Carlson Gracie > Andre Pederneiras > Ramon Lemos > Ed Ramos
bjj-3371-361,3371,Eduardo Venancio,361,Ricardo De La Riva,black_belt_awarded_by,Faixa-preta concedida por,confirmed,high,Lineage declarada no perfil: Mitsuyo Maeda > Carlos Gracie > Carlson Gracie > Ricardo De La Riva > Eduardo Venâncio
bjj-7442-623,7442,Edward Cummings,623,John Danaher,black_belt_awarded_by,Faixa-preta concedida por,confirmed,high,Lineage declarada no perfil: Mitsuyo Maeda > Carlos Gracie (Sr) > Hélio Gracie > Carlos Gracie Junior > Renzo Gracie > John Danaher > Eddie Cummings
bjj-320-374,320,Romulo Barral,374,Vinicius Magalhaes,black_belt_awarded_by,Faixa-preta concedida por,confirmed,high,Lineage declarada no perfil: Mitsuyo Maeda > Carlos Gracie > Helio Gracie > Carlos Gracie Jr > Draculino > R. Barral > Edwin Najmi
bjj-5238-320,5238,Edwin Najmi,320,Romulo Barral,black_belt_awarded_by,Faixa-preta concedida por,confirmed,high,Lineage declarada no perfil: Mitsuyo Maeda > Carlos Gracie > Helio Gracie > Carlos Gracie Jr > Draculino > R. Barral > Edwin Najmi
bjj-v_edwin_ocasio-484,v_edwin_ocasio,Edwin Ocasio,484,Murilo Santana,black_belt_awarded_by,Faixa-preta concedida por,confirmed,high,Lineage declarada no perfil: Carlos Gracie > Helio Gracie > Rickson Gracie > Marcelo Behring > Mario Yamasaki > Murilo Santana > Edwin Ocasio
bjj-v_fernando_araujo-714,v_fernando_araujo,Fernando Araújo,714,Francisco Albuquerque,black_belt_awarded_by,Faixa-preta concedida por,confirmed,high,Lineage declarada no perfil: Mitsuyo Maeda > Carlos Gracie > Carlson Gracie > Francisco Albuquerque > Fernando Araújo > Eldar Rafigaev
bjj-10318-v_fernando_araujo,10318,Eldar Rafigaev,v_fernando_araujo,Fernando Araújo,black_belt_awarded_by,Faixa-preta concedida por,confirmed,high,Lineage declarada no perfil: Mitsuyo Maeda > Carlos Gracie > Carlson Gracie > Francisco Albuquerque > Fernando Araújo > Eldar Rafigaev
bjj-12922-875,12922,Elder Cruz,875,Lucas Leite,black_belt_awarded_by,Faixa-preta concedida por,confirmed,high,Lineage declarada no perfil: Carlos Gracie > Helio Gracie > Rolls Gracie > Romero Cavalcanti > Leonardo Vieira > Lucas Leite > Elder Cruz
bjj-8714-1633,8714,Maximiliano Carvalho,1633,Jose Olimpio,black_belt_awarded_by,Faixa-preta concedida por,confirmed,high,Lineage declarada no perfil: Carlos Gracie > Helio Gracie > Carlos Gracie Jr > José Olímpio > Max Carvalho > Eleftheria Christodoulou
bjj-13095-8714,13095,Eleftheria Christodoulou,8714,Maximiliano Carvalho,black_belt_awarded_by,Faixa-preta concedida por,confirmed,high,Lineage declarada no perfil: Carlos Gracie > Helio Gracie > Carlos Gracie Jr > José Olímpio > Max Carvalho > Eleftheria Christodoulou
bjj-v_walter_alamo-361,v_walter_alamo,Walter Alamo,361,Ricardo De La Riva,black_belt_awarded_by,Faixa-preta concedida por,confirmed,high,Lineage declarada no perfil: Carlos Gracie > Helio Gracie > Carlson Gracie > Ricardo De La Riva > Walter Alamo > Eliana Carauni
bjj-13419-v_walter_alamo,13419,Elena Carauni,v_walter_alamo,Walter Alamo,black_belt_awarded_by,Faixa-preta concedida por,confirmed,high,Lineage declarada no perfil: Carlos Gracie > Helio Gracie > Carlson Gracie > Ricardo De La Riva > Walter Alamo > Eliana Carauni
bjj-7606-7749,7606,Eloisa Souto,7749,Claudio Joanino,black_belt_awarded_by,Faixa-preta concedida por,confirmed,high,Lineage declarada no perfil: Mitsuyo Maeda > Luiz França > Oswaldo Fadda > Sebastião Ricardo > Wendell Alexander > Claudio Joanino > Eloisa Souto
bjj-12897-1307,12897,Elijah Dorsey,1307,Lloyd Irvin,black_belt_awarded_by,Faixa-preta concedida por,confirmed,high,Lineage declarada no perfil: Carlos Gracie > Helio Gracie > Rickson Gracie > J. Pereira > Leo Dalla > Lloyd Irvin > Elijah Dorsey
bjj-11182-289,11182,Elina Moestam,289,Alan do Nascimento,black_belt_awarded_by,Faixa-preta concedida por,confirmed,high,Lineage declarada no perfil: Carlos Gracie > Helio Gracie > Rolls Gracie > Romero Cavalcanti > Ricardo Vieira > Alan Finfou > Elina Moestam
bjj-6481-52,6481,Amal Easton,52,Renzo Gracie,black_belt_awarded_by,Faixa-preta concedida por,confirmed,high,Lineage declarada no perfil: Carlos Gracie > Helio Gracie > Carlos Gracie Jr > Renzo Gracie > Amal Easton > Eliot Marshall
bjj-7639-6481,7639,Eliot Marshall,6481,Amal Easton,black_belt_awarded_by,Faixa-preta concedida por,confirmed,high,Lineage declarada no perfil: Carlos Gracie > Helio Gracie > Carlos Gracie Jr > Renzo Gracie > Amal Easton > Eliot Marshall
bjj-5414-188,5414,Osvaldo Moizinho,188,Augusto Mendes,black_belt_awarded_by,Faixa-preta concedida por,confirmed,high,Lineage declarada no perfil: Carlos Gracie > Helio Gracie > Francisco Mansur > Augusto Mendes > Osvaldo Moizinho > Elisabeth Clay
bjj-11762-5414,11762,Elisabeth Clay,5414,Osvaldo Moizinho,black_belt_awarded_by,Faixa-preta concedida por,confirmed,high,Lineage declarada no perfil: Carlos Gracie > Helio Gracie > Francisco Mansur > Augusto Mendes > Osvaldo Moizinho > Elisabeth Clay
bjj-v_dustin_akbari-1223,v_dustin_akbari,Dustin Akbari,1223,Cassio Werneck,black_belt_awarded_by,Faixa-preta concedida por,confirmed,high,Lineage declarada no perfil: Carlos Gracie > Reyson Gracie > Osvaldo Alves > Fabrício Martins > Ricardo Reis > Cassio Werneck > Dustin Akbari > Elizabeth Mitrovic
bjj-13968-v_dustin_akbari,13968,Elizabeth Mitrovic,v_dustin_akbari,Dustin Akbari,black_belt_awarded_by,Faixa-preta concedida por,confirmed,high,Lineage declarada no perfil: Carlos Gracie > Reyson Gracie > Osvaldo Alves > Fabrício Martins > Ricardo Reis > Cassio Werneck > Dustin Akbari > Elizabeth Mitrovic
bjj-10290-4317,10290,Elvira Karppinen,4317,Eddie Bravo,black_belt_awarded_by,Faixa-preta concedida por,confirmed,high,Lineage declarada no perfil: Carlos Gracie (Senior) > Hélio Gracie > Carlos Gracie Júnior > Jean Jaques Machado > Eddie Bravo > Elvira Karppinen
bjj-v_ray_casias-378,v_ray_casias,Ray Casias,378,Robert Drysdale,black_belt_awarded_by,Faixa-preta concedida por,confirmed,high,Lineage declarada no perfil: Carlos Gracie > Helio Gracie > Rolls Gracie > Romero Cavalcanti > Leonardo Vieira > Robert Drysdale > Ray Casias > Emilio Hernandez
bjj-11093-v_ray_casias,11093,Emilio Hernandez,v_ray_casias,Ray Casias,black_belt_awarded_by,Faixa-preta concedida por,confirmed,high,Lineage declarada no perfil: Carlos Gracie > Helio Gracie > Rolls Gracie > Romero Cavalcanti > Leonardo Vieira > Robert Drysdale > Ray Casias > Emilio Hernandez
bjj-11669-144,11669,Emilly Alves Vasconcelos,144,Andre Galvao,black_belt_awarded_by,Faixa-preta concedida por,confirmed,high,Lineage declarada no perfil: C. Gracie > R. Gracie > Osvaldo Alves > Luis Dagmar > André Galvão > Emilly Vasconcelos
bjj-13170-637,13170,Emilly Fernandez,637,Bruno Bastos,black_belt_awarded_by,Faixa-preta concedida por,confirmed,high,Lineage declarada no perfil: Luiz França > Oswaldo Fadda > Sebastião Ricardo > Wendell Alexander > Bruno Bastos > Emily Fernandez
bjj-1600-203,1600,Vinicius Marinho,203,Julio Cesar,black_belt_awarded_by,Faixa-preta concedida por,confirmed,high,Lineage declarada no perfil: Luis França > Oswaldo Fadda > Monir Salomão > Júlio César Pereira > Vinicius Marinho > Enderson Dias
bjj-12680-1600,12680,Enderson Dias,1600,Vinicius Marinho,black_belt_awarded_by,Faixa-preta concedida por,confirmed,high,Lineage declarada no perfil: Luis França > Oswaldo Fadda > Monir Salomão > Júlio César Pereira > Vinicius Marinho > Enderson Dias
bjj-1290-419,1290,Tarcisio Jardim,419,Leonardo Vieira,black_belt_awarded_by,Faixa-preta concedida por,confirmed,high,Lineage declarada no perfil: Carlos Gracie (Senior) > Helio Gracie > Rolls Gracie > Romero Cavalcanti (Jacaré) > Leonardo Vieira > Tarcisio Jardim > Endres Barbosa
bjj-9465-1290,9465,Endres Barbosa Mendes,1290,Tarcisio Jardim,black_belt_awarded_by,Faixa-preta concedida por,confirmed,high,Lineage declarada no perfil: Carlos Gracie (Senior) > Helio Gracie > Rolls Gracie > Romero Cavalcanti (Jacaré) > Leonardo Vieira > Tarcisio Jardim > Endres Barbosa
bjj-655-297,655,Helio Moreira,297,Carlos Gracie Junior,black_belt_awarded_by,Faixa-preta concedida por,confirmed,high,Lineage declarada no perfil: Carlos Gracie > Helio Gracie > Carlos Gracie Junior > Helio Soneca > Nicky Robinson > Eoghan O’Flanagan
bjj-v_nicky_robinson-655,v_nicky_robinson,Nicky Robinson,655,Helio Moreira,black_belt_awarded_by,Faixa-preta concedida por,confirmed,high,Lineage declarada no perfil: Carlos Gracie > Helio Gracie > Carlos Gracie Junior > Helio Soneca > Nicky Robinson > Eoghan O’Flanagan
bjj-v_eoghan_o_flanagan-v_nicky_robinson,v_eoghan_o_flanagan,Eoghan O’Flanagan,v_nicky_robinson,Nicky Robinson,black_belt_awarded_by,Faixa-preta concedida por,confirmed,high,Lineage declarada no perfil: Carlos Gracie > Helio Gracie > Carlos Gracie Junior > Helio Soneca > Nicky Robinson > Eoghan O’Flanagan
bjj-730-481,730,Vinicius Aieta,481,Saulo Ribeiro,black_belt_awarded_by,Faixa-preta concedida por,confirmed,high,Lineage declarada no perfil: Carlos Gracie > Helio Gracie > Royler Gracie > Saulo Ribeiro > Vini Aieta > Jorge Britto > Eric Phan
bjj-8938-730,8938,Jorge Britto,730,Vinicius Aieta,black_belt_awarded_by,Faixa-preta concedida por,confirmed,high,Lineage declarada no perfil: Carlos Gracie > Helio Gracie > Royler Gracie > Saulo Ribeiro > Vini Aieta > Jorge Britto > Eric Phan
bjj-10623-8938,10623,Eric Phan,8938,Jorge Britto,black_belt_awarded_by,Faixa-preta concedida por,confirmed,high,Lineage declarada no perfil: Carlos Gracie > Helio Gracie > Royler Gracie > Saulo Ribeiro > Vini Aieta > Jorge Britto > Eric Phan
bjj-11693-7552,11693,Erich Munis,7552,Isaque Bahiense,black_belt_awarded_by,Faixa-preta concedida por,confirmed,high,Lineage declarada no perfil: Carlos Gracie > Helio Gracie > Rolls Gracie > Romero Cavalcanti > Fábio Gurgel > Isaque Bahiense > Erich Munis
bjj-v_herman_gutierrez-v_octavio_de_almeida_junior,v_herman_gutierrez,Herman Gutierrez,v_octavio_de_almeida_junior,Octávio de Almeida Junior,black_belt_awarded_by,Faixa-preta concedida por,confirmed,high,Lineage declarada no perfil: Mitsuyo Maeda > Carlos Gracie > George Gracie > Octávio de Almeida (Senior) > Octávio de Almeida Junior > Herman Gutierrez > Éricka Almeida
bjj-9868-v_herman_gutierrez,9868,Ericka Almeida,v_herman_gutierrez,Herman Gutierrez,black_belt_awarded_by,Faixa-preta concedida por,confirmed,high,Lineage declarada no perfil: Mitsuyo Maeda > Carlos Gracie > George Gracie > Octávio de Almeida (Senior) > Octávio de Almeida Junior > Herman Gutierrez > Éricka Almeida
bjj-v_wagner_oliveira-3416,v_wagner_oliveira,Wagner Oliveira,3416,Monir Salomao,black_belt_awarded_by,Faixa-preta concedida por,confirmed,high,Lineage declarada no perfil: Luis França > Oswaldo Fadda > Monir Salomão > Júlio César > Wagner Oliveira > Erika Machado
bjj-14247-v_wagner_oliveira,14247,Ericka Machado,v_wagner_oliveira,Wagner Oliveira,black_belt_awarded_by,Faixa-preta concedida por,confirmed,high,Lineage declarada no perfil: Luis França > Oswaldo Fadda > Monir Salomão > Júlio César > Wagner Oliveira > Erika Machado
bjj-1229-374,1229,Erik Wanderley,374,Vinicius Magalhaes,black_belt_awarded_by,Faixa-preta concedida por,confirmed,high,Lineage declarada no perfil: Mitsuyo Maeda > Carlos Gracie Sr. > Helio Gracie > Carlos Gracie Junior > Vinicius Magalhães > Erik Wanderley
bjj-v_matt_arroyo-v_rob_kahn,v_matt_arroyo,Matt Arroyo,v_rob_kahn,Rob Kahn,black_belt_awarded_by,Faixa-preta concedida por,confirmed,high,Lineage declarada no perfil: Carlos Gracie > Helio Gracie > Royce Gracie > Rob Kahn > Matt Arroyo > Erin Harpe
bjj-12293-v_matt_arroyo,12293,Erin Harpe,v_matt_arroyo,Matt Arroyo,black_belt_awarded_by,Faixa-preta concedida por,confirmed,high,Lineage declarada no perfil: Carlos Gracie > Helio Gracie > Royce Gracie > Rob Kahn > Matt Arroyo > Erin Harpe
bjj-fernando-augusto-terere-bio-666,fernando-augusto-terere-bio,Fernando Tererê,666,Alexandre Paiva,black_belt_awarded_by,Faixa-preta concedida por,confirmed,high,Lineage declarada no perfil: Mitsuyo Maeda > Carlos Gracie > Helio Gracie > Rolls Gracie > Romero Cavalcanti > Alexandre Paiva > Fernando Tererê > Rubens Charles > Erin Herle
bjj-147-fernando-augusto-terere-bio,147,Rubens Charles,fernando-augusto-terere-bio,Fernando Tererê,black_belt_awarded_by,Faixa-preta concedida por,confirmed,high,Lineage declarada no perfil: Mitsuyo Maeda > Carlos Gracie > Helio Gracie > Rolls Gracie > Romero Cavalcanti > Alexandre Paiva > Fernando Tererê > Rubens Charles > Erin Herle
bjj-8605-147,8605,Erin Herle,147,Rubens Charles,black_belt_awarded_by,Faixa-preta concedida por,confirmed,high,Lineage declarada no perfil: Mitsuyo Maeda > Carlos Gracie > Helio Gracie > Rolls Gracie > Romero Cavalcanti > Alexandre Paiva > Fernando Tererê > Rubens Charles > Erin Herle
bjj-1813-78,1813,Jair Lourenco,78,Andre Pederneiras,black_belt_awarded_by,Faixa-preta concedida por,confirmed,high,Lineage declarada no perfil: Carlos Gracie > Helio Gracie > Carlson Gracie > André Pederneiras > Jair Lourenço > José Carlos Granja > Espen Mathiesen
bjj-7693-1813,7693,Jose Carlos Granja,1813,Jair Lourenco,black_belt_awarded_by,Faixa-preta concedida por,confirmed,high,Lineage declarada no perfil: Carlos Gracie > Helio Gracie > Carlson Gracie > André Pederneiras > Jair Lourenço > José Carlos Granja > Espen Mathiesen
bjj-8215-7693,8215,Espen Mathiesen,7693,Jose Carlos Granja,black_belt_awarded_by,Faixa-preta concedida por,confirmed,high,Lineage declarada no perfil: Carlos Gracie > Helio Gracie > Carlson Gracie > André Pederneiras > Jair Lourenço > José Carlos Granja > Espen Mathiesen
bjj-5660-1633,5660,Lucas Rocha,1633,Jose Olimpio,black_belt_awarded_by,Faixa-preta concedida por,confirmed,high,Lineage declarada no perfil: Carlos Gracie > Helio Gracie > Carlos Gracie Jr > Jose Olimpio > Lucas Rocha > Estevan Martinez
bjj-12120-5660,12120,Estevan Martinez,5660,Lucas Rocha,black_belt_awarded_by,Faixa-preta concedida por,confirmed,high,Lineage declarada no perfil: Carlos Gracie > Helio Gracie > Carlos Gracie Jr > Jose Olimpio > Lucas Rocha > Estevan Martinez
bjj-11223-623,11223,Ethan Crelinsten,623,John Danaher,black_belt_awarded_by,Faixa-preta concedida por,confirmed,high,Lineage declarada no perfil: Carlos Gracie > Helio Gracie > Carlos Gracie Jr > Renzo Gracie > John Danaher > Ethan Crelinsten
bjj-720-601,720,Jorge Patino,601,Roberto Godoi,black_belt_awarded_by,Faixa-preta concedida por,confirmed,high,Lineage declarada no perfil: Mitsuyo Maeda > Carlos Gracie > Helio Gracie > Rickson Gracie > Marcelo Behring > Waldomiro Perez > Roberto Godoi > Jorge Patino > Roger Coelho > Everton Santana
bjj-1297-720,1297,Roger Coelho,720,Jorge Patino,black_belt_awarded_by,Faixa-preta concedida por,confirmed,high,Lineage declarada no perfil: Mitsuyo Maeda > Carlos Gracie > Helio Gracie > Rickson Gracie > Marcelo Behring > Waldomiro Perez > Roberto Godoi > Jorge Patino > Roger Coelho > Everton Santana
bjj-1367-1297,1367,Everton Santana,1297,Roger Coelho,black_belt_awarded_by,Faixa-preta concedida por,confirmed,high,Lineage declarada no perfil: Mitsuyo Maeda > Carlos Gracie > Helio Gracie > Rickson Gracie > Marcelo Behring > Waldomiro Perez > Roberto Godoi > Jorge Patino > Roger Coelho > Everton Santana
bjj-14025-963,14025,Everton Souza Teixeira,963,Carlos Vieira Holanda,black_belt_awarded_by,Faixa-preta concedida por,confirmed,high,Lineage declarada no perfil: Carlos Gracie > Reyson Gracie > Osvaldo Alves > Faustino Neto (Pina) > Carlos Holanda > Everton Souza Teixeira
bjj-v_fabiano_gaudio-cezar-guimaraes-casquinha,v_fabiano_gaudio,Fabiano Gaudio,cezar-guimaraes-casquinha,Cesar Guimaraes,black_belt_awarded_by,Faixa-preta concedida por,confirmed,high,Lineage declarada no perfil: Mitsuyo Maeda > Carlos Gracie > Helio Gracie > Carlson Gracie > Walter Guimaraes > Cesar Guimaraes > Fabiano Gaudio > Fabiana Borges
bjj-970-v_fabiano_gaudio,970,Fabiana Borges,v_fabiano_gaudio,Fabiano Gaudio,black_belt_awarded_by,Faixa-preta concedida por,confirmed,high,Lineage declarada no perfil: Mitsuyo Maeda > Carlos Gracie > Helio Gracie > Carlson Gracie > Walter Guimaraes > Cesar Guimaraes > Fabiano Gaudio > Fabiana Borges
bjj-1713-591,1713,Fabiano Silva,591,Ricardo Liborio,black_belt_awarded_by,Faixa-preta concedida por,confirmed,high,Lineage declarada no perfil: Mitsuyo Maeda > Carlos Gracie > Carlson Gracie > Ricardo Libório > Fabiano Silva
bjj-9725-322,9725,Fabbio Passos,322,Fabio Gurgel,black_belt_awarded_by,Faixa-preta concedida por,confirmed,high,Lineage declarada no perfil: Mitsuyo Maeda > Carlos Gracie (Senior) > Helio Gracie > Rolls Gracie > Romero Cavalcanti (Jacaré) > Fábio Gurgel > Fabbio Passos
bjj-1631-2052,1631,Sylvio Behring,2052,Alvaro Barreto,black_belt_awarded_by,Faixa-preta concedida por,confirmed,high,Lineage declarada no perfil: C. Gracie > H. Gracie > Álvaro Barreto > Sylvio Behring > Mario Reis > Fábio Alano
bjj-790-1631,790,Mario Reis,1631,Sylvio Behring,black_belt_awarded_by,Faixa-preta concedida por,confirmed,high,Lineage declarada no perfil: C. Gracie > H. Gracie > Álvaro Barreto > Sylvio Behring > Mario Reis > Fábio Alano
bjj-10252-790,10252,Fabio Alano,790,Mario Reis,black_belt_awarded_by,Faixa-preta concedida por,confirmed,high,Lineage declarada no perfil: C. Gracie > H. Gracie > Álvaro Barreto > Sylvio Behring > Mario Reis > Fábio Alano
bjj-3402-v_daniel_almeida,3402,Fabio Andrade,v_daniel_almeida,Daniel Almeida,black_belt_awarded_by,Faixa-preta concedida por,confirmed,high,Lineage declarada no perfil: Mitsuyo Maeda > Luiz França > Oswaldo Fadda > Sebastião Ricardo > Wendell Alexander > Daniel Almeida > Fabio Andrade
bjj-4115-322,4115,Fabio Caloi,322,Fabio Gurgel,black_belt_awarded_by,Faixa-preta concedida por,confirmed,high,Lineage declarada no perfil: C. Gracie > Helio Gracie > Rolls Gracie > Romero Cavalcanti > Fábio Gurgel > Fábio Caloi
bjj-2266-88,2266,Fabio Clemente,88,Jean Jacques Machado,black_belt_awarded_by,Faixa-preta concedida por,confirmed,high,Lineage declarada no perfil: Mitsuyo Maeda > Carlos Gracie > Helio Gracie > Carlos Gracie Jr > Jean Jacques Machado > Fabio Clemente
bjj-658-6683,658,Fabio Leopoldo,6683,Ryan Gracie,black_belt_awarded_by,Faixa-preta concedida por,confirmed,high,Lineage declarada no perfil: Mitsuyo Maeda > Carlos Gracie Sr. > Carlos Gracie Junior > Ryan Gracie > Fabio Leopoldo
bjj-v_marcelo_clemente-515,v_marcelo_clemente,Marcelo Clemente,515,Royler Gracie,black_belt_awarded_by,Faixa-preta concedida por,confirmed,high,Lineage declarada no perfil: Mitsuyo Maeda > Carlos Gracie > Helio Gracie > Royler Gracie > Marcelo Clemente > Fabio Prado
bjj-1303-v_marcelo_clemente,1303,Fabio Prado,v_marcelo_clemente,Marcelo Clemente,black_belt_awarded_by,Faixa-preta concedida por,confirmed,high,Lineage declarada no perfil: Mitsuyo Maeda > Carlos Gracie > Helio Gracie > Royler Gracie > Marcelo Clemente > Fabio Prado
bjj-11497-10088,11497,Fabricio Andrey,10088,Melqui Galvao,black_belt_awarded_by,Faixa-preta concedida por,confirmed,high,Lineage declarada no perfil: Carlos Gracie > Helio Gracie > Royler Gracie > Rolker Gracie > Augusto Monteiro > Ronnie Melo > Melquisedeque Galvão > Fabricio Andrey
bjj-12629-1155,12629,Fabricio Barbarotti,1155,Cicero Costha,black_belt_awarded_by,Faixa-preta concedida por,confirmed,high,Lineage declarada no perfil: Carlos Gracie > Helio Gracie > Rickson Gracie > Marcelo Behring > Waldomiro Perez > Roberto Godoi > Marco Barbosa > Cicero Costha > Fabricio Barbarotti
bjj-7878-515,7878,Fabricio Camoes,515,Royler Gracie,black_belt_awarded_by,Faixa-preta concedida por,confirmed,high,Lineage declarada no perfil: Mitsuyo Maeda > Carlos Gracie > Helio Gracie > Royler Gracie > Fabrício Camões
bjj-1005-2216,1005,Moises Murad,2216,Octavio de Almeida,black_belt_awarded_by,Faixa-preta concedida por,confirmed,high,Lineage declarada no perfil: Mitsuyo Maeda > Carlos Gracie (Senior) > George Gracie > Octávio de Almeida > Moisés Muradi > Givanildo Santana > Fabricio Medici
bjj-5000-1005,5000,Givanildo Santana,1005,Moises Murad,black_belt_awarded_by,Faixa-preta concedida por,confirmed,high,Lineage declarada no perfil: Mitsuyo Maeda > Carlos Gracie (Senior) > George Gracie > Octávio de Almeida > Moisés Muradi > Givanildo Santana > Fabricio Medici
bjj-9370-5000,9370,Fabricio Medici,5000,Givanildo Santana,black_belt_awarded_by,Faixa-preta concedida por,confirmed,high,Lineage declarada no perfil: Mitsuyo Maeda > Carlos Gracie (Senior) > George Gracie > Octávio de Almeida > Moisés Muradi > Givanildo Santana > Fabricio Medici
bjj-677-524,677,Sergio Penha,524,Osvaldo Alves,black_belt_awarded_by,Faixa-preta concedida por,confirmed,high,Lineage declarada no perfil: Mitsuyo Maeda > Carlos Gracie sr > Reyson Gracie > Osvaldo Alves > Sérgio Penha > Fabrício Moreira
bjj-9127-677,9127,Fabricio Moreira,677,Sergio Penha,black_belt_awarded_by,Faixa-preta concedida por,confirmed,high,Lineage declarada no perfil: Mitsuyo Maeda > Carlos Gracie sr > Reyson Gracie > Osvaldo Alves > Sérgio Penha > Fabrício Moreira
bjj-1563-3416,1563,Gabriel Rainho,3416,Monir Salomao,black_belt_awarded_by,Faixa-preta concedida por,confirmed,high,Lineage declarada no perfil: Luis França > Oswaldo Fadda > Monir Salomão > Júlio César > Gabriel Rainho > Fabyury Khrysthyan
bjj-13785-1563,13785,Fabyury Khrysthyan,1563,Gabriel Rainho,black_belt_awarded_by,Faixa-preta concedida por,confirmed,high,Lineage declarada no perfil: Luis França > Oswaldo Fadda > Monir Salomão > Júlio César > Gabriel Rainho > Fabyury Khrysthyan
bjj-573-1631,573,Fabricio Werdum,1631,Sylvio Behring,black_belt_awarded_by,Faixa-preta concedida por,confirmed,high,Lineage declarada no perfil: Carlos Gracie > Helio Gracie > Alvaro Barreto > Sylvio Behring > Fabricio Werdum
bjj-v_faris_ben_lamkadem-505,v_faris_ben_lamkadem,Faris Ben-Lamkadem,505,Roger Gracie,black_belt_awarded_by,Faixa-preta concedida por,confirmed,high,Lineage declarada no perfil: Carlos Gracie > Helio Gracie > Carlos Gracie Junior > Roger Gracie > Faris Ben-Lamkadem
bjj-524-hist_helio,524,Osvaldo Alves,hist_helio,Helio Gracie,black_belt_awarded_by,Faixa-preta concedida por,confirmed,high,Lineage declarada no perfil: Carlos Gracie > Helio Gracie > Osvaldo Alves > Faustino Neto
bjj-9404-7321,9404,Ffion Davies,7321,Darragh OConnaill,black_belt_awarded_by,Faixa-preta concedida por,confirmed,high,Lineage declarada no perfil: Carlos Gracie Sr. > Helio Gracie > Royler Gracie > Saulo Ribeiro > Alexandre Ribeiro > Darragh O’Conaill > Ffion Davies
bjj-v_jose_neto-2040,v_jose_neto,José Neto,2040,Francisco Mansur,black_belt_awarded_by,Faixa-preta concedida por,confirmed,high,Lineage declarada no perfil: Mitsuyo Maeda > C. Gracie > H. Gracie > Chico Mansur > José Neto > Bruno Barreto > Felipe Bezerra
bjj-v_bruno_barreto-v_jose_neto,v_bruno_barreto,Bruno Barreto,v_jose_neto,José Neto,black_belt_awarded_by,Faixa-preta concedida por,confirmed,high,Lineage declarada no perfil: Mitsuyo Maeda > C. Gracie > H. Gracie > Chico Mansur > José Neto > Bruno Barreto > Felipe Bezerra
bjj-7537-v_bruno_barreto,7537,Felipe Bezerra,v_bruno_barreto,Bruno Barreto,black_belt_awarded_by,Faixa-preta concedida por,confirmed,high,Lineage declarada no perfil: Mitsuyo Maeda > C. Gracie > H. Gracie > Chico Mansur > José Neto > Bruno Barreto > Felipe Bezerra
bjj-v_fredson_alves-515,v_fredson_alves,Fredson Alves,515,Royler Gracie,black_belt_awarded_by,Faixa-preta concedida por,confirmed,high,Lineage declarada no perfil: Mitsuyo Maeda > Carlos Gracie > Helio Gracie > Royler Gracie > Fredson Alves > Felipe Cavalcante
bjj-1268-v_fredson_alves,1268,Felipe Cavalcante,v_fredson_alves,Fredson Alves,black_belt_awarded_by,Faixa-preta concedida por,confirmed,high,Lineage declarada no perfil: Mitsuyo Maeda > Carlos Gracie > Helio Gracie > Royler Gracie > Fredson Alves > Felipe Cavalcante
bjj-4542-492,4542,Felipe Cesar,492,Marco Barbosa,black_belt_awarded_by,Faixa-preta concedida por,confirmed,high,Lineage declarada no perfil: Carlos Gracie > Helio Gracie > Rickson Gracie > Marcelo Behring > Waldomiro Perez > Roberto Godoi > Marco Barbosa > Felipe Cesar
bjj-9309-358,9309,Felipe Linhares,358,Lucas Lepri,black_belt_awarded_by,Faixa-preta concedida por,confirmed,high,Lineage declarada no perfil: Mitsuyo Maeda > Carlos Gracie (senior) > Helio Gracie > Carlson Gracie > Sérgio Souza “Bolão” > Mauro Chueng > Elan Santiago > Lucas Lepri > Felipe Linhares
bjj-5067-355,5067,Felipe Neto,355,Romero Cavalcanti,black_belt_awarded_by,Faixa-preta concedida por,confirmed,high,Lineage declarada no perfil: Mitsuyo Maeda > Carlos Gracie > Helio Gracie > Rolls Gracie > Romero Cavalcanti > Felipe Neto
bjj-6209-579,6209,Felipe Mota,579,Octavio Couto,black_belt_awarded_by,Faixa-preta concedida por,confirmed,high,Lineage declarada no perfil: M. Maeda > Carlos Gracie > Helio G > Rolls G. > R. Cavalcanti > Octávio Couto > Felipe Mota
bjj-rogerio-poggio-totila-jordan,rogerio-poggio,R. Poggio,totila-jordan,Totila ‘Pitoco’ Jordan,black_belt_awarded_by,Faixa-preta concedida por,confirmed,high,Lineage declarada no perfil: M. Maeda > Carlos Gracie > Helio G > Rickson G > Renam Pitangui > Pitoco > R. Poggio > Felipe Silva
bjj-6029-rogerio-poggio,6029,Felipe Silva,rogerio-poggio,R. Poggio,black_belt_awarded_by,Faixa-preta concedida por,confirmed,high,Lineage declarada no perfil: M. Maeda > Carlos Gracie > Helio G > Rickson G > Renam Pitangui > Pitoco > R. Poggio > Felipe Silva
bjj-v_elcio_figueiredo-22,v_elcio_figueiredo,Élcio Figueiredo,22,Carlson Gracie,black_belt_awarded_by,Faixa-preta concedida por,confirmed,high,Lineage declarada no perfil: Carlos Gracie > Carlson Gracie > Élcio Figueiredo > Rodrigo Cavaca > Fellipe Andrew
bjj-543-v_elcio_figueiredo,543,Rodrigo Cavaca,v_elcio_figueiredo,Élcio Figueiredo,black_belt_awarded_by,Faixa-preta concedida por,confirmed,high,Lineage declarada no perfil: Carlos Gracie > Carlson Gracie > Élcio Figueiredo > Rodrigo Cavaca > Fellipe Andrew
bjj-8514-543,8514,Fellipe Andrew,543,Rodrigo Cavaca,black_belt_awarded_by,Faixa-preta concedida por,confirmed,high,Lineage declarada no perfil: Carlos Gracie > Carlson Gracie > Élcio Figueiredo > Rodrigo Cavaca > Fellipe Andrew
bjj-195-78,195,Robson Moura,78,Andre Pederneiras,black_belt_awarded_by,Faixa-preta concedida por,confirmed,high,Lineage declarada no perfil: Carlos Gracie > Carlson Gracie > André Pederneiras > Robson Moura > André Ushirobira > Fellipe Trovo
bjj-7282-195,7282,Andre Ushirobira,195,Robson Moura,black_belt_awarded_by,Faixa-preta concedida por,confirmed,high,Lineage declarada no perfil: Carlos Gracie > Carlson Gracie > André Pederneiras > Robson Moura > André Ushirobira > Fellipe Trovo
bjj-8686-7282,8686,Fellipe Trovo,7282,Andre Ushirobira,black_belt_awarded_by,Faixa-preta concedida por,confirmed,high,Lineage declarada no perfil: Carlos Gracie > Carlson Gracie > André Pederneiras > Robson Moura > André Ushirobira > Fellipe Trovo
bjj-v_hector_vasquez-147,v_hector_vasquez,Hector Vasquez,147,Rubens Charles,black_belt_awarded_by,Faixa-preta concedida por,confirmed,high,Lineage declarada no perfil: Carlos Gracie > Helio Gracie > Rolls Gracie > Romero Cavalcanti > Alexandre Paiva > Fernando Terere > Rubens Charles > Hector Vasquez > Frank Cespedes
bjj-12848-v_hector_vasquez,12848,Frank Cespedes,v_hector_vasquez,Hector Vasquez,black_belt_awarded_by,Faixa-preta concedida por,confirmed,high,Lineage declarada no perfil: Carlos Gracie > Helio Gracie > Rolls Gracie > Romero Cavalcanti > Alexandre Paiva > Fernando Terere > Rubens Charles > Hector Vasquez > Frank Cespedes
bjj-9760-10000,9760,Frank Rosenthal,10000,Doug Pelinkovic,black_belt_awarded_by,Faixa-preta concedida por,confirmed,high,Lineage declarada no perfil: Mitsuyo Maeda > Carlos Gracie (Senior) > Helio Gracie > Carlos Gracie Junior > Renzo Gracie > John Danaher > Doug Pelinkovic > Frank Rosenthal
bjj-1403-322,1403,Fernando Di Piero,322,Fabio Gurgel,black_belt_awarded_by,Faixa-preta concedida por,confirmed,high,Lineage declarada no perfil: Mitsuyo Maeda > Carlos Gracie > Helio Gracie > Rolls Gracie > Romero Cavalcanti > Fábio Gurgel > Fernando Di Piero
bjj-690-78,690,Fernando Marques,78,Andre Pederneiras,black_belt_awarded_by,Faixa-preta concedida por,confirmed,high,Lineage declarada no perfil: Carlos Gracie > Carlson Gracie > Andre Pederneiras > Fernando Marques
bjj-v_fernando_monteiro-2040,v_fernando_monteiro,Fernando Monteiro,2040,Francisco Mansur,black_belt_awarded_by,Faixa-preta concedida por,confirmed,high,Lineage declarada no perfil: Mitsuyo Maeda > Carlos Gracie > Helio Gracie > Francisco Mansor > Fernando Monteiro
bjj-1411-232,1411,Fernando Paradeda,232,Jose Mario Sperry,black_belt_awarded_by,Faixa-preta concedida por,confirmed,high,Lineage declarada no perfil: Mitsuyo Maeda > Carlos Gracie > Carlson Gracie > Ze Mario Sperry > Fernando Paradeda
bjj-1916-601,1916,Fernando Pontes,601,Roberto Godoi,black_belt_awarded_by,Faixa-preta concedida por,confirmed,high,Lineage declarada no perfil: C. Gracie > H. Gracie > Rickson Gracie > Marcelo Behring > Waldomiro Perez > Roberto Godoi > Fernando Pontes
bjj-86-1108,86,Fernando Vieira,1108,Cristiano Carioca,black_belt_awarded_by,Faixa-preta concedida por,confirmed,high,Lineage declarada no perfil: Mitsuyo Maeda > Carlos Gracie > Helio Gracie > Royler Gracie > Rolker Gracie > Guto Monteiro > Cristiano Carioca > Fernando Vieira
bjj-v_eduardo_da_rocha-2517,v_eduardo_da_rocha,Eduardo da Rocha,2517,Wilson Mattos,black_belt_awarded_by,Faixa-preta concedida por,confirmed,high,Lineage declarada no perfil: Oswaldo Fadda > Wilson Mattos > Eduardo da Rocha > Rogerio de Cristo > Fernanda Cristo
bjj-v_rogerio_de_cristo-v_eduardo_da_rocha,v_rogerio_de_cristo,Rogerio de Cristo,v_eduardo_da_rocha,Eduardo da Rocha,black_belt_awarded_by,Faixa-preta concedida por,confirmed,high,Lineage declarada no perfil: Oswaldo Fadda > Wilson Mattos > Eduardo da Rocha > Rogerio de Cristo > Fernanda Cristo
bjj-12719-v_rogerio_de_cristo,12719,Fernanda Cristo,v_rogerio_de_cristo,Rogerio de Cristo,black_belt_awarded_by,Faixa-preta concedida por,confirmed,high,Lineage declarada no perfil: Oswaldo Fadda > Wilson Mattos > Eduardo da Rocha > Rogerio de Cristo > Fernanda Cristo
bjj-9859-623,9859,Firas Zahabi,623,John Danaher,black_belt_awarded_by,Faixa-preta concedida por,confirmed,high,Lineage declarada no perfil: M. Maeda > C. Gracie > Helio Gracie > Carlos Gracie Jr > Renzo Gracie > John Danaher > Firas Zahabi
bjj-11456-322,11456,Flavio Junqueira,322,Fabio Gurgel,black_belt_awarded_by,Faixa-preta concedida por,confirmed,high,Lineage declarada no perfil: C. Gracie > H. Gracie > Rolls Gracie > Romero Cavalcanti > Fábio Gurgel > Flávio Junqueira
bjj-6748-3416,6748,Juarez Soares,3416,Monir Salomao,black_belt_awarded_by,Faixa-preta concedida por,confirmed,high,Lineage declarada no perfil: Luis França > Oswaldo Fadda > Monir Salomão > Juarez Soares > Wilson Féu > Flavio Vianna
bjj-v_wilson_feu-6748,v_wilson_feu,Wilson Féu,6748,Juarez Soares,black_belt_awarded_by,Faixa-preta concedida por,confirmed,high,Lineage declarada no perfil: Luis França > Oswaldo Fadda > Monir Salomão > Juarez Soares > Wilson Féu > Flavio Vianna
bjj-11039-v_wilson_feu,11039,Flavio Vianna,v_wilson_feu,Wilson Féu,black_belt_awarded_by,Faixa-preta concedida por,confirmed,high,Lineage declarada no perfil: Luis França > Oswaldo Fadda > Monir Salomão > Juarez Soares > Wilson Féu > Flavio Vianna
bjj-13842-465,13842,Florian Bayili,465,Felipe Costa,black_belt_awarded_by,Faixa-preta concedida por,confirmed,high,Lineage declarada no perfil: Carlos Gracie > Helio Gracie > Rolls Gracie > Romero Cavalcanti > Rodrigo Medeiros > Felipe Costa > Florian Bayili
bjj-12372-361,12372,Francisco Cuneo,361,Ricardo De La Riva,black_belt_awarded_by,Faixa-preta concedida por,confirmed,high,Lineage declarada no perfil: Carlos Gracie > Helio Gracie > Carlson Gracie > Ricardo De La Riva > Francisco Cuneo
bjj-13076-1155,13076,Francisco Lo,1155,Cicero Costha,black_belt_awarded_by,Faixa-preta concedida por,confirmed,high,Lineage declarada no perfil: Carlos Gracie > Helio Gracie > Rickson Gracie > Marcelo Behring > Waldomiro Perez > Roberto Godoi > Marco Barbosa > Cicero Costha > Francisco Lo
bjj-1081-419,1081,Francisco Mendes,419,Leonardo Vieira,black_belt_awarded_by,Faixa-preta concedida por,confirmed,high,Lineage declarada no perfil: Mitsuyo Maeda > Carlos Gracie > Helio Gracie > Rolls Gracie > Romero Cavalcanti > Leonardo Vieira > Chico Mendes
bjj-2091-v_takeo_iano,2091,Francisco Sa,v_takeo_iano,Takeo Iano,black_belt_awarded_by,Faixa-preta concedida por,confirmed,high,Lineage declarada no perfil: Takeo Iano > Francisco Sá
bjj-14207-484,14207,Franco Diaz,484,Murilo Santana,black_belt_awarded_by,Faixa-preta concedida por,confirmed,high,Lineage declarada no perfil: Carlos Gracie > Helio Gracie > Rickson Gracie > Marcelo Behring > Mario Yamasaki > Murilo Santana > Franco Diaz
bjj-819-524,819,Fredson Paixao,524,Osvaldo Alves,black_belt_awarded_by,Faixa-preta concedida por,confirmed,high,Lineage declarada no perfil: Carlos Gracie > Reyson Gracie > Osvaldo Alves > Fredson Paixao
bjj-419-338,419,Leonardo Vieira,338,Ricardo Vieira,black_belt_awarded_by,Faixa-preta concedida por,confirmed,high,Lineage declarada no perfil: Carlos Gracie > Hélio Gracie > Rolls Gracie > Romero Cavalcanti > Rico Vieira > Leo Vieira > Gabriel Almeida
bjj-9250-419,9250,Gabriel Almeida,419,Leonardo Vieira,black_belt_awarded_by,Faixa-preta concedida por,confirmed,high,Lineage declarada no perfil: Carlos Gracie > Hélio Gracie > Rolls Gracie > Romero Cavalcanti > Rico Vieira > Leo Vieira > Gabriel Almeida
bjj-6071-320,6071,Gabriel Arges,320,Romulo Barral,black_belt_awarded_by,Faixa-preta concedida por,confirmed,high,Lineage declarada no perfil: Carlos Gracie (Sr) > Helio Gracie > Carlos Gracie Junior > Vinícius Magalhães > Rômulo Barral > Gabriel Arges
bjj-13670-2416,13670,Gabriel Brod,2416,Felipe Pena,black_belt_awarded_by,Faixa-preta concedida por,confirmed,high,Lineage declarada no perfil: Carlos Gracie > Helio Gracie > Carlos Gracie Jr > Vinicius Magalhães > Marcelo Azevedo > Felipe Pena > Gabriel Brod
bjj-693-5869,693,Luiz Guilherme,5869,Jorge Pereira,black_belt_awarded_by,Faixa-preta concedida por,confirmed,high,Lineage declarada no perfil: Carlos Gracie > Helio Gracie > Rickson G. > Jorge Pereira > Luiz Guilherme > Gabriel Costa
bjj-11766-693,11766,Gabriel Costa,693,Luiz Guilherme,black_belt_awarded_by,Faixa-preta concedida por,confirmed,high,Lineage declarada no perfil: Carlos Gracie > Helio Gracie > Rickson G. > Jorge Pereira > Luiz Guilherme > Gabriel Costa
bjj-12487-203,12487,Gabriel Gaudio,203,Julio Cesar,black_belt_awarded_by,Faixa-preta concedida por,confirmed,high,Lineage declarada no perfil: Luis França > Oswaldo Fadda > Monir Salomão > Júlio César Pereira > Gabriel Gaudio
bjj-6084-5869,6084,Wander Braga,5869,Jorge Pereira,black_belt_awarded_by,Faixa-preta concedida por,confirmed,high,Lineage declarada no perfil: Carlos Gracie > Helio Gracie > Rickson Gracie > Jorge Pereira > Wander Braga > Gabriel Gonzaga
bjj-10430-6084,10430,Gabriel Gonzaga,6084,Wander Braga,black_belt_awarded_by,Faixa-preta concedida por,confirmed,high,Lineage declarada no perfil: Carlos Gracie > Helio Gracie > Rickson Gracie > Jorge Pereira > Wander Braga > Gabriel Gonzaga
bjj-1017-322,1017,Gabriel Goulart,322,Fabio Gurgel,black_belt_awarded_by,Faixa-preta concedida por,confirmed,high,Lineage declarada no perfil: Mitsuyo Maeda > Carlos Gracie > Helio Gracie > Rolls Gracie > Romero Cavalcanti > Fabio Gurgel > Gabriel Goulart
bjj-v_gabriel_henrique-790,v_gabriel_henrique,Gabriel Henrique,790,Mario Reis,black_belt_awarded_by,Faixa-preta concedida por,confirmed,high,Lineage declarada no perfil: Carlos Gracie > Helio Gracie > Alvaro Barreto > Sylvio Behring > Mario Reis > Gabriel Henrique
bjj-8560-1152,8560,Gabriel Lucas,1152,Eduardo Conceicao,black_belt_awarded_by,Faixa-preta concedida por,confirmed,high,Lineage declarada no perfil: Mitsuyo Maeda > Carlos Gracie > Helio Gracie > Rolls Gracie > Romero Cavalcanti > Eduardo da Conceição “Jamelão” > Gabriel Lucas
bjj-9746-524,9746,Gabriel Kitober,524,Osvaldo Alves,black_belt_awarded_by,Faixa-preta concedida por,confirmed,high,Lineage declarada no perfil: Mitsuyo Maeda > Carlos Gracie Sr. > Reyson Gracie > Osvaldo Alves > Gabriel Kitober
bjj-v_marcelo_fraguas-112,v_marcelo_fraguas,Marcelo Fráguas,112,Demian Maia,black_belt_awarded_by,Faixa-preta concedida por,confirmed,high,Lineage declarada no perfil: Mitsuyo Maeda > Carlos Gracie > Helio Gracie > Rolls Gracie > Romero Cavalcanti > Fabio Gurgel > Demian Maia > Marcelo Fráguas > Rafael Marangoni > Gabriel Marangoni
bjj-v_rafael_marangoni-v_marcelo_fraguas,v_rafael_marangoni,Rafael Marangoni,v_marcelo_fraguas,Marcelo Fráguas,black_belt_awarded_by,Faixa-preta concedida por,confirmed,high,Lineage declarada no perfil: Mitsuyo Maeda > Carlos Gracie > Helio Gracie > Rolls Gracie > Romero Cavalcanti > Fabio Gurgel > Demian Maia > Marcelo Fráguas > Rafael Marangoni > Gabriel Marangoni
bjj-7698-v_rafael_marangoni,7698,Gabriel Marangoni,v_rafael_marangoni,Rafael Marangoni,black_belt_awarded_by,Faixa-preta concedida por,confirmed,high,Lineage declarada no perfil: Mitsuyo Maeda > Carlos Gracie > Helio Gracie > Rolls Gracie > Romero Cavalcanti > Fabio Gurgel > Demian Maia > Marcelo Fráguas > Rafael Marangoni > Gabriel Marangoni
bjj-5061-543,5061,Gabriel Rollo,543,Rodrigo Cavaca,black_belt_awarded_by,Faixa-preta concedida por,confirmed,high,Lineage declarada no perfil: Mitsuyo Maeda > Carlos Gracie > Carlson Gracie > Élcio Figueiredo > Rodrigo Cavaca > Gabriel Rollo
bjj-1563-203,1563,Gabriel Rainho,203,Julio Cesar,black_belt_awarded_by,Faixa-preta concedida por,confirmed,high,Lineage declarada no perfil: Mitsuyo Maeda > Luiz França > Oswaldo Fadda > Monir Salomão > Julio Cesar Pereira > Gabriel Rainho
bjj-1586-1400,1586,Gabriel Ribeiro,1400,Carlos Henrique,black_belt_awarded_by,Faixa-preta concedida por,confirmed,high,Lineage declarada no perfil: Mitsuyo Maeda > Carlos Gracie > Helio Gracie > Francisco Mansur > Carlos Henrique > Gabriel Ribeiro
bjj-9051-5660,9051,Gabriel Sousa,5660,Lucas Rocha,black_belt_awarded_by,Faixa-preta concedida por,confirmed,high,Lineage declarada no perfil: Carlos Gracie Senior > Hélio Gracie > Carlos Gracie Junior > José Olimpio (Zé Radiola) > Lucas Rocha > João Gabriel Sousa
bjj-13392-428,13392,Gabriel Volante,428,Celso Vinicius,black_belt_awarded_by,Faixa-preta concedida por,confirmed,high,Lineage declarada no perfil: Carlos Gracie Sr. > Carlos Gracie Junior > Roberto Correa > Celso Venicius > Gabriel Volante
bjj-4776-22,4776,Marcelo Alonso,22,Carlson Gracie,black_belt_awarded_by,Faixa-preta concedida por,confirmed,high,Lineage declarada no perfil: Mitsuyo Maeda > Carlos Gracie > Helio Gracie > Carlson Gracie > Marcelo Alonso > Gabriel Willcox
bjj-10091-4776,10091,Gabriel Willcox,4776,Marcelo Alonso,black_belt_awarded_by,Faixa-preta concedida por,confirmed,high,Lineage declarada no perfil: Mitsuyo Maeda > Carlos Gracie > Helio Gracie > Carlson Gracie > Marcelo Alonso > Gabriel Willcox
bjj-v_marcio_de_deus-1942,v_marcio_de_deus,Marcio de Deus,1942,Rogerio Poggio,black_belt_awarded_by,Faixa-preta concedida por,confirmed,high,Lineage declarada no perfil: C. Gracie > H. Gracie > Rickson Gracie > Renam Pitangui > ‘Pitoco’ Jordan > Rogério Poggio > Marcio de Deus > Gabrieli Pessanha
bjj-10153-v_marcio_de_deus,10153,Gabrieli Pessanha,v_marcio_de_deus,Marcio de Deus,black_belt_awarded_by,Faixa-preta concedida por,confirmed,high,Lineage declarada no perfil: C. Gracie > H. Gracie > Rickson Gracie > Renam Pitangui > ‘Pitoco’ Jordan > Rogério Poggio > Marcio de Deus > Gabrieli Pessanha
bjj-11257-8409,11257,Gabrieli Procopio,8409,Ricardo Marques,black_belt_awarded_by,Faixa-preta concedida por,confirmed,high,Lineage declarada no perfil: Carlos Gracie > Carlson Gracie > Sérgio Bolão > Ricardo Marques > Gabriel Procópio
bjj-v_cesar_tozi-601,v_cesar_tozi,César Tozi,601,Roberto Godoi,black_belt_awarded_by,Faixa-preta concedida por,confirmed,high,Lineage declarada no perfil: Carlos Gracie > Helio Gracie > Rickson Gracie > Marcelo Behring > Waldomiro Perez > Roberto Godoi > César Tozi > Carlos Durlin > Gabriela Pereira
bjj-v_carlos_durlin-v_cesar_tozi,v_carlos_durlin,Carlos Durlin,v_cesar_tozi,César Tozi,black_belt_awarded_by,Faixa-preta concedida por,confirmed,high,Lineage declarada no perfil: Carlos Gracie > Helio Gracie > Rickson Gracie > Marcelo Behring > Waldomiro Perez > Roberto Godoi > César Tozi > Carlos Durlin > Gabriela Pereira
bjj-12753-v_carlos_durlin,12753,Gabriela Pereira,v_carlos_durlin,Carlos Durlin,black_belt_awarded_by,Faixa-preta concedida por,confirmed,high,Lineage declarada no perfil: Carlos Gracie > Helio Gracie > Rickson Gracie > Marcelo Behring > Waldomiro Perez > Roberto Godoi > César Tozi > Carlos Durlin > Gabriela Pereira
bjj-9241-338,9241,Gabriela Fechter,338,Ricardo Vieira,black_belt_awarded_by,Faixa-preta concedida por,confirmed,high,Lineage declarada no perfil: Carlos Gracie > Hélio Gracie > Rolls Gracie > Romero Cavalcanti > Ricardo Vieira > Gabriela Fechter
bjj-595-322,595,Gabrielle Garcia,322,Fabio Gurgel,black_belt_awarded_by,Faixa-preta concedida por,confirmed,high,Lineage declarada no perfil: Mitsuyo Maeda > Carlos Gracie > Helio Gracie > Rolls Gracie > Romero Cavalcanti > Fábio Gurgel > Gabrielle Garcia
bjj-8991-903,8991,Gabrielle McComb,903,Leticia Ribeiro,black_belt_awarded_by,Faixa-preta concedida por,confirmed,high,Lineage declarada no perfil: Carlos Gracie > Helio Gracie > Royler Gracie > Vinicius Aieta > Letícia Ribeiro > Gabi McComb
bjj-1696-2100,1696,Garth Taylor,2100,Claudio Franca,black_belt_awarded_by,Faixa-preta concedida por,confirmed,high,Lineage declarada no perfil: Mitsuyo Maeda > Carlos Gracie > Helio Gracie > Francisco Mansor > Claudio França > Garth Taylor
bjj-278-52,278,Ricardo Almeida,52,Renzo Gracie,black_belt_awarded_by,Faixa-preta concedida por,confirmed,high,Lineage declarada no perfil: Carlos Gracie > Helio Gracie > Carlos Gracie Jr > Renzo Gracie > Ricardo Almeida > Tom deBlass > Garry Tonon
bjj-5324-278,5324,Thomas DeBlass,278,Ricardo Almeida,black_belt_awarded_by,Faixa-preta concedida por,confirmed,high,Lineage declarada no perfil: Carlos Gracie > Helio Gracie > Carlos Gracie Jr > Renzo Gracie > Ricardo Almeida > Tom deBlass > Garry Tonon
bjj-5649-5324,5649,Gary Tonon,5324,Thomas DeBlass,black_belt_awarded_by,Faixa-preta concedida por,confirmed,high,Lineage declarada no perfil: Carlos Gracie > Helio Gracie > Carlos Gracie Jr > Renzo Gracie > Ricardo Almeida > Tom deBlass > Garry Tonon
bjj-1408-hist_carlos_sr,1408,Gastao Gracie,hist_carlos_sr,Carlos Gracie Senior,black_belt_awarded_by,Faixa-preta concedida por,confirmed,high,Lineage declarada no perfil: Mitsuyo Maeda > Carlos Gracie > Gastao Gracie
bjj-8583-hist_helio,8583,Geny Rebelo,hist_helio,Helio Gracie,black_belt_awarded_by,Faixa-preta concedida por,confirmed,high,Lineage declarada no perfil: Mitsuyo Maeda > Carlos Gracie > Helio Gracie > Geny Rebelo
bjj-8532-1188,8532,Gerard Labinski,1188,Leandro Lo,black_belt_awarded_by,Faixa-preta concedida por,confirmed,high,Lineage declarada no perfil: Carlos Gracie > Helio Gracie > Rickson Gracie > Marcelo Behring > Waldomiro Perez > Roberto Godoi > Marco Barbosa > Cicero Costha > Leandro Lo > Gerard Labinski
bjj-1329-52,1329,Gerardi Rinaldi,52,Renzo Gracie,black_belt_awarded_by,Faixa-preta concedida por,confirmed,high,Lineage declarada no perfil: Mitsuyo Maeda > Carlos Gracie > Helio Gracie > Carlos Gracie Jr > Renzo Gracie > Gerardi Rinaldi
bjj-3479-591,3479,Gezary Matuda,591,Ricardo Liborio,black_belt_awarded_by,Faixa-preta concedida por,confirmed,high,Lineage declarada no perfil: Mitsuyo Maeda > Carlos Gracie > Carlson Gracie > Ricardo Libório > Gezary Matuda
bjj-11797-358,11797,Giancarlo Bodoni,358,Lucas Lepri,black_belt_awarded_by,Faixa-preta concedida por,confirmed,high,Lineage declarada no perfil: Carlos Gracie > Carlson Gracie > Sergio Bolão > Mauro Chueng > Elan Santiago > Lucas Lepri > Giancarlo Bodoni
bjj-4248-16,4248,Gianni Grippo,16,Marcelo Garcia,black_belt_awarded_by,Faixa-preta concedida por,confirmed,high,Lineage declarada no perfil: Carlos Gracie > Helio Gracie > Rolls Gracie > Romero Cavalcanti > Fabio Gurgel > Marcelo Garcia > Gianni Grippo
bjj-rafael-fofitio-barros-78,rafael-fofitio-barros,Rafael Fofitio,78,Andre Pederneiras,black_belt_awarded_by,Faixa-preta concedida por,confirmed,high,Lineage declarada no perfil: Carlos Gracie > Carlson Gracie > Andre Pederneiras > Rafael Fofitio > Gilbert Burns
bjj-446-rafael-fofitio-barros,446,Gilbert Burns,rafael-fofitio-barros,Rafael Fofitio,black_belt_awarded_by,Faixa-preta concedida por,confirmed,high,Lineage declarada no perfil: Carlos Gracie > Carlson Gracie > Andre Pederneiras > Rafael Fofitio > Gilbert Burns
bjj-v_carlos_david-1204,v_carlos_david,Carlos David,1204,Roberto Traven,black_belt_awarded_by,Faixa-preta concedida por,confirmed,high,Lineage declarada no perfil: Mitsuyo Maeda > Carlos Gracie > Helio Gracie > Rolls Gracie > Romero Cavalcanti > Roberto Traven > Carlos David > Ronaldo Cruz > Gilson Nunes
bjj-v_ronaldo_cruz-v_carlos_david,v_ronaldo_cruz,Ronaldo Cruz,v_carlos_david,Carlos David,black_belt_awarded_by,Faixa-preta concedida por,confirmed,high,Lineage declarada no perfil: Mitsuyo Maeda > Carlos Gracie > Helio Gracie > Rolls Gracie > Romero Cavalcanti > Roberto Traven > Carlos David > Ronaldo Cruz > Gilson Nunes
bjj-7872-v_ronaldo_cruz,7872,Gilson Nunes,v_ronaldo_cruz,Ronaldo Cruz,black_belt_awarded_by,Faixa-preta concedida por,confirmed,high,Lineage declarada no perfil: Mitsuyo Maeda > Carlos Gracie > Helio Gracie > Rolls Gracie > Romero Cavalcanti > Roberto Traven > Carlos David > Ronaldo Cruz > Gilson Nunes
bjj-v_isac_araujo-3416,v_isac_araujo,Isac Araújo,3416,Monir Salomao,black_belt_awarded_by,Faixa-preta concedida por,confirmed,high,Lineage declarada no perfil: Luis França > Oswaldo Fadda > Monir Salomão > Júlio César > Isac Araújo > Itagiba Carneiro > Giovanna Carneiro
bjj-v_itagiba_carneiro-v_isac_araujo,v_itagiba_carneiro,Itagiba Carneiro,v_isac_araujo,Isac Araújo,black_belt_awarded_by,Faixa-preta concedida por,confirmed,high,Lineage declarada no perfil: Luis França > Oswaldo Fadda > Monir Salomão > Júlio César > Isac Araújo > Itagiba Carneiro > Giovanna Carneiro
bjj-13945-v_itagiba_carneiro,13945,Giovanna Carneiro,v_itagiba_carneiro,Itagiba Carneiro,black_belt_awarded_by,Faixa-preta concedida por,confirmed,high,Lineage declarada no perfil: Luis França > Oswaldo Fadda > Monir Salomão > Júlio César > Isac Araújo > Itagiba Carneiro > Giovanna Carneiro
bjj-v_bruno_damieri-1155,v_bruno_damieri,Bruno Damieri,1155,Cicero Costha,black_belt_awarded_by,Faixa-preta concedida por,confirmed,high,Lineage declarada no perfil: Carlos Gracie > Helio Gracie > Rickson Gracie > Marcelo Behring > Waldomiro Perez > Roberto Godoi > Marco Barbosa > Cicero Costha > Bruno Damieri > Lucinha Jara > Giovanna Jara
bjj-v_lucinha_jara-v_bruno_damieri,v_lucinha_jara,Lucinha Jara,v_bruno_damieri,Bruno Damieri,black_belt_awarded_by,Faixa-preta concedida por,confirmed,high,Lineage declarada no perfil: Carlos Gracie > Helio Gracie > Rickson Gracie > Marcelo Behring > Waldomiro Perez > Roberto Godoi > Marco Barbosa > Cicero Costha > Bruno Damieri > Lucinha Jara > Giovanna Jara
bjj-13016-v_lucinha_jara,13016,Giovanna Jara,v_lucinha_jara,Lucinha Jara,black_belt_awarded_by,Faixa-preta concedida por,confirmed,high,Lineage declarada no perfil: Carlos Gracie > Helio Gracie > Rickson Gracie > Marcelo Behring > Waldomiro Perez > Roberto Godoi > Marco Barbosa > Cicero Costha > Bruno Damieri > Lucinha Jara > Giovanna Jara
bjj-13167-147,13167,Giulia Gregorut,147,Rubens Charles,black_belt_awarded_by,Faixa-preta concedida por,confirmed,high,Lineage declarada no perfil: Carlos Gracie > Helio Gracie > Rolls Gracie > Romero Cavalcanti > Alexandre Paiva > Fernando Terere > Rubens Charles > Giulia Gregorut
bjj-6550-5649,6550,Gordon Ryan,5649,Gary Tonon,black_belt_awarded_by,Faixa-preta concedida por,confirmed,high,Lineage declarada no perfil: Carlos Gracie > Helio Gracie > Carlos Gracie Jr > Renzo Gracie > Ricardo Almeida > Tom deBlass > Garry Tonon > Gordon Ryan
bjj-v_jm_holland-4317,v_jm_holland,JM Holland /,4317,Eddie Bravo,black_belt_awarded_by,Faixa-preta concedida por,confirmed,high,Lineage declarada no perfil: Carlos Gracie > Hélio Gracie > Carlos Gracie Jr > JJ Machado > Eddie Bravo > JM Holland / > Zach Maslany > Grace Gundrum
bjj-12227-v_jm_holland,12227,Zach Maslany,v_jm_holland,JM Holland /,black_belt_awarded_by,Faixa-preta concedida por,confirmed,high,Lineage declarada no perfil: Carlos Gracie > Hélio Gracie > Carlos Gracie Jr > JJ Machado > Eddie Bravo > JM Holland / > Zach Maslany > Grace Gundrum
bjj-11783-12227,11783,Grace Gundrum,12227,Zach Maslany,black_belt_awarded_by,Faixa-preta concedida por,confirmed,high,Lineage declarada no perfil: Carlos Gracie > Hélio Gracie > Carlos Gracie Jr > JJ Machado > Eddie Bravo > JM Holland / > Zach Maslany > Grace Gundrum
bjj-v_gregor_gracie_rangel-52,v_gregor_gracie_rangel,Gregor “Gracie” Rangel,52,Renzo Gracie,black_belt_awarded_by,Faixa-preta concedida por,confirmed,high,Lineage declarada no perfil: Carlos Gracie Sr. > Helio Gracie > Carlos Gracie Junior > Renzo Gracie > Gregor “Gracie” Rangel
bjj-12563-419,12563,Guilherme Bacha,419,Leonardo Vieira,black_belt_awarded_by,Faixa-preta concedida por,confirmed,high,Lineage declarada no perfil: Carlos Gracie > Helio Gracie > Rolls Gracie > Romero Cavalcanti > Ricardo Vieira > Leonardo Vieira > Guilherme Bacha
bjj-1733-1400,1733,Guilherme Cascon,1400,Carlos Henrique,black_belt_awarded_by,Faixa-preta concedida por,confirmed,high,Lineage declarada no perfil: Mitsuyo Maeda > Carlos Gracie > Helio Gracie > Francisco Mansor > Carlos Henrique > Guilherme Cascon
bjj-v_sergio_henrique_miranda-9166,v_sergio_henrique_miranda,Sérgio Henrique Miranda,9166,Alexandre Barauna,black_belt_awarded_by,Faixa-preta concedida por,confirmed,high,Lineage declarada no perfil: Carlos Gracie > Helio Gracie > Carlson Gracie > Ricardo De La Riva > Alexandre Baraúna > Sérgio Henrique Miranda > Guilherme Cordiviola
bjj-9361-v_sergio_henrique_miranda,9361,Guilherme Cordiviola,v_sergio_henrique_miranda,Sérgio Henrique Miranda,black_belt_awarded_by,Faixa-preta concedida por,confirmed,high,Lineage declarada no perfil: Carlos Gracie > Helio Gracie > Carlson Gracie > Ricardo De La Riva > Alexandre Baraúna > Sérgio Henrique Miranda > Guilherme Cordiviola
bjj-13575-7552,13575,Guilherme Fernandes,7552,Isaque Bahiense,black_belt_awarded_by,Faixa-preta concedida por,confirmed,high,Lineage declarada no perfil: Carlos Gracie > Helio Gracie > Rolls Gracie > Romero Cavalcanti > Fábio Gurgel > Isaque Bahiense > Guilherme Fernandes
bjj-9635-1633,9635,Guilherme Rocha,1633,Jose Olimpio,black_belt_awarded_by,Faixa-preta concedida por,confirmed,high,Lineage declarada no perfil: Mitsuyo Maeda > Carlos Gracie > Helio Gracie > Carlos Gracie Jr > José Olimpio > Guilherme Rocha
bjj-1388-52,1388,Gunnar Nelson,52,Renzo Gracie,black_belt_awarded_by,Faixa-preta concedida por,confirmed,high,Lineage declarada no perfil: Mitsuyo Maeda > Carlos Gracie > Helio Gracie > Carlos Gracie Jr > Renzo Gracie > Gunnar Nelson
bjj-8195-3416,8195,Gutemberg Pereira,3416,Monir Salomao,black_belt_awarded_by,Faixa-preta concedida por,confirmed,high,Lineage declarada no perfil: Luis França > Oswaldo Fadda > Monir Salomão > Júlio César > Gutemberg Pereira
bjj-v_claudio_marculino-527,v_claudio_marculino,Claudio Marculino,527,Oswaldo Fadda,black_belt_awarded_by,Faixa-preta concedida por,confirmed,high,Lineage declarada no perfil: Luiz França > Oswaldo Fadda > Claudio Marculino > Victor Hugo > Juan Lopes > Guthierry Barbosa
bjj-10159-v_claudio_marculino,10159,Victor Hugo,v_claudio_marculino,Claudio Marculino,black_belt_awarded_by,Faixa-preta concedida por,confirmed,high,Lineage declarada no perfil: Luiz França > Oswaldo Fadda > Claudio Marculino > Victor Hugo > Juan Lopes > Guthierry Barbosa
bjj-7757-10159,7757,Juan Lopes da Silva,10159,Victor Hugo,black_belt_awarded_by,Faixa-preta concedida por,confirmed,high,Lineage declarada no perfil: Luiz França > Oswaldo Fadda > Claudio Marculino > Victor Hugo > Juan Lopes > Guthierry Barbosa
bjj-10199-7757,10199,Guthierry Barbosa,7757,Juan Lopes da Silva,black_belt_awarded_by,Faixa-preta concedida por,confirmed,high,Lineage declarada no perfil: Luiz França > Oswaldo Fadda > Claudio Marculino > Victor Hugo > Juan Lopes > Guthierry Barbosa
bjj-1891-677,1891,Walter Mattos,677,Sergio Penha,black_belt_awarded_by,Faixa-preta concedida por,confirmed,high,Lineage declarada no perfil: Mitsuyo Maeda > Carlos Gracie > Reyson Gracie > Osvaldo Alves > Sérgio Penha > Walter Matos > Gustavo Campos
bjj-108-1891,108,Gustavo Campos,1891,Walter Mattos,black_belt_awarded_by,Faixa-preta concedida por,confirmed,high,Lineage declarada no perfil: Mitsuyo Maeda > Carlos Gracie > Reyson Gracie > Osvaldo Alves > Sérgio Penha > Walter Matos > Gustavo Campos
bjj-620-78,620,Gustavo Dantas,78,Andre Pederneiras,black_belt_awarded_by,Faixa-preta concedida por,confirmed,high,Lineage declarada no perfil: Carlos Gracie > Carlson Gracie > Andre Pederneiras > Gustavo Dantas
bjj-10932-553,10932,Gustavo Machado,553,Roberto Correa,black_belt_awarded_by,Faixa-preta concedida por,confirmed,high,Lineage declarada no perfil: Carlos Gracie > Helio Gracie > Carlos Gracie Jr > Roberto Corrêa > Gustavo Machado
bjj-11543-322,11543,Gustavo Maron,322,Fabio Gurgel,black_belt_awarded_by,Faixa-preta concedida por,confirmed,high,Lineage declarada no perfil: Carlos Gracie > Helio Gracie > Rolls Gracie > Romero Cavalcanti > Fabio Gurgel > Gustavo Maron
bjj-8357-1188,8357,Gustavo Batista,1188,Leandro Lo,black_belt_awarded_by,Faixa-preta concedida por,confirmed,high,Lineage declarada no perfil: Carlos Gracie > Helio Gracie > Rickson Gracie > Marcelo Behring > Waldomiro Perez > Roberto Godoi > Marco Barbosa > Cicero Costha > Leandro Lo > Gustavo Batista
bjj-v_ocimar_costa-159,v_ocimar_costa,Ocimar Costa,159,Cristiano Marcello,black_belt_awarded_by,Faixa-preta concedida por,confirmed,high,Lineage declarada no perfil: Mitsuyo Maeda > Carlos Gracie > Helio Gracie > Royler Gracie > Cristiano Marcello > Ocimar Costa > Gustavo Dias
bjj-v_gustavo_dias-v_ocimar_costa,v_gustavo_dias,Gustavo Dias,v_ocimar_costa,Ocimar Costa,black_belt_awarded_by,Faixa-preta concedida por,confirmed,high,Lineage declarada no perfil: Mitsuyo Maeda > Carlos Gracie > Helio Gracie > Royler Gracie > Cristiano Marcello > Ocimar Costa > Gustavo Dias
bjj-5726-297,5726,Gustavo Pires,297,Carlos Gracie Junior,black_belt_awarded_by,Faixa-preta concedida por,confirmed,high,Lineage declarada no perfil: Mitsuyo Maeda > Carlos Gracie > Helio Gracie > Carlos Gracie Junior > Gustavo Pires
bjj-6539-2091,6539,Francisco Pinto Sa,2091,Francisco Sa,black_belt_awarded_by,Faixa-preta concedida por,confirmed,high,Lineage declarada no perfil: Takeo Iano > Francisco Sá > Francisco Pinto Sá “Sázinho” > Guybson Sá
bjj-9338-6539,9338,Guybson Sa,6539,Francisco Pinto Sa,black_belt_awarded_by,Faixa-preta concedida por,confirmed,high,Lineage declarada no perfil: Takeo Iano > Francisco Sá > Francisco Pinto Sá “Sázinho” > Guybson Sá
bjj-v_jose_luis_varella_marcio_tubarao-3416,v_jose_luis_varella_marcio_tubarao,Jose Luis Varella & Marcio Tubarão),3416,Monir Salomao,black_belt_awarded_by,Faixa-preta concedida por,confirmed,high,Lineage declarada no perfil: Luis França > Oswaldo Fadda > Monir Salomão > Júlio César > Jose Luis Varella & Marcio Tubarão) > Gialysson Freitas
bjj-12338-v_jose_luis_varella_marcio_tubarao,12338,Gyalisson Freitas,v_jose_luis_varella_marcio_tubarao,Jose Luis Varella & Marcio Tubarão),black_belt_awarded_by,Faixa-preta concedida por,confirmed,high,Lineage declarada no perfil: Luis França > Oswaldo Fadda > Monir Salomão > Júlio César > Jose Luis Varella & Marcio Tubarão) > Gialysson Freitas
bjj-10926-144,10926,Heather Raftery,144,Andre Galvao,black_belt_awarded_by,Faixa-preta concedida por,confirmed,high,Lineage declarada no perfil: Carlos Gracie > Reyson Gracie > Osvaldo Alves > Luis Dagmar > André Galvão > Heather Raftery
bjj-258-314,258,Hanette Staack,314,Andre Terencio,black_belt_awarded_by,Faixa-preta concedida por,confirmed,high,Lineage declarada no perfil: Mitsuyo Maeda > Carlos Gracie (senior) > Hélio Gracie > Francisco Mansor > Carlos Henrique > André “Negão” Terêncio > Hannette Staack
bjj-v_murilo_rupp-895,v_murilo_rupp,Murilo Rupp,895,Sergio Souza,black_belt_awarded_by,Faixa-preta concedida por,confirmed,high,Lineage declarada no perfil: Carlos Gracie > Carlson Gracie > Sergio Souza > Murilo Rupp > Elexsandro Silvestre > Harryson Pereira
bjj-v_elexsandro_silvestre-v_murilo_rupp,v_elexsandro_silvestre,Elexsandro Silvestre,v_murilo_rupp,Murilo Rupp,black_belt_awarded_by,Faixa-preta concedida por,confirmed,high,Lineage declarada no perfil: Carlos Gracie > Carlson Gracie > Sergio Souza > Murilo Rupp > Elexsandro Silvestre > Harryson Pereira
bjj-11215-v_elexsandro_silvestre,11215,Harryson Pereira,v_elexsandro_silvestre,Elexsandro Silvestre,black_belt_awarded_by,Faixa-preta concedida por,confirmed,high,Lineage declarada no perfil: Carlos Gracie > Carlson Gracie > Sergio Souza > Murilo Rupp > Elexsandro Silvestre > Harryson Pereira
bjj-11064-1188,11064,Rider Zuchi,1188,Leandro Lo,black_belt_awarded_by,Faixa-preta concedida por,confirmed,high,Lineage declarada no perfil: Carlos Gracie > Helio Gracie > Rickson Gracie > Marcelo Behring > Waldomiro Perez > Roberto Godoi > Marco Barbosa > Cicero Costha > Leandro Lo > Rider Zuchi > Helder Junior
bjj-13496-11064,13496,Helder Junior,11064,Rider Zuchi,black_belt_awarded_by,Faixa-preta concedida por,confirmed,high,Lineage declarada no perfil: Carlos Gracie > Helio Gracie > Rickson Gracie > Marcelo Behring > Waldomiro Perez > Roberto Godoi > Marco Barbosa > Cicero Costha > Leandro Lo > Rider Zuchi > Helder Junior
bjj-11228-112,11228,Helder Medeiros,112,Demian Maia,black_belt_awarded_by,Faixa-preta concedida por,confirmed,high,Lineage declarada no perfil: C. Gracie > H. Gracie > Rolls Gracie > Romero Cavalcanti > Fabio Gurgel > Demian Maia > Helder Medeiros
bjj-14004-623,14004,Helena Crevar,623,John Danaher,black_belt_awarded_by,Faixa-preta concedida por,confirmed,high,Lineage declarada no perfil: Carlos Gracie > Helio Gracie > Carlos Gracie Jr > Renzo Gracie > John Danaher > Helena Crevar
bjj-1332-v_helio_gracie_was_a_th_degree_red_belt_and_arguably_the_most_important_figure_in,1332,jiu-jitsu,v_helio_gracie_was_a_th_degree_red_belt_and_arguably_the_most_important_figure_in,Helio Gracie was a 9th degree red belt and arguably the most important figure in,black_belt_awarded_by,Faixa-preta concedida por,confirmed,high,"Lineage declarada no perfil: Helio Gracie was a 9th degree red belt and arguably the most important figure in > Brazilian Jiu Jitsu > ‘s history. One of the first Gracie Jiu Jitsu representatives in the 1930’s and 1940’s he was also the father and master of many fighters who carried the name of his family’s trade to martial arts’ mainstream in the early 1990’s, competitors such as > Royler > Rickson > Royce Gracie > . His and legacy are among the strongest in Jiu Jitsu and he is regarded as one of the fathers of the Brazilian grappling art."
bjj-v_s_history_one_of_the_first_gracie_jiu_jitsu_representatives_in_the_s_and_s_he_was_also_the_father_and_master_of_many_fighters_who_carried_the_name_of_his_family_s_trade_to_martial_arts_mainstream_in_the_early_s_competitors_such_as-1332,v_s_history_one_of_the_first_gracie_jiu_jitsu_representatives_in_the_s_and_s_he_was_also_the_father_and_master_of_many_fighters_who_carried_the_name_of_his_family_s_trade_to_martial_arts_mainstream_in_the_early_s_competitors_such_as,"‘s history. One of the first Gracie Jiu Jitsu representatives in the 1930’s and 1940’s he was also the father and master of many fighters who carried the name of his family’s trade to martial arts’ mainstream in the early 1990’s, competitors such as",1332,jiu-jitsu,black_belt_awarded_by,Faixa-preta concedida por,confirmed,high,"Lineage declarada no perfil: Helio Gracie was a 9th degree red belt and arguably the most important figure in > Brazilian Jiu Jitsu > ‘s history. One of the first Gracie Jiu Jitsu representatives in the 1930’s and 1940’s he was also the father and master of many fighters who carried the name of his family’s trade to martial arts’ mainstream in the early 1990’s, competitors such as > Royler > Rickson > Royce Gracie > . His and legacy are among the strongest in Jiu Jitsu and he is regarded as one of the fathers of the Brazilian grappling art."
bjj-515-v_s_history_one_of_the_first_gracie_jiu_jitsu_representatives_in_the_s_and_s_he_was_also_the_father_and_master_of_many_fighters_who_carried_the_name_of_his_family_s_trade_to_martial_arts_mainstream_in_the_early_s_competitors_such_as,515,Royler Gracie,v_s_history_one_of_the_first_gracie_jiu_jitsu_representatives_in_the_s_and_s_he_was_also_the_father_and_master_of_many_fighters_who_carried_the_name_of_his_family_s_trade_to_martial_arts_mainstream_in_the_early_s_competitors_such_as,"‘s history. One of the first Gracie Jiu Jitsu representatives in the 1930’s and 1940’s he was also the father and master of many fighters who carried the name of his family’s trade to martial arts’ mainstream in the early 1990’s, competitors such as",black_belt_awarded_by,Faixa-preta concedida por,confirmed,high,"Lineage declarada no perfil: Helio Gracie was a 9th degree red belt and arguably the most important figure in > Brazilian Jiu Jitsu > ‘s history. One of the first Gracie Jiu Jitsu representatives in the 1930’s and 1940’s he was also the father and master of many fighters who carried the name of his family’s trade to martial arts’ mainstream in the early 1990’s, competitors such as > Royler > Rickson > Royce Gracie > . His and legacy are among the strongest in Jiu Jitsu and he is regarded as one of the fathers of the Brazilian grappling art."
bjj-67-515,67,Rickson Gracie,515,Royler Gracie,black_belt_awarded_by,Faixa-preta concedida por,confirmed,high,"Lineage declarada no perfil: Helio Gracie was a 9th degree red belt and arguably the most important figure in > Brazilian Jiu Jitsu > ‘s history. One of the first Gracie Jiu Jitsu representatives in the 1930’s and 1940’s he was also the father and master of many fighters who carried the name of his family’s trade to martial arts’ mainstream in the early 1990’s, competitors such as > Royler > Rickson > Royce Gracie > . His and legacy are among the strongest in Jiu Jitsu and he is regarded as one of the fathers of the Brazilian grappling art."
bjj-743-67,743,Royce Gracie,67,Rickson Gracie,black_belt_awarded_by,Faixa-preta concedida por,confirmed,high,"Lineage declarada no perfil: Helio Gracie was a 9th degree red belt and arguably the most important figure in > Brazilian Jiu Jitsu > ‘s history. One of the first Gracie Jiu Jitsu representatives in the 1930’s and 1940’s he was also the father and master of many fighters who carried the name of his family’s trade to martial arts’ mainstream in the early 1990’s, competitors such as > Royler > Rickson > Royce Gracie > . His and legacy are among the strongest in Jiu Jitsu and he is regarded as one of the fathers of the Brazilian grappling art."
bjj-v_his_and_legacy_are_among_the_strongest_in_jiu_jitsu_and_he_is_regarded_as_one_of_the_fathers_of_the_brazilian_grappling_art-743,v_his_and_legacy_are_among_the_strongest_in_jiu_jitsu_and_he_is_regarded_as_one_of_the_fathers_of_the_brazilian_grappling_art,. His and legacy are among the strongest in Jiu Jitsu and he is regarded as one of the fathers of the Brazilian grappling art.,743,Royce Gracie,black_belt_awarded_by,Faixa-preta concedida por,confirmed,high,"Lineage declarada no perfil: Helio Gracie was a 9th degree red belt and arguably the most important figure in > Brazilian Jiu Jitsu > ‘s history. One of the first Gracie Jiu Jitsu representatives in the 1930’s and 1940’s he was also the father and master of many fighters who carried the name of his family’s trade to martial arts’ mainstream in the early 1990’s, competitors such as > Royler > Rickson > Royce Gracie > . His and legacy are among the strongest in Jiu Jitsu and he is regarded as one of the fathers of the Brazilian grappling art."
bjj-3129-hist_carlos_sr,3129,Helio Vigio,hist_carlos_sr,Carlos Gracie Senior,black_belt_awarded_by,Faixa-preta concedida por,confirmed,high,Lineage declarada no perfil: Mitsuyo Maeda > Carlos Gracie > Helio Vigio
bjj-671-361,671,Helvecio Penna,361,Ricardo De La Riva,black_belt_awarded_by,Faixa-preta concedida por,confirmed,high,Lineage declarada no perfil: Mitsuyo Maeda > Carlos Gracie > Carlson Gracie > Ricardo De La Riva > Helvecio Penna
bjj-9554-474,9554,Henrique Cardoso,474,Alexandre Ceconi,black_belt_awarded_by,Faixa-preta concedida por,confirmed,high,Lineage declarada no perfil: Carlos Gracie > Helio Gracie > Rilion Gracie > Alexandro Ceconi > Henrique Cardoso
bjj-371-524,371,Henrique Machado,524,Osvaldo Alves,black_belt_awarded_by,Faixa-preta concedida por,confirmed,high,Lineage declarada no perfil: Mitsuyo Maeda > Carlos Gracie > Reyson Gracie > Osvaldo Alves > Henrique Machado
bjj-8038-666,8038,Hiago Gama,666,Alexandre Paiva,black_belt_awarded_by,Faixa-preta concedida por,confirmed,high,Lineage declarada no perfil: C. Gracie > H. Gracie > Rolls Gracie > Romero Cavalcanti > Alexandre Paiva > Hiago Gama
bjj-v_alexey_cruz-361,v_alexey_cruz,Alexey Cruz,361,Ricardo De La Riva,black_belt_awarded_by,Faixa-preta concedida por,confirmed,high,Lineage declarada no perfil: Carlos Gracie > Helio Gracie > Carlson Gracie > Ricardo De La Riva > Alexey Cruz > Frankiko Lima > Eduardo Kahwage > Higor Lima
bjj-v_frankiko_lima-v_alexey_cruz,v_frankiko_lima,Frankiko Lima,v_alexey_cruz,Alexey Cruz,black_belt_awarded_by,Faixa-preta concedida por,confirmed,high,Lineage declarada no perfil: Carlos Gracie > Helio Gracie > Carlson Gracie > Ricardo De La Riva > Alexey Cruz > Frankiko Lima > Eduardo Kahwage > Higor Lima
bjj-v_eduardo_kahwage-v_frankiko_lima,v_eduardo_kahwage,Eduardo Kahwage,v_frankiko_lima,Frankiko Lima,black_belt_awarded_by,Faixa-preta concedida por,confirmed,high,Lineage declarada no perfil: Carlos Gracie > Helio Gracie > Carlson Gracie > Ricardo De La Riva > Alexey Cruz > Frankiko Lima > Eduardo Kahwage > Higor Lima
bjj-12241-v_eduardo_kahwage,12241,Higor Lima,v_eduardo_kahwage,Eduardo Kahwage,black_belt_awarded_by,Faixa-preta concedida por,confirmed,high,Lineage declarada no perfil: Carlos Gracie > Helio Gracie > Carlson Gracie > Ricardo De La Riva > Alexey Cruz > Frankiko Lima > Eduardo Kahwage > Higor Lima
bjj-v_toni_emanuel-78,v_toni_emanuel,Toni Emanuel,78,Andre Pederneiras,black_belt_awarded_by,Faixa-preta concedida por,confirmed,high,Lineage declarada no perfil: Mitsuyo Maeda > Carlos Gracie > Carlson Gracie > Andre Pederneiras > Toni Emanuel > Matt Hamilton > Hillary Williams
bjj-v_matt_hamilton-v_toni_emanuel,v_matt_hamilton,Matt Hamilton,v_toni_emanuel,Toni Emanuel,black_belt_awarded_by,Faixa-preta concedida por,confirmed,high,Lineage declarada no perfil: Mitsuyo Maeda > Carlos Gracie > Carlson Gracie > Andre Pederneiras > Toni Emanuel > Matt Hamilton > Hillary Williams
bjj-184-v_matt_hamilton,184,Hillary Williams,v_matt_hamilton,Matt Hamilton,black_belt_awarded_by,Faixa-preta concedida por,confirmed,high,Lineage declarada no perfil: Mitsuyo Maeda > Carlos Gracie > Carlson Gracie > Andre Pederneiras > Toni Emanuel > Matt Hamilton > Hillary Williams
bjj-13326-415,13326,Hiryu Niwa,415,Guilherme Mendes,black_belt_awarded_by,Faixa-preta concedida por,confirmed,high,Lineage declarada no perfil: Carlos Gracie > Carlson Gracie > André Pederneiras > Ramon Lemos > Guilherme Mendes > Hiryu Niwa
bjj-620-1813,620,Gustavo Dantas,1813,Jair Lourenco,black_belt_awarded_by,Faixa-preta concedida por,confirmed,high,Lineage declarada no perfil: Carlos Gracie > Carlson Gracie > Andre Pederneiras > Jair Lourenço > Gustavo Dantas > Horlando Monteiro
bjj-7399-620,7399,Horlando Monteiro,620,Gustavo Dantas,black_belt_awarded_by,Faixa-preta concedida por,confirmed,high,Lineage declarada no perfil: Carlos Gracie > Carlson Gracie > Andre Pederneiras > Jair Lourenço > Gustavo Dantas > Horlando Monteiro
bjj-973-203,973,Huanderson Pavao,203,Julio Cesar,black_belt_awarded_by,Faixa-preta concedida por,confirmed,high,Lineage declarada no perfil: Mitsuyo Maeda > Luiz França > Oswaldo Fadda > Monir Salomão > Julio Cesar Pereira > Huanderson Pavao
bjj-8138-3028,8138,Hugo Marques,3028,Leandro Escobar,black_belt_awarded_by,Faixa-preta concedida por,confirmed,high,Lineage declarada no perfil: Carlos Gracie > Carlson Gracie > Crézio de Souza > André Almeida > Leandro Escobar (< Alexandre Salgado) > Hugo Marques
bjj-v_bruno_ewald-515,v_bruno_ewald,Bruno Ewald,515,Royler Gracie,black_belt_awarded_by,Faixa-preta concedida por,confirmed,high,Lineage declarada no perfil: Mitsuyo Maeda > Carlos Gracie > Helio Gracie > Royler Gracie > Bruno Ewald > Hunter Ewald
bjj-7332-v_bruno_ewald,7332,Hunter Ewald,v_bruno_ewald,Bruno Ewald,black_belt_awarded_by,Faixa-preta concedida por,confirmed,high,Lineage declarada no perfil: Mitsuyo Maeda > Carlos Gracie > Helio Gracie > Royler Gracie > Bruno Ewald > Hunter Ewald
bjj-831-515,831,Omar Salum,515,Royler Gracie,black_belt_awarded_by,Faixa-preta concedida por,confirmed,high,Lineage declarada no perfil: Carlos Gracie > Helio Gracie > Royler Gracie > Omar Salum > Nabil Aziz > Hygor Brito
bjj-11245-831,11245,Nabil Aziz,831,Omar Salum,black_belt_awarded_by,Faixa-preta concedida por,confirmed,high,Lineage declarada no perfil: Carlos Gracie > Helio Gracie > Royler Gracie > Omar Salum > Nabil Aziz > Hygor Brito
bjj-9117-11245,9117,Hygor Brito,11245,Nabil Aziz,black_belt_awarded_by,Faixa-preta concedida por,confirmed,high,Lineage declarada no perfil: Carlos Gracie > Helio Gracie > Royler Gracie > Omar Salum > Nabil Aziz > Hygor Brito
bjj-3279-1495,3279,Ian Behring,1495,Flavio Behring,black_belt_awarded_by,Faixa-preta concedida por,confirmed,high,Lineage declarada no perfil: Mitsuyo Maeda > Carlos Gracie > Helio Gracie > Flavio Behring > Ian Behring
bjj-1750-355,1750,Ian Mcpherson,355,Romero Cavalcanti,black_belt_awarded_by,Faixa-preta concedida por,confirmed,high,Lineage declarada no perfil: Mitsuyo Maeda > Carlos Gracie > Helio Gracie > Rolls Gracie > Romero Cavalcanti > Ian Mcpherson
bjj-6186-297,6186,Aldo Januario,297,Carlos Gracie Junior,black_belt_awarded_by,Faixa-preta concedida por,confirmed,high,Lineage declarada no perfil: Mitsuyo Maeda > Carlos Gracie (Senior) > Helio Gracie > Carlos Gracie Junior > Aldo Januário (Caveirinha) > Rodrigo Freitas > Ian Sanders
bjj-5930-6186,5930,Rodrigo Freitas,6186,Aldo Januario,black_belt_awarded_by,Faixa-preta concedida por,confirmed,high,Lineage declarada no perfil: Mitsuyo Maeda > Carlos Gracie (Senior) > Helio Gracie > Carlos Gracie Junior > Aldo Januário (Caveirinha) > Rodrigo Freitas > Ian Sanders
bjj-9488-5930,9488,Ian Sanders,5930,Rodrigo Freitas,black_belt_awarded_by,Faixa-preta concedida por,confirmed,high,Lineage declarada no perfil: Mitsuyo Maeda > Carlos Gracie (Senior) > Helio Gracie > Carlos Gracie Junior > Aldo Januário (Caveirinha) > Rodrigo Freitas > Ian Sanders
bjj-1655-419,1655,Ida Hansson,419,Leonardo Vieira,black_belt_awarded_by,Faixa-preta concedida por,confirmed,high,Lineage declarada no perfil: Mitsuyo Maeda > Carlos Gracie > Helio Gracie > Rolls Gracie > Romero Cavalcanti > Leonardo Vieira > Ida Hansson
bjj-12554-415,12554,Iasmin Casser,415,Guilherme Mendes,black_belt_awarded_by,Faixa-preta concedida por,confirmed,high,Lineage declarada no perfil: Carlos Gracie > Carlson Gracie > André Pederneiras > Ramon Lemos > Guilherme Mendes > Iasmim Casser
bjj-13962-8409,13962,Ighor Horta,8409,Ricardo Marques,black_belt_awarded_by,Faixa-preta concedida por,confirmed,high,Lineage declarada no perfil: Carlos Gracie > Carlson Gracie > Sergio Souza > Ricardo Marques > Ighor Horta
bjj-11872-1886,11872,Luiz Paulo,1886,Fabricio Martins,black_belt_awarded_by,Faixa-preta concedida por,confirmed,high,Lineage declarada no perfil: Carlos Gracie > Reyson Gracie > Osvaldo Alves > Fabricio Martins > Luiz Paulo > Paulo Theodoro > Thaisio Feliz > Igor Feliz
bjj-v_paulo_theodoro-11872,v_paulo_theodoro,Paulo Theodoro,11872,Luiz Paulo,black_belt_awarded_by,Faixa-preta concedida por,confirmed,high,Lineage declarada no perfil: Carlos Gracie > Reyson Gracie > Osvaldo Alves > Fabricio Martins > Luiz Paulo > Paulo Theodoro > Thaisio Feliz > Igor Feliz
bjj-v_thaisio_feliz-v_paulo_theodoro,v_thaisio_feliz,Thaisio Feliz,v_paulo_theodoro,Paulo Theodoro,black_belt_awarded_by,Faixa-preta concedida por,confirmed,high,Lineage declarada no perfil: Carlos Gracie > Reyson Gracie > Osvaldo Alves > Fabricio Martins > Luiz Paulo > Paulo Theodoro > Thaisio Feliz > Igor Feliz
bjj-12225-v_thaisio_feliz,12225,Igor Feliz,v_thaisio_feliz,Thaisio Feliz,black_belt_awarded_by,Faixa-preta concedida por,confirmed,high,Lineage declarada no perfil: Carlos Gracie > Reyson Gracie > Osvaldo Alves > Fabricio Martins > Luiz Paulo > Paulo Theodoro > Thaisio Feliz > Igor Feliz
bjj-535-895,535,Roberto Atalla,895,Sergio Souza,black_belt_awarded_by,Faixa-preta concedida por,confirmed,high,Lineage declarada no perfil: Mitsuyo Maeda > Carlos Gracie > Helio Gracie > Carlson Gracie > Sergio Souza > Roberto Atalla > Marcos Chuck > Igor Rodrigues
bjj-v_marcos_chuck-535,v_marcos_chuck,Marcos Chuck,535,Roberto Atalla,black_belt_awarded_by,Faixa-preta concedida por,confirmed,high,Lineage declarada no perfil: Mitsuyo Maeda > Carlos Gracie > Helio Gracie > Carlson Gracie > Sergio Souza > Roberto Atalla > Marcos Chuck > Igor Rodrigues
bjj-2013-v_marcos_chuck,2013,Igor Rodrigues,v_marcos_chuck,Marcos Chuck,black_belt_awarded_by,Faixa-preta concedida por,confirmed,high,Lineage declarada no perfil: Mitsuyo Maeda > Carlos Gracie > Helio Gracie > Carlson Gracie > Sergio Souza > Roberto Atalla > Marcos Chuck > Igor Rodrigues
bjj-702-1204,702,Muzio de Angelis,1204,Roberto Traven,black_belt_awarded_by,Faixa-preta concedida por,confirmed,high,Lineage declarada no perfil: Mitsuyo Maeda > Carlos Gracie > Helio Gracie > Rolls Gracie > Romero Cavalcanti > Roberto Traven > Muzio de Angelis > Igor Silva
bjj-680-702,680,Igor Silva,702,Muzio de Angelis,black_belt_awarded_by,Faixa-preta concedida por,confirmed,high,Lineage declarada no perfil: Mitsuyo Maeda > Carlos Gracie > Helio Gracie > Rolls Gracie > Romero Cavalcanti > Roberto Traven > Muzio de Angelis > Igor Silva
bjj-8477-3117,8477,Igor Paiva,3117,Bruno Mendes,black_belt_awarded_by,Faixa-preta concedida por,confirmed,high,Lineage declarada no perfil: M. Maeda > C. Gracie > Helio Gracie > Francisco Mansor > Álvaro Mansor > Bruno Mendes > Igor Paiva
bjj-6631-1155,6631,Igor Schneider,1155,Cicero Costha,black_belt_awarded_by,Faixa-preta concedida por,confirmed,high,Lineage declarada no perfil: Carlos Gracie > Helio Gracie > Rickson Gracie > Marcelo Behring > Waldomiro Perez > Roberto Godoi > Marco Barbosa > Cicero Costha > Igor Schneider
bjj-v_roberto_nakaya-492,v_roberto_nakaya,Roberto Nakaya,492,Marco Barbosa,black_belt_awarded_by,Faixa-preta concedida por,confirmed,high,Lineage declarada no perfil: Carlos Gracie > Helio Gracie > Rickson Gracie > Marcelo Behring > Waldomiro Perez > Roberto Godoi > Marco Barbosa > Roberto Nakaya > Walter Lima Franco > Igor Tanabe
bjj-v_walter_lima_franco-v_roberto_nakaya,v_walter_lima_franco,Walter Lima Franco,v_roberto_nakaya,Roberto Nakaya,black_belt_awarded_by,Faixa-preta concedida por,confirmed,high,Lineage declarada no perfil: Carlos Gracie > Helio Gracie > Rickson Gracie > Marcelo Behring > Waldomiro Perez > Roberto Godoi > Marco Barbosa > Roberto Nakaya > Walter Lima Franco > Igor Tanabe
bjj-11145-v_walter_lima_franco,11145,Igor Tanabe,v_walter_lima_franco,Walter Lima Franco,black_belt_awarded_by,Faixa-preta concedida por,confirmed,high,Lineage declarada no perfil: Carlos Gracie > Helio Gracie > Rickson Gracie > Marcelo Behring > Waldomiro Perez > Roberto Godoi > Marco Barbosa > Roberto Nakaya > Walter Lima Franco > Igor Tanabe
bjj-8647-1188,8647,Igor Verissimo,1188,Leandro Lo,black_belt_awarded_by,Faixa-preta concedida por,confirmed,high,Lineage declarada no perfil: Mitsuyo Maeda > Carlos Gracie > Helio Gracie > Rickson Gracie > Marcelo Behring > Waldomiro Perez > Roberto Godoi > Marco Barbosa > Cicero Costha > Leandro Lo > Igor Veríssimo
bjj-v_marcelo_castro-1633,v_marcelo_castro,Marcelo Castro,1633,Jose Olimpio,black_belt_awarded_by,Faixa-preta concedida por,confirmed,high,Lineage declarada no perfil: M. Maeda > C. Gracie > Helio Gracie > Carlos Gracie Jr > José Olímpio > Marcelo Castro > Inacio Neto
bjj-7743-v_marcelo_castro,7743,Inacio Neto,v_marcelo_castro,Marcelo Castro,black_belt_awarded_by,Faixa-preta concedida por,confirmed,high,Lineage declarada no perfil: M. Maeda > C. Gracie > Helio Gracie > Carlos Gracie Jr > José Olímpio > Marcelo Castro > Inacio Neto
bjj-fg-legacy-97-v_orlando_saraiva,fg-legacy-97,Marcelo Ferreira,v_orlando_saraiva,Orlando Saraiva,black_belt_awarded_by,Faixa-preta concedida por,confirmed,high,Lineage declarada no perfil: Carlos Gracie > Helio Gracie > Carlson Gracie > Orlando Saraiva > Marcelo Ferreira > Caio Barbante > Diego Ramos > Inacio Santos
bjj-v_caio_barbante-fg-legacy-97,v_caio_barbante,Caio Barbante,fg-legacy-97,Marcelo Ferreira,black_belt_awarded_by,Faixa-preta concedida por,confirmed,high,Lineage declarada no perfil: Carlos Gracie > Helio Gracie > Carlson Gracie > Orlando Saraiva > Marcelo Ferreira > Caio Barbante > Diego Ramos > Inacio Santos
bjj-v_diego_ramos-v_caio_barbante,v_diego_ramos,Diego Ramos,v_caio_barbante,Caio Barbante,black_belt_awarded_by,Faixa-preta concedida por,confirmed,high,Lineage declarada no perfil: Carlos Gracie > Helio Gracie > Carlson Gracie > Orlando Saraiva > Marcelo Ferreira > Caio Barbante > Diego Ramos > Inacio Santos
bjj-13853-v_diego_ramos,13853,Inacio Santos,v_diego_ramos,Diego Ramos,black_belt_awarded_by,Faixa-preta concedida por,confirmed,high,Lineage declarada no perfil: Carlos Gracie > Helio Gracie > Carlson Gracie > Orlando Saraiva > Marcelo Ferreira > Caio Barbante > Diego Ramos > Inacio Santos
bjj-v_ricardo_barros_chita-6539,v_ricardo_barros_chita,Ricardo Barros “Chita”,6539,Francisco Pinto Sa,black_belt_awarded_by,Faixa-preta concedida por,confirmed,high,Lineage declarada no perfil: Takeo Iano > Master Francisco Sá > Carlos Pinto Sá “Sazinho” > Ricardo Barros “Chita” > Edilson Albuquerque > Ingridd Alves
bjj-v_edilson_albuquerque-v_ricardo_barros_chita,v_edilson_albuquerque,Edilson Albuquerque,v_ricardo_barros_chita,Ricardo Barros “Chita”,black_belt_awarded_by,Faixa-preta concedida por,confirmed,high,Lineage declarada no perfil: Takeo Iano > Master Francisco Sá > Carlos Pinto Sá “Sazinho” > Ricardo Barros “Chita” > Edilson Albuquerque > Ingridd Alves
bjj-11929-v_edilson_albuquerque,11929,Ingridd Alves,v_edilson_albuquerque,Edilson Albuquerque,black_belt_awarded_by,Faixa-preta concedida por,confirmed,high,Lineage declarada no perfil: Takeo Iano > Master Francisco Sá > Carlos Pinto Sá “Sazinho” > Ricardo Barros “Chita” > Edilson Albuquerque > Ingridd Alves
bjj-10408-203,10408,Israel Sousa,203,Julio Cesar,black_belt_awarded_by,Faixa-preta concedida por,confirmed,high,Lineage declarada no perfil: Luis França > Oswaldo Fadda > Monir Salomão > Júlio César > Israel Sousa
bjj-1542-203,1542,Italo Lins,203,Julio Cesar,black_belt_awarded_by,Faixa-preta concedida por,confirmed,high,Lineage declarada no perfil: Luis França > Oswaldo Fadda > Monir Salomão > Julio Cesar Pereira > Italo Lins
bjj-13660-5414,13660,Italo Lima Costa,5414,Osvaldo Moizinho,black_belt_awarded_by,Faixa-preta concedida por,confirmed,high,Lineage declarada no perfil: Carlos Gracie > Helio Gracie > Francisco Mansur > Augusto Mendes > Osvaldo Moizinho > Italo Lima Costa
bjj-10295-1155,10295,Italo Moura,1155,Cicero Costha,black_belt_awarded_by,Faixa-preta concedida por,confirmed,high,Lineage declarada no perfil: Carlos Gracie > Helio Gracie > Rickson Gracie > Marcelo Behring > Waldomiro Perez > Roberto Godoi > Marco Barbosa > Cicero Costha > Italo Moura
bjj-6379-935,6379,Itallo Vilardo,935,Leonardo Castello Branco,black_belt_awarded_by,Faixa-preta concedida por,confirmed,high,Lineage declarada no perfil: M. Maeda > Carlos Gracie > Carlson Gracie > F. Pinduka > Leo Castello Branco > Ítallo Vilardo
bjj-v_choi_won_choi-630,v_choi_won_choi,Choi Won Choi,630,Ricardo Miller,black_belt_awarded_by,Faixa-preta concedida por,confirmed,high,Lineage declarada no perfil: Carlos Gracie > Helio Gracie > Rolls Gracie > Romero Cavalcanti (Jacaré) > Ricardo Miller > Choi Won Choi > Inseong Jang
bjj-9606-v_choi_won_choi,9606,Iseong Jang,v_choi_won_choi,Choi Won Choi,black_belt_awarded_by,Faixa-preta concedida por,confirmed,high,Lineage declarada no perfil: Carlos Gracie > Helio Gracie > Rolls Gracie > Romero Cavalcanti (Jacaré) > Ricardo Miller > Choi Won Choi > Inseong Jang
bjj-v_elinor_batista-6539,v_elinor_batista,Elinor Batista,6539,Francisco Pinto Sa,black_belt_awarded_by,Faixa-preta concedida por,confirmed,high,Lineage declarada no perfil: Takeo Iano > Francisco Sá > Francisco Pinto Sá (Sázinho) > Elinor Batista > Ismael Santos
bjj-12633-v_elinor_batista,12633,Ismael Santos,v_elinor_batista,Elinor Batista,black_belt_awarded_by,Faixa-preta concedida por,confirmed,high,Lineage declarada no perfil: Takeo Iano > Francisco Sá > Francisco Pinto Sá (Sázinho) > Elinor Batista > Ismael Santos
bjj-v_osmar_mouzinho-v_takeo_yano,v_osmar_mouzinho,Osmar Mouzinho,v_takeo_yano,Takeo Yano,black_belt_awarded_by,Faixa-preta concedida por,confirmed,high,Lineage declarada no perfil: Takeo Yano > Osmar Mouzinho > Agatangelo Braga > Ivan Gomes
bjj-v_agatangelo_braga-v_osmar_mouzinho,v_agatangelo_braga,Agatangelo Braga,v_osmar_mouzinho,Osmar Mouzinho,black_belt_awarded_by,Faixa-preta concedida por,confirmed,high,Lineage declarada no perfil: Takeo Yano > Osmar Mouzinho > Agatangelo Braga > Ivan Gomes
bjj-2335-v_agatangelo_braga,2335,Ivan Gomes,v_agatangelo_braga,Agatangelo Braga,black_belt_awarded_by,Faixa-preta concedida por,confirmed,high,Lineage declarada no perfil: Takeo Yano > Osmar Mouzinho > Agatangelo Braga > Ivan Gomes
bjj-v_luis_facanha-2003,v_luis_facanha,Luís Façanha,2003,Reyson Gracie,black_belt_awarded_by,Faixa-preta concedida por,confirmed,high,"Lineage declarada no perfil: Mitsuyo Maeda > Carlos Gracie Sr. > Reyson Gracie > Luís Façanha > Monteiro Brothers (Fabio, Gustavo, Yano & Lucio) > Cristiano Carioca > Ivaniel Oliveira"
bjj-guto-monteiro-v_luis_facanha,guto-monteiro,Guto Monteiro,v_luis_facanha,Luís Façanha,black_belt_awarded_by,Faixa-preta concedida por,confirmed,high,"Lineage declarada no perfil: Mitsuyo Maeda > Carlos Gracie Sr. > Reyson Gracie > Luís Façanha > Monteiro Brothers (Fabio, Gustavo, Yano & Lucio) > Cristiano Carioca > Ivaniel Oliveira"
bjj-1874-1108,1874,Ivaniel Oliveira,1108,Cristiano Carioca,black_belt_awarded_by,Faixa-preta concedida por,confirmed,high,"Lineage declarada no perfil: Mitsuyo Maeda > Carlos Gracie Sr. > Reyson Gracie > Luís Façanha > Monteiro Brothers (Fabio, Gustavo, Yano & Lucio) > Cristiano Carioca > Ivaniel Oliveira"
bjj-11939-875,11939,Jackson Douglas,875,Lucas Leite,black_belt_awarded_by,Faixa-preta concedida por,confirmed,high,Lineage declarada no perfil: Carlos Gracie > Helio Gracie > Rolls Gracie > Romero Cavalcanti > Leonardo Vieira > Lucas Leite > Jackson Douglas
bjj-3200-338,3200,Jackson Sousa,338,Ricardo Vieira,black_belt_awarded_by,Faixa-preta concedida por,confirmed,high,Lineage declarada no perfil: Carlos Gracie > Helio Gracie > Rolls Gracie > Romero Cavalcanti > Ricardo Vieira > Jackson Sousa
bjj-11208-875,11208,Jackson Nagai,875,Lucas Leite,black_belt_awarded_by,Faixa-preta concedida por,confirmed,high,Lineage declarada no perfil: C. Gracie > H. Gracie > Rolls Gracie > Romero Cavalcanti > Leonardo Vieira > Lucas Leite > Jackson Nagai
bjj-13162-11359,13162,Jacob Couch,11359,Heath Pedigo,black_belt_awarded_by,Faixa-preta concedida por,confirmed,high,Lineage declarada no perfil: Carlos Gracie > H. Gracie > Rickson Gracie > Rodrigo Vaghi > Heath Pedigo > Jacob Couch
bjj-8168-7675,8168,Jaqueline Amorim,7675,Faustino Neto,black_belt_awarded_by,Faixa-preta concedida por,confirmed,high,Lineage declarada no perfil: Carlos Gracie > Osvaldo Alves > Faustino Neto (Pina) > Jaqueline Amorim
bjj-1386-2512,1386,Davi Ramos,2512,Cezar Guimarães,black_belt_awarded_by,Faixa-preta concedida por,confirmed,high,Lineage declarada no perfil: Carlos Gracie > Helio Gracie > Carlson Gracie > Walter Guimaraes > Cesar Guimaraes > Davi Ramos > Jaine Fragoso
bjj-14017-1386,14017,Jaine Fragoso,1386,Davi Ramos,black_belt_awarded_by,Faixa-preta concedida por,confirmed,high,Lineage declarada no perfil: Carlos Gracie > Helio Gracie > Carlson Gracie > Walter Guimaraes > Cesar Guimaraes > Davi Ramos > Jaine Fragoso
bjj-8756-5747,8756,Jake Ferrara,5747,Arthur Sousa,black_belt_awarded_by,Faixa-preta concedida por,confirmed,high,Lineage declarada no perfil: Carlos Gracie > Crolin Gracie > Jorge Popovitch > Pablo Popovitch > AJ Sousa > Jake Ferrara
bjj-1014-224,1014,Jake Mackenzie,224,Roberto Abreu,black_belt_awarded_by,Faixa-preta concedida por,confirmed,high,Lineage declarada no perfil: Carlos Gracie > Carlson Gracie > Francisco Albuquerque > Roberto Abreu > Jake Mackenzie
bjj-10240-7747,10240,Jake Watson,7747,Andre Maracaba,black_belt_awarded_by,Faixa-preta concedida por,confirmed,high,Lineage declarada no perfil: C. Gracie > Helio Gracie > Royler Gracie > Regis Lebre > André Maracaba > Jake Watson
bjj-10986-422,10986,Jakub Zajkowski,422,Braulio Estima,black_belt_awarded_by,Faixa-preta concedida por,confirmed,high,Lineage declarada no perfil: Carlos Gracie Sr. > Helio Gracie > Carlos Gracie Jr > Braulio Estima > Jakub Zajkowski
bjj-1526-919,1526,James Brasco,919,Pablo Popovitch,black_belt_awarded_by,Faixa-preta concedida por,confirmed,high,Lineage declarada no perfil: Carlos Gracie > Crolin Gracie > Jorge Popovitch > Pablo Popovitch > James Brasco
bjj-1768-1307,1768,James Harbison,1307,Lloyd Irvin,black_belt_awarded_by,Faixa-preta concedida por,confirmed,high,Lineage declarada no perfil: M. Maeda > C. Gracie > H. Gracie > R. Gracie > Jorge Pereira > Leo Dalla > Lloyd Irvin > James Harbison
bjj-576-745,576,Rafael Lovato Jr,745,Carlos Machado,black_belt_awarded_by,Faixa-preta concedida por,confirmed,high,Lineage declarada no perfil: Carlos Gracie > Helio Gracie > Carlos Gracie Jr > Carlos Machado > Rafael Lovato Jr > James Puopolo
bjj-1827-576,1827,James Puopolo,576,Rafael Lovato Jr,black_belt_awarded_by,Faixa-preta concedida por,confirmed,high,Lineage declarada no perfil: Carlos Gracie > Helio Gracie > Carlos Gracie Jr > Carlos Machado > Rafael Lovato Jr > James Puopolo
bjj-4230-419,4230,Shimon Mochizuki,419,Leonardo Vieira,black_belt_awarded_by,Faixa-preta concedida por,confirmed,high,Lineage declarada no perfil: Mitsuyo Maeda > Carlos Gracie > Helio Gracie > Rolls Gracie > Romero Cavalcanti > Leonardo Vieira > Shimon Mochizuki > Janni Larsson
bjj-4107-4230,4107,Janni Larsson,4230,Shimon Mochizuki,black_belt_awarded_by,Faixa-preta concedida por,confirmed,high,Lineage declarada no perfil: Mitsuyo Maeda > Carlos Gracie > Helio Gracie > Rolls Gracie > Romero Cavalcanti > Leonardo Vieira > Shimon Mochizuki > Janni Larsson
bjj-13064-6507,13064,Janaina Lebre,6507,Regis Lebre,black_belt_awarded_by,Faixa-preta concedida por,confirmed,high,Lineage declarada no perfil: Carlos Gracie > Helio Gracie > Royler Gracie > Régis Lebre > Janaina Maia Lebre
bjj-v_antonio_carlos-338,v_antonio_carlos,Antonio Carlos,338,Ricardo Vieira,black_belt_awarded_by,Faixa-preta concedida por,confirmed,high,Lineage declarada no perfil: Carlos Gracie > Helio Gracie > Rolls Gracie > Romero Cavalcanti > Ricardo Vieira > Antônio Carlos > Jansen Gomes
bjj-12506-v_antonio_carlos,12506,Jansen Gomes,v_antonio_carlos,Antonio Carlos,black_belt_awarded_by,Faixa-preta concedida por,confirmed,high,Lineage declarada no perfil: Carlos Gracie > Helio Gracie > Rolls Gracie > Romero Cavalcanti > Ricardo Vieira > Antônio Carlos > Jansen Gomes
bjj-13132-8394,13132,Jasmine Rocha,8394,Vagner Rocha,black_belt_awarded_by,Faixa-preta concedida por,confirmed,high,Lineage declarada no perfil: Carlos Gracie > Crolin Gracie > Jorge Popovitch > Pablo Popovitch > Vagner Rocha > Jasmine Rocha
bjj-1858-52,1858,Matt Serra,52,Renzo Gracie,black_belt_awarded_by,Faixa-preta concedida por,confirmed,high,Lineage declarada no perfil: Carlos Gracie > Helio Gracie > Carlos Gracie Jr > Renzo Gracie > Matt Serra > Jason Rau
bjj-10759-1858,10759,Jason Rau,1858,Matt Serra,black_belt_awarded_by,Faixa-preta concedida por,confirmed,high,Lineage declarada no perfil: Carlos Gracie > Helio Gracie > Carlos Gracie Jr > Renzo Gracie > Matt Serra > Jason Rau
bjj-4706-647,4706,Javier Vazquez,647,Rodrigo Medeiros,black_belt_awarded_by,Faixa-preta concedida por,confirmed,high,Lineage declarada no perfil: Mitsuyo Maeda > Carlos Gracie > Carlson Gracie > Rodrigo Medeiros > Javier Vazquez
bjj-13680-144,13680,Javier Zaruski,144,Andre Galvao,black_belt_awarded_by,Faixa-preta concedida por,confirmed,high,Lineage declarada no perfil: Carlos Gracie > Reyson Gracie > Osvaldo Alves > Luis Dagmar > André Galvão > Javier Zaruski
bjj-13996-1155,13996,Jeferson Fagundes,1155,Cicero Costha,black_belt_awarded_by,Faixa-preta concedida por,confirmed,high,Lineage declarada no perfil: Carlos Gracie > Helio Gracie > Rickson Gracie > Marcelo Behring > Waldomiro Perez > Roberto Godoi > Marco Barbosa > Cicero Costha > Jefferson Fagundes
bjj-10506-1155,10506,Jeferson Guaresi,1155,Cicero Costha,black_belt_awarded_by,Faixa-preta concedida por,confirmed,high,Lineage declarada no perfil: Carlos Gracie > Helio Gracie > Rickson Gracie > Marcelo Behring > Waldomiro Perez > Roberto Godoi > Marco Barbosa > Cicero Costha > Jeferson Guaresi
bjj-v_burtom_deivisom-702,v_burtom_deivisom,Burtom Deivisom,702,Muzio de Angelis,black_belt_awarded_by,Faixa-preta concedida por,confirmed,high,Lineage declarada no perfil: Carlos Gracie > Helio Gracie > Rolls Gracie > Romero Cavalcanti > Roberto Traven > Muzio de Angelis > Burtom Deivisom > Thiago Barreto > Jefferson Goteu
bjj-8819-v_burtom_deivisom,8819,Thiago Barreto,v_burtom_deivisom,Burtom Deivisom,black_belt_awarded_by,Faixa-preta concedida por,confirmed,high,Lineage declarada no perfil: Carlos Gracie > Helio Gracie > Rolls Gracie > Romero Cavalcanti > Roberto Traven > Muzio de Angelis > Burtom Deivisom > Thiago Barreto > Jefferson Goteu
bjj-13955-8819,13955,Jefferson Goteu,8819,Thiago Barreto,black_belt_awarded_by,Faixa-preta concedida por,confirmed,high,Lineage declarada no perfil: Carlos Gracie > Helio Gracie > Rolls Gracie > Romero Cavalcanti > Roberto Traven > Muzio de Angelis > Burtom Deivisom > Thiago Barreto > Jefferson Goteu
bjj-v_carlos_augusto-6041,v_carlos_augusto,Carlos Augusto,6041,Reylson Gracie,black_belt_awarded_by,Faixa-preta concedida por,confirmed,high,Lineage declarada no perfil: Mitsuyo Maeda > Carlos Gracie Sr. > Reylson Gracie > Carlos Augusto > Jefferson Moura
bjj-1214-v_carlos_augusto,1214,Jefferson Moura,v_carlos_augusto,Carlos Augusto,black_belt_awarded_by,Faixa-preta concedida por,confirmed,high,Lineage declarada no perfil: Mitsuyo Maeda > Carlos Gracie Sr. > Reylson Gracie > Carlos Augusto > Jefferson Moura
bjj-1031-929,1031,Jake Shields,929,Cesar Gracie,black_belt_awarded_by,Faixa-preta concedida por,confirmed,high,Lineage declarada no perfil: Mitsuyo Maeda > Carlos Gracie Sr. > Robson Gracie > Cesar Gracie > Jake Shields
bjj-235-1813,235,Jean Kleber,1813,Jair Lourenco,black_belt_awarded_by,Faixa-preta concedida por,confirmed,high,Lineage declarada no perfil: Mitsuyo Maeda > Carlos Gracie > Carlson Gracie > André Pederneiras > Jair Lourenco > Jean Kleber
bjj-610-630,610,Jeff Glover,630,Ricardo Miller,black_belt_awarded_by,Faixa-preta concedida por,confirmed,high,Lineage declarada no perfil: Mitsuyo Maeda > Carlos Gracie > Helio Gracie > Rolls Gracie > Jacare > Ricardo Miller > Jeff Glover
bjj-364-355,364,Jeff Joslin,355,Romero Cavalcanti,black_belt_awarded_by,Faixa-preta concedida por,confirmed,high,Lineage declarada no perfil: Mitsuyo Maeda > Carlos Gracie > Helio Gracie > Rolls Gracie > Romero Cavalcanti > Jeff Joslin
bjj-9114-515,9114,JW Wright,515,Royler Gracie,black_belt_awarded_by,Faixa-preta concedida por,confirmed,high,Lineage declarada no perfil: Carlos Gracie > Helio Gracie > Royler Gracie > JW Wright > Jena Bishop
bjj-8223-9114,8223,Jena Bishop,9114,JW Wright,black_belt_awarded_by,Faixa-preta concedida por,confirmed,high,Lineage declarada no perfil: Carlos Gracie > Helio Gracie > Royler Gracie > JW Wright > Jena Bishop
bjj-1423-553,1423,Jeremy Arel,553,Roberto Correa,black_belt_awarded_by,Faixa-preta concedida por,confirmed,high,Lineage declarada no perfil: Mitsuyo Maeda > Carlos Gracie Sr. > Carlos Gracie Junior > Roberto Correa > Jeremy Arel
bjj-9440-582,9440,Jeremy Jackson,582,Caio Terra,black_belt_awarded_by,Faixa-preta concedida por,confirmed,high,Lineage declarada no perfil: C Gracie > Reylson Gracie > Paulo Maurício Strauch > Caio Terra > Jeremy Jackson
bjj-12259-8682,12259,Jeremy Skinner,8682,Lachlan Giles,black_belt_awarded_by,Faixa-preta concedida por,confirmed,high,Lineage declarada no perfil: Carlos Gracie > Helio Gracie > Carlos Gracie Jr > Jean Jacques Machado > Rigan Machado > John Will > John Simon > Lachlan Giles > Jeremy Skinner
bjj-11690-415,11690,Jessa Khan,415,Guilherme Mendes,black_belt_awarded_by,Faixa-preta concedida por,confirmed,high,Lineage declarada no perfil: Carlos Gracie > Carlson Gracie > André Pederneiras > Ramon Lemos > Guilherme Mendes > Jessa Khan
bjj-v_markku_juntunen-666,v_markku_juntunen,Markku Juntunen,666,Alexandre Paiva,black_belt_awarded_by,Faixa-preta concedida por,confirmed,high,Lineage declarada no perfil: Mitsuyo Maeda > Carlos Gracie > Helio Gracie > Rolls Gracie > Romero Cavalcanti > Alexandre Paiva > Markku Juntunen > Jesse Urholin
bjj-7608-v_markku_juntunen,7608,Jesse Urholin,v_markku_juntunen,Markku Juntunen,black_belt_awarded_by,Faixa-preta concedida por,confirmed,high,Lineage declarada no perfil: Mitsuyo Maeda > Carlos Gracie > Helio Gracie > Rolls Gracie > Romero Cavalcanti > Alexandre Paiva > Markku Juntunen > Jesse Urholin
bjj-v_orlando_barradas-hist_helio,v_orlando_barradas,Orlando Barradas,hist_helio,Helio Gracie,black_belt_awarded_by,Faixa-preta concedida por,confirmed,high,Lineage declarada no perfil: Carlos Gracie > Helio Gracie > Orlando Barradas > Augusto Vicente > Alessandro Nunes > Jessica Caroline
bjj-v_augusto_vicente-v_orlando_barradas,v_augusto_vicente,Augusto Vicente,v_orlando_barradas,Orlando Barradas,black_belt_awarded_by,Faixa-preta concedida por,confirmed,high,Lineage declarada no perfil: Carlos Gracie > Helio Gracie > Orlando Barradas > Augusto Vicente > Alessandro Nunes > Jessica Caroline
bjj-v_alessandro_nunes-v_augusto_vicente,v_alessandro_nunes,Alessandro Nunes,v_augusto_vicente,Augusto Vicente,black_belt_awarded_by,Faixa-preta concedida por,confirmed,high,Lineage declarada no perfil: Carlos Gracie > Helio Gracie > Orlando Barradas > Augusto Vicente > Alessandro Nunes > Jessica Caroline
bjj-11314-v_alessandro_nunes,11314,Jessica Caroline,v_alessandro_nunes,Alessandro Nunes,black_belt_awarded_by,Faixa-preta concedida por,confirmed,high,Lineage declarada no perfil: Carlos Gracie > Helio Gracie > Orlando Barradas > Augusto Vicente > Alessandro Nunes > Jessica Caroline
bjj-v_guilherme_bagaco-6683,v_guilherme_bagaco,Guilherme Bagaço,6683,Ryan Gracie,black_belt_awarded_by,Faixa-preta concedida por,confirmed,high,Lineage declarada no perfil: Mitsuyo Maeda > Carlos Gracie > Helio Gracie > Carlos Gracie Júnior > Ryan Gracie > Guilherme Bagaço > Anderson Silva (Banana) > Jessica Cristina
bjj-v_anderson_silva_banana-v_guilherme_bagaco,v_anderson_silva_banana,Anderson Silva (Banana),v_guilherme_bagaco,Guilherme Bagaço,black_belt_awarded_by,Faixa-preta concedida por,confirmed,high,Lineage declarada no perfil: Mitsuyo Maeda > Carlos Gracie > Helio Gracie > Carlos Gracie Júnior > Ryan Gracie > Guilherme Bagaço > Anderson Silva (Banana) > Jessica Cristina
bjj-v_jessica_cristina-v_anderson_silva_banana,v_jessica_cristina,Jessica Cristina,v_anderson_silva_banana,Anderson Silva (Banana),black_belt_awarded_by,Faixa-preta concedida por,confirmed,high,Lineage declarada no perfil: Mitsuyo Maeda > Carlos Gracie > Helio Gracie > Carlos Gracie Júnior > Ryan Gracie > Guilherme Bagaço > Anderson Silva (Banana) > Jessica Cristina
bjj-7817-371,7817,Jessica Flowers,371,Henrique Machado,black_belt_awarded_by,Faixa-preta concedida por,confirmed,high,Lineage declarada no perfil: Mitsuyo Maeda > Carlos Gracie > Reyson Gracie > Osvaldo Alves > Henrique Machado > Jessica Flowers
bjj-921-1716,921,Rafael Barbosa,1716,Andre Almeida,black_belt_awarded_by,Faixa-preta concedida por,confirmed,high,Lineage declarada no perfil: Mitsuyo Maeda > Carlos Gracie > Helio Gracie > Carlson Gracie > Ricardo Libório > André Almeida > Rafael “Formiga” Barbosa > Jessica Swanson
bjj-9096-921,9096,Jessica Swanson,921,Rafael Barbosa,black_belt_awarded_by,Faixa-preta concedida por,confirmed,high,Lineage declarada no perfil: Mitsuyo Maeda > Carlos Gracie > Helio Gracie > Carlson Gracie > Ricardo Libório > André Almeida > Rafael “Formiga” Barbosa > Jessica Swanson
bjj-12551-144,12551,Jhenifer Aquino,144,Andre Galvao,black_belt_awarded_by,Faixa-preta concedida por,confirmed,high,Lineage declarada no perfil: Carlos Gracie > Reyson Gracie > Osvaldo Alves > Luis Dagmar > André Galvão > Jhenifer Aquino
bjj-644-419,644,Joao Assis,419,Leonardo Vieira,black_belt_awarded_by,Faixa-preta concedida por,confirmed,high,Lineage declarada no perfil: Mitsuyo Maeda > Carlos Gracie > Helio Gracie > Rolls Gracie > Romero Cavalcanti > Leonardo Vieira > João Assis
bjj-14255-921,14255,Joao Assonitis,921,Rafael Barbosa,black_belt_awarded_by,Faixa-preta concedida por,confirmed,high,Lineage declarada no perfil: Carlos Gracie > Helio Gracie > Carlson Gracie > Crézio de Souza > André Almeida > Rafael Barbosa > João Assonitis
bjj-11960-2416,11960,Joao Cizeski,2416,Felipe Pena,black_belt_awarded_by,Faixa-preta concedida por,confirmed,high,Lineage declarada no perfil: Carlos Gracie > Helio Gracie > Carlos Gracie Jr > Vinicius Magalhães > Marcelo Azevedo > Felipe Pena > João Cizeski
bjj-12178-224,12178,Joao Costa,224,Roberto Abreu,black_belt_awarded_by,Faixa-preta concedida por,confirmed,high,Lineage declarada no perfil: Carlos Gracie > Helio Gracie > Carlson Gracie > Francisco Toco > Roberto Abreu > João Costa
bjj-1500-1495,1500,Joao Faria,1495,Flavio Behring,black_belt_awarded_by,Faixa-preta concedida por,confirmed,high,Lineage declarada no perfil: Mitsuyo Maeda > Carlos Gracie > Helio Gracie > Flavio Behring > Joao Faria
bjj-9074-144,9074,Joao Mendes,144,Andre Galvao,black_belt_awarded_by,Faixa-preta concedida por,confirmed,high,Lineage declarada no perfil: Carlos Gracie > R. Gracie > Osvaldo Alves > Luis Dagmar > André Galvão > João Mendes
bjj-2997-1155,2997,Joao Miyao,1155,Cicero Costha,black_belt_awarded_by,Faixa-preta concedida por,confirmed,high,Lineage declarada no perfil: Carlos Gracie > Helio Gracie > Rickson Gracie > Marcelo Behring > Waldomiro Perez > Roberto Godoi > Marco Barbosa > Cicero Costha > João Miyao
bjj-v_joao_nicolite-1386,v_joao_nicolite,Joao Nicolite,1386,Davi Ramos,black_belt_awarded_by,Faixa-preta concedida por,confirmed,high,Lineage declarada no perfil: Carlos Gracie > Helio Gracie > Carlson Gracie > Walter Guimaraes > Cesar Guimaraes > Davi Ramos > Joao Nicolite
bjj-11423-693,11423,Meyram Maquine,693,Luiz Guilherme,black_belt_awarded_by,Faixa-preta concedida por,confirmed,high,Lineage declarada no perfil: Carlos Gracie > Helio Gracie > Rickson G. > Jorge Pereira > Luiz Guilherme > Meyram Maquine > Gabriel Galvão
bjj-14078-11423,14078,Joao Gabriel Galvao,11423,Meyram Maquine,black_belt_awarded_by,Faixa-preta concedida por,confirmed,high,Lineage declarada no perfil: Carlos Gracie > Helio Gracie > Rickson G. > Jorge Pereira > Luiz Guilherme > Meyram Maquine > Gabriel Galvão
bjj-3028-921,3028,Leandro Escobar,921,Rafael Barbosa,black_belt_awarded_by,Faixa-preta concedida por,confirmed,high,Lineage declarada no perfil: Carlos Gracie > Helio Gracie > Carlson Gracie > Crézio de Souza > André Almeida > Rafael Barbosa > Leandro Escobar > João Gabriel Rocha
bjj-2403-3028,2403,Joao Gabriel Rocha,3028,Leandro Escobar,black_belt_awarded_by,Faixa-preta concedida por,confirmed,high,Lineage declarada no perfil: Carlos Gracie > Helio Gracie > Carlson Gracie > Crézio de Souza > André Almeida > Rafael Barbosa > Leandro Escobar > João Gabriel Rocha
bjj-8444-790,8444,Moacir Mendes Junior,790,Mario Reis,black_belt_awarded_by,Faixa-preta concedida por,confirmed,high,Lineage declarada no perfil: Carlos Gracie > Helio Gracie > Álvaro Barreto > Sylvio Behring > Mário Reis > Moacir Mendes Júnior > João Paulo Neto
bjj-8351-8444,8351,Joao Paulo Neto,8444,Moacir Mendes Junior,black_belt_awarded_by,Faixa-preta concedida por,confirmed,high,Lineage declarada no perfil: Carlos Gracie > Helio Gracie > Álvaro Barreto > Sylvio Behring > Mário Reis > Moacir Mendes Júnior > João Paulo Neto
bjj-v_guilherme_gobatti-6683,v_guilherme_gobatti,Guilherme Gobatti,6683,Ryan Gracie,black_belt_awarded_by,Faixa-preta concedida por,confirmed,high,Lineage declarada no perfil: Carlos Gracie > Helio Gracie > Carlos Gracie Junior > Ryan Gracie > Guilherme Gobatti > osyclay Gomes > João Pedro Menezes
bjj-v_osyclay_gomes-v_guilherme_gobatti,v_osyclay_gomes,osyclay Gomes,v_guilherme_gobatti,Guilherme Gobatti,black_belt_awarded_by,Faixa-preta concedida por,confirmed,high,Lineage declarada no perfil: Carlos Gracie > Helio Gracie > Carlos Gracie Junior > Ryan Gracie > Guilherme Gobatti > osyclay Gomes > João Pedro Menezes
bjj-14178-v_osyclay_gomes,14178,Joao Pedro Menezes,v_osyclay_gomes,osyclay Gomes,black_belt_awarded_by,Faixa-preta concedida por,confirmed,high,Lineage declarada no perfil: Carlos Gracie > Helio Gracie > Carlos Gracie Junior > Ryan Gracie > Guilherme Gobatti > osyclay Gomes > João Pedro Menezes
bjj-3384-hist_rolls,3384,Crolin Gracie,hist_rolls,Rolls Gracie,black_belt_awarded_by,Faixa-preta concedida por,confirmed,high,Lineage declarada no perfil: Mitsuyo Maeda > Carlos Gracie > Helio Gracie > Rolls Gracie > Crolin Gracie > Alexandre de Souza > Joao Zeferino
bjj-521-449,521,Joao Zeferino,449,Alexandre de Souza,black_belt_awarded_by,Faixa-preta concedida por,confirmed,high,Lineage declarada no perfil: Mitsuyo Maeda > Carlos Gracie > Helio Gracie > Rolls Gracie > Crolin Gracie > Alexandre de Souza > Joao Zeferino
bjj-1719-hist_helio,1719,Joao Alberto Barreto,hist_helio,Helio Gracie,black_belt_awarded_by,Faixa-preta concedida por,confirmed,high,Lineage declarada no perfil: Mitsuyo Maeda > Carlos Gracie > Helio Gracie > Joao Alberto Barreto
bjj-3366-3016,3366,Joao Paulo Oliveira,3016,Paulo Mauricio Strauch,black_belt_awarded_by,Faixa-preta concedida por,confirmed,high,Lineage declarada no perfil: Mitsuyo Maeda > Carlos Gracie Sr. > Reylson Gracie > Paulo Maurício Strauch > João Oliveira
bjj-v_josh_johnson-v_luiz_palhares,v_josh_johnson,Josh Johnson,v_luiz_palhares,Luiz Palhares,black_belt_awarded_by,Faixa-preta concedida por,confirmed,high,Lineage declarada no perfil: Carlos Gracie > Helio Gracie > Rickson Gracie > Luiz Palhares > Josh Johnson > Joe Baize
bjj-11114-v_josh_johnson,11114,Joe Baize,v_josh_johnson,Josh Johnson,black_belt_awarded_by,Faixa-preta concedida por,confirmed,high,Lineage declarada no perfil: Carlos Gracie > Helio Gracie > Rickson Gracie > Luiz Palhares > Josh Johnson > Joe Baize
bjj-v_adriano_pereira-627,v_adriano_pereira,Adriano Pereira,627,Murilo Bustamante,black_belt_awarded_by,Faixa-preta concedida por,confirmed,high,Lineage declarada no perfil: Carlos Gracie > Carlson Gracie > Murilo Bustamante > Adriano Pereira > Joel Gingery
bjj-8369-v_adriano_pereira,8369,Joel Gingery,v_adriano_pereira,Adriano Pereira,black_belt_awarded_by,Faixa-preta concedida por,confirmed,high,Lineage declarada no perfil: Carlos Gracie > Carlson Gracie > Murilo Bustamante > Adriano Pereira > Joel Gingery
bjj-11894-647,11894,Joel Tudor,647,Rodrigo Medeiros,black_belt_awarded_by,Faixa-preta concedida por,confirmed,high,Lineage declarada no perfil: Carlos Gracie > Carlson Gracie > Rodrigo Medeiros > Joel Tudor
bjj-6836-6481,6836,John Combs,6481,Amal Easton,black_belt_awarded_by,Faixa-preta concedida por,confirmed,high,Lineage declarada no perfil: C. Gracie > Helio Gracie > Carlos Gracie Jr > Renzo Gracie > Amal Easton > John Combs
bjj-3286-743,3286,John Crouch,743,Royce Gracie,black_belt_awarded_by,Faixa-preta concedida por,confirmed,high,Lineage declarada no perfil: Mitsuyo Maeda > Carlos Gracie > Helio Gracie > Royce Gracie > John Crouch
bjj-5858-1817,5858,Chris Haueter,1817,Rigan Machado,black_belt_awarded_by,Faixa-preta concedida por,confirmed,high,Lineage declarada no perfil: Carlos Gracie > Helio Gracie > Carlos Gracie Jr > Rigan Machado > Chris Haueter > Matt Thornton > John Kavanaugh
bjj-11874-5858,11874,Matt Thornton,5858,Chris Haueter,black_belt_awarded_by,Faixa-preta concedida por,confirmed,high,Lineage declarada no perfil: Carlos Gracie > Helio Gracie > Carlos Gracie Jr > Rigan Machado > Chris Haueter > Matt Thornton > John Kavanaugh
bjj-v_john_kavanaugh-11874,v_john_kavanaugh,John Kavanaugh,11874,Matt Thornton,black_belt_awarded_by,Faixa-preta concedida por,confirmed,high,Lineage declarada no perfil: Carlos Gracie > Helio Gracie > Carlos Gracie Jr > Rigan Machado > Chris Haueter > Matt Thornton > John Kavanaugh
bjj-v_roberto_maia-297,v_roberto_maia,Roberto Maia,297,Carlos Gracie Junior,black_belt_awarded_by,Faixa-preta concedida por,confirmed,high,Lineage declarada no perfil: Mitsuyo Maeda > Carlos Gracie Sr. > Carlos Gracie Junior > Roberto Maia > John Frankl
bjj-1569-v_roberto_maia,1569,John Frankl,v_roberto_maia,Roberto Maia,black_belt_awarded_by,Faixa-preta concedida por,confirmed,high,Lineage declarada no perfil: Mitsuyo Maeda > Carlos Gracie Sr. > Carlos Gracie Junior > Roberto Maia > John Frankl
bjj-v_shawn_hammonds-1307,v_shawn_hammonds,Shawn Hammonds,1307,Lloyd Irvin,black_belt_awarded_by,Faixa-preta concedida por,confirmed,high,Lineage declarada no perfil: Carlos Gracie > Helio Gracie > Rickson Gracie > Jorge Pereira > Leonardo Dalla > Lloyd Irvin > Shawn Hammonds > John Salter
bjj-10531-v_shawn_hammonds,10531,John Salter,v_shawn_hammonds,Shawn Hammonds,black_belt_awarded_by,Faixa-preta concedida por,confirmed,high,Lineage declarada no perfil: Carlos Gracie > Helio Gracie > Rickson Gracie > Jorge Pereira > Leonardo Dalla > Lloyd Irvin > Shawn Hammonds > John Salter
bjj-12095-1155,12095,Johnif Rocha,1155,Cicero Costha,black_belt_awarded_by,Faixa-preta concedida por,confirmed,high,Lineage declarada no perfil: Carlos Gracie > Helio Gracie > Rickson Gracie > Marcelo Behring > Waldomiro Perez > Roberto Godoi > Marco Barbosa > Cicero Costha > Johnif Rocha
bjj-8555-1403,8555,Juan Miguel Iturralde,1403,Fernando Di Piero,black_belt_awarded_by,Faixa-preta concedida por,confirmed,high,Lineage declarada no perfil: Carlos Gracie > Helio Gracie > Rolls Gracie > Romero Cavalcanti > Fábio Gurgel > Fernando Di Piero > Juan Miguel Iturralde > Johnny Tama
bjj-7664-8555,7664,Johnny Tama,8555,Juan Miguel Iturralde,black_belt_awarded_by,Faixa-preta concedida por,confirmed,high,Lineage declarada no perfil: Carlos Gracie > Helio Gracie > Rolls Gracie > Romero Cavalcanti > Fábio Gurgel > Fernando Di Piero > Juan Miguel Iturralde > Johnny Tama
bjj-10588-12227,10588,Jon Blank,12227,Zach Maslany,black_belt_awarded_by,Faixa-preta concedida por,confirmed,high,Lineage declarada no perfil: Carlos Gracie > Hélio Gracie > Carlos Gracie Jr > JJ Machado > Eddie Bravo > JM Holland / > Zach Maslany > Jon Blank
bjj-11248-338,11248,Jonata Gomes,338,Ricardo Vieira,black_belt_awarded_by,Faixa-preta concedida por,confirmed,high,Lineage declarada no perfil: Carlos Gracie > Helio Gracie > Rolls Gracie > Romero Cavalcanti > Ricardo Vieira > Jonata Gomes
bjj-10085-415,10085,Jonatha Alves,415,Guilherme Mendes,black_belt_awarded_by,Faixa-preta concedida por,confirmed,high,Lineage declarada no perfil: Carlos Gracie > Carlson Gracie > André Pederneiras > Ramon Lemos > Guilherme Mendes > Johnatha Alves
bjj-v_daisuke_yamaji-52,v_daisuke_yamaji,Daisuke Yamaji,52,Renzo Gracie,black_belt_awarded_by,Faixa-preta concedida por,confirmed,high,Lineage declarada no perfil: M. Maeda > C. Gracie > H. Gracie > Carlos Gracie Jr > Renzo Gracie > Daisuke Yamaji > Jon Calestine
bjj-8767-v_daisuke_yamaji,8767,Jonathan Calestine,v_daisuke_yamaji,Daisuke Yamaji,black_belt_awarded_by,Faixa-preta concedida por,confirmed,high,Lineage declarada no perfil: M. Maeda > C. Gracie > H. Gracie > Carlos Gracie Jr > Renzo Gracie > Daisuke Yamaji > Jon Calestine
bjj-9367-358,9367,Jonathan Thomas,358,Lucas Lepri,black_belt_awarded_by,Faixa-preta concedida por,confirmed,high,Lineage declarada no perfil: Mitsuyo Maeda > Carlos Gracie > Carlson Gracie > Sérgio Souza (Bolão) > Mauro Chueng > Elan Santiago > Lucas Lepri > Jonathan Thomas
bjj-975-952,975,Jonatas Gurgel,952,Joao Roque,black_belt_awarded_by,Faixa-preta concedida por,confirmed,high,Lineage declarada no perfil: Mitsuyo Maeda > Carlos Gracie > Carlson Gracie > Andre Pederneiras > Joao Roque > Jonatas Gurgel
bjj-10293-1155,10293,Jonas Andrade,1155,Cicero Costha,black_belt_awarded_by,Faixa-preta concedida por,confirmed,high,Lineage declarada no perfil: Carlos Gracie > Helio Gracie > Rickson Gracie > Marcelo Behring > Waldomiro Perez > Roberto Godoi > Marco Barbosa > Cicero Costha > Jonas Andrade
bjj-11084-1152,11084,Jonatas Novaes,1152,Eduardo Conceicao,black_belt_awarded_by,Faixa-preta concedida por,confirmed,high,Lineage declarada no perfil: Carlos Gracie > Helio Gracie > Rolls Gracie > Romero Cavalcanti > Eduardo Jamelão > Jonatas Novaes
bjj-10103-144,10103,Jonnatas Gracie,144,Andre Galvao,black_belt_awarded_by,Faixa-preta concedida por,confirmed,high,Lineage declarada no perfil: C. Gracie > R. Gracie > Osvaldo Alves > Luis Dagmar > André Galvão > Jonnatas Gracie
bjj-12298-297,12298,Vinicius Coelho,297,Carlos Gracie Junior,black_belt_awarded_by,Faixa-preta concedida por,confirmed,high,Lineage declarada no perfil: Carlos Gracie > Helio Gracie > Carlos Gracie Jr > Vinícius Coelho > Jordan Vaisman
bjj-12247-12298,12247,Jordan Vaisman,12298,Vinicius Coelho,black_belt_awarded_by,Faixa-preta concedida por,confirmed,high,Lineage declarada no perfil: Carlos Gracie > Helio Gracie > Carlos Gracie Jr > Vinícius Coelho > Jordan Vaisman
bjj-754-78,754,Jose Aldo,78,Andre Pederneiras,black_belt_awarded_by,Faixa-preta concedida por,confirmed,high,Lineage declarada no perfil: Mitsuyo Maeda > Carlos Gracie > Carlson Gracie > Andre Pederneiras > José Aldo
bjj-7931-203,7931,Jose Carlos Sousa,203,Julio Cesar,black_belt_awarded_by,Faixa-preta concedida por,confirmed,high,Lineage declarada no perfil: Mitsuyo Maeda > Luis França > Oswaldo Fadda > Monir Salomão > Julio Cesar > Jose Carlos Sousa
bjj-2241-297,2241,Jose Leao Teixeira,297,Carlos Gracie Junior,black_belt_awarded_by,Faixa-preta concedida por,confirmed,high,Lineage declarada no perfil: Mitsuyo Maeda > Carlos Gracie Sr. > Helio Gracie > Carlos Gracie Junior > José Leão Teixeira
bjj-14148-1290,14148,Jose Jurema,1290,Tarcisio Jardim,black_belt_awarded_by,Faixa-preta concedida por,confirmed,high,Lineage declarada no perfil: Carlos Gracie > Helio Gracie > Rolls Gracie > Romero Cavalcanti > Leonardo Vieira > Tarcicio Jardim > Jose Jurema
bjj-1548-297,1548,Jose Junior,297,Carlos Gracie Junior,black_belt_awarded_by,Faixa-preta concedida por,confirmed,high,Lineage declarada no perfil: Mitsuyo Maeda > Carlos Gracie Sr. > Carlos Gracie Junior > Jose Junior
bjj-12401-895,12401,Jose Marcello,895,Sergio Souza,black_belt_awarded_by,Faixa-preta concedida por,confirmed,high,Lineage declarada no perfil: Carlos Gracie > Helio Gracie > Carlson Gracie > Sérgio Souza > Zé Marcello
bjj-3357-1204,3357,Jose Mario Queiroga,1204,Roberto Traven,black_belt_awarded_by,Faixa-preta concedida por,confirmed,high,Lineage declarada no perfil: Mitsuyo Maeda > Carlos Gracie > Helio Gracie > Rolls Gracie > Romero Cavalcanti > Roberto Traven > Jose Mario Queiroga
bjj-650-195,650,Josef Manuel,195,Robson Moura,black_belt_awarded_by,Faixa-preta concedida por,confirmed,high,Lineage declarada no perfil: Mitsuyo Maeda > Carlos Gracie > Carlson Gracie > Andre Pederneiras > Robson Moura > Josef Manuel
bjj-13763-8346,13763,Jozef Chen,8346,Craig Jones,black_belt_awarded_by,Faixa-preta concedida por,confirmed,high,Lineage declarada no perfil: Carlos Gracie > Helio Gracie > Carlos Gracie Jr > Jean Jacques Machado > Rigan Machado > John Will > John Simon > Lachlan Giles > Craig Jones > Jozef Chen
bjj-v_jeff_messina-647,v_jeff_messina,Jeff Messina,647,Rodrigo Medeiros,black_belt_awarded_by,Faixa-preta concedida por,confirmed,high,Lineage declarada no perfil: Carlos Gracie > Helio Gracie > Carlson Gracie > Rodrigo Medeiros > Jeff Messina > Joe Dierkhising
bjj-12378-v_jeff_messina,12378,Joseph Dierkhising,v_jeff_messina,Jeff Messina,black_belt_awarded_by,Faixa-preta concedida por,confirmed,high,Lineage declarada no perfil: Carlos Gracie > Helio Gracie > Carlson Gracie > Rodrigo Medeiros > Jeff Messina > Joe Dierkhising
bjj-v_kenny_florian-v_roberto_maia,v_kenny_florian,Kenny Florian,v_roberto_maia,Roberto Maia,black_belt_awarded_by,Faixa-preta concedida por,confirmed,high,Lineage declarada no perfil: Carlos Gracie > Helio Gracie > Carlos Gracie Jr > Roberto Maia > Kenny Florian > Josh Griffiths
bjj-2095-v_kenny_florian,2095,Josh Griffiths,v_kenny_florian,Kenny Florian,black_belt_awarded_by,Faixa-preta concedida por,confirmed,high,Lineage declarada no perfil: Carlos Gracie > Helio Gracie > Carlos Gracie Jr > Roberto Maia > Kenny Florian > Josh Griffiths
bjj-7096-144,7096,Josh Hinger,144,Andre Galvao,black_belt_awarded_by,Faixa-preta concedida por,confirmed,high,Lineage declarada no perfil: Carlos Gracie > Reyson Gracie > Osvaldo Alves > L. Dagmar > André Galvão > Josh Hinger
bjj-v_tom_knox-10596,v_tom_knox,Tom Knox,10596,Cleber Luciano,black_belt_awarded_by,Faixa-preta concedida por,confirmed,high,Lineage declarada no perfil: Carlos Gracie > Helio Gracie > Royler Gracie > Rolker Gracie > Cleber Luciano > Tom Knox > Josh Cisneros
bjj-11568-v_tom_knox,11568,Joshua Cisneros,v_tom_knox,Tom Knox,black_belt_awarded_by,Faixa-preta concedida por,confirmed,high,Lineage declarada no perfil: Carlos Gracie > Helio Gracie > Royler Gracie > Rolker Gracie > Cleber Luciano > Tom Knox > Josh Cisneros
bjj-3313-322,3313,Juan Caio Kamezawa,322,Fabio Gurgel,black_belt_awarded_by,Faixa-preta concedida por,confirmed,high,Lineage declarada no perfil: Mitsuyo Maeda > Carlos Gracie > Helio Gracie > Rolls Gracie > Romero Cavalcanti > Fábio Gurgel > Juan Caio Kamezawa
bjj-v_arturo_wesson-623,v_arturo_wesson,Arturo Wesson,623,John Danaher,black_belt_awarded_by,Faixa-preta concedida por,confirmed,high,Lineage declarada no perfil: Carlos Gracie > Helio Gracie > Carlos Gracie Jr > Renzo Gracie > John Danaher > Arturo Wesson > Julián Espinosa
bjj-13775-v_arturo_wesson,13775,Julian Espinosa,v_arturo_wesson,Arturo Wesson,black_belt_awarded_by,Faixa-preta concedida por,confirmed,high,Lineage declarada no perfil: Carlos Gracie > Helio Gracie > Carlos Gracie Jr > Renzo Gracie > John Danaher > Arturo Wesson > Julián Espinosa
bjj-7006-203,7006,Julio dos Anjos Junior,203,Julio Cesar,black_belt_awarded_by,Faixa-preta concedida por,confirmed,high,Lineage declarada no perfil: Luis França > Oswaldo Fadda > Monir Salomão > Julio César > Júlio dos Anjos
bjj-4507-22,4507,Julio Fernandez,22,Carlson Gracie,black_belt_awarded_by,Faixa-preta concedida por,confirmed,high,Lineage declarada no perfil: Mitsuyo Maeda > Carlos Gracie > Carlson Gracie > Julio Fernandez
bjj-hist_carlos_sr-v_itsuyo_maeda,hist_carlos_sr,Carlos Gracie Senior,v_itsuyo_maeda,itsuyo Maeda,black_belt_awarded_by,Faixa-preta concedida por,confirmed,high,Lineage declarada no perfil: itsuyo Maeda > Carlos Gracie > Helio Gracie > Rickson Gracie > Jorge Pereira > Leo Dalla > Lloyd Irvin > Julius Park
bjj-12785-203,12785,Julia Alves,203,Julio Cesar,black_belt_awarded_by,Faixa-preta concedida por,confirmed,high,Lineage declarada no perfil: Luis França > Oswaldo Fadda > Monir Salomão > Júlio César > Júlia Alves
bjj-v_alexandre_salgado-3028,v_alexandre_salgado,Alexandre Salgado (,3028,Leandro Escobar,black_belt_awarded_by,Faixa-preta concedida por,confirmed,high,Lineage declarada no perfil: Carlos Gracie > Helio Gracie > Carlson Gracie > Crézio de Souza > André Almeida > Leandro Escobar > Alexandre Salgado ( > Hugo Marques > Julia Boscher
bjj-8138-v_alexandre_salgado,8138,Hugo Marques,v_alexandre_salgado,Alexandre Salgado (,black_belt_awarded_by,Faixa-preta concedida por,confirmed,high,Lineage declarada no perfil: Carlos Gracie > Helio Gracie > Carlson Gracie > Crézio de Souza > André Almeida > Leandro Escobar > Alexandre Salgado ( > Hugo Marques > Julia Boscher
bjj-10370-8138,10370,Julia Boscher,8138,Hugo Marques,black_belt_awarded_by,Faixa-preta concedida por,confirmed,high,Lineage declarada no perfil: Carlos Gracie > Helio Gracie > Carlson Gracie > Crézio de Souza > André Almeida > Leandro Escobar > Alexandre Salgado ( > Hugo Marques > Julia Boscher
bjj-14094-6209,14094,Julia Maele,6209,Felipe Mota,black_belt_awarded_by,Faixa-preta concedida por,confirmed,high,Lineage declarada no perfil: Carlos Gracie > Helio Gracie > Rolls Gracie > Romero Cavalcanti > Octávio Couto > Felipe Mota > Julia Maele
bjj-1855-78,1855,Fernando Guimaraes,78,Andre Pederneiras,black_belt_awarded_by,Faixa-preta concedida por,confirmed,high,Lineage declarada no perfil: Carlos Gracie > Carlson Gracie > Andre Pederneiras > Fernando Marques (Boi) > Juliana Borges
bjj-11401-1855,11401,Juliana Borges,1855,Fernando Guimaraes,black_belt_awarded_by,Faixa-preta concedida por,confirmed,high,Lineage declarada no perfil: Carlos Gracie > Carlson Gracie > Andre Pederneiras > Fernando Marques (Boi) > Juliana Borges
bjj-9711-601,9711,Jurandir Conceicao,601,Roberto Godoi,black_belt_awarded_by,Faixa-preta concedida por,confirmed,high,Lineage declarada no perfil: Mitsuyo Maeda > Carlos Gracie > Helio Gracie > Rickson Gracie > Marcelo Behring > Waldomiro Perez > Roberto Godoi > Jurandir Conceição
bjj-1377-528,1377,Jurandir Moura,528,George Gracie,black_belt_awarded_by,Faixa-preta concedida por,confirmed,high,Lineage declarada no perfil: Mitsuyo Maeda > Carlos Gracie > George Gracie > Jurandir Moura
bjj-v_alvis_solis-745,v_alvis_solis,Alvis Solis,745,Carlos Machado,black_belt_awarded_by,Faixa-preta concedida por,confirmed,high,Lineage declarada no perfil: C. Gracie > H. Gracie > Carlos Gracie Jr > Carlos Machado > Alvis Solis > Roy Davis > Justin Ordinario
bjj-v_roy_davis-v_alvis_solis,v_roy_davis,Roy Davis,v_alvis_solis,Alvis Solis,black_belt_awarded_by,Faixa-preta concedida por,confirmed,high,Lineage declarada no perfil: C. Gracie > H. Gracie > Carlos Gracie Jr > Carlos Machado > Alvis Solis > Roy Davis > Justin Ordinario
bjj-13801-v_roy_davis,13801,Justin Ordinario,v_roy_davis,Roy Davis,black_belt_awarded_by,Faixa-preta concedida por,confirmed,high,Lineage declarada no perfil: C. Gracie > H. Gracie > Carlos Gracie Jr > Carlos Machado > Alvis Solis > Roy Davis > Justin Ordinario
bjj-1398-576,1398,Justin Rader,576,Rafael Lovato Jr,black_belt_awarded_by,Faixa-preta concedida por,confirmed,high,Lineage declarada no perfil: Mitsuyo Maeda > Carlos Gracie Sr. > Carlos Gracie Junior > Carlos Machado > Rafael Lovato Jr > Justin Rader
bjj-967-1307,967,Jonathan Torres,1307,Lloyd Irvin,black_belt_awarded_by,Faixa-preta concedida por,confirmed,high,Lineage declarada no perfil: Mitsuyo Maeda > Carlos Gracie (Senior) > Helio Gracie > Rickson Gracie > Jorge Pereira > Leonardo Dalla > Lloyd Irvin > JT Torres
bjj-809-22,809,Luis Carlos Dias,22,Carlson Gracie,black_belt_awarded_by,Faixa-preta concedida por,confirmed,high,Lineage declarada no perfil: Carlos Gracie Sr > Helio Gracie > Carlson Gracie > Luis Carlos “Manimal” > Vinc Tan > Kacie Tan
bjj-v_vinc_tan-809,v_vinc_tan,Vinc Tan,809,Luis Carlos Dias,black_belt_awarded_by,Faixa-preta concedida por,confirmed,high,Lineage declarada no perfil: Carlos Gracie Sr > Helio Gracie > Carlson Gracie > Luis Carlos “Manimal” > Vinc Tan > Kacie Tan
bjj-13028-v_vinc_tan,13028,Kacie Tan,v_vinc_tan,Vinc Tan,black_belt_awarded_by,Faixa-preta concedida por,confirmed,high,Lineage declarada no perfil: Carlos Gracie Sr > Helio Gracie > Carlson Gracie > Luis Carlos “Manimal” > Vinc Tan > Kacie Tan
bjj-13834-10088,13834,Kaua Gabriel,10088,Melqui Galvao,black_belt_awarded_by,Faixa-preta concedida por,confirmed,high,Lineage declarada no perfil: Carlos Gracie > Helio Gracie > Royler Gracie > Rolker Gracie > Augusto Monteiro > Ronnie Melo > Melquisedeque Galvão > Kauã Gabriel
bjj-11465-v_andre_vasconcelos,11465,Kauan Barboza,v_andre_vasconcelos,André Vasconcelos,black_belt_awarded_by,Faixa-preta concedida por,confirmed,high,Lineage declarada no perfil: C. Gracie > Carlson Gracie > Carlson Gracie Jr > André Vasconcelos > Kauan Barboza
bjj-3009-144,3009,Keenan Cornelius,144,Andre Galvao,black_belt_awarded_by,Faixa-preta concedida por,confirmed,high,Lineage declarada no perfil: C. Gracie > R. Gracie > Osvaldo Alves > Luis Dagmar > André Galvão > Keenan Cornelius
bjj-6531-4317,6531,Richard Martinez,4317,Eddie Bravo,black_belt_awarded_by,Faixa-preta concedida por,confirmed,high,Lineage declarada no perfil: Carlos Gracie (Senior) > Hélio Gracie > Carlos Gracie Jr > JJ Machado > Eddie Bravo > Richie Martinez > Keith Krikorian
bjj-12491-6531,12491,Keith Krikorian,6531,Richard Martinez,black_belt_awarded_by,Faixa-preta concedida por,confirmed,high,Lineage declarada no perfil: Carlos Gracie (Senior) > Hélio Gracie > Carlos Gracie Jr > JJ Machado > Eddie Bravo > Richie Martinez > Keith Krikorian
bjj-1068-405,1068,Keith McKenzie,405,Marco Canha,black_belt_awarded_by,Faixa-preta concedida por,confirmed,high,Lineage declarada no perfil: Mitsuyo Maeda > Carlos Gracie > Helio Gracie > Rolls Gracie > Romero Cavalcanti > Ricardo Vieira > Marco Canha > Keith McKenzie
bjj-v_kid_peligro-515,v_kid_peligro,Kid Peligro,515,Royler Gracie,black_belt_awarded_by,Faixa-preta concedida por,confirmed,high,Lineage declarada no perfil: Mitsuyo Maeda > Carlos Gracie > Helio Gracie > Royler Gracie > Kid Peligro
bjj-12005-144,12005,Kade Ruotolo,144,Andre Galvao,black_belt_awarded_by,Faixa-preta concedida por,confirmed,high,Lineage declarada no perfil: Carlos Gracie > Reyson Gracie > Osvaldo Alves > Luis Dagmar > André Galvão > Kade Ruotolo
bjj-11725-1817,11725,Kaiser Girao,1817,Rigan Machado,black_belt_awarded_by,Faixa-preta concedida por,confirmed,high,Lineage declarada no perfil: Carlos Gracie Sr. > Helio Gracie > Carlos Gracie Junior > Rigan Machado > Keiser Girão
bjj-8173-52,8173,Karel Pravec,52,Renzo Gracie,black_belt_awarded_by,Faixa-preta concedida por,confirmed,high,Lineage declarada no perfil: Mitsuyo Maeda > Carlos Gracie > Helio Gracie > Carlos Gracie Jr > Renzo Gracie > Karel Pravec
bjj-13473-224,13473,Kauane Silva,224,Roberto Abreu,black_belt_awarded_by,Faixa-preta concedida por,confirmed,high,Lineage declarada no perfil: Carlos Gracie > Helio Gracie > Carlson Gracie > Francisco Toco > Roberto Abreu > Kauane da Silva
bjj-v_luis_dagmar_careca-524,v_luis_dagmar_careca,Luis Dagmar (Careca),524,Osvaldo Alves,black_belt_awarded_by,Faixa-preta concedida por,confirmed,high,Lineage declarada no perfil: Carlos Gracie > Reyson Gracie > Osvaldo Alves > Luis Dagmar (Careca) > André Galvão > Kaynan Casemiro Duarte
bjj-144-v_luis_dagmar_careca,144,Andre Galvao,v_luis_dagmar_careca,Luis Dagmar (Careca),black_belt_awarded_by,Faixa-preta concedida por,confirmed,high,Lineage declarada no perfil: Carlos Gracie > Reyson Gracie > Osvaldo Alves > Luis Dagmar (Careca) > André Galvão > Kaynan Casemiro Duarte
bjj-8974-144,8974,Kaynan Duarte,144,Andre Galvao,black_belt_awarded_by,Faixa-preta concedida por,confirmed,high,Lineage declarada no perfil: Carlos Gracie > Reyson Gracie > Osvaldo Alves > Luis Dagmar (Careca) > André Galvão > Kaynan Casemiro Duarte
bjj-2247-297,2247,Nelson Monteiro,297,Carlos Gracie Junior,black_belt_awarded_by,Faixa-preta concedida por,confirmed,high,Lineage declarada no perfil: Carlos Gracie > Helio Gracie > Carlos Gracie Jr. > Nelson Monteiro > Tom Reusing > Kendall Reusing
bjj-v_tom_reusing-2247,v_tom_reusing,Tom Reusing,2247,Nelson Monteiro,black_belt_awarded_by,Faixa-preta concedida por,confirmed,high,Lineage declarada no perfil: Carlos Gracie > Helio Gracie > Carlos Gracie Jr. > Nelson Monteiro > Tom Reusing > Kendall Reusing
bjj-10885-v_tom_reusing,10885,Kendall Reusing,v_tom_reusing,Tom Reusing,black_belt_awarded_by,Faixa-preta concedida por,confirmed,high,Lineage declarada no perfil: Carlos Gracie > Helio Gracie > Carlos Gracie Jr. > Nelson Monteiro > Tom Reusing > Kendall Reusing
bjj-9031-147,9031,Kennedy Maciel,147,Rubens Charles,black_belt_awarded_by,Faixa-preta concedida por,confirmed,high,Lineage declarada no perfil: Carlos Gracie > Helio Gracie > Rolls Gracie > Romero Cavalcanti > Alexandre Paiva > Fernando Terere > Rubens Charles > Kennedy Maciel
bjj-1122-996,1122,Yusuke Honma,996,Yuki Nakai,black_belt_awarded_by,Faixa-preta concedida por,confirmed,high,Lineage declarada no perfil: Carlos Gracie > Helio Gracie > Carlos Gracie Jr. > Yuki Nakai > Yusuke Honma > Kenta Iwamoto
bjj-13678-1122,13678,Kenta Iwamoto,1122,Yusuke Honma,black_belt_awarded_by,Faixa-preta concedida por,confirmed,high,Lineage declarada no perfil: Carlos Gracie > Helio Gracie > Carlos Gracie Jr. > Yuki Nakai > Yusuke Honma > Kenta Iwamoto
bjj-11889-5414,11889,Keven Carrasco,5414,Osvaldo Moizinho,black_belt_awarded_by,Faixa-preta concedida por,confirmed,high,Lineage declarada no perfil: Carlos Gracie > Helio Gracie > Francisco Mansur > Augusto Mendes > Osvaldo Moizinho > Keven Carrasco
bjj-v_kevin_gabriel-7552,v_kevin_gabriel,Kevin Gabriel,7552,Isaque Bahiense,black_belt_awarded_by,Faixa-preta concedida por,confirmed,high,Lineage declarada no perfil: Carlos Gracie > Helio Gracie > Rolls Gracie > Romero Cavalcanti > Alexandre Paiva > Fernando Tererê > Rubens Charles > Michael Langhi > Isaque Bahiense > Kevin Gabriel
bjj-6368-975,6368,Kevin Mahecha,975,Jonatas Gurgel,black_belt_awarded_by,Faixa-preta concedida por,confirmed,high,Lineage declarada no perfil: Carlos Gracie > Helio Gracie > Carlson Gracie > André Pederneiras > João Roque > Jonatas Gurgel > Kevin Mahecha
bjj-v_roan_carneiro-627,v_roan_carneiro,Roan Carneiro,627,Murilo Bustamante,black_belt_awarded_by,Faixa-preta concedida por,confirmed,high,Lineage declarada no perfil: Carlos Gracie > Helio Gracie > Carlson Gracie > Murilo Bustamante > Roan Carneiro > Iuri Alves > Khaled Alshehi
bjj-v_iuri_alves-v_roan_carneiro,v_iuri_alves,Iuri Alves,v_roan_carneiro,Roan Carneiro,black_belt_awarded_by,Faixa-preta concedida por,confirmed,high,Lineage declarada no perfil: Carlos Gracie > Helio Gracie > Carlson Gracie > Murilo Bustamante > Roan Carneiro > Iuri Alves > Khaled Alshehi
bjj-13515-v_iuri_alves,13515,Khaled Alshehi,v_iuri_alves,Iuri Alves,black_belt_awarded_by,Faixa-preta concedida por,confirmed,high,Lineage declarada no perfil: Carlos Gracie > Helio Gracie > Carlson Gracie > Murilo Bustamante > Roan Carneiro > Iuri Alves > Khaled Alshehi
bjj-1631-1495,1631,Sylvio Behring,1495,Flavio Behring,black_belt_awarded_by,Faixa-preta concedida por,confirmed,high,Lineage declarada no perfil: Carlos Gracie > Helio Gracie > Flávio Behring > Sylvio Behring > Fernando Zulick > Kieran Kichuk
bjj-v_fernando_zulick-1631,v_fernando_zulick,Fernando Zulick,1631,Sylvio Behring,black_belt_awarded_by,Faixa-preta concedida por,confirmed,high,Lineage declarada no perfil: Carlos Gracie > Helio Gracie > Flávio Behring > Sylvio Behring > Fernando Zulick > Kieran Kichuk
bjj-12115-v_fernando_zulick,12115,Kieran Kichuk,v_fernando_zulick,Fernando Zulick,black_belt_awarded_by,Faixa-preta concedida por,confirmed,high,Lineage declarada no perfil: Carlos Gracie > Helio Gracie > Flávio Behring > Sylvio Behring > Fernando Zulick > Kieran Kichuk
bjj-1740-338,1740,Yuri Simoes,338,Ricardo Vieira,black_belt_awarded_by,Faixa-preta concedida por,confirmed,high,Lineage declarada no perfil: Mitsuyo Maeda > Carlos Gracie (Senior) > Helio Gracie > Rolls Gracie > Romero Cavalcanti (Jacare) > Ricardo Vieira > Yuri Simões > Kit Dale
bjj-9758-1740,9758,Kit Dale,1740,Yuri Simoes,black_belt_awarded_by,Faixa-preta concedida por,confirmed,high,Lineage declarada no perfil: Mitsuyo Maeda > Carlos Gracie (Senior) > Helio Gracie > Rolls Gracie > Romero Cavalcanti (Jacare) > Ricardo Vieira > Yuri Simões > Kit Dale
bjj-v_chae_in_muk_sung_hee_yong-492,v_chae_in_muk_sung_hee_yong,Chae In-Muk / Sung Hee-Yong,492,Marco Barbosa,black_belt_awarded_by,Faixa-preta concedida por,confirmed,high,Lineage declarada no perfil: Carlos Gracie > Helio Gracie > Rickson Gracie > Marcelo Behring > Waldomiro Perez > Roberto Godoi > Marco Barbosa > Chae In-Muk / Sung Hee-Yong > Noh Young-am > Hyuk-il Kwon > Kira Sung
bjj-v_noh_young_am-v_chae_in_muk_sung_hee_yong,v_noh_young_am,Noh Young-am,v_chae_in_muk_sung_hee_yong,Chae In-Muk / Sung Hee-Yong,black_belt_awarded_by,Faixa-preta concedida por,confirmed,high,Lineage declarada no perfil: Carlos Gracie > Helio Gracie > Rickson Gracie > Marcelo Behring > Waldomiro Perez > Roberto Godoi > Marco Barbosa > Chae In-Muk / Sung Hee-Yong > Noh Young-am > Hyuk-il Kwon > Kira Sung
bjj-v_hyuk_il_kwon-v_noh_young_am,v_hyuk_il_kwon,Hyuk-il Kwon,v_noh_young_am,Noh Young-am,black_belt_awarded_by,Faixa-preta concedida por,confirmed,high,Lineage declarada no perfil: Carlos Gracie > Helio Gracie > Rickson Gracie > Marcelo Behring > Waldomiro Perez > Roberto Godoi > Marco Barbosa > Chae In-Muk / Sung Hee-Yong > Noh Young-am > Hyuk-il Kwon > Kira Sung
bjj-12010-v_hyuk_il_kwon,12010,Kira Sung,v_hyuk_il_kwon,Hyuk-il Kwon,black_belt_awarded_by,Faixa-preta concedida por,confirmed,high,Lineage declarada no perfil: Carlos Gracie > Helio Gracie > Rickson Gracie > Marcelo Behring > Waldomiro Perez > Roberto Godoi > Marco Barbosa > Chae In-Muk / Sung Hee-Yong > Noh Young-am > Hyuk-il Kwon > Kira Sung
bjj-13241-9587,13241,Kjetil Lydvo,9587,Eduardo Rios,black_belt_awarded_by,Faixa-preta concedida por,confirmed,high,Lineage declarada no perfil: Carlos Gracie > Helio Gracie > Carlson Gracie > Ricardo Libório > Eduardo Rios > Kjetil Lydvo
bjj-11049-1207,11049,Kody Steele,1207,Rodrigo Cabral,black_belt_awarded_by,Faixa-preta concedida por,confirmed,high,Lineage declarada no perfil: Carlos Gracie > Helio Gracie > Rolls Gracie > Romero Cavalcanti > Leonardo Vieira > Rodrigo Cabral > Kody Steele
bjj-1882-666,1882,Mitsuyoshi Hayakawa,666,Alexandre Paiva,black_belt_awarded_by,Faixa-preta concedida por,confirmed,high,Lineage declarada no perfil: Mitsuyo Maeda > Carlos Gracie > Helio Gracie > Rolls Gracie > Romero Cavalcanti > Alexandre Paiva > Mitsuyoshi Hayakawa > Koji Shibamoto
bjj-1919-1882,1919,Koji Shibamoto,1882,Mitsuyoshi Hayakawa,black_belt_awarded_by,Faixa-preta concedida por,confirmed,high,Lineage declarada no perfil: Mitsuyo Maeda > Carlos Gracie > Helio Gracie > Rolls Gracie > Romero Cavalcanti > Alexandre Paiva > Mitsuyoshi Hayakawa > Koji Shibamoto
bjj-674-297,674,Kyra Gracie,297,Carlos Gracie Junior,black_belt_awarded_by,Faixa-preta concedida por,confirmed,high,Lineage declarada no perfil: Carlos Gracie > Helio Gracie > Carlos Gracie Jr > Kyra Gracie
bjj-v_hannette_staack-314,v_hannette_staack,Hannette Staack,314,Andre Terencio,black_belt_awarded_by,Faixa-preta concedida por,confirmed,high,Lineage declarada no perfil: Mitsuyo Maeda > Carlos Gracie > Helio Gracie > Francisco Mansor > Carlos Henrique > André Terêncio > Hannette Staack > Kristen Martin
bjj-8981-v_hannette_staack,8981,Kristen Martin,v_hannette_staack,Hannette Staack,black_belt_awarded_by,Faixa-preta concedida por,confirmed,high,Lineage declarada no perfil: Mitsuyo Maeda > Carlos Gracie > Helio Gracie > Francisco Mansor > Carlos Henrique > André Terêncio > Hannette Staack > Kristen Martin
bjj-8893-v_hannette_staack,8893,Kristin Mikkelson,v_hannette_staack,Hannette Staack,black_belt_awarded_by,Faixa-preta concedida por,confirmed,high,Lineage declarada no perfil: Mitsuyo Maeda > Carlos Gracie > Helio Gracie > Francisco Mansor > Carlos Henrique > André Terêncio > Hannette Staack > Kristin Mikkelson
bjj-788-67,788,Kron Gracie,67,Rickson Gracie,black_belt_awarded_by,Faixa-preta concedida por,confirmed,high,Lineage declarada no perfil: Mitsuyo Maeda > Carlos Gracie > Helio Gracie > Rickson Gracie > Kron Gracie
bjj-12842-320,12842,Kristof Szucs,320,Romulo Barral,black_belt_awarded_by,Faixa-preta concedida por,confirmed,high,Lineage declarada no perfil: Carlos Gracie > Helio Gracie > Carlos Gracie Junior > Vinícius Magalhães > Rômulo Barral > Kristóf Szucs
bjj-901-297,901,Kayron Gracie,297,Carlos Gracie Junior,black_belt_awarded_by,Faixa-preta concedida por,confirmed,high,Lineage declarada no perfil: Mitsuyo Maeda > Carlos Gracie Sr. > Helio Gracie > Carlos Gracie Junior > Kayron Gracie
bjj-2475-297,2475,Kurt Osiander,297,Carlos Gracie Junior,black_belt_awarded_by,Faixa-preta concedida por,confirmed,high,Lineage declarada no perfil: Mitsuyo Maeda > Carlos Gracie Sr. > Helio Gracie > Carlos Gracie Junior > Kurt Osiander
bjj-v_john_botello-4317,v_john_botello,John Botello,4317,Eddie Bravo,black_belt_awarded_by,Faixa-preta concedida por,confirmed,high,Lineage declarada no perfil: Carlos Gracie > Hélio Gracie > Carlos Gracie Jr > J. J. Machado > Eddie Bravo > John Botello > Kyle Boehm
bjj-10705-v_john_botello,10705,Kyle Boehm,v_john_botello,John Botello,black_belt_awarded_by,Faixa-preta concedida por,confirmed,high,Lineage declarada no perfil: Carlos Gracie > Hélio Gracie > Carlos Gracie Jr > J. J. Machado > Eddie Bravo > John Botello > Kyle Boehm
bjj-8399-297,8399,Kleber Oliveira,297,Carlos Gracie Junior,black_belt_awarded_by,Faixa-preta concedida por,confirmed,high,Lineage declarada no perfil: Mitsuyo Maeda > Carlos Gracie Sr. > Helio Gracie > Carlos Gracie Junior > Kleber Oliveira
bjj-v_thiago_de_guimaraes-613,v_thiago_de_guimaraes,Thiago de Guimarães,613,Wellington Dias,black_belt_awarded_by,Faixa-preta concedida por,confirmed,high,Lineage declarada no perfil: Carlos Gracie > Hélio Gracie > Royler Gracie > Wellington Dias > Thiago de Guimarães > Larissa Campos Carvalho
bjj-v_larissa_campos_carvalho-v_thiago_de_guimaraes,v_larissa_campos_carvalho,Larissa Campos Carvalho,v_thiago_de_guimaraes,Thiago de Guimarães,black_belt_awarded_by,Faixa-preta concedida por,confirmed,high,Lineage declarada no perfil: Carlos Gracie > Hélio Gracie > Royler Gracie > Wellington Dias > Thiago de Guimarães > Larissa Campos Carvalho
bjj-12508-1600,12508,Larissa Dias,1600,Vinicius Marinho,black_belt_awarded_by,Faixa-preta concedida por,confirmed,high,Lineage declarada no perfil: Luis França > Oswaldo Fadda > Monir Salomão > Júlio César Pereira > Vinicius Marinho > Larissa Dias
bjj-v_paulo_avolio-553,v_paulo_avolio,Paulo Avolio,553,Roberto Correa,black_belt_awarded_by,Faixa-preta concedida por,confirmed,high,Lineage declarada no perfil: M. Maeda > C. Gracie > Helio Gracie > Carlos Gracie Jr > Roberto Corrêa > Paulo Avolio > Larissa Paes
bjj-9938-v_paulo_avolio,9938,Larissa Paes,v_paulo_avolio,Paulo Avolio,black_belt_awarded_by,Faixa-preta concedida por,confirmed,high,Lineage declarada no perfil: M. Maeda > C. Gracie > Helio Gracie > Carlos Gracie Jr > Roberto Corrêa > Paulo Avolio > Larissa Paes
bjj-1041-5000,1041,Laercio Fernandes,5000,Givanildo Santana,black_belt_awarded_by,Faixa-preta concedida por,confirmed,high,Lineage declarada no perfil: Mitsuyo Maeda > Carlos Gracie > George Gracie > Octávio de Almeida > Moises Murad > Givanildo Santana > Laercio Fernandes
bjj-11071-422,11071,Laura Barker,422,Braulio Estima,black_belt_awarded_by,Faixa-preta concedida por,confirmed,high,Lineage declarada no perfil: Carlos Gracie > Helio Gracie > Carlos Gracie Jr > Braulio Estima > Laura Barker
bjj-v_laurence_cousin-1495,v_laurence_cousin,Laurence Cousin,1495,Flavio Behring,black_belt_awarded_by,Faixa-preta concedida por,confirmed,high,Lineage declarada no perfil: Mitsuyo Maeda > Carlos Gracie > Helio Gracie > Flavio Behring > Laurence Cousin
bjj-13458-7675,13458,Leandro Lima,7675,Faustino Neto,black_belt_awarded_by,Faixa-preta concedida por,confirmed,high,Lineage declarada no perfil: Carlos Gracie > Helio Gracie > Osvaldo Alves > Master Pina > Leandro Lima
bjj-1730-1400,1730,Leandro Lora,1400,Carlos Henrique,black_belt_awarded_by,Faixa-preta concedida por,confirmed,high,Lineage declarada no perfil: Mitsuyo Maeda > Carlos Gracie > Helio Gracie > Francisco Mansor > Carlos Henrique > Leandro Lora
bjj-1799-fernando-augusto-terere-bio,1799,Leandro Martins,fernando-augusto-terere-bio,Fernando Tererê,black_belt_awarded_by,Faixa-preta concedida por,confirmed,high,Lineage declarada no perfil: Mitsuyo Maeda > Carlos Gracie > Helio Gracie > Rolls Gracie > Romero Cavalcanti > Alexandre Paiva > Fernando Augusto “Tererê” > Leandro Martins
bjj-292-634,292,Leonardo Santos,634,Wendell Alexander,black_belt_awarded_by,Faixa-preta concedida por,confirmed,high,Lineage declarada no perfil: Mitsuyo Maeda > Luis Franca > Oswaldo Fadda > Sebastião Ricardo > Wendell Alexander > Leonardo Santos
bjj-12243-8409,12243,Leon Brito,8409,Ricardo Marques,black_belt_awarded_by,Faixa-preta concedida por,confirmed,high,Lineage declarada no perfil: Carlos Gracie > Carlson Gracie > Sérgio Bolão > Ricardo Marques > Leon Brito
bjj-v_robin_gracie-hist_helio,v_robin_gracie,Robin Gracie,hist_helio,Helio Gracie,black_belt_awarded_by,Faixa-preta concedida por,confirmed,high,Lineage declarada no perfil: Carlos Gracie > Helio Gracie > Robin Gracie > Julien Gaillard > Leon Larman
bjj-v_julien_gaillard-v_robin_gracie,v_julien_gaillard,Julien Gaillard,v_robin_gracie,Robin Gracie,black_belt_awarded_by,Faixa-preta concedida por,confirmed,high,Lineage declarada no perfil: Carlos Gracie > Helio Gracie > Robin Gracie > Julien Gaillard > Leon Larman
bjj-11132-v_julien_gaillard,11132,Leon Larman,v_julien_gaillard,Julien Gaillard,black_belt_awarded_by,Faixa-preta concedida por,confirmed,high,Lineage declarada no perfil: Carlos Gracie > Helio Gracie > Robin Gracie > Julien Gaillard > Leon Larman
bjj-14200-6756,14200,Leon Mendonca,6756,Rodrigo Silva,black_belt_awarded_by,Faixa-preta concedida por,confirmed,high,Lineage declarada no perfil: Carlos Gracie > Helio Gracie > Carlson Gracie > André Pederneiras > Rodrigo Feijão > Leon Mendonça
bjj-9014-484,9014,Levi Jones-Leary,484,Murilo Santana,black_belt_awarded_by,Faixa-preta concedida por,confirmed,high,Lineage declarada no perfil: Mitsuyo Maeda > Carlos Gracie > Helio Gracie > Rickson Gracie > Marcelo Behring > Mario Yamasaki > Murilo Santana > Levi Jones-Leary
bjj-v_paulo_streckert-v_orlando_saraiva,v_paulo_streckert,Paulo Streckert,v_orlando_saraiva,Orlando Saraiva,black_belt_awarded_by,Faixa-preta concedida por,confirmed,high,Lineage declarada no perfil: Mitsuyo Maeda > Carlos Gracie > Helio Gracie > Carlson Gracie > Orlando Saraiva > Paulo Streckert > Thiago Stefanutti ( > Lachlan Giles > Livia Gluchowska
bjj-v_thiago_stefanutti-v_paulo_streckert,v_thiago_stefanutti,Thiago Stefanutti (,v_paulo_streckert,Paulo Streckert,black_belt_awarded_by,Faixa-preta concedida por,confirmed,high,Lineage declarada no perfil: Mitsuyo Maeda > Carlos Gracie > Helio Gracie > Carlson Gracie > Orlando Saraiva > Paulo Streckert > Thiago Stefanutti ( > Lachlan Giles > Livia Gluchowska
bjj-8682-v_thiago_stefanutti,8682,Lachlan Giles,v_thiago_stefanutti,Thiago Stefanutti (,black_belt_awarded_by,Faixa-preta concedida por,confirmed,high,Lineage declarada no perfil: Mitsuyo Maeda > Carlos Gracie > Helio Gracie > Carlson Gracie > Orlando Saraiva > Paulo Streckert > Thiago Stefanutti ( > Lachlan Giles > Livia Gluchowska
bjj-7981-8682,7981,Livia Gluchowska,8682,Lachlan Giles,black_belt_awarded_by,Faixa-preta concedida por,confirmed,high,Lineage declarada no perfil: Mitsuyo Maeda > Carlos Gracie > Helio Gracie > Carlson Gracie > Orlando Saraiva > Paulo Streckert > Thiago Stefanutti ( > Lachlan Giles > Livia Gluchowska
bjj-921-3028,921,Rafael Barbosa,3028,Leandro Escobar,black_belt_awarded_by,Faixa-preta concedida por,confirmed,high,Lineage declarada no perfil: Carlos Gracie > Carlson Gracie > Crézio de Souza > André Almeida > Leandro Escobar > Rafael Barbosa > Osvaldo Moizinho > Lívio Ribeiro
bjj-5414-921,5414,Osvaldo Moizinho,921,Rafael Barbosa,black_belt_awarded_by,Faixa-preta concedida por,confirmed,high,Lineage declarada no perfil: Carlos Gracie > Carlson Gracie > Crézio de Souza > André Almeida > Leandro Escobar > Rafael Barbosa > Osvaldo Moizinho > Lívio Ribeiro
bjj-9044-5414,9044,Livio Ribeiro,5414,Osvaldo Moizinho,black_belt_awarded_by,Faixa-preta concedida por,confirmed,high,Lineage declarada no perfil: Carlos Gracie > Carlson Gracie > Crézio de Souza > André Almeida > Leandro Escobar > Rafael Barbosa > Osvaldo Moizinho > Lívio Ribeiro
bjj-v_rogerio_olegario-524,v_rogerio_olegario,Rogerio Olegário,524,Osvaldo Alves,black_belt_awarded_by,Faixa-preta concedida por,confirmed,high,Lineage declarada no perfil: Mitsuyo Maeda > Carlos Gracie > Reyson Gracie > Osvaldo Alves > Rogerio Olegário > Luca Anacoreta
bjj-7082-v_rogerio_olegario,7082,Luca Anacoreta,v_rogerio_olegario,Rogerio Olegário,black_belt_awarded_by,Faixa-preta concedida por,confirmed,high,Lineage declarada no perfil: Mitsuyo Maeda > Carlos Gracie > Reyson Gracie > Osvaldo Alves > Rogerio Olegário > Luca Anacoreta
bjj-2035-6768,2035,Vitor Henrique,6768,Adilson Lima,black_belt_awarded_by,Faixa-preta concedida por,confirmed,high,Lineage declarada no perfil: C. Gracie > Helio Gracie > Carlos Gracie Jr > Adilson Bitta > Vitor Oliveira > Laurah Hallock
bjj-10780-2035,10780,Laurah Hallock,2035,Vitor Henrique,black_belt_awarded_by,Faixa-preta concedida por,confirmed,high,Lineage declarada no perfil: C. Gracie > Helio Gracie > Carlos Gracie Jr > Adilson Bitta > Vitor Oliveira > Laurah Hallock
bjj-14256-405,14256,Laura Sieradzan,405,Marco Canha,black_belt_awarded_by,Faixa-preta concedida por,confirmed,high,Lineage declarada no perfil: Carlos Gracie > Helio Gracie > Rolls Gracie > Romero Cavalcanti > Ricardo Vieira > Marco Canha > Laura Sieradzan
bjj-1624-luiz-guilherme-guigo,1624,Leonardo Arruda,luiz-guilherme-guigo,Luis Guilherme,black_belt_awarded_by,Faixa-preta concedida por,confirmed,high,Lineage declarada no perfil: Mitsuyo Maeda > Carlos Gracie > Helio Gracie > Rickson Gracie > Jorge Pereira > Luis Guilherme > Leo Arruda
bjj-v_jose_de_oliveira-22,v_jose_de_oliveira,José de Oliveira,22,Carlson Gracie,black_belt_awarded_by,Faixa-preta concedida por,confirmed,high,Lineage declarada no perfil: Mitsuyo Maeda > Carlos Gracie > Carlson Gracie > José de Oliveira > Cirval Justino > Benevenuto Antunes > Leo D’avila
bjj-v_cirval_justino-v_jose_de_oliveira,v_cirval_justino,Cirval Justino,v_jose_de_oliveira,José de Oliveira,black_belt_awarded_by,Faixa-preta concedida por,confirmed,high,Lineage declarada no perfil: Mitsuyo Maeda > Carlos Gracie > Carlson Gracie > José de Oliveira > Cirval Justino > Benevenuto Antunes > Leo D’avila
bjj-v_benevenuto_antunes-v_cirval_justino,v_benevenuto_antunes,Benevenuto Antunes,v_cirval_justino,Cirval Justino,black_belt_awarded_by,Faixa-preta concedida por,confirmed,high,Lineage declarada no perfil: Mitsuyo Maeda > Carlos Gracie > Carlson Gracie > José de Oliveira > Cirval Justino > Benevenuto Antunes > Leo D’avila
bjj-v_leo_d_avila-v_benevenuto_antunes,v_leo_d_avila,Leo D’avila,v_benevenuto_antunes,Benevenuto Antunes,black_belt_awarded_by,Faixa-preta concedida por,confirmed,high,Lineage declarada no perfil: Mitsuyo Maeda > Carlos Gracie > Carlson Gracie > José de Oliveira > Cirval Justino > Benevenuto Antunes > Leo D’avila
bjj-14080-790,14080,Leonardo Ferreira,790,Mario Reis,black_belt_awarded_by,Faixa-preta concedida por,confirmed,high,Lineage declarada no perfil: Carlos Gracie > Helio Gracie > Alvaro Barreto > Sylvio Behring > Mario Reis > Leonardo Ferreira
bjj-9067-7672,9067,Leonardo Lara,7672,Caio Almeida,black_belt_awarded_by,Faixa-preta concedida por,confirmed,high,Lineage declarada no perfil: C. Gracie > H. Gracie > C. Gracie Jr > R. Gracie > Gabriel Vella > Caio Almeida > Leo Lara
bjj-886-666,886,Leonardo Leite,666,Alexandre Paiva,black_belt_awarded_by,Faixa-preta concedida por,confirmed,high,Lineage declarada no perfil: Mitsuyo Maeda > Carlos Gracie > Helio Gracie > Rolls Gracie > Romero Cavalcanti > Alexandre Paiva > Leonardo Leite
bjj-1272-322,1272,Leonardo Nogueira,322,Fabio Gurgel,black_belt_awarded_by,Faixa-preta concedida por,confirmed,high,Lineage declarada no perfil: Carlos Gracie > Helio Gracie > Rolls Gracie > Romero Cavalcanti > Fábio Gurgel > Leonardo Nogueira
bjj-13062-1155,13062,Leonardo Mario,1155,Cicero Costha,black_belt_awarded_by,Faixa-preta concedida por,confirmed,high,Lineage declarada no perfil: Carlos Gracie > Helio Gracie > Rickson Gracie > Marcelo Behring > Waldomiro Perez > Roberto Godoi > Marco Barbosa > Cicero Costha > Leonardo Mario
bjj-10339-634,10339,Leonardo Pecanha,634,Wendell Alexander,black_belt_awarded_by,Faixa-preta concedida por,confirmed,high,Lineage declarada no perfil: Luiz França > Oswaldo Fadda > Sebastião Ricardo > Wendell Alexander > Leonardo Peçanha
bjj-8231-8409,8231,Leonardo Saggioro,8409,Ricardo Marques,black_belt_awarded_by,Faixa-preta concedida por,confirmed,high,Lineage declarada no perfil: Carlos Gracie > Carlson Gracie > Sergio Souza > Ricardo Marques > Leonardo Saggioro
bjj-8195-203,8195,Gutemberg Pereira,203,Julio Cesar,black_belt_awarded_by,Faixa-preta concedida por,confirmed,high,Lineage declarada no perfil: Luiz França > Oswaldo Fadda > Monir Salomão > Júlio César > Gutemberg Pereira > Dante Leon > Leonardo Silva
bjj-8116-8195,8116,Dante Leon,8195,Gutemberg Pereira,black_belt_awarded_by,Faixa-preta concedida por,confirmed,high,Lineage declarada no perfil: Luiz França > Oswaldo Fadda > Monir Salomão > Júlio César > Gutemberg Pereira > Dante Leon > Leonardo Silva
bjj-10352-8116,10352,Leonardo Silva,8116,Dante Leon,black_belt_awarded_by,Faixa-preta concedida por,confirmed,high,Lineage declarada no perfil: Luiz França > Oswaldo Fadda > Monir Salomão > Júlio César > Gutemberg Pereira > Dante Leon > Leonardo Silva
bjj-512-492,512,Luana Alzuguir,492,Marco Barbosa,black_belt_awarded_by,Faixa-preta concedida por,confirmed,high,Lineage declarada no perfil: Mitsuyo Maeda > Carlos Gracie > Helio Gracie > Rickson Gracie > Marcelo Behring > Waldomiro Perez > Roberto Godoi > Marco Barbosa > Luanna Alzuguir
bjj-9-553,9,Marcio Cruz,553,Roberto Correa,black_belt_awarded_by,Faixa-preta concedida por,confirmed,high,Lineage declarada no perfil: Carlos Gracie > Helio Gracie > Carlos Gracie Jr. > Roberto Corrêa > Márcio Cruz > Luan Andrei
bjj-12323-9,12323,Luan Andrei,9,Marcio Cruz,black_belt_awarded_by,Faixa-preta concedida por,confirmed,high,Lineage declarada no perfil: Carlos Gracie > Helio Gracie > Carlos Gracie Jr. > Roberto Corrêa > Márcio Cruz > Luan Andrei
bjj-1124-601,1124,Marcos Escobar,601,Roberto Godoi,black_belt_awarded_by,Faixa-preta concedida por,confirmed,high,Lineage declarada no perfil: Carlos Gracie > Helio Gracie > Rickson Gracie > Marcelo Behring > Waldomiro Perez > Roberto Godoi > Marco Barbosa > Cicero Costha > Tiago Barros > Luan Azevedo
bjj-1155-1124,1155,Cicero Costha,1124,Marcos Escobar,black_belt_awarded_by,Faixa-preta concedida por,confirmed,high,Lineage declarada no perfil: Carlos Gracie > Helio Gracie > Rickson Gracie > Marcelo Behring > Waldomiro Perez > Roberto Godoi > Marco Barbosa > Cicero Costha > Tiago Barros > Luan Azevedo
bjj-5789-1155,5789,Jose Tiago Barros,1155,Cicero Costha,black_belt_awarded_by,Faixa-preta concedida por,confirmed,high,Lineage declarada no perfil: Carlos Gracie > Helio Gracie > Rickson Gracie > Marcelo Behring > Waldomiro Perez > Roberto Godoi > Marco Barbosa > Cicero Costha > Tiago Barros > Luan Azevedo
bjj-10741-5789,10741,Luan Azevedo,5789,Jose Tiago Barros,black_belt_awarded_by,Faixa-preta concedida por,confirmed,high,Lineage declarada no perfil: Carlos Gracie > Helio Gracie > Rickson Gracie > Marcelo Behring > Waldomiro Perez > Roberto Godoi > Marco Barbosa > Cicero Costha > Tiago Barros > Luan Azevedo
bjj-5078-7749,5078,Luan Carvalho,7749,Claudio Joanino,black_belt_awarded_by,Faixa-preta concedida por,confirmed,high,Lineage declarada no perfil: Luiz França > Oswaldo Fadda > Sebastião Ricardo > Wendell Alexander > Claudio Joanino > Luan Carvalho
bjj-4794-566,4794,Roy Harris,566,Joe Moreira,black_belt_awarded_by,Faixa-preta concedida por,confirmed,high,Lineage declarada no perfil: Mitsuyo Maeda > Carlos Gracie > Helio Gracie > Francisco Mansur > Joe Moreira > Roy Harris > Louie Cercedez
bjj-1419-4794,1419,Louie Cercedez,4794,Roy Harris,black_belt_awarded_by,Faixa-preta concedida por,confirmed,high,Lineage declarada no perfil: Mitsuyo Maeda > Carlos Gracie > Helio Gracie > Francisco Mansur > Joe Moreira > Roy Harris > Louie Cercedez
bjj-11701-6683,11701,Luciano Nucci,6683,Ryan Gracie,black_belt_awarded_by,Faixa-preta concedida por,confirmed,high,Lineage declarada no perfil: C. Gracie > H. Gracie > Carlos Gracie Jr. > Ryan Gracie > Luciano Nucci > Lucas Alves
bjj-10669-11701,10669,Lucas Alves,11701,Luciano Nucci,black_belt_awarded_by,Faixa-preta concedida por,confirmed,high,Lineage declarada no perfil: C. Gracie > H. Gracie > Carlos Gracie Jr. > Ryan Gracie > Luciano Nucci > Lucas Alves
bjj-2602-528,2602,Nahum Rabay,528,George Gracie,black_belt_awarded_by,Faixa-preta concedida por,confirmed,high,Lineage declarada no perfil: Carlos Gracie > George Gracie > Nahum Rabay > Carlos Roberto Luz > Carlos Liberi > Kiko Meneghettti > Paulo Eduardo > Lucas Castro
bjj-v_carlos_roberto_luz-2602,v_carlos_roberto_luz,Carlos Roberto Luz,2602,Nahum Rabay,black_belt_awarded_by,Faixa-preta concedida por,confirmed,high,Lineage declarada no perfil: Carlos Gracie > George Gracie > Nahum Rabay > Carlos Roberto Luz > Carlos Liberi > Kiko Meneghettti > Paulo Eduardo > Lucas Castro
bjj-v_carlos_liberi-v_carlos_roberto_luz,v_carlos_liberi,Carlos Liberi,v_carlos_roberto_luz,Carlos Roberto Luz,black_belt_awarded_by,Faixa-preta concedida por,confirmed,high,Lineage declarada no perfil: Carlos Gracie > George Gracie > Nahum Rabay > Carlos Roberto Luz > Carlos Liberi > Kiko Meneghettti > Paulo Eduardo > Lucas Castro
bjj-v_kiko_meneghettti-v_carlos_liberi,v_kiko_meneghettti,Kiko Meneghettti,v_carlos_liberi,Carlos Liberi,black_belt_awarded_by,Faixa-preta concedida por,confirmed,high,Lineage declarada no perfil: Carlos Gracie > George Gracie > Nahum Rabay > Carlos Roberto Luz > Carlos Liberi > Kiko Meneghettti > Paulo Eduardo > Lucas Castro
bjj-v_paulo_eduardo-v_kiko_meneghettti,v_paulo_eduardo,Paulo Eduardo,v_kiko_meneghettti,Kiko Meneghettti,black_belt_awarded_by,Faixa-preta concedida por,confirmed,high,Lineage declarada no perfil: Carlos Gracie > George Gracie > Nahum Rabay > Carlos Roberto Luz > Carlos Liberi > Kiko Meneghettti > Paulo Eduardo > Lucas Castro
bjj-14263-v_paulo_eduardo,14263,Lucas Castro,v_paulo_eduardo,Paulo Eduardo,black_belt_awarded_by,Faixa-preta concedida por,confirmed,high,Lineage declarada no perfil: Carlos Gracie > George Gracie > Nahum Rabay > Carlos Roberto Luz > Carlos Liberi > Kiko Meneghettti > Paulo Eduardo > Lucas Castro
bjj-11658-7552,11658,Lucas Gualberto,7552,Isaque Bahiense,black_belt_awarded_by,Faixa-preta concedida por,confirmed,high,Lineage declarada no perfil: Carlos Gracie > Helio Gracie > Rolls Gracie > Romero Cavalcanti > Fábio Gurgel > Isaque Bahiense > Lucas Gualberto
bjj-3443-v_benevenuto_antunes,3443,Leonardo Davila,v_benevenuto_antunes,Benevenuto Antunes,black_belt_awarded_by,Faixa-preta concedida por,confirmed,high,Lineage declarada no perfil: Carlos Gracie > Helio Gracie > Carlson Gracie > José de Oliveira > Cirval Justino > Benevenuto Antunes > Leonardo D’Avila > Luccas Lira
bjj-13432-3443,13432,Luccas Lira,3443,Leonardo Davila,black_belt_awarded_by,Faixa-preta concedida por,confirmed,high,Lineage declarada no perfil: Carlos Gracie > Helio Gracie > Carlson Gracie > José de Oliveira > Cirval Justino > Benevenuto Antunes > Leonardo D’Avila > Luccas Lira
bjj-13031-1155,13031,Lucas Lisboa,1155,Cicero Costha,black_belt_awarded_by,Faixa-preta concedida por,confirmed,high,Lineage declarada no perfil: Carlos Gracie > Helio Gracie > Rickson Gracie > Marcelo Behring > Waldomiro Perez > Roberto Godoi > Marco Barbosa > Cicero Costha > Lucas Lisboa
bjj-v_pascoal_duarte-524,v_pascoal_duarte,Pascoal Duarte,524,Osvaldo Alves,black_belt_awarded_by,Faixa-preta concedida por,confirmed,high,Lineage declarada no perfil: Carlos Gracie sr > Reyson Gracie > Osvaldo Alves > Pascoal Duarte > Diego Lopes > André Fabiano > Lucas Barbosa
bjj-v_diego_lopes-v_pascoal_duarte,v_diego_lopes,Diego Lopes,v_pascoal_duarte,Pascoal Duarte,black_belt_awarded_by,Faixa-preta concedida por,confirmed,high,Lineage declarada no perfil: Carlos Gracie sr > Reyson Gracie > Osvaldo Alves > Pascoal Duarte > Diego Lopes > André Fabiano > Lucas Barbosa
bjj-v_andre_fabiano-v_diego_lopes,v_andre_fabiano,André Fabiano,v_diego_lopes,Diego Lopes,black_belt_awarded_by,Faixa-preta concedida por,confirmed,high,Lineage declarada no perfil: Carlos Gracie sr > Reyson Gracie > Osvaldo Alves > Pascoal Duarte > Diego Lopes > André Fabiano > Lucas Barbosa
bjj-5655-v_andre_fabiano,5655,Lucas Daniel Barbosa,v_andre_fabiano,André Fabiano,black_belt_awarded_by,Faixa-preta concedida por,confirmed,high,Lineage declarada no perfil: Carlos Gracie sr > Reyson Gracie > Osvaldo Alves > Pascoal Duarte > Diego Lopes > André Fabiano > Lucas Barbosa
bjj-v_cristiano_alves-203,v_cristiano_alves,Cristiano Alves,203,Julio Cesar,black_belt_awarded_by,Faixa-preta concedida por,confirmed,high,Lineage declarada no perfil: Luis França > Oswaldo Fadda > Monir Salomão > Júlio César > Cristiano Alves > Lucas Montalvão
bjj-14150-v_cristiano_alves,14150,Lucas Montalvao,v_cristiano_alves,Cristiano Alves,black_belt_awarded_by,Faixa-preta concedida por,confirmed,high,Lineage declarada no perfil: Luis França > Oswaldo Fadda > Monir Salomão > Júlio César > Cristiano Alves > Lucas Montalvão
bjj-6043-963,6043,Lucas Pinheiro,963,Carlos Vieira Holanda,black_belt_awarded_by,Faixa-preta concedida por,confirmed,high,Lineage declarada no perfil: Carlos Gracie > Osvaldo Alves > Faustino Neto > Carlos Holanda > Lucas Pinheiro
bjj-12348-8819,12348,Lucas Protasio,8819,Thiago Barreto,black_belt_awarded_by,Faixa-preta concedida por,confirmed,high,Lineage declarada no perfil: Carlos Gracie > Helio Gracie > Rolls Gracie > Romero Cavalcanti > Roberto Traven > Muzio de Angelis > Burtom Deivisom > Thiago Barreto > Lucas Protásio
bjj-13093-415,13093,Lucas Rodrigues,415,Guilherme Mendes,black_belt_awarded_by,Faixa-preta concedida por,confirmed,high,Lineage declarada no perfil: Carlos Gracie > Carlson Gracie > André Pederneiras > Ramon Lemos > Guilherme Mendes > Lucas Rodrigues
bjj-12267-1044,12267,Lucas Norat,1044,Flavio Almeida,black_belt_awarded_by,Faixa-preta concedida por,confirmed,high,Lineage declarada no perfil: Carlos Gracie > Helio Gracie > Carlos Gracie Junior > Flávio Almeida > Lucas Norat
bjj-7582-2985,7582,Sergio Benini,2985,Marcelo Azevedo,black_belt_awarded_by,Faixa-preta concedida por,confirmed,high,Lineage declarada no perfil: Carlos Gracie Sr. > Helio Gracie > Carlos Gracie Junior > Vinicius Magalhães > Marcelo Azevedo > Sergio Benini > Lucas Valente
bjj-8516-7582,8516,Lucas Valente,7582,Sergio Benini,black_belt_awarded_by,Faixa-preta concedida por,confirmed,high,Lineage declarada no perfil: Carlos Gracie Sr. > Helio Gracie > Carlos Gracie Junior > Vinicius Magalhães > Marcelo Azevedo > Sergio Benini > Lucas Valente
bjj-11812-1891,11812,Lucas Sachs,1891,Walter Mattos,black_belt_awarded_by,Faixa-preta concedida por,confirmed,high,Lineage declarada no perfil: Carlos Gracie > Reyson Gracie > Osvaldo Alves > Sergio Penha > Walter Mattos > Lucas Sachs
bjj-13269-108,13269,Lucas Souza,108,Gustavo Campos,black_belt_awarded_by,Faixa-preta concedida por,confirmed,high,Lineage declarada no perfil: Carlos Gracie > Reyson Gracie > Osvaldo Alves > Sérgio Penha > Walter Matos > Gustavo Campos > Lucas Souza
bjj-6792-374,6792,Cassio Francis,374,Vinicius Magalhaes,black_belt_awarded_by,Faixa-preta concedida por,confirmed,high,Lineage declarada no perfil: C. Gracie > H. Gracie > C. Gracie Jr > Vinicius Draculino > Cássio Francis > Lucas Silva
bjj-11512-6792,11512,Lucas Silva,6792,Cassio Francis,black_belt_awarded_by,Faixa-preta concedida por,confirmed,high,Lineage declarada no perfil: C. Gracie > H. Gracie > C. Gracie Jr > Vinicius Draculino > Cássio Francis > Lucas Silva
bjj-3245-67,3245,Luis Heredia,67,Rickson Gracie,black_belt_awarded_by,Faixa-preta concedida por,confirmed,high,Lineage declarada no perfil: Mitsuyo Maeda > Carlos Gracie > Helio Gracie > Rickson Gracie > Luis Heredia
bjj-v_luis_gustavo-338,v_luis_gustavo,Luis Gustavo,338,Ricardo Vieira,black_belt_awarded_by,Faixa-preta concedida por,confirmed,high,Lineage declarada no perfil: Carlos Gracie > Helio Gracie > Rolls Gracie > Romero Cavalcanti > Ricardo Vieira > Luis Gustavo
bjj-1675-22,1675,Luis Roberto Duarte,22,Carlson Gracie,black_belt_awarded_by,Faixa-preta concedida por,confirmed,high,Lineage declarada no perfil: Mitsuyo Maeda > Carlos Gracie > Carlson Gracie > Luis Duarte
bjj-v_felipe_vidal-6756,v_felipe_vidal,Felipe Vidal,6756,Rodrigo Silva,black_belt_awarded_by,Faixa-preta concedida por,confirmed,high,Lineage declarada no perfil: Carlos Gracie > Helio Gracie > Carlson Gracie > André Pederneiras > Rodrigo Feijão > Felipe Vidal > Cléber Crispim > Luis Oliveira
bjj-v_cleber_crispim-v_felipe_vidal,v_cleber_crispim,Cléber Crispim,v_felipe_vidal,Felipe Vidal,black_belt_awarded_by,Faixa-preta concedida por,confirmed,high,Lineage declarada no perfil: Carlos Gracie > Helio Gracie > Carlson Gracie > André Pederneiras > Rodrigo Feijão > Felipe Vidal > Cléber Crispim > Luis Oliveira
bjj-13053-v_cleber_crispim,13053,Luis Oliveira,v_cleber_crispim,Cléber Crispim,black_belt_awarded_by,Faixa-preta concedida por,confirmed,high,Lineage declarada no perfil: Carlos Gracie > Helio Gracie > Carlson Gracie > André Pederneiras > Rodrigo Feijão > Felipe Vidal > Cléber Crispim > Luis Oliveira
bjj-6535-566,6535,James Boran,566,Joe Moreira,black_belt_awarded_by,Faixa-preta concedida por,confirmed,high,Lineage declarada no perfil: Mitsuyo Maeda > Carlos Gracie > Helio Gracie > Francisco Mansor > Joe Moreira > James Boran > Luis Roman
bjj-1722-6535,1722,Luis Roman,6535,James Boran,black_belt_awarded_by,Faixa-preta concedida por,confirmed,high,Lineage declarada no perfil: Mitsuyo Maeda > Carlos Gracie > Helio Gracie > Francisco Mansor > Joe Moreira > James Boran > Luis Roman
bjj-v_leoni_nascimento-3394,v_leoni_nascimento,Leoni Nascimento,3394,Robson Gracie,black_belt_awarded_by,Faixa-preta concedida por,confirmed,high,Lineage declarada no perfil: Mitsuyo Maeda > Carlos Gracie > Robson Gracie > Leoni Nascimento > Luiz Dias
bjj-2560-v_leoni_nascimento,2560,Luiz Dias,v_leoni_nascimento,Leoni Nascimento,black_belt_awarded_by,Faixa-preta concedida por,confirmed,high,Lineage declarada no perfil: Mitsuyo Maeda > Carlos Gracie > Robson Gracie > Leoni Nascimento > Luiz Dias
bjj-1332-v_a_former_student_of_soishiro_satake_and_allegedly_mitsuyo_maeda_luiz_franca_was_the_founder_of_the_most_successful_non_gracie_in,1332,jiu-jitsu,v_a_former_student_of_soishiro_satake_and_allegedly_mitsuyo_maeda_luiz_franca_was_the_founder_of_the_most_successful_non_gracie_in,"A former student of Soishiro Satake and allegedly Mitsuyo Maeda, Luiz França was the founder of the most successful non Gracie in",black_belt_awarded_by,Faixa-preta concedida por,confirmed,high,"Lineage declarada no perfil: A former student of Soishiro Satake and allegedly Mitsuyo Maeda, Luiz França was the founder of the most successful non Gracie in > Brazilian Jiu Jitsu > , one that was carried on especially through the work performed by França’s most prominent and skilled student Master > Oswaldo Fadda > . Luiz França’s influence in BJJ can still be seen in the main competitions of Jiu Jitsu and MMA through teams such as > Nova União > and > GF Team"
bjj-v_one_that_was_carried_on_especially_through_the_work_performed_by_franca_s_most_prominent_and_skilled_student_master-1332,v_one_that_was_carried_on_especially_through_the_work_performed_by_franca_s_most_prominent_and_skilled_student_master,", one that was carried on especially through the work performed by França’s most prominent and skilled student Master",1332,jiu-jitsu,black_belt_awarded_by,Faixa-preta concedida por,confirmed,high,"Lineage declarada no perfil: A former student of Soishiro Satake and allegedly Mitsuyo Maeda, Luiz França was the founder of the most successful non Gracie in > Brazilian Jiu Jitsu > , one that was carried on especially through the work performed by França’s most prominent and skilled student Master > Oswaldo Fadda > . Luiz França’s influence in BJJ can still be seen in the main competitions of Jiu Jitsu and MMA through teams such as > Nova União > and > GF Team"
bjj-527-v_one_that_was_carried_on_especially_through_the_work_performed_by_franca_s_most_prominent_and_skilled_student_master,527,Oswaldo Fadda,v_one_that_was_carried_on_especially_through_the_work_performed_by_franca_s_most_prominent_and_skilled_student_master,", one that was carried on especially through the work performed by França’s most prominent and skilled student Master",black_belt_awarded_by,Faixa-preta concedida por,confirmed,high,"Lineage declarada no perfil: A former student of Soishiro Satake and allegedly Mitsuyo Maeda, Luiz França was the founder of the most successful non Gracie in > Brazilian Jiu Jitsu > , one that was carried on especially through the work performed by França’s most prominent and skilled student Master > Oswaldo Fadda > . Luiz França’s influence in BJJ can still be seen in the main competitions of Jiu Jitsu and MMA through teams such as > Nova União > and > GF Team"
bjj-v_luiz_franca_s_influence_in_bjj_can_still_be_seen_in_the_main_competitions_of_jiu_jitsu_and_mma_through_teams_such_as-527,v_luiz_franca_s_influence_in_bjj_can_still_be_seen_in_the_main_competitions_of_jiu_jitsu_and_mma_through_teams_such_as,. Luiz França’s influence in BJJ can still be seen in the main competitions of Jiu Jitsu and MMA through teams such as,527,Oswaldo Fadda,black_belt_awarded_by,Faixa-preta concedida por,confirmed,high,"Lineage declarada no perfil: A former student of Soishiro Satake and allegedly Mitsuyo Maeda, Luiz França was the founder of the most successful non Gracie in > Brazilian Jiu Jitsu > , one that was carried on especially through the work performed by França’s most prominent and skilled student Master > Oswaldo Fadda > . Luiz França’s influence in BJJ can still be seen in the main competitions of Jiu Jitsu and MMA through teams such as > Nova União > and > GF Team"
bjj-2198-v_luiz_franca_s_influence_in_bjj_can_still_be_seen_in_the_main_competitions_of_jiu_jitsu_and_mma_through_teams_such_as,2198,Nova Uniao,v_luiz_franca_s_influence_in_bjj_can_still_be_seen_in_the_main_competitions_of_jiu_jitsu_and_mma_through_teams_such_as,. Luiz França’s influence in BJJ can still be seen in the main competitions of Jiu Jitsu and MMA through teams such as,black_belt_awarded_by,Faixa-preta concedida por,confirmed,high,"Lineage declarada no perfil: A former student of Soishiro Satake and allegedly Mitsuyo Maeda, Luiz França was the founder of the most successful non Gracie in > Brazilian Jiu Jitsu > , one that was carried on especially through the work performed by França’s most prominent and skilled student Master > Oswaldo Fadda > . Luiz França’s influence in BJJ can still be seen in the main competitions of Jiu Jitsu and MMA through teams such as > Nova União > and > GF Team"
bjj-v_and-2198,v_and,and,2198,Nova Uniao,black_belt_awarded_by,Faixa-preta concedida por,confirmed,high,"Lineage declarada no perfil: A former student of Soishiro Satake and allegedly Mitsuyo Maeda, Luiz França was the founder of the most successful non Gracie in > Brazilian Jiu Jitsu > , one that was carried on especially through the work performed by França’s most prominent and skilled student Master > Oswaldo Fadda > . Luiz França’s influence in BJJ can still be seen in the main competitions of Jiu Jitsu and MMA through teams such as > Nova União > and > GF Team"
bjj-v_gf_team-v_and,v_gf_team,GF Team,v_and,and,black_belt_awarded_by,Faixa-preta concedida por,confirmed,high,"Lineage declarada no perfil: A former student of Soishiro Satake and allegedly Mitsuyo Maeda, Luiz França was the founder of the most successful non Gracie in > Brazilian Jiu Jitsu > , one that was carried on especially through the work performed by França’s most prominent and skilled student Master > Oswaldo Fadda > . Luiz França’s influence in BJJ can still be seen in the main competitions of Jiu Jitsu and MMA through teams such as > Nova União > and > GF Team"
bjj-1426-luiz-guilherme-guigo,1426,Luiz Abdo,luiz-guilherme-guigo,Luis Guilherme,black_belt_awarded_by,Faixa-preta concedida por,confirmed,high,Lineage declarada no perfil: Mitsuyo Maeda > Carlos Gracie > Helio Gracie > Rickson Gracie > Jorge Pereira > Luis Guilherme > Luiz Renato Abdo
bjj-2404-338,2404,Luiz Ribeiro,338,Ricardo Vieira,black_belt_awarded_by,Faixa-preta concedida por,confirmed,high,Lineage declarada no perfil: Mitsuyo Maeda > Carlos Gracie > Helio Gracie > Rolls Gracie > Romero Cavalcanti > Ricardo Vieira > Luiz Ribeiro
bjj-3122-492,3122,Luiz Panza,492,Marco Barbosa,black_belt_awarded_by,Faixa-preta concedida por,confirmed,high,Lineage declarada no perfil: Mitsuyo Maeda > Carlos Gracie > Helio Gracie > Rickson Gracie > Marcelo Behring > Waldomiro Perez > Roberto Godoi > Marco Barbosa > Luiz Panza
bjj-11872-10088,11872,Luiz Paulo,10088,Melqui Galvao,black_belt_awarded_by,Faixa-preta concedida por,confirmed,high,Lineage declarada no perfil: Carlos Gracie > Helio Gracie > Royler Gracie > Rolker Gracie > Augusto Monteiro > Ronnie Melo > Melquisedeque (Melqui) Galvão > Luiz Paulo
bjj-v_rodrigo_thiago-666,v_rodrigo_thiago,Rodrigo Thiago,666,Alexandre Paiva,black_belt_awarded_by,Faixa-preta concedida por,confirmed,high,Lineage declarada no perfil: Carlos Gracie > Helio Gracie > Rolls Gracie > Romero Cavalcanti > Alexandre Paiva > Rodrigo Thiago > Felipe Santos
bjj-14052-v_rodrigo_thiago,14052,Luiz Felipe Santos,v_rodrigo_thiago,Rodrigo Thiago,black_belt_awarded_by,Faixa-preta concedida por,confirmed,high,Lineage declarada no perfil: Carlos Gracie > Helio Gracie > Rolls Gracie > Romero Cavalcanti > Alexandre Paiva > Rodrigo Thiago > Felipe Santos
bjj-v_henrique_betta-6756,v_henrique_betta,Henrique Betta,6756,Rodrigo Silva,black_belt_awarded_by,Faixa-preta concedida por,confirmed,high,Lineage declarada no perfil: Carlos Gracie > Helio Gracie > Carlson Gracie > André Pederneiras > Rodrigo Feijão > Henrique Betta
bjj-5263-543,5263,Luiza Monteiro,543,Rodrigo Cavaca,black_belt_awarded_by,Faixa-preta concedida por,confirmed,high,Lineage declarada no perfil: Carlos Gracie > Carlson Gracie > Élcio Figueiredo > Rodrigo Cavaca > Luiza Monteiro
bjj-687-297,687,Marcio Feitosa,297,Carlos Gracie Junior,black_belt_awarded_by,Faixa-preta concedida por,confirmed,high,Lineage declarada no perfil: Mitsuyo Maeda > Carlos Gracie Sr. > Helio Gracie > Carlos Gracie Junior > Marcio Feitosa > Luzia Fernandes
bjj-2627-687,2627,Luzia Fernandes,687,Marcio Feitosa,black_belt_awarded_by,Faixa-preta concedida por,confirmed,high,Lineage declarada no perfil: Mitsuyo Maeda > Carlos Gracie Sr. > Helio Gracie > Carlos Gracie Junior > Marcio Feitosa > Luzia Fernandes
bjj-378-355,378,Robert Drysdale,355,Romero Cavalcanti,black_belt_awarded_by,Faixa-preta concedida por,confirmed,high,Lineage declarada no perfil: Carlos Gracie > Helio Gracie > Rolls Gracie > Romero Cavalcanti > Robert Drysdale > Luke Harris
bjj-13902-378,13902,Luke Harris,378,Robert Drysdale,black_belt_awarded_by,Faixa-preta concedida por,confirmed,high,Lineage declarada no perfil: Carlos Gracie > Helio Gracie > Rolls Gracie > Romero Cavalcanti > Robert Drysdale > Luke Harris
bjj-2444-613,2444,Mackenzie Dern,613,Wellington Dias,black_belt_awarded_by,Faixa-preta concedida por,confirmed,high,Lineage declarada no perfil: Carlos Gracie > Helio Gracie > Royler Gracie > Wellington Dias > Mackenzie Dern
bjj-10895-224,10895,Maggie Grindatti,224,Roberto Abreu,black_belt_awarded_by,Faixa-preta concedida por,confirmed,high,Lineage declarada no perfil: Carlos Gracie > Helio Gracie > Carlson Gracie > Francisco Toco > Roberto Abreu > Maggie Grindatti
bjj-10155-1307,10155,Malachi Edmond,1307,Lloyd Irvin,black_belt_awarded_by,Faixa-preta concedida por,confirmed,high,Lineage declarada no perfil: M. Maeda > C. Gracie > H. Gracie > R. Gracie > Jorge Pereira > Leo Dalla > Lloyd Irvin > Malachi Edmond
bjj-v_alex_machado-297,v_alex_machado,Alex Machado,297,Carlos Gracie Junior,black_belt_awarded_by,Faixa-preta concedida por,confirmed,high,Lineage declarada no perfil: Mitsuyo Maeda > Carlos Gracie > Helio Gracie > Carlos Gracie Junior > Alex Machado > Manuel Pontes
bjj-7543-v_alex_machado,7543,Manuel Pontes,v_alex_machado,Alex Machado,black_belt_awarded_by,Faixa-preta concedida por,confirmed,high,Lineage declarada no perfil: Mitsuyo Maeda > Carlos Gracie > Helio Gracie > Carlos Gracie Junior > Alex Machado > Manuel Pontes
bjj-13953-582,13953,Mateus Moraes,582,Caio Terra,black_belt_awarded_by,Faixa-preta concedida por,confirmed,high,Lineage declarada no perfil: Carlos Gracie > Reylson Gracie > Paulo Maurício Strauch > Caio Terra > Mateus Moraes
bjj-12544-415,12544,Mateus Rodrigues,415,Guilherme Mendes,black_belt_awarded_by,Faixa-preta concedida por,confirmed,high,Lineage declarada no perfil: Carlos Gracie > Carlson Gracie > André Pederneiras > Ramon Lemos > Guilherme Mendes > Mateus Rodrigues
bjj-2111-720,2111,Mariusz Linke,720,Jorge Patino,black_belt_awarded_by,Faixa-preta concedida por,confirmed,high,Lineage declarada no perfil: Carlos Gracie > Helio Gracie > Rickson Gracie > Marcelo Behring > Waldomiro Perez > Jorge Patino > Mariusz Linke > Sylwester Dziekanowski > Mateusz Szczecinski
bjj-v_sylwester_dziekanowski-2111,v_sylwester_dziekanowski,Sylwester Dziekanowski,2111,Mariusz Linke,black_belt_awarded_by,Faixa-preta concedida por,confirmed,high,Lineage declarada no perfil: Carlos Gracie > Helio Gracie > Rickson Gracie > Marcelo Behring > Waldomiro Perez > Jorge Patino > Mariusz Linke > Sylwester Dziekanowski > Mateusz Szczecinski
bjj-13916-v_sylwester_dziekanowski,13916,Mateusz Szczecinski,v_sylwester_dziekanowski,Sylwester Dziekanowski,black_belt_awarded_by,Faixa-preta concedida por,confirmed,high,Lineage declarada no perfil: Carlos Gracie > Helio Gracie > Rickson Gracie > Marcelo Behring > Waldomiro Perez > Jorge Patino > Mariusz Linke > Sylwester Dziekanowski > Mateusz Szczecinski
bjj-8112-v_augusto_vicente,8112,Matheus Costa,v_augusto_vicente,Augusto Vicente,black_belt_awarded_by,Faixa-preta concedida por,confirmed,high,Lineage declarada no perfil: Carlos Gracie > Helio Gracie > Orlando Barradas > Augusto Vicente > Matheus Costa
bjj-5423-16,5423,Matheus Diniz,16,Marcelo Garcia,black_belt_awarded_by,Faixa-preta concedida por,confirmed,high,Lineage declarada no perfil: Carlos Gracie > Helio Gracie > Rolls Gracie > Romero Cavalcanti > Fabio Gurgel > Marcelo Garcia > Matheus Diniz
bjj-v_bruno_barreto-8819,v_bruno_barreto,Bruno Barreto,8819,Thiago Barreto,black_belt_awarded_by,Faixa-preta concedida por,confirmed,high,Lineage declarada no perfil: Mitsuyo Maeda > Carlos Gracie > Helio Gracie > Rolls Gracie > Romero Cavalcanti > Roberto Traven > Muzio de Angelis > Burtom Deivisom > Thiago Barreto > /Bruno Barreto > Matheus Felipe
bjj-9230-v_bruno_barreto,9230,Matheus Felipe,v_bruno_barreto,Bruno Barreto,black_belt_awarded_by,Faixa-preta concedida por,confirmed,high,Lineage declarada no perfil: Mitsuyo Maeda > Carlos Gracie > Helio Gracie > Rolls Gracie > Romero Cavalcanti > Roberto Traven > Muzio de Angelis > Burtom Deivisom > Thiago Barreto > /Bruno Barreto > Matheus Felipe
bjj-v_matheus_gabriel-11725,v_matheus_gabriel,Matheus Gabriel,11725,Kaiser Girao,black_belt_awarded_by,Faixa-preta concedida por,confirmed,high,Lineage declarada no perfil: Carlos Gracie > Helio Gracie > Carlos Gracie Junior > Rigan Machado > Keiser Girão > Matheus Gabriel
bjj-2582-297,2582,Francisco Fernandes,297,Carlos Gracie Junior,black_belt_awarded_by,Faixa-preta concedida por,confirmed,high,Lineage declarada no perfil: Carlos Gracie > Helio Gracie > Carlos Gracie Jr. > Francisco Fernandes > Alan Régis > Matheus Godoy
bjj-v_alan_regis-2582,v_alan_regis,Alan Régis,2582,Francisco Fernandes,black_belt_awarded_by,Faixa-preta concedida por,confirmed,high,Lineage declarada no perfil: Carlos Gracie > Helio Gracie > Carlos Gracie Jr. > Francisco Fernandes > Alan Régis > Matheus Godoy
bjj-10698-v_alan_regis,10698,Matheus Godoy,v_alan_regis,Alan Régis,black_belt_awarded_by,Faixa-preta concedida por,confirmed,high,Lineage declarada no perfil: Carlos Gracie > Helio Gracie > Carlos Gracie Jr. > Francisco Fernandes > Alan Régis > Matheus Godoy
bjj-2062-hist_carlos_sr,2062,Crezio de Souza,hist_carlos_sr,Carlos Gracie Senior,black_belt_awarded_by,Faixa-preta concedida por,confirmed,high,Lineage declarada no perfil: C. Gracie > Crezio de Souza > João Amaral > Daniel Gazoni > Matheus Gonzaga
bjj-v_joao_amaral-2062,v_joao_amaral,João Amaral,2062,Crezio de Souza,black_belt_awarded_by,Faixa-preta concedida por,confirmed,high,Lineage declarada no perfil: C. Gracie > Crezio de Souza > João Amaral > Daniel Gazoni > Matheus Gonzaga
bjj-v_daniel_gazoni-v_joao_amaral,v_daniel_gazoni,Daniel Gazoni,v_joao_amaral,João Amaral,black_belt_awarded_by,Faixa-preta concedida por,confirmed,high,Lineage declarada no perfil: C. Gracie > Crezio de Souza > João Amaral > Daniel Gazoni > Matheus Gonzaga
bjj-8800-v_daniel_gazoni,8800,Matheus Gonzaga,v_daniel_gazoni,Daniel Gazoni,black_belt_awarded_by,Faixa-preta concedida por,confirmed,high,Lineage declarada no perfil: C. Gracie > Crezio de Souza > João Amaral > Daniel Gazoni > Matheus Gonzaga
bjj-7047-1188,7047,Matheus Spirandeli,1188,Leandro Lo,black_belt_awarded_by,Faixa-preta concedida por,confirmed,high,Lineage declarada no perfil: Carlos Gracie > Helio Gracie > Rickson Gracie > Marcelo Behring > Waldomiro Perez > Roberto Godoi > Marco Barbosa > Cicero Costha > Leandro Lo > Matheus Spirandeli
bjj-13111-963,13111,Matheus Lima,963,Carlos Vieira Holanda,black_belt_awarded_by,Faixa-preta concedida por,confirmed,high,Lineage declarada no perfil: Carlos Gracie > Reyson Gracie > Osvaldo Alves > Faustino Neto (Pina) > Carlos Holanda > Matheus Lima
bjj-8202-875,8202,Ricardo Feliciano,875,Lucas Leite,black_belt_awarded_by,Faixa-preta concedida por,confirmed,high,Lineage declarada no perfil: Carlos Gracie > Helio Gracie > Rolls Gracie > Romero Cavalcanti > Leonardo Vieira > Lucas Leite > Ricardo Feliciano > Matheus Luna
bjj-10658-8202,10658,Matheus Luna,8202,Ricardo Feliciano,black_belt_awarded_by,Faixa-preta concedida por,confirmed,high,Lineage declarada no perfil: Carlos Gracie > Helio Gracie > Rolls Gracie > Romero Cavalcanti > Leonardo Vieira > Lucas Leite > Ricardo Feliciano > Matheus Luna
bjj-10909-16,10909,Matheus Lutes,16,Marcelo Garcia,black_belt_awarded_by,Faixa-preta concedida por,confirmed,high,Lineage declarada no perfil: Carlos Gracie > Helio Gracie > Rolls Gracie > Romero Cavalcanti > Fabio Gurgel > Marcelo Garcia > Matheus Lutes
bjj-13438-144,13438,Matheus Menezes,144,Andre Galvao,black_belt_awarded_by,Faixa-preta concedida por,confirmed,high,Lineage declarada no perfil: Carlos Gracie > Reyson Gracie > Osvaldo Alves > Luis Dagmar > André Galvão > Teteu Menezes
bjj-14216-v_leonel_menezes,14216,Matheus Vetoraci,v_leonel_menezes,Leonel Menezes),black_belt_awarded_by,Faixa-preta concedida por,confirmed,high,Lineage declarada no perfil: Carlos Gracie > Helio Gracie > Carlson Gracie > Walter Guimaraes > Cesar Guimaraes > Alexandre Carrera ( > Leonel Menezes) > Matheus Vetoraci
bjj-v_eduardo_duarte-78,v_eduardo_duarte,Eduardo Duarte,78,Andre Pederneiras,black_belt_awarded_by,Faixa-preta concedida por,confirmed,high,Lineage declarada no perfil: Carlos Gracie > Carlson Gracie > Andre Pederneiras > Eduardo Duarte > Matias Estévez
bjj-12689-v_eduardo_duarte,12689,Matias Estevez,v_eduardo_duarte,Eduardo Duarte,black_belt_awarded_by,Faixa-preta concedida por,confirmed,high,Lineage declarada no perfil: Carlos Gracie > Carlson Gracie > Andre Pederneiras > Eduardo Duarte > Matias Estévez
bjj-v_adilson_de_souza-2216,v_adilson_de_souza,Adilson de Souza,2216,Octavio de Almeida,black_belt_awarded_by,Faixa-preta concedida por,confirmed,high,Lineage declarada no perfil: Mitsuyo Maeda > Carlos Gracie > George Gracie > Octávio de Almeida > Adilson de Souza > Mauricio Antonio de Souza > Mark Vives > Matthew Leighton
bjj-v_mauricio_antonio_de_souza-v_adilson_de_souza,v_mauricio_antonio_de_souza,Mauricio Antonio de Souza,v_adilson_de_souza,Adilson de Souza,black_belt_awarded_by,Faixa-preta concedida por,confirmed,high,Lineage declarada no perfil: Mitsuyo Maeda > Carlos Gracie > George Gracie > Octávio de Almeida > Adilson de Souza > Mauricio Antonio de Souza > Mark Vives > Matthew Leighton
bjj-v_mark_vives-v_mauricio_antonio_de_souza,v_mark_vives,Mark Vives,v_mauricio_antonio_de_souza,Mauricio Antonio de Souza,black_belt_awarded_by,Faixa-preta concedida por,confirmed,high,Lineage declarada no perfil: Mitsuyo Maeda > Carlos Gracie > George Gracie > Octávio de Almeida > Adilson de Souza > Mauricio Antonio de Souza > Mark Vives > Matthew Leighton
bjj-8729-v_mark_vives,8729,Matthew Leighton,v_mark_vives,Mark Vives,black_belt_awarded_by,Faixa-preta concedida por,confirmed,high,Lineage declarada no perfil: Mitsuyo Maeda > Carlos Gracie > George Gracie > Octávio de Almeida > Adilson de Souza > Mauricio Antonio de Souza > Mark Vives > Matthew Leighton
bjj-2322-3220,2322,Marc Laimon,3220,John Lewis,black_belt_awarded_by,Faixa-preta concedida por,confirmed,high,Lineage declarada no perfil: Carlos Gracie > Helio Gracie > Carlson Gracie > André Pederneiras > John Lewis > Marc Laimon
bjj-1382-601,1382,Marcel Louzado,601,Roberto Godoi,black_belt_awarded_by,Faixa-preta concedida por,confirmed,high,Lineage declarada no perfil: Carlos Gracie > Helio Gracie > Rickson Gracie > Marcelo Behring > Waldomiro Perez > Roberto Godoi > Marcel Louzado
bjj-570-78,570,Marcelino Freitas,78,Andre Pederneiras,black_belt_awarded_by,Faixa-preta concedida por,confirmed,high,Lineage declarada no perfil: Mitsuyo Maeda > Carlos Gracie > Helio Gracie > Carlson Gracie > André Pederneiras > Marcelino Freitas
bjj-943-22,943,Marcelo Saporito,22,Carlson Gracie,black_belt_awarded_by,Faixa-preta concedida por,confirmed,high,Lineage declarada no perfil: Carlos Gracie > Carlson Gracie > Marcelo Saporito > Marcelo Cohen
bjj-8361-943,8361,Marcelo Cohen,943,Marcelo Saporito,black_belt_awarded_by,Faixa-preta concedida por,confirmed,high,Lineage declarada no perfil: Carlos Gracie > Carlson Gracie > Marcelo Saporito > Marcelo Cohen
bjj-10644-1229,10644,Marcelo Gomide,1229,Erik Wanderley,black_belt_awarded_by,Faixa-preta concedida por,confirmed,high,Lineage declarada no perfil: Carlos Gracie > Helio Gracie > Carlos Gracie Jr > Vinicius Draculino > Erik Wanderley > Marcelo Gomide
bjj-10405-378,10405,Marcelo Nunes,378,Robert Drysdale,black_belt_awarded_by,Faixa-preta concedida por,confirmed,high,Lineage declarada no perfil: Carlos Gracie > Helio Gracie > Rolls Gracie > Romero Cavalcanti > Leonardo Vieira > Robert Drysdale > Marcelo Nunes
bjj-1090-515,1090,Marcelo Machado,515,Royler Gracie,black_belt_awarded_by,Faixa-preta concedida por,confirmed,high,Lineage declarada no perfil: Mitsuyo Maeda > Carlos Gracie > Helio Gracie > Royler Gracie > Marcelo Machado
bjj-9706-112,9706,Marcelo Mafra,112,Demian Maia,black_belt_awarded_by,Faixa-preta concedida por,confirmed,high,Lineage declarada no perfil: Mitsuyo Maeda > Carlos Gracie > Helio Gracie > Rolls Gracie > Romero Cavalcanti (Cavalcante) > Fabio Gurgel > Demian Maia > Marcelo Mafra
bjj-8337-v_elcio_figueiredo,8337,Marcelo Martins,v_elcio_figueiredo,Élcio Figueiredo,black_belt_awarded_by,Faixa-preta concedida por,confirmed,high,Lineage declarada no perfil: Mitsuyo Maeda > Carlos Gracie > Carlson Gracie > Élcio Figueiredo > Marcelo Martins
bjj-1253-297,1253,Marcelo Ribeiro,297,Carlos Gracie Junior,black_belt_awarded_by,Faixa-preta concedida por,confirmed,high,Lineage declarada no perfil: Mitsuyo Maeda > Carlos Gracie Sr. > Helio Gracie > Carlos Gracie Junior > Marcelo Ribeiro
bjj-13628-78,13628,Marcelo Pereira,78,Andre Pederneiras,black_belt_awarded_by,Faixa-preta concedida por,confirmed,high,Lineage declarada no perfil: Carlos Gracie > Helio Gracie > Carlson Gracie > Andre Pederneiras > Marcelo Pereira
bjj-205-627,205,Marcelo Salazar,627,Murilo Bustamante,black_belt_awarded_by,Faixa-preta concedida por,confirmed,high,Lineage declarada no perfil: Mitsuyo Maeda > Carlos Gracie > Carlson Gracie > Murilo Bustamante > Marcello Salazar
bjj-3099-1631,3099,Marcio Corleta,1631,Sylvio Behring,black_belt_awarded_by,Faixa-preta concedida por,confirmed,high,Lineage declarada no perfil: Mitsuyo Maeda > Carlos Gracie > Helio Gracie > Alvaro Barreto > Sylvio Behring > Marcio Corleta
bjj-4135-524,4135,Marcio dos Santos,524,Osvaldo Alves,black_belt_awarded_by,Faixa-preta concedida por,confirmed,high,Lineage declarada no perfil: Mitsuyo Maeda > Carlos Gracie sr > Reyson Gracie > Osvaldo Alves > Marcio dos Santos
bjj-3090-hist_rolls,3090,Marcio Stambowsky,hist_rolls,Rolls Gracie,black_belt_awarded_by,Faixa-preta concedida por,confirmed,high,Lineage declarada no perfil: Carlos Gracie > Helio Gracie > Rolls Gracie > Marcio Stambowsky
bjj-1218-297,1218,Marco Vilella,297,Carlos Gracie Junior,black_belt_awarded_by,Faixa-preta concedida por,confirmed,high,Lineage declarada no perfil: Mitsuyo Maeda > Carlos Gracie Sr. > Carlos Gracie Junior > Marco Vilella
bjj-1182-22,1182,Marcos da Matta,22,Carlson Gracie,black_belt_awarded_by,Faixa-preta concedida por,confirmed,high,Lineage declarada no perfil: Mitsuyo Maeda > Carlos Gracie > Carlson Gracie > Marcos da Matta
bjj-1124-935,1124,Marcos Escobar,935,Leonardo Castello Branco,black_belt_awarded_by,Faixa-preta concedida por,confirmed,high,Lineage declarada no perfil: Mitsuyo Maeda > Carlos Gracie > Carlson Gracie > Fernando “Pinduka” > Leonardo Castello Branco > Marcos Escobar
bjj-v_marcos_gomes-415,v_marcos_gomes,Marcos Gomes,415,Guilherme Mendes,black_belt_awarded_by,Faixa-preta concedida por,confirmed,high,Lineage declarada no perfil: Carlos Gracie > Helio Gracie > Carlson Gracie > André Pederneiras > Ramon Lemos > Guilherme Mendes > Marcos Gomes
bjj-v_diego_martins-492,v_diego_martins,Diego Martins),492,Marco Barbosa,black_belt_awarded_by,Faixa-preta concedida por,confirmed,high,Lineage declarada no perfil: Carlos Gracie > Helio Gracie > Rickson Gracie > Marcelo Behring > Waldomiro Perez > Roberto Godoi > Marco Barbosa > Diego Martins) > Marcos Martins
bjj-9573-v_diego_martins,9573,Marcos Martins,v_diego_martins,Diego Martins),black_belt_awarded_by,Faixa-preta concedida por,confirmed,high,Lineage declarada no perfil: Carlos Gracie > Helio Gracie > Rickson Gracie > Marcelo Behring > Waldomiro Perez > Roberto Godoi > Marco Barbosa > Diego Martins) > Marcos Martins
bjj-v_javier_gomez-5414,v_javier_gomez,Javier Gomez,5414,Osvaldo Moizinho,black_belt_awarded_by,Faixa-preta concedida por,confirmed,high,Lineage declarada no perfil: Carlos Gracie > Helio Gracie > Francisco Mansur > Augusto Mendes > Osvaldo Moizinho > Javier Gomez > Marco Mendes
bjj-13487-v_javier_gomez,13487,Marco Mendes,v_javier_gomez,Javier Gomez,black_belt_awarded_by,Faixa-preta concedida por,confirmed,high,Lineage declarada no perfil: Carlos Gracie > Helio Gracie > Francisco Mansur > Augusto Mendes > Osvaldo Moizinho > Javier Gomez > Marco Mendes
bjj-6577-338,6577,Marcos Santana,338,Ricardo Vieira,black_belt_awarded_by,Faixa-preta concedida por,confirmed,high,Lineage declarada no perfil: M. Maeda > C. Gracie > H. Gracie > Rolls Gracie > Romero Cavalcanti > Ricardo Vieira > Marcos Santana
bjj-v_marcos_de_oliveira-591,v_marcos_de_oliveira,Marcos de Oliveira,591,Ricardo Liborio,black_belt_awarded_by,Faixa-preta concedida por,confirmed,high,Lineage declarada no perfil: Mitsuyo Maeda > Carlos Gracie > Carlson Gracie > Ricardo Libório > Marcos de Oliveira
bjj-v_marcos_tinoco-16,v_marcos_tinoco,Marcos Tinoco,16,Marcelo Garcia,black_belt_awarded_by,Faixa-preta concedida por,confirmed,high,Lineage declarada no perfil: Mitsuyo Maeda > Carlos Gracie > Helio Gracie > Rolls Gracie > Romero Cavalcanti > Fabio Gurgel > Marcelo Garcia > Marcos Tinoco
bjj-v_marcos_costa-6748,v_marcos_costa,Marcos Costa,6748,Juarez Soares,black_belt_awarded_by,Faixa-preta concedida por,confirmed,high,Lineage declarada no perfil: Mitsuyo Maeda > Luis França > Oswaldo Fadda > Monir Salomão > Juarez Soares > Marcos Costa
bjj-2290-1223,2290,Marcos Torregrosa,1223,Cassio Werneck,black_belt_awarded_by,Faixa-preta concedida por,confirmed,high,Lineage declarada no perfil: Mitsuyo Maeda > Carlos Gracie > Reyson Gracie > Osvaldo Alves > Fabrício Martins > Ricardo Reis > Cassio Werneck > Marcos Torregrosa
bjj-984-543,984,Marcus Almeida,543,Rodrigo Cavaca,black_belt_awarded_by,Faixa-preta concedida por,confirmed,high,Lineage declarada no perfil: Carlos Gracie > Carlson Gracie > Élcio Figueiredo > Rodrigo Cavaca > Marcus Almeida
bjj-1034-67,1034,Pedro Sauer,67,Rickson Gracie,black_belt_awarded_by,Faixa-preta concedida por,confirmed,high,Lineage declarada no perfil: Carlos Gracie > Helio Gracie > Rickson Gracie > Pedro Sauer > Ishmael Bentley > Marcus Beddo
bjj-v_ishmael_bentley-1034,v_ishmael_bentley,Ishmael Bentley,1034,Pedro Sauer,black_belt_awarded_by,Faixa-preta concedida por,confirmed,high,Lineage declarada no perfil: Carlos Gracie > Helio Gracie > Rickson Gracie > Pedro Sauer > Ishmael Bentley > Marcus Beddo
bjj-v_marcus_beddo-v_ishmael_bentley,v_marcus_beddo,Marcus Beddo,v_ishmael_bentley,Ishmael Bentley,black_belt_awarded_by,Faixa-preta concedida por,confirmed,high,Lineage declarada no perfil: Carlos Gracie > Helio Gracie > Rickson Gracie > Pedro Sauer > Ishmael Bentley > Marcus Beddo
bjj-1619-203,1619,Marcus Bello,203,Julio Cesar,black_belt_awarded_by,Faixa-preta concedida por,confirmed,high,Lineage declarada no perfil: Mitsuyo Maeda > Luis França > Oswaldo Fadda > Monir Salomão > Julio Cesar Pereira > Marcus Bello
bjj-1785-515,1785,Marcus Norat,515,Royler Gracie,black_belt_awarded_by,Faixa-preta concedida por,confirmed,high,Lineage declarada no perfil: Mitsuyo Maeda > Carlos Gracie > Helio Gracie > Royler Gracie > Marcus Norat
bjj-7321-481,7321,Darragh OConnaill,481,Saulo Ribeiro,black_belt_awarded_by,Faixa-preta concedida por,confirmed,high,Lineage declarada no perfil: Carlos Gracie > Helio Gracie > Royler Gracie > Saulo Ribeiro > Darragh O’Conaill > Marcus Phelan
bjj-11187-7321,11187,Marcus Phelan,7321,Darragh OConnaill,black_belt_awarded_by,Faixa-preta concedida por,confirmed,high,Lineage declarada no perfil: Carlos Gracie > Helio Gracie > Royler Gracie > Saulo Ribeiro > Darragh O’Conaill > Marcus Phelan
bjj-10130-11701,10130,Marcus Vinicius Ribeiro,11701,Luciano Nucci,black_belt_awarded_by,Faixa-preta concedida por,confirmed,high,Lineage declarada no perfil: Carlos Gracie > Helio Gracie > Carlos Gracie Jr. > Ryan Gracie > Luciano Nucci > Marcus Ribeiro
bjj-12233-484,12233,Margot Ciccarelli,484,Murilo Santana,black_belt_awarded_by,Faixa-preta concedida por,confirmed,high,Lineage declarada no perfil: Carlos Gracie > Helio Gracie > Rickson Gracie > Marcelo Behring > Mario Yamasaki > Murilo Santana > Margot Ciccarelli
bjj-12201-v_marcos_cunha,12201,Maria Eduarda Tozoni,v_marcos_cunha,Marcos Cunha,black_belt_awarded_by,Faixa-preta concedida por,confirmed,high,Lineage declarada no perfil: Luiz França > Oswaldo Fadda > Sebastião Ricardo > Wendell Alexander > André Marola > Marcos Cunha > Maria Eduarda Tozoni
bjj-v_sr-hist_carlos_sr,v_sr,Sr.,hist_carlos_sr,Carlos Gracie Senior,black_belt_awarded_by,Faixa-preta concedida por,confirmed,high,Lineage declarada no perfil: Carlos Gracie > Sr. > Helio Gracie > Carlos Gracie Junior > Ryan Gracie > Gabriel Vella > Caio Almeida > Maria Luiza
bjj-hist_helio-v_sr,hist_helio,Helio Gracie,v_sr,Sr.,black_belt_awarded_by,Faixa-preta concedida por,confirmed,high,Lineage declarada no perfil: Carlos Gracie > Sr. > Helio Gracie > Carlos Gracie Junior > Ryan Gracie > Gabriel Vella > Caio Almeida > Maria Luiza
bjj-13505-7672,13505,Maria Luiza,7672,Caio Almeida,black_belt_awarded_by,Faixa-preta concedida por,confirmed,high,Lineage declarada no perfil: Carlos Gracie > Sr. > Helio Gracie > Carlos Gracie Junior > Ryan Gracie > Gabriel Vella > Caio Almeida > Maria Luiza
bjj-v_renato_veras-203,v_renato_veras,Renato Verás,203,Julio Cesar,black_belt_awarded_by,Faixa-preta concedida por,confirmed,high,Lineage declarada no perfil: Luis França > O. Fadda > Monir Salomão > Julio Cesar > Renato Verás > Maria Luisa Delahaye
bjj-13983-v_renato_veras,13983,Maria Luiza Delahaye,v_renato_veras,Renato Verás,black_belt_awarded_by,Faixa-preta concedida por,confirmed,high,Lineage declarada no perfil: Luis França > O. Fadda > Monir Salomão > Julio Cesar > Renato Verás > Maria Luisa Delahaye
bjj-8759-390,8759,Maria Malyjasiak,390,Abmar Barbosa,black_belt_awarded_by,Faixa-preta concedida por,confirmed,high,Lineage declarada no perfil: Carlos Gracie > Helio Gracie > Rolls Gracie > Romero Cavalcanti > Leonardo Vieira > Robert Drysdale > Abmar Barbosa > Maria Malyjasiak
bjj-13809-13962,13809,Maria Ruffatto,13962,Ighor Horta,black_belt_awarded_by,Faixa-preta concedida por,confirmed,high,Lineage declarada no perfil: Carlos Gracie > Carlson Gracie > Sergio Souza > Ricardo Marques > Ighor Horta > Maria Ruffatto
bjj-13586-11658,13586,Maria Carolina Vicentini,11658,Lucas Gualberto,black_belt_awarded_by,Faixa-preta concedida por,confirmed,high,Lineage declarada no perfil: Carlos Gracie > Helio Gracie > Rolls Gracie > Romero Cavalcanti > Fábio Gurgel > Isaque Bahiense > Lucas Gualberto > Maria Carolina Vicentini
bjj-1810-338,1810,Marina Ribeiro,338,Ricardo Vieira,black_belt_awarded_by,Faixa-preta concedida por,confirmed,high,Lineage declarada no perfil: Mitsuyo Maeda > Carlos Gracie > Helio Gracie > Rolls Gracie > Romero Cavalcanti > Ricardo Vieira > Marina Ribeiro
bjj-3546-hist_rolls,3546,Mario Claudio Tallarico,hist_rolls,Rolls Gracie,black_belt_awarded_by,Faixa-preta concedida por,confirmed,high,Lineage declarada no perfil: Mitsuyo Maeda > Carlos Gracie > Helio Gracie > Rolls Gracie > Mario Tallarico
bjj-1226-6683,1226,Mario Yokoyama,6683,Ryan Gracie,black_belt_awarded_by,Faixa-preta concedida por,confirmed,high,Lineage declarada no perfil: Mitsuyo Maeda > Carlos Gracie Sr. > Carlos Gracie Junior > Ryan Gracie > Mario Sergio Yokoyama
bjj-1774-v_edson_carvalho,1774,Mark Ramos,v_edson_carvalho,Edson Carvalho,black_belt_awarded_by,Faixa-preta concedida por,confirmed,high,Lineage declarada no perfil: Mitsuyo Maeda > Carlos Gracie > Carlson Gracie > Edson Carvalho > Mark Ramos
bjj-367-78,367,Marlon Sandro,78,Andre Pederneiras,black_belt_awarded_by,Faixa-preta concedida por,confirmed,high,Lineage declarada no perfil: Carlos Gracie > Helio Gracie > Carlson Gracie > André Pederneiras > Marlon Sandro
bjj-7645-492,7645,Masahiro Iwasaki,492,Marco Barbosa,black_belt_awarded_by,Faixa-preta concedida por,confirmed,high,Lineage declarada no perfil: Carlos Gracie > Helio Gracie > Rickson Gracie > Marcelo Behring > Waldomiro Perez > Roberto Godoi > Marco Barbosa > Masahiro Iwasaki
bjj-11789-582,11789,Mason Fowler,582,Caio Terra,black_belt_awarded_by,Faixa-preta concedida por,confirmed,high,Lineage declarada no perfil: Carlos Gracie > Reylson Gracie > Paulo Maurício Strauch > Caio Terra > Mason Fowler
bjj-10509-8202,10509,Mathias Luna,8202,Ricardo Feliciano,black_belt_awarded_by,Faixa-preta concedida por,confirmed,high,Lineage declarada no perfil: Carlos Gracie > Helio Gracie > Rolls Gracie > Romero Cavalcanti > Leonardo Vieira > Lucas Leite > Ricardo Feliciano > Mathias Luna
bjj-10094-1155,10094,Mauricio Antunes,1155,Cicero Costha,black_belt_awarded_by,Faixa-preta concedida por,confirmed,high,Lineage declarada no perfil: Mitsuyo Maeda > Carlos Gracie > Helio Gracie > Rickson Gracie > Marcelo Behring > Waldomiro Perez > Roberto Godoi > Marco Barbosa > Cicero Costha > Mauricio Antunes
bjj-1185-hist_rolls,1185,Mauricio Gomes,hist_rolls,Rolls Gracie,black_belt_awarded_by,Faixa-preta concedida por,confirmed,high,Lineage declarada no perfil: Mitsuyo Maeda > Carlos Gracie > Helio Gracie > Rolls Gracie > Maurício Gomes
bjj-v_mauricio_oliveira-203,v_mauricio_oliveira,Maurício Oliveira,203,Julio Cesar,black_belt_awarded_by,Faixa-preta concedida por,confirmed,high,Lineage declarada no perfil: Luis França > Oswaldo Fadda > Monir Salomão > Júlio César > Maurício Oliveira
bjj-9106-2216,9106,Mauro Pacifico,2216,Octavio de Almeida,black_belt_awarded_by,Faixa-preta concedida por,confirmed,high,Lineage declarada no perfil: Mitsuyo Maeda > Carlos Gracie > George Gracie > Octávio de Almeida > Mauro Pacífico
bjj-11926-5523,11926,Mayara Custodio,5523,Sebastian Lalli,black_belt_awarded_by,Faixa-preta concedida por,confirmed,high,Lineage declarada no perfil: Carlos Gracie > Helio Gracie > Carlson Gracie > Ricardo De La Riva > Carlos Lima > Sebastian Lalli > Mayara Custódio
bjj-8218-419,8218,Mayko Araujo,419,Leonardo Vieira,black_belt_awarded_by,Faixa-preta concedida por,confirmed,high,Lineage declarada no perfil: M. Maeda > Carlos Gracie > Helio G > Rolls G > Romero Cavalcanti > Leonardo Vieira > Mayko Araújo
bjj-9271-203,9271,Mayssa Bastos,203,Julio Cesar,black_belt_awarded_by,Faixa-preta concedida por,confirmed,high,Lineage declarada no perfil: Luis França > Oswaldo Fadda > Monir Salomão > Júlio César > Mayssa Bastos
bjj-v_roberval_mascarenhas-524,v_roberval_mascarenhas,Roberval Mascarenhas,524,Osvaldo Alves,black_belt_awarded_by,Faixa-preta concedida por,confirmed,high,Lineage declarada no perfil: Carlos Gracie > Reyson Gracie > Osvaldo Alves > Roberval Mascarenhas > Iran Mascarenhas > Kent Hammarström > Max Lindblad
bjj-v_iran_mascarenhas-v_roberval_mascarenhas,v_iran_mascarenhas,Iran Mascarenhas,v_roberval_mascarenhas,Roberval Mascarenhas,black_belt_awarded_by,Faixa-preta concedida por,confirmed,high,Lineage declarada no perfil: Carlos Gracie > Reyson Gracie > Osvaldo Alves > Roberval Mascarenhas > Iran Mascarenhas > Kent Hammarström > Max Lindblad
bjj-v_kent_hammarstrom-v_iran_mascarenhas,v_kent_hammarstrom,Kent Hammarström,v_iran_mascarenhas,Iran Mascarenhas,black_belt_awarded_by,Faixa-preta concedida por,confirmed,high,Lineage declarada no perfil: Carlos Gracie > Reyson Gracie > Osvaldo Alves > Roberval Mascarenhas > Iran Mascarenhas > Kent Hammarström > Max Lindblad
bjj-8308-v_kent_hammarstrom,8308,Max Lindblad,v_kent_hammarstrom,Kent Hammarström,black_belt_awarded_by,Faixa-preta concedida por,confirmed,high,Lineage declarada no perfil: Carlos Gracie > Reyson Gracie > Osvaldo Alves > Roberval Mascarenhas > Iran Mascarenhas > Kent Hammarström > Max Lindblad
bjj-8116-2035,8116,Dante Leon,2035,Vitor Henrique,black_belt_awarded_by,Faixa-preta concedida por,confirmed,high,Lineage declarada no perfil: C. Gracie > Helio Gracie > Carlos Gracie Jr > Adilson Lima > Vitor Oliveira > Dante Leon > Max Hanson
bjj-13804-8116,13804,Maximilian Hanson,8116,Dante Leon,black_belt_awarded_by,Faixa-preta concedida por,confirmed,high,Lineage declarada no perfil: C. Gracie > Helio Gracie > Carlos Gracie Jr > Adilson Lima > Vitor Oliveira > Dante Leon > Max Hanson
bjj-11620-903,11620,Maxine Thylin,903,Leticia Ribeiro,black_belt_awarded_by,Faixa-preta concedida por,confirmed,high,Lineage declarada no perfil: C. Gracie > Helio Gracie > Royler Gracie > Vini Aieta > Letícia Ribeiro > Maxine Thylin
bjj-v_marcio_pinheiro-486,v_marcio_pinheiro,Marcio Pinheiro,486,Amaury Bitetti,black_belt_awarded_by,Faixa-preta concedida por,confirmed,high,Lineage declarada no perfil: Carlos Gracie > Helio Gracie > Carlson Gracie > Amauri Bitetti > Marcio Pinheiro > Leo Morosetti > Melissa Cueto
bjj-v_leo_morosetti-v_marcio_pinheiro,v_leo_morosetti,Leo Morosetti,v_marcio_pinheiro,Marcio Pinheiro,black_belt_awarded_by,Faixa-preta concedida por,confirmed,high,Lineage declarada no perfil: Carlos Gracie > Helio Gracie > Carlson Gracie > Amauri Bitetti > Marcio Pinheiro > Leo Morosetti > Melissa Cueto
bjj-10451-v_leo_morosetti,10451,Melissa Cueto,v_leo_morosetti,Leo Morosetti,black_belt_awarded_by,Faixa-preta concedida por,confirmed,high,Lineage declarada no perfil: Carlos Gracie > Helio Gracie > Carlson Gracie > Amauri Bitetti > Marcio Pinheiro > Leo Morosetti > Melissa Cueto
bjj-14270-415,14270,Mia Funegra,415,Guilherme Mendes,black_belt_awarded_by,Faixa-preta concedida por,confirmed,high,Lineage declarada no perfil: Carlos Gracie > Helio Gracie > Carlson Gracie > André Pederneiras > Ramon Lemos > Guilherme Mendes > Mia Funegra
bjj-12122-10088,12122,Micael Galvao,10088,Melqui Galvao,black_belt_awarded_by,Faixa-preta concedida por,confirmed,high,Lineage declarada no perfil: Carlos Gracie > Helio Gracie > Royler Gracie > Rolker Gracie > Augusto Monteiro > Ronnie Melo > Melquisedeque Galvão > Micael Galvão
bjj-8427-144,8427,Michael Perez,144,Andre Galvao,black_belt_awarded_by,Faixa-preta concedida por,confirmed,high,Lineage declarada no perfil: M. Maeda > Carlos Gracie > Reyson Gracie > Osvaldo Alves > L. Dagmar > André Galvão > Mike Perez
bjj-9253-6507,9253,Michael Trasso,6507,Regis Lebre,black_belt_awarded_by,Faixa-preta concedida por,confirmed,high,Lineage declarada no perfil: Mitsuyo Maeda > Carlos Gracie > Helio Gracie > Royler Gracie > Regis Lebre > Michael Trasso
bjj-12455-v_joao_amaral,12455,Michael Zenga,v_joao_amaral,João Amaral,black_belt_awarded_by,Faixa-preta concedida por,confirmed,high,Lineage declarada no perfil: Carlos Gracie > Helio Gracie > Carlson Gracie > Crézio Sousa > João Amaral > Michael Zenga
bjj-13947-147,13947,Michael Jalen Fonacier,147,Rubens Charles,black_belt_awarded_by,Faixa-preta concedida por,confirmed,high,Lineage declarada no perfil: Carlos Gracie > Helio Gracie > Rolls Gracie > Romero Cavalcanti > Alexandre Paiva > Fernando Terere > Rubens Charles > Jalen Fonacier
bjj-1747-147,1747,Michel Langhi,147,Rubens Charles,black_belt_awarded_by,Faixa-preta concedida por,confirmed,high,Lineage declarada no perfil: Mitsuyo Maeda > Carlos Gracie > Helio Gracie > Rolls Gracie > Romero Cavalcanti > Alexandre Paiva > Fernando Augusto > Rubens Charles > Michel Langhi
bjj-823-378,823,Michelle Nicolini,378,Robert Drysdale,black_belt_awarded_by,Faixa-preta concedida por,confirmed,high,Lineage declarada no perfil: Mitsuyo Maeda > Carlos Gracie > Helio Gracie > Rolls Gracie > Romero Cavalcanti > Leonardo Vieira > Robert Drysdale > Michelle Nicolini
bjj-1583-1307,1583,Mike Fowler,1307,Lloyd Irvin,black_belt_awarded_by,Faixa-preta concedida por,confirmed,high,Lineage declarada no perfil: C. Gracie > H. Gracie > R. Gracie > Jorge Pereira > Leo Dalla > Lloyd Irvin > Mike Fowler
bjj-7917-630,7917,Milton Bastos,630,Ricardo Miller,black_belt_awarded_by,Faixa-preta concedida por,confirmed,high,Lineage declarada no perfil: M. Maeda > C. Gracie > H. Gracie > Rolls Gracie > Romero Cavalcanti > Ricardo Miller > Milton Bastos
bjj-2231-2040,2231,Milton Regis,2040,Francisco Mansur,black_belt_awarded_by,Faixa-preta concedida por,confirmed,high,Lineage declarada no perfil: Mitsuyo Maeda > Carlos Gracie > Helio Gracie > Francisco Mansur > Milton Regis
bjj-v_moacir_mendes_jr-790,v_moacir_mendes_jr,Moacir Mendes Jr,790,Mario Reis,black_belt_awarded_by,Faixa-preta concedida por,confirmed,high,Lineage declarada no perfil: M. Maeda > C. Gracie > H. Gracie > Álvaro Barreto > Sylvio Behring > Mário Reis > Moacir Mendes Jr
bjj-v_banni_cavalcanti-22,v_banni_cavalcanti,Banni Cavalcanti,22,Carlson Gracie,black_belt_awarded_by,Faixa-preta concedida por,confirmed,high,Lineage declarada no perfil: Carlos Gracie > Carlson Gracie > Banni Cavalcanti > Julio Lima > Sandro Lima > Monica Vanessa Silva
bjj-v_julio_lima-v_banni_cavalcanti,v_julio_lima,Julio Lima,v_banni_cavalcanti,Banni Cavalcanti,black_belt_awarded_by,Faixa-preta concedida por,confirmed,high,Lineage declarada no perfil: Carlos Gracie > Carlson Gracie > Banni Cavalcanti > Julio Lima > Sandro Lima > Monica Vanessa Silva
bjj-v_sandro_lima-v_julio_lima,v_sandro_lima,Sandro Lima,v_julio_lima,Julio Lima,black_belt_awarded_by,Faixa-preta concedida por,confirmed,high,Lineage declarada no perfil: Carlos Gracie > Carlson Gracie > Banni Cavalcanti > Julio Lima > Sandro Lima > Monica Vanessa Silva
bjj-2206-v_sandro_lima,2206,Monica Vanessa Silva,v_sandro_lima,Sandro Lima,black_belt_awarded_by,Faixa-preta concedida por,confirmed,high,Lineage declarada no perfil: Carlos Gracie > Carlson Gracie > Banni Cavalcanti > Julio Lima > Sandro Lima > Monica Vanessa Silva
bjj-v_eddie_ricardo-745,v_eddie_ricardo,Eddie Ricardo,745,Carlos Machado,black_belt_awarded_by,Faixa-preta concedida por,confirmed,high,Lineage declarada no perfil: M. Maeda > C. Gracie > H. Gracie > C. Gracie Jr > Carlos Machado > Eddie Ricardo > Monique Ricardo
bjj-7903-v_eddie_ricardo,7903,Monique Ricardo,v_eddie_ricardo,Eddie Ricardo,black_belt_awarded_by,Faixa-preta concedida por,confirmed,high,Lineage declarada no perfil: M. Maeda > C. Gracie > H. Gracie > C. Gracie Jr > Carlos Machado > Eddie Ricardo > Monique Ricardo
bjj-6176-22,6176,Suyan Queiroz,22,Carlson Gracie,black_belt_awarded_by,Faixa-preta concedida por,confirmed,high,Lineage declarada no perfil: Carlos Gracie > Helio Gracie > Carlson Gracie > Suyan Queiroz > Marcelo Motta > Morgan Black
bjj-v_marcelo_motta-6176,v_marcelo_motta,Marcelo Motta,6176,Suyan Queiroz,black_belt_awarded_by,Faixa-preta concedida por,confirmed,high,Lineage declarada no perfil: Carlos Gracie > Helio Gracie > Carlson Gracie > Suyan Queiroz > Marcelo Motta > Morgan Black
bjj-13594-v_marcelo_motta,13594,Morgan Black,v_marcelo_motta,Marcelo Motta,black_belt_awarded_by,Faixa-preta concedida por,confirmed,high,Lineage declarada no perfil: Carlos Gracie > Helio Gracie > Carlson Gracie > Suyan Queiroz > Marcelo Motta > Morgan Black
bjj-v_jeferson_adam-790,v_jeferson_adam,Jeferson Adam),790,Mario Reis,black_belt_awarded_by,Faixa-preta concedida por,confirmed,high,Lineage declarada no perfil: Carlos Gracie > Helio Gracie > Alvaro Barreto > Sylvio Behring > Mario Reis > Jeferson Adam) > Murilo Amaral
bjj-9486-v_jeferson_adam,9486,Murilo Amaral,v_jeferson_adam,Jeferson Adam),black_belt_awarded_by,Faixa-preta concedida por,confirmed,high,Lineage declarada no perfil: Carlos Gracie > Helio Gracie > Alvaro Barreto > Sylvio Behring > Mario Reis > Jeferson Adam) > Murilo Amaral
bjj-v_john_donehue-1817,v_john_donehue,John Donehue,1817,Rigan Machado,black_belt_awarded_by,Faixa-preta concedida por,confirmed,high,Lineage declarada no perfil: Carlos Gracie > Helio Gracie > Carlos Gracie Jr. > Rigan Machado > John Donehue > Jeroen Lynders > Nadia Frankland
bjj-v_jeroen_lynders-v_john_donehue,v_jeroen_lynders,Jeroen Lynders,v_john_donehue,John Donehue,black_belt_awarded_by,Faixa-preta concedida por,confirmed,high,Lineage declarada no perfil: Carlos Gracie > Helio Gracie > Carlos Gracie Jr. > Rigan Machado > John Donehue > Jeroen Lynders > Nadia Frankland
bjj-14186-v_jeroen_lynders,14186,Nadia Frankland,v_jeroen_lynders,Jeroen Lynders,black_belt_awarded_by,Faixa-preta concedida por,confirmed,high,Lineage declarada no perfil: Carlos Gracie > Helio Gracie > Carlos Gracie Jr. > Rigan Machado > John Donehue > Jeroen Lynders > Nadia Frankland
bjj-v_igor_almeira-3371,v_igor_almeira,Igor Almeira,3371,Eduardo Venancio,black_belt_awarded_by,Faixa-preta concedida por,confirmed,high,Lineage declarada no perfil: Carlos Gracie > Helio Gracie > Carlson Gracie > Ricardo De La Riva > Eduardo Brigadeiro > Igor Almeira > Natasha Quiza
bjj-11986-v_igor_almeira,11986,Natasha Quiza,v_igor_almeira,Igor Almeira,black_belt_awarded_by,Faixa-preta concedida por,confirmed,high,Lineage declarada no perfil: Carlos Gracie > Helio Gracie > Carlson Gracie > Ricardo De La Riva > Eduardo Brigadeiro > Igor Almeira > Natasha Quiza
bjj-9227-875,9227,Nathalie Ribeiro,875,Lucas Leite,black_belt_awarded_by,Faixa-preta concedida por,confirmed,high,Lineage declarada no perfil: Carlos Gracie > Helio Gracie > Rolls Gracie > Romero Cavalcanti (Jacaré) > Leonardo Vieira (Leozinho) > Lucas Leite > Nathalie Ribeiro
bjj-10216-1155,10216,Natan Chueng,1155,Cicero Costha,black_belt_awarded_by,Faixa-preta concedida por,confirmed,high,Lineage declarada no perfil: Carlos Gracie > Helio Gracie > Rickson Gracie > Marcelo Behring > Waldomiro Perez > Roberto Godoi > Marco Barbosa > Cicero Costha > Natan Chueng
bjj-v_marcio_navarro-378,v_marcio_navarro,Marcio Navarro,378,Robert Drysdale,black_belt_awarded_by,Faixa-preta concedida por,confirmed,high,Lineage declarada no perfil: Carlos Gracie > Hélio Gracie > Rolls Gracie > Romero Cavalcanti > Leonardo Vieira > Robert Drysdale > Marcio Navarro > Nathan Carroll
bjj-v_nathan_carroll-v_marcio_navarro,v_nathan_carroll,Nathan Carroll,v_marcio_navarro,Marcio Navarro,black_belt_awarded_by,Faixa-preta concedida por,confirmed,high,Lineage declarada no perfil: Carlos Gracie > Hélio Gracie > Rolls Gracie > Romero Cavalcanti > Leonardo Vieira > Robert Drysdale > Marcio Navarro > Nathan Carroll
bjj-8081-2100,8081,Nathan Mendelsohn,2100,Claudio Franca,black_belt_awarded_by,Faixa-preta concedida por,confirmed,high,Lineage declarada no perfil: C. Gracie > Helio Gracie > Francisco Mansor > Cláudio França > Nathan Mendelsohn
bjj-12729-10088,12729,Nathannael Fernandes,10088,Melqui Galvao,black_belt_awarded_by,Faixa-preta concedida por,confirmed,high,Lineage declarada no perfil: Carlos Gracie > Helio Gracie > Royler Gracie > Rolker Gracie > Augusto Monteiro > Ronnie Melo > Melquisedeque Galvão > Nathannael Fernandes
bjj-14244-405,14244,Nia Blackman,405,Marco Canha,black_belt_awarded_by,Faixa-preta concedida por,confirmed,high,Lineage declarada no perfil: Carlos Gracie > Helio Gracie > Rolls Gracie > Romero Cavalcanti > Ricardo Vieira > Marco Canha > Nia Blackman
bjj-6833-1307,6833,Jared Weiner,1307,Lloyd Irvin,black_belt_awarded_by,Faixa-preta concedida por,confirmed,high,Lineage declarada no perfil: Mitsuyo Maeda > Carlos Gracie > Helio Gracie > Rickson Gracie > Jorge Pereira > Leo Dalla > Lloyd Irvin > Jared Weiner > Nick Calvanese
bjj-7914-6833,7914,Nicholas Calvanese,6833,Jared Weiner,black_belt_awarded_by,Faixa-preta concedida por,confirmed,high,Lineage declarada no perfil: Mitsuyo Maeda > Carlos Gracie > Helio Gracie > Rickson Gracie > Jorge Pereira > Leo Dalla > Lloyd Irvin > Jared Weiner > Nick Calvanese
bjj-v_jeferson_adan-790,v_jeferson_adan,Jeferson Adan),790,Mario Reis,black_belt_awarded_by,Faixa-preta concedida por,confirmed,high,Lineage declarada no perfil: Carlos Gracie > Helio Gracie > Alvaro Barreto > Sylvio Behring > Mario Reis > Jeferson Adan) > Nicholas Meregali
bjj-7507-v_jeferson_adan,7507,Nicholas Meregali,v_jeferson_adan,Jeferson Adan),black_belt_awarded_by,Faixa-preta concedida por,confirmed,high,Lineage declarada no perfil: Carlos Gracie > Helio Gracie > Alvaro Barreto > Sylvio Behring > Mario Reis > Jeferson Adan) > Nicholas Meregali
bjj-13463-144,13463,Nicholas Maglicic,144,Andre Galvao,black_belt_awarded_by,Faixa-preta concedida por,confirmed,high,Lineage declarada no perfil: Carlos Gracie > Reyson Gracie > Osvaldo Alves > Luis Dagmar > André Galvão > Nicholas Maglicic
bjj-2297-505,2297,Nicolas Gregoriades,505,Roger Gracie,black_belt_awarded_by,Faixa-preta concedida por,confirmed,high,Lineage declarada no perfil: Mitsuyo Maeda > Carlos Gracie Sr. > Carlos Gracie Junior > Roger Gracie > Nicolas Gregoriades
bjj-9823-144,9823,Nicole Sullivan,144,Andre Galvao,black_belt_awarded_by,Faixa-preta concedida por,confirmed,high,Lineage declarada no perfil: Carlos Gracie (Senior) > Reyson Gracie > Osvaldo Alves > Luis Dagmar (Careca) > André Galvão > Nicole Sullivan
bjj-12110-8346,12110,Nick Rodriguez,8346,Craig Jones,black_belt_awarded_by,Faixa-preta concedida por,confirmed,high,Lineage declarada no perfil: Carlos Gracie > Helio Gracie > Carlos Gracie Jr > Jean Jacques Machado > Rigan Machado > John Will > John Simon > Lachlan Giles > Craig Jones > Nick Rodriguez
bjj-12102-5447,12102,Nick Salles,5447,Michael Musumeci,black_belt_awarded_by,Faixa-preta concedida por,confirmed,high,Lineage declarada no perfil: Carlos Gracie > Helio Gracie > Carlson Gracie > Andre Pederneiras > Rafael Fofitio > Gilbert Burns > Michael Musumeci > Nick Salles
bjj-7922-9114,7922,Nick Schrock,9114,JW Wright,black_belt_awarded_by,Faixa-preta concedida por,confirmed,high,Lineage declarada no perfil: Mitsuyo Maeda > Carlos Gracie > Helio Gracie > Royler Gracie > JW Wright > Nick Schrock
bjj-11735-623,11735,Nicky Ryan,623,John Danaher,black_belt_awarded_by,Faixa-preta concedida por,confirmed,high,Lineage declarada no perfil: Carlos Gracie > Helio Gracie > Carlos Gracie Jr > Renzo Gracie > John Danaher > Nicky Ryan
bjj-v_dave_marinakis_lee_ting-v_david_hart,v_dave_marinakis_lee_ting,Dave Marinakis / Lee Ting,v_david_hart,David Hart,black_belt_awarded_by,Faixa-preta concedida por,confirmed,high,Lineage declarada no perfil: Carlos Gracie > Helio Gracie > Carlos Gracie Junior > Jean Jacques Machado > Rigan Machado > John Will > David Hart > Dave Marinakis / Lee Ting > Nikki Lloyd-Griffiths
bjj-13560-v_dave_marinakis_lee_ting,13560,Nikki Lloyd-Griffiths,v_dave_marinakis_lee_ting,Dave Marinakis / Lee Ting,black_belt_awarded_by,Faixa-preta concedida por,confirmed,high,Lineage declarada no perfil: Carlos Gracie > Helio Gracie > Carlos Gracie Junior > Jean Jacques Machado > Rigan Machado > John Will > David Hart > Dave Marinakis / Lee Ting > Nikki Lloyd-Griffiths
bjj-10468-144,10468,Nisar Loynab,144,Andre Galvao,black_belt_awarded_by,Faixa-preta concedida por,confirmed,high,Lineage declarada no perfil: Carlos Gracie > Reyson Gracie > O. Alves > Luis Dagmar > André Galvão > Nisar Loynab
bjj-1604-419,1604,Nivaldo Oliveira,419,Leonardo Vieira,black_belt_awarded_by,Faixa-preta concedida por,confirmed,high,Lineage declarada no perfil: Mitsuyo Maeda > Carlos Gracie > Helio Gracie > Rolls Gracie > Romero Cavalcanti > Leonardo Vieira > Nivaldo Oliveira
bjj-v_adalberto_ventura-6339,v_adalberto_ventura,Adalberto Ventura,6339,Admilson Brites,black_belt_awarded_by,Faixa-preta concedida por,confirmed,high,Lineage declarada no perfil: M. Maeda > C. Gracie > H. Gracie > Royler Gracie > Admilson Brites > Adalberto Ventura > Nívia Moura
bjj-8585-v_adalberto_ventura,8585,Nivia Moura,v_adalberto_ventura,Adalberto Ventura,black_belt_awarded_by,Faixa-preta concedida por,confirmed,high,Lineage declarada no perfil: M. Maeda > C. Gracie > H. Gracie > Royler Gracie > Admilson Brites > Adalberto Ventura > Nívia Moura
bjj-9502-1882,9502,Nobuhiro Sawada,1882,Mitsuyoshi Hayakawa,black_belt_awarded_by,Faixa-preta concedida por,confirmed,high,Lineage declarada no perfil: Mitsuyo Maeda > Carlos Gracie > Helio Gracie > Rolls Gracie > Romero Cavalcanti (Jacaré) > Alexandre Paiva (Gi-gi) > Mitsuyoshi Hayakawa > Nobuhiro Sawada
bjj-5793-449,5793,Bruno Paulista,449,Alexandre de Souza,black_belt_awarded_by,Faixa-preta concedida por,confirmed,high,Lineage declarada no perfil: Carlos Gracie > Helio Gracie > Crolin Gracie > Alexandre de Souza > Bruno Paulista > Beneil Dariush > Dan Lukehart
bjj-5365-5793,5365,Beneil Dariush,5793,Bruno Paulista,black_belt_awarded_by,Faixa-preta concedida por,confirmed,high,Lineage declarada no perfil: Carlos Gracie > Helio Gracie > Crolin Gracie > Alexandre de Souza > Bruno Paulista > Beneil Dariush > Dan Lukehart
bjj-v_dan_lukehart-5365,v_dan_lukehart,Dan Lukehart,5365,Beneil Dariush,black_belt_awarded_by,Faixa-preta concedida por,confirmed,high,Lineage declarada no perfil: Carlos Gracie > Helio Gracie > Crolin Gracie > Alexandre de Souza > Bruno Paulista > Beneil Dariush > Dan Lukehart
bjj-v_jairo_moura-1377,v_jairo_moura,Jairo Moura,1377,Jurandir Moura,black_belt_awarded_by,Faixa-preta concedida por,confirmed,high,Lineage declarada no perfil: Mitsuyo Maeda > Carlos Gracie > George Gracie > Jurandir Moura > Jairo Moura > Arnaldo Alves > Nuno Martins
bjj-v_arnaldo_alves-v_jairo_moura,v_arnaldo_alves,Arnaldo Alves,v_jairo_moura,Jairo Moura,black_belt_awarded_by,Faixa-preta concedida por,confirmed,high,Lineage declarada no perfil: Mitsuyo Maeda > Carlos Gracie > George Gracie > Jurandir Moura > Jairo Moura > Arnaldo Alves > Nuno Martins
bjj-10172-v_arnaldo_alves,10172,Nuno Martins,v_arnaldo_alves,Arnaldo Alves,black_belt_awarded_by,Faixa-preta concedida por,confirmed,high,Lineage declarada no perfil: Mitsuyo Maeda > Carlos Gracie > George Gracie > Jurandir Moura > Jairo Moura > Arnaldo Alves > Nuno Martins
bjj-8278-1307,8278,Nyjah Rollins,1307,Lloyd Irvin,black_belt_awarded_by,Faixa-preta concedida por,confirmed,high,Lineage declarada no perfil: M. Maeda > C. Gracie > H. Gracie > Rickson Gracie > J. Pereira > Leo Dalla > Lloyd Irvin > Nyjah Rollins
bjj-591-627,591,Ricardo Liborio,627,Murilo Bustamante,black_belt_awarded_by,Faixa-preta concedida por,confirmed,high,Lineage declarada no perfil: Carlos Gracie > Carlson Gracie > Murilo Bustamante > Ricardo Libório > Alex Paz > B. Odsuren
bjj-6286-591,6286,Alex Paz,591,Ricardo Liborio,black_belt_awarded_by,Faixa-preta concedida por,confirmed,high,Lineage declarada no perfil: Carlos Gracie > Carlson Gracie > Murilo Bustamante > Ricardo Libório > Alex Paz > B. Odsuren
bjj-v_b_odsuren-6286,v_b_odsuren,B. Odsuren,6286,Alex Paz,black_belt_awarded_by,Faixa-preta concedida por,confirmed,high,Lineage declarada no perfil: Carlos Gracie > Carlson Gracie > Murilo Bustamante > Ricardo Libório > Alex Paz > B. Odsuren
bjj-11615-591,11615,Olavo Abreu,591,Ricardo Liborio,black_belt_awarded_by,Faixa-preta concedida por,confirmed,high,Lineage declarada no perfil: Carlos Gracie > Helio Gracie > Carlson Gracie > Ricardo Libório > Olavo Abreu
bjj-256-505,256,Oliver Geddes,505,Roger Gracie,black_belt_awarded_by,Faixa-preta concedida por,confirmed,high,Lineage declarada no perfil: Mitsuyo Maeda > Carlos Gracie Sr. > Carlos Gracie Junior > Roger Gracie > Oliver Geddes
bjj-11707-623,11707,Oliver Taza,623,John Danaher,black_belt_awarded_by,Faixa-preta concedida por,confirmed,high,Lineage declarada no perfil: Carlos Gracie > Helio Gracie > Carlos Gracie Jr > Renzo Gracie > John Danaher > Oliver Taza
bjj-338-419,338,Ricardo Vieira,419,Leonardo Vieira,black_belt_awarded_by,Faixa-preta concedida por,confirmed,high,Lineage declarada no perfil: C. Gracie > H. Gracie > Rolls Gracie > Romero Cavalcanti > Leo Vieira > Ricardo Vieira > Helder Medeiros > Omar AlSuwaidi
bjj-14191-11228,14191,Omar AlSuwaidi,11228,Helder Medeiros,black_belt_awarded_by,Faixa-preta concedida por,confirmed,high,Lineage declarada no perfil: C. Gracie > H. Gracie > Rolls Gracie > Romero Cavalcanti > Leo Vieira > Ricardo Vieira > Helder Medeiros > Omar AlSuwaidi
bjj-v_otavio_peixotinho-22,v_otavio_peixotinho,Otavio Peixotinho,22,Carlson Gracie,black_belt_awarded_by,Faixa-preta concedida por,confirmed,high,Lineage declarada no perfil: Mitsuyo Maeda > Carlos Gracie > Carlson Gracie > Otavio Peixotinho
bjj-2107-297,2107,Otavio Sousa,297,Carlos Gracie Junior,black_belt_awarded_by,Faixa-preta concedida por,confirmed,high,Lineage declarada no perfil: Carlos Gracie > Helio Gracie > Carlos Gracie Junior > Otavio Sousa
bjj-2452-1633,2452,Orlando Sanchez,1633,Jose Olimpio,black_belt_awarded_by,Faixa-preta concedida por,confirmed,high,Lineage declarada no perfil: Carlos Gracie > Helio Gracie > Carlos Gracie Junior > Jose Olimpio > Orlando Sanchez
bjj-12615-144,12615,Osamah Almarwai,144,Andre Galvao,black_belt_awarded_by,Faixa-preta concedida por,confirmed,high,Lineage declarada no perfil: Carlos Gracie > Reyson Gracie > Osvaldo Alves > Luis Dagmar > André Galvão > Osamah Almarwai
bjj-1405-hist_carlos_sr,1405,Oswaldo Gracie,hist_carlos_sr,Carlos Gracie Senior,black_belt_awarded_by,Faixa-preta concedida por,confirmed,high,Lineage declarada no perfil: Mitsuyo Maeda > Carlos Gracie > Oswaldo Gracie
bjj-v_oswaldo_paqueta-22,v_oswaldo_paqueta,Oswaldo “Paqueta”,22,Carlson Gracie,black_belt_awarded_by,Faixa-preta concedida por,confirmed,high,Lineage declarada no perfil: Carlos Gracie > Carlson Gracie > Oswaldo “Paqueta”
bjj-1259-2529,1259,Patricia Lage,2529,Roberto Lage,black_belt_awarded_by,Faixa-preta concedida por,confirmed,high,Lineage declarada no perfil: Carlos Gracie > George Gracie > Octávio de Almeida > Roberto Lage > Patricia Lage
bjj-8658-1495,8658,Patrick Bittan,1495,Flavio Behring,black_belt_awarded_by,Faixa-preta concedida por,confirmed,high,Lineage declarada no perfil: Mitsuyo Maeda > Carlos Gracie > Helio Gracie > Flavio Behring > Patrick Bittan
bjj-11015-v_eduardo_duarte,11015,Pablo Lavaselli,v_eduardo_duarte,Eduardo Duarte,black_belt_awarded_by,Faixa-preta concedida por,confirmed,high,Lineage declarada no perfil: Carlos Gracie > Carlson Gracie > Andre Pederneiras > Eduardo Duarte > Pablo Lavaselli
bjj-8069-108,8069,Pablo Mantovani,108,Gustavo Campos,black_belt_awarded_by,Faixa-preta concedida por,confirmed,high,Lineage declarada no perfil: Mitsuyo Maeda > Carlos Gracie > Reyson Gracie > Osvaldo Alves > Sérgio Penha > Walter Matos > Gustavo Campos > Pablo Mantovani
bjj-938-2985,938,Pablo Silva,2985,Marcelo Azevedo,black_belt_awarded_by,Faixa-preta concedida por,confirmed,high,Lineage declarada no perfil: Mitsuyo Maeda > Carlos Gracie Sr. > Helio Gracie > Carlos Gracie Junior > Vinicius Magalhães > Marcelo Azevedo > Pablo Silva
bjj-v_eduardo_duarte-4334,v_eduardo_duarte,Eduardo Duarte,4334,Andre da Silva,black_belt_awarded_by,Faixa-preta concedida por,confirmed,high,Lineage declarada no perfil: Mitsuyo Maeda > Luiz França > Oswaldo Fadda > Sebastião Ricardo > Wendell Alexander > André Marola > Eduardo Duarte > Pámela Bóveda
bjj-v_pamela_boveda-v_eduardo_duarte,v_pamela_boveda,Pámela Bóveda,v_eduardo_duarte,Eduardo Duarte,black_belt_awarded_by,Faixa-preta concedida por,confirmed,high,Lineage declarada no perfil: Mitsuyo Maeda > Luiz França > Oswaldo Fadda > Sebastião Ricardo > Wendell Alexander > André Marola > Eduardo Duarte > Pámela Bóveda
bjj-9344-2100,9344,Paul Schreiner,2100,Claudio Franca,black_belt_awarded_by,Faixa-preta concedida por,confirmed,high,Lineage declarada no perfil: Mitsuyo Maeda > Carlos Gracie > Helio Gracie > Francisco Mansor > Claudio França > Paul Schreiner
bjj-v_pj_barch-6531,v_pj_barch,PJ Barch,6531,Richard Martinez,black_belt_awarded_by,Faixa-preta concedida por,confirmed,high,Lineage declarada no perfil: Carlos Gracie (Senior) > Hélio Gracie > Carlos Gracie Jr > JJ Machado > Eddie Bravo > Richie Martinez > PJ Barch
bjj-1870-22,1870,Paulo Filho,22,Carlson Gracie,black_belt_awarded_by,Faixa-preta concedida por,confirmed,high,Lineage declarada no perfil: Mitsuyo Maeda > Carlos Gracie > Carlson Gracie > Paulo Filho
bjj-v_paulo_gazze_jr-max-trombini-cia-paulista,v_paulo_gazze_jr,Paulo Gazze Jr,max-trombini-cia-paulista,Milton Maximiliano,black_belt_awarded_by,Faixa-preta concedida por,confirmed,high,Lineage declarada no perfil: Mitsuyo Maeda > Carlos Gracie > Helio Gracie > Rickson Gracie > Marcelo Behring > Waldomiro Perez > Milton Maximiliano Trombini > Paulo Gazze Jr
bjj-v_paulo_gabriel-903,v_paulo_gabriel,Paulo Gabriel,903,Leticia Ribeiro,black_belt_awarded_by,Faixa-preta concedida por,confirmed,high,Lineage declarada no perfil: Carlos Gracie > Helio Gracie > Royler Gracie > Vini Aieta > Letícia Ribeiro > Paulo Gabriel
bjj-2999-1155,2999,Paulo Miyao,1155,Cicero Costha,black_belt_awarded_by,Faixa-preta concedida por,confirmed,high,Lineage declarada no perfil: Carlos Gracie > Helio Gracie > Rickson Gracie > Marcelo Behring > Waldomiro Perez > Roberto Godoi > Marco Barbosa > Cicero Costha > Paulo Miyao
bjj-v_rafael_pinto-2357,v_rafael_pinto,/ Rafael Pinto,2357,Ana Laura Cordeiro,black_belt_awarded_by,Faixa-preta concedida por,confirmed,high,Lineage declarada no perfil: Carlos Gracie Sr. > Helio Gracie > Carlos Gracie Junior > Ana Laura Cordeiro > / Rafael Pinto > Paulo Merlin
bjj-14196-v_rafael_pinto,14196,Paulo Merlin,v_rafael_pinto,/ Rafael Pinto,black_belt_awarded_by,Faixa-preta concedida por,confirmed,high,Lineage declarada no perfil: Carlos Gracie Sr. > Helio Gracie > Carlos Gracie Junior > Ana Laura Cordeiro > / Rafael Pinto > Paulo Merlin
bjj-11917-3416,11917,Gabriel Marinho,3416,Monir Salomao,black_belt_awarded_by,Faixa-preta concedida por,confirmed,high,Lineage declarada no perfil: Luis França > Oswaldo Fadda > Monir Salomão > Júlio César > Gabriel Marinho > Pedro Alex
bjj-11862-11917,11862,Pedro Alex,11917,Gabriel Marinho,black_belt_awarded_by,Faixa-preta concedida por,confirmed,high,Lineage declarada no perfil: Luis França > Oswaldo Fadda > Monir Salomão > Júlio César > Gabriel Marinho > Pedro Alex
bjj-v_leo_d_ilha-22,v_leo_d_ilha,Leo D’ilha,22,Carlson Gracie,black_belt_awarded_by,Faixa-preta concedida por,confirmed,high,Lineage declarada no perfil: Carlos Gracie > Helio Gracie > Carlson Gracie > Leo D’ilha > Flavio Ferreira > Thiago de Oliveira > Pedro Agrizzi
bjj-v_flavio_ferreira-v_leo_d_ilha,v_flavio_ferreira,Flavio Ferreira,v_leo_d_ilha,Leo D’ilha,black_belt_awarded_by,Faixa-preta concedida por,confirmed,high,Lineage declarada no perfil: Carlos Gracie > Helio Gracie > Carlson Gracie > Leo D’ilha > Flavio Ferreira > Thiago de Oliveira > Pedro Agrizzi
bjj-v_thiago_de_oliveira-v_flavio_ferreira,v_thiago_de_oliveira,Thiago de Oliveira,v_flavio_ferreira,Flavio Ferreira,black_belt_awarded_by,Faixa-preta concedida por,confirmed,high,Lineage declarada no perfil: Carlos Gracie > Helio Gracie > Carlson Gracie > Leo D’ilha > Flavio Ferreira > Thiago de Oliveira > Pedro Agrizzi
bjj-12277-v_thiago_de_oliveira,12277,Pedro Agrizzi,v_thiago_de_oliveira,Thiago de Oliveira,black_belt_awarded_by,Faixa-preta concedida por,confirmed,high,Lineage declarada no perfil: Carlos Gracie > Helio Gracie > Carlson Gracie > Leo D’ilha > Flavio Ferreira > Thiago de Oliveira > Pedro Agrizzi
bjj-10263-1155,10263,Pedro Crixel,1155,Cicero Costha,black_belt_awarded_by,Faixa-preta concedida por,confirmed,high,Lineage declarada no perfil: Carlos Gracie > Helio Gracie > Rickson Gracie > Marcelo Behring > Waldomiro Perez > Roberto Godoi > Marco Barbosa > Cicero Costha > Pedro Crixel
bjj-v_douglas_rufino-338,v_douglas_rufino,Douglas Rufino,338,Ricardo Vieira,black_belt_awarded_by,Faixa-preta concedida por,confirmed,high,Lineage declarada no perfil: Carlos Gracie > Helio Gracie > Rolls Gracie > Romero Cavalcanti > Ricardo Vieira > Douglas Rufino > Pedro Dias
bjj-8305-v_douglas_rufino,8305,Pedro Dias,v_douglas_rufino,Douglas Rufino,black_belt_awarded_by,Faixa-preta concedida por,confirmed,high,Lineage declarada no perfil: Carlos Gracie > Helio Gracie > Rolls Gracie > Romero Cavalcanti > Ricardo Vieira > Douglas Rufino > Pedro Dias
bjj-9741-1167,9741,Pedro Elias,1167,Augusto Ferrari,black_belt_awarded_by,Faixa-preta concedida por,confirmed,high,Lineage declarada no perfil: Carlos Gracie > Helio Gracie > Rickson Gracie > Marcelo Behring > Waldomiro Perez > Roberto Godoi > Marco Barbosa > Augusto Ferrari > Pedro Elias
bjj-v_jose_honorio-2512,v_jose_honorio,José Honório,2512,Cezar Guimarães,black_belt_awarded_by,Faixa-preta concedida por,confirmed,high,Lineage declarada no perfil: Carlos Gracie > Helio Gracie > Carlson Gracie > Walter Guimaraes > Cezar Guimarães > José Honório > Rodrigo Ribeiro > Pedro Lucas
bjj-8762-v_jose_honorio,8762,Rodrigo Ribeiro,v_jose_honorio,José Honório,black_belt_awarded_by,Faixa-preta concedida por,confirmed,high,Lineage declarada no perfil: Carlos Gracie > Helio Gracie > Carlson Gracie > Walter Guimaraes > Cezar Guimarães > José Honório > Rodrigo Ribeiro > Pedro Lucas
bjj-13339-8762,13339,Pedro Lucas,8762,Rodrigo Ribeiro,black_belt_awarded_by,Faixa-preta concedida por,confirmed,high,Lineage declarada no perfil: Carlos Gracie > Helio Gracie > Carlson Gracie > Walter Guimaraes > Cezar Guimarães > José Honório > Rodrigo Ribeiro > Pedro Lucas
bjj-v_paulo_perrota-553,v_paulo_perrota,Paulo Perrota,553,Roberto Correa,black_belt_awarded_by,Faixa-preta concedida por,confirmed,high,Lineage declarada no perfil: Carlos Gracie > Helio Gracie > Carlos Gracie Jr. > Roberto Corrêa > Paulo Perrota > Pedro Machado
bjj-12537-v_paulo_perrota,12537,Pedro Machado,v_paulo_perrota,Paulo Perrota,black_belt_awarded_by,Faixa-preta concedida por,confirmed,high,Lineage declarada no perfil: Carlos Gracie > Helio Gracie > Carlos Gracie Jr. > Roberto Corrêa > Paulo Perrota > Pedro Machado
bjj-v_felipe_rair-1223,v_felipe_rair,Felipe Rair,1223,Cassio Werneck,black_belt_awarded_by,Faixa-preta concedida por,confirmed,high,Lineage declarada no perfil: Carlos Gracie > Reyson Gracie > Osvaldo Alves > Fabrício Martins > Ricardo Reis > Cássio Werneck > Felipe Rair > Pedro Maia
bjj-12287-v_felipe_rair,12287,Pedro Maia,v_felipe_rair,Felipe Rair,black_belt_awarded_by,Faixa-preta concedida por,confirmed,high,Lineage declarada no perfil: Carlos Gracie > Reyson Gracie > Osvaldo Alves > Fabrício Martins > Ricardo Reis > Cássio Werneck > Felipe Rair > Pedro Maia
bjj-11991-1491,11991,Pedro Marinho,1491,Ulpiano Malachias,black_belt_awarded_by,Faixa-preta concedida por,confirmed,high,Lineage declarada no perfil: Carlos Gracie > Helio Gracie > Carlos Gracie Junior > Ulpiano Malachias > Pedro Marinho
bjj-6276-355,6276,Paulo Sergio,355,Romero Cavalcanti,black_belt_awarded_by,Faixa-preta concedida por,confirmed,high,Lineage declarada no perfil: Mitsuyo Maeda > Carlos Gracie > Helio Gracie > Rolls Gracie > Romero Cavalcanti > Paulo Sérgio Santos > Pedro Mello
bjj-7760-6276,7760,Pedro Mello,6276,Paulo Sergio,black_belt_awarded_by,Faixa-preta concedida por,confirmed,high,Lineage declarada no perfil: Mitsuyo Maeda > Carlos Gracie > Helio Gracie > Rolls Gracie > Romero Cavalcanti > Paulo Sérgio Santos > Pedro Mello
bjj-v_antonio_collares-67,v_antonio_collares,Antonio Collares,67,Rickson Gracie,black_belt_awarded_by,Faixa-preta concedida por,confirmed,high,Lineage declarada no perfil: Mitsuyo Maeda > Carlos Gracie > Helio Gracie > Rickson Gracie > Antonio Collares > Pedro Pacheco Fernandes
bjj-1087-v_antonio_collares,1087,Pedro Pacheco Fernandes,v_antonio_collares,Antonio Collares,black_belt_awarded_by,Faixa-preta concedida por,confirmed,high,Lineage declarada no perfil: Mitsuyo Maeda > Carlos Gracie > Helio Gracie > Rickson Gracie > Antonio Collares > Pedro Pacheco Fernandes
bjj-14223-7831,14223,Pedro Pessoa Bisneto,7831,Diego Dias Ramalho,black_belt_awarded_by,Faixa-preta concedida por,confirmed,high,Lineage declarada no perfil: Carlos Gracie > Helio Gracie > Carlos Gracie Jr > José Olimpio > Diego Ramalho > Pedro Pessoa Bisneto
bjj-v_kleber_repolho-v_nonato_machado,v_kleber_repolho,Kleber Repolho,v_nonato_machado,Nonato Machado,black_belt_awarded_by,Faixa-preta concedida por,confirmed,high,Lineage declarada no perfil: Carlos Gracie > R. Gracie > Nonato Machado > Kleber Repolho > Manoel Neto > Paquito
bjj-7396-v_kleber_repolho,7396,Manoel Neto,v_kleber_repolho,Kleber Repolho,black_belt_awarded_by,Faixa-preta concedida por,confirmed,high,Lineage declarada no perfil: Carlos Gracie > R. Gracie > Nonato Machado > Kleber Repolho > Manoel Neto > Paquito
bjj-v_paquito-7396,v_paquito,Paquito,7396,Manoel Neto,black_belt_awarded_by,Faixa-preta concedida por,confirmed,high,Lineage declarada no perfil: Carlos Gracie > R. Gracie > Nonato Machado > Kleber Repolho > Manoel Neto > Paquito
bjj-11027-2403,11027,Pedro Rocha,2403,Joao Gabriel Rocha,black_belt_awarded_by,Faixa-preta concedida por,confirmed,high,Lineage declarada no perfil: Carlos Gracie > Helio Gracie > Carlson Gracie > Crézio de Souza > André Almeida > Rafael Barbosa > Leandro Escobar > João Gabriel Rocha > Pedro Henrique Rocha
bjj-10928-320,10928,Pedro Serrano,320,Romulo Barral,black_belt_awarded_by,Faixa-preta concedida por,confirmed,high,Lineage declarada no perfil: Carlos Gracie > Helio Gracie > Carlos Gracie Junior > Vinicius Magalhães > Rômulo Barral > Pedro Serrano
bjj-v_pedro_silva_de_souza-7552,v_pedro_silva_de_souza,Pedro Silva de Souza,7552,Isaque Bahiense,black_belt_awarded_by,Faixa-preta concedida por,confirmed,high,Lineage declarada no perfil: Carlos Gracie > Helio Gracie > Rolls Gracie > Romero Cavalcanti > Alexandre Paiva > Fernando Tererê > Rubens Charles > Michael Langhi > Isaque Bahiense > Pedro Silva de Souza
bjj-11044-1155,11044,Pedro Veras,1155,Cicero Costha,black_belt_awarded_by,Faixa-preta concedida por,confirmed,high,Lineage declarada no perfil: Carlos Gracie > Helio Gracie > Rickson Gracie > Marcelo Behring > Waldomiro Perez > Roberto Godoi > Marco Barbosa > Cicero Costha > Pedro Veras
bjj-1050-3245,1050,Penny Thomas,3245,Luis Heredia,black_belt_awarded_by,Faixa-preta concedida por,confirmed,high,Lineage declarada no perfil: Mitsuyo Maeda > Carlos Gracie > Helio Gracie > Rickson Gracie > Luis Herédia > Penny Thomas
bjj-1316-5998,1316,Peter Letsos,5998,Carlson Gracie Junior,black_belt_awarded_by,Faixa-preta concedida por,confirmed,high,Lineage declarada no perfil: Mitsuyo Maeda > Carlos Gracie > Carlson Gracie > Carlson Gracie Jr > Peter Letsos
bjj-6342-627,6342,Pedro Duarte,627,Murilo Bustamante,black_belt_awarded_by,Faixa-preta concedida por,confirmed,high,"Lineage declarada no perfil: Mitsuyo Maeda > Carlos Gracie > Helio Gracie > Carlson Gracie > Murilo Bustamante > Pedro Duarte > , ( > Tero Pyylampi) > Perttu Tepponen"
bjj-v_-6342,v_,", (",6342,Pedro Duarte,black_belt_awarded_by,Faixa-preta concedida por,confirmed,high,"Lineage declarada no perfil: Mitsuyo Maeda > Carlos Gracie > Helio Gracie > Carlson Gracie > Murilo Bustamante > Pedro Duarte > , ( > Tero Pyylampi) > Perttu Tepponen"
bjj-v_tero_pyylampi-v_,v_tero_pyylampi,Tero Pyylampi),v_,", (",black_belt_awarded_by,Faixa-preta concedida por,confirmed,high,"Lineage declarada no perfil: Mitsuyo Maeda > Carlos Gracie > Helio Gracie > Carlson Gracie > Murilo Bustamante > Pedro Duarte > , ( > Tero Pyylampi) > Perttu Tepponen"
bjj-9959-v_tero_pyylampi,9959,Perttu Tepponen,v_tero_pyylampi,Tero Pyylampi),black_belt_awarded_by,Faixa-preta concedida por,confirmed,high,"Lineage declarada no perfil: Mitsuyo Maeda > Carlos Gracie > Helio Gracie > Carlson Gracie > Murilo Bustamante > Pedro Duarte > , ( > Tero Pyylampi) > Perttu Tepponen"
bjj-7847-16,7847,Philippe Balmant,16,Marcelo Garcia,black_belt_awarded_by,Faixa-preta concedida por,confirmed,high,Lineage declarada no perfil: Mitsuyo Maeda > Carlos Gracie > Helio Gracie > Rolls Gracie > Romero Cavalcanti > Fabio Gurgel > Marcelo Garcia > Philippe Balmant
bjj-10399-419,10399,Philippe Pomaski,419,Leonardo Vieira,black_belt_awarded_by,Faixa-preta concedida por,confirmed,high,Lineage declarada no perfil: Carlos Gracie > Helio Gracie > Rolls Gracie > Romero Cavalcanti > Leonardo Vieira > Philippe Pomaski
bjj-14227-9859,14227,Pierre Olivier-Leclerc,9859,Firas Zahabi,black_belt_awarded_by,Faixa-preta concedida por,confirmed,high,Lineage declarada no perfil: Carlos Gracie > Helio Gracie > Carlos Gracie Jr > Renzo Gracie > John Danaher > Firas Zahabi > Pierre-Olivier Leclerc
bjj-8241-666,8241,Radoslaw Turek,666,Alexandre Paiva,black_belt_awarded_by,Faixa-preta concedida por,confirmed,high,Lineage declarada no perfil: M. Maeda > C. Gracie > H. Gracie > Rolls Gracie > Romero Cavalcanti > Alexandre Paiva > Radek Turek
bjj-14044-11423,14044,Rafael Borges,11423,Meyram Maquine,black_belt_awarded_by,Faixa-preta concedida por,confirmed,high,Lineage declarada no perfil: Carlos Gracie > Helio Gracie > Rickson G. > Jorge Pereira > Luiz Guilherme > Meyram Maquine > Rafael Borges
bjj-2453-297,2453,Rafael Correa,297,Carlos Gracie Junior,black_belt_awarded_by,Faixa-preta concedida por,confirmed,high,Lineage declarada no perfil: Mitsuyo Maeda > Carlos Gracie Sr. > Helio Gracie > Carlos Gracie Junior > Rafael Correa
bjj-1753-297,1753,Rafael Freitas,297,Carlos Gracie Junior,black_belt_awarded_by,Faixa-preta concedida por,confirmed,high,Lineage declarada no perfil: Carlos Gracie Sr. > Helio Gracie > Carlos Gracie Jr > Rafael Freitas
bjj-1577-419,1577,Rafael Heck,419,Leonardo Vieira,black_belt_awarded_by,Faixa-preta concedida por,confirmed,high,Lineage declarada no perfil: Mitsuyo Maeda > Carlos Gracie > Helio Gracie > Rolls Gracie > Romero Cavalcanti > Leonardo Vieira > Rafael Heck
bjj-6599-7760,6599,Rafael Mansur,7760,Pedro Mello,black_belt_awarded_by,Faixa-preta concedida por,confirmed,high,Lineage declarada no perfil: Mitsuyo Maeda > Carlos Gracie > Helio Gracie > Rolls Gracie > Romero Cavalcanti > Paulo Sérgio Santos > Pedro Mello > Rafael Mansur
bjj-179-640,179,Rafael Mendes,640,Ramon Lemos,black_belt_awarded_by,Faixa-preta concedida por,confirmed,high,Lineage declarada no perfil: Carlos Gracie > Carlson Gracie > Andre Pederneiras > Ramon Lemos > Rafael Mendes
bjj-194-647,194,Rafael Dallinha,647,Rodrigo Medeiros,black_belt_awarded_by,Faixa-preta concedida por,confirmed,high,Lineage declarada no perfil: Carlos Gracie > Carlson Gracie > Rodrigo Medeiros > Rafael Dallinha
bjj-460-6186,460,Rafael dos Anjos,6186,Aldo Januario,black_belt_awarded_by,Faixa-preta concedida por,confirmed,high,Lineage declarada no perfil: Mitsuyo Maeda > Carlos Gracie Sr. > Carlos Gracie Junior > Aldo Januario > Rafael dos Anjos
bjj-460-147,460,Rafael dos Anjos,147,Rubens Charles,black_belt_awarded_by,Faixa-preta concedida por,confirmed,high,Lineage declarada no perfil: Carlos Gracie > Helio Gracie > Rolls Gracie > Romero Cavalcanti > Alexandre Paiva > Fernando Terere > Rubens Charles > Rafael dos Anjos
bjj-10174-322,10174,Rafael Paganini,322,Fabio Gurgel,black_belt_awarded_by,Faixa-preta concedida por,confirmed,high,Lineage declarada no perfil: C. Gracie > H. Gracie > Rolls Gracie > Romero Cavalcanti > Fábio Gurgel > Rafael Paganini
bjj-14188-2416,14188,Rafael Trabuco,2416,Felipe Pena,black_belt_awarded_by,Faixa-preta concedida por,confirmed,high,Lineage declarada no perfil: Carlos Gracie > Helio Gracie > Carlos Gracie Jr > Vinicius Magalhães (Draculino) > Marcelo Azevedo (Uirapuru) > Felipe Pena (Preguiça) > Rafael Trabuco
bjj-v_rafael_vasconcelos-1188,v_rafael_vasconcelos,Rafael Vasconcelos,1188,Leandro Lo,black_belt_awarded_by,Faixa-preta concedida por,confirmed,high,Lineage declarada no perfil: Carlos Gracie > Helio Gracie > Rickson Gracie > Marcelo Behring > Waldomiro Perez > Roberto Godoi > Marco Barbosa > Cicero Costha > Leandro Lo > Rafael Vasconcelos
bjj-8293-144,8293,Angelica Galvao,144,Andre Galvao,black_belt_awarded_by,Faixa-preta concedida por,confirmed,high,Lineage declarada no perfil: C. Gracie > R. Gracie > Osvaldo Alves > Luis Dagmar > André Galvão > Angelica Galvão > Rafaela Guedes
bjj-11656-8293,11656,Rafaela Guedes,8293,Angelica Galvao,black_belt_awarded_by,Faixa-preta concedida por,confirmed,high,Lineage declarada no perfil: C. Gracie > R. Gracie > Osvaldo Alves > Luis Dagmar > André Galvão > Angelica Galvão > Rafaela Guedes
bjj-8407-378,8407,Raquel Paaluhi Canuto,378,Robert Drysdale,black_belt_awarded_by,Faixa-preta concedida por,confirmed,high,Lineage declarada no perfil: Carlos Gracie > Helio Gracie > Rolls Gracie > Romero Cavalcanti > Leonardo Vieira > Robert Drysdale > Raquel Pa’aluhi Canuto
bjj-v_athaide_junior-381,v_athaide_junior,Athaide Junior,381,Armando Wridt,black_belt_awarded_by,Faixa-preta concedida por,confirmed,high,Lineage declarada no perfil: Mitsuyo Maeda > Carlos Gracie > > Carlos Gracie > Helio Gracie > Armando Wridt > Athaide Junior > Rany Yahya
bjj-177-v_athaide_junior,177,Rany Yahya,v_athaide_junior,Athaide Junior,black_belt_awarded_by,Faixa-preta concedida por,confirmed,high,Lineage declarada no perfil: Mitsuyo Maeda > Carlos Gracie > > Carlos Gracie > Helio Gracie > Armando Wridt > Athaide Junior > Rany Yahya
bjj-813-809,813,Raphael Abi-Rihan,809,Luis Carlos Dias,black_belt_awarded_by,Faixa-preta concedida por,confirmed,high,Lineage declarada no perfil: Mitsuyo Maeda > Carlos Gracie > Helio Gracie > Carlson Gracie > Luis Carlos Mateus > Raphael Abi-Rihan
bjj-6545-627,6545,Ricardo Velloso,627,Murilo Bustamante,black_belt_awarded_by,Faixa-preta concedida por,confirmed,high,Lineage declarada no perfil: C. Gracie > H. Gracie > Carlson Gracie > M. Bustamante > Kiko Veloso > Leonardo Costa > Valdir Canuto > Renato Canuto
bjj-v_leonardo_costa-6545,v_leonardo_costa,Leonardo Costa,6545,Ricardo Velloso,black_belt_awarded_by,Faixa-preta concedida por,confirmed,high,Lineage declarada no perfil: C. Gracie > H. Gracie > Carlson Gracie > M. Bustamante > Kiko Veloso > Leonardo Costa > Valdir Canuto > Renato Canuto
bjj-7505-v_leonardo_costa,7505,Valdir Canuto,v_leonardo_costa,Leonardo Costa,black_belt_awarded_by,Faixa-preta concedida por,confirmed,high,Lineage declarada no perfil: C. Gracie > H. Gracie > Carlson Gracie > M. Bustamante > Kiko Veloso > Leonardo Costa > Valdir Canuto > Renato Canuto
bjj-7539-7505,7539,Renato Forasieppi Canuto,7505,Valdir Canuto,black_belt_awarded_by,Faixa-preta concedida por,confirmed,high,Lineage declarada no perfil: C. Gracie > H. Gracie > Carlson Gracie > M. Bustamante > Kiko Veloso > Leonardo Costa > Valdir Canuto > Renato Canuto
bjj-548-6683,548,Renato Migliaccio,6683,Ryan Gracie,black_belt_awarded_by,Faixa-preta concedida por,confirmed,high,Lineage declarada no perfil: Carlos Gracie Sr. > Carlos Gracie Junior > Ryan Gracie > Renato Migliaccio
bjj-v_conan_silveira-22,v_conan_silveira,“Conan” Silveira,22,Carlson Gracie,black_belt_awarded_by,Faixa-preta concedida por,confirmed,high,Lineage declarada no perfil: Mitsuyo Maeda > Carlos Gracie > Helio Gracie > Carlson Gracie > “Conan” Silveira > Hermes Franca > Raphael Chaves
bjj-v_hermes_franca-v_conan_silveira,v_hermes_franca,Hermes Franca,v_conan_silveira,“Conan” Silveira,black_belt_awarded_by,Faixa-preta concedida por,confirmed,high,Lineage declarada no perfil: Mitsuyo Maeda > Carlos Gracie > Helio Gracie > Carlson Gracie > “Conan” Silveira > Hermes Franca > Raphael Chaves
bjj-991-v_hermes_franca,991,Raphael Chaves,v_hermes_franca,Hermes Franca,black_belt_awarded_by,Faixa-preta concedida por,confirmed,high,Lineage declarada no perfil: Mitsuyo Maeda > Carlos Gracie > Helio Gracie > Carlson Gracie > “Conan” Silveira > Hermes Franca > Raphael Chaves
bjj-v_laerte_barcelos-524,v_laerte_barcelos,Laerte Barcelos,524,Osvaldo Alves,black_belt_awarded_by,Faixa-preta concedida por,confirmed,high,Lineage declarada no perfil: Carlos Gracie > Reyson Gracie > Osvaldo Alves > Laerte Barcelos > Raoni Barcelos
bjj-1545-v_laerte_barcelos,1545,Raoni Barcelos,v_laerte_barcelos,Laerte Barcelos,black_belt_awarded_by,Faixa-preta concedida por,confirmed,high,Lineage declarada no perfil: Carlos Gracie > Reyson Gracie > Osvaldo Alves > Laerte Barcelos > Raoni Barcelos
bjj-8213-6339,8213,Raul Gomes,6339,Admilson Brites,black_belt_awarded_by,Faixa-preta concedida por,confirmed,high,Lineage declarada no perfil: Mitsuyo Maeda > Carlos Gracie > Helio Gracie > Royler Gracie > Admilson Brites > Raul Gomes
bjj-11534-7672,11534,Raul Basilio,7672,Caio Almeida,black_belt_awarded_by,Faixa-preta concedida por,confirmed,high,Lineage declarada no perfil: C. Gracie > H. Gracie > Carlos Gracie Jr > Ryan Gracie > Gabriel Vella > Caio Almeida > Raul Basílio
bjj-v_vinicius_souza-7552,v_vinicius_souza,Vinicius Souza,7552,Isaque Bahiense,black_belt_awarded_by,Faixa-preta concedida por,confirmed,high,Lineage declarada no perfil: Carlos Gracie > Helio Gracie > Rolls Gracie > Romero Cavalcanti > Fábio Gurgel > Isaque Bahiense > Vinicius Souza > Rawanna da Silva
bjj-13875-v_vinicius_souza,13875,Rawana Silva,v_vinicius_souza,Vinicius Souza,black_belt_awarded_by,Faixa-preta concedida por,confirmed,high,Lineage declarada no perfil: Carlos Gracie > Helio Gracie > Rolls Gracie > Romero Cavalcanti > Fábio Gurgel > Isaque Bahiense > Vinicius Souza > Rawanna da Silva
bjj-13480-674,13480,Rayron Gracie,674,Kyra Gracie,black_belt_awarded_by,Faixa-preta concedida por,confirmed,high,Lineage declarada no perfil: Carlos Gracie Sr. > Helio Gracie > Carlos Gracie Jr > Kyra Gracie > Rayron Gracie
bjj-1149-935,1149,Reinaldo Ribeiro,935,Leonardo Castello Branco,black_belt_awarded_by,Faixa-preta concedida por,confirmed,high,Lineage declarada no perfil: Mitsuyo Maeda > Carlos Gracie > Carlson Gracie > Fernando “Pinduka” > Leonardo Castello Branco > Reinaldo Ribeiro
bjj-1957-hist_helio,1957,Relson Gracie,hist_helio,Helio Gracie,black_belt_awarded_by,Faixa-preta concedida por,confirmed,high,Lineage declarada no perfil: Mitsuyo Maeda > Carlos Gracie > Helio Gracie > Relson Gracie
bjj-v_renan_barao-78,v_renan_barao,Renan Barao,78,Andre Pederneiras,black_belt_awarded_by,Faixa-preta concedida por,confirmed,high,Lineage declarada no perfil: Mitsuyo Maeda > Carlos Gracie > Carlson Gracie > Andre Pederneiras > Renan Barao
bjj-12641-9,12641,Renan Cruz,9,Marcio Cruz,black_belt_awarded_by,Faixa-preta concedida por,confirmed,high,Lineage declarada no perfil: Carlos Gracie > Helio Gracie > Carlos Gracie Junior > Márcio Cruz > Renan Cruz
bjj-8779-322,8779,Renata Marinho,322,Fabio Gurgel,black_belt_awarded_by,Faixa-preta concedida por,confirmed,high,Lineage declarada no perfil: M. Maeda > C. Gracie > H. Gracie > Rolls Gracie > Romero Cavalcanti > Fábio Gurgel > Renata Marinho
bjj-1372-1445,1372,Renato Barreto,1445,Rolker Gracie,black_belt_awarded_by,Faixa-preta concedida por,confirmed,high,Lineage declarada no perfil: Mitsuyo Maeda > Carlos Gracie > Helio Gracie > Royler Gracie > Rolker Gracie > Renato Barreto
bjj-2235-543,2235,Renato Cardoso,543,Rodrigo Cavaca,black_belt_awarded_by,Faixa-preta concedida por,confirmed,high,Lineage declarada no perfil: Mitsuyo Maeda > Carlos Gracie > Carlson Gracie > Élcio Figueiredo > Rodrigo Cavaca > Renato Cardoso
bjj-v_cleisson_santos-v_douglas_rufino,v_cleisson_santos,Cleisson Santos,v_douglas_rufino,Douglas Rufino,black_belt_awarded_by,Faixa-preta concedida por,confirmed,high,Lineage declarada no perfil: Carlos Gracie > Helio Gracie > Rolls Gracie > Romero Cavalcanti > Ricardo Vieira > Douglas Rufino > Cleisson Santos > Rerisson Gabriel
bjj-14225-v_cleisson_santos,14225,Rerisson Gabriel,v_cleisson_santos,Cleisson Santos,black_belt_awarded_by,Faixa-preta concedida por,confirmed,high,Lineage declarada no perfil: Carlos Gracie > Helio Gracie > Rolls Gracie > Romero Cavalcanti > Ricardo Vieira > Douglas Rufino > Cleisson Santos > Rerisson Gabriel
bjj-331-195,331,Ricardo Abreu,195,Robson Moura,black_belt_awarded_by,Faixa-preta concedida por,confirmed,high,Lineage declarada no perfil: Mitsuyo Maeda > Carlos Gracie > Carlson Gracie > Andre Pederneiras > Robson Moura > Ricardo Abreu
bjj-1325-22,1325,Ricardo Cavalcanti,22,Carlson Gracie,black_belt_awarded_by,Faixa-preta concedida por,confirmed,high,Lineage declarada no perfil: Mitsuyo Maeda > Carlos Gracie > Carlson Gracie > Ricardo Cavalcanti
bjj-22-v_ricardo_de_la_riva_is_a_legendary_brazilian_jiu_jitsu_black_belt_from_the_late,22,Carlson Gracie,v_ricardo_de_la_riva_is_a_legendary_brazilian_jiu_jitsu_black_belt_from_the_late,Ricardo De La Riva is a legendary Brazilian jiu jitsu black belt from the late,black_belt_awarded_by,Faixa-preta concedida por,confirmed,high,"Lineage declarada no perfil: Ricardo De La Riva is a legendary Brazilian jiu jitsu black belt from the late > Carlson Gracie > ‘s , being one of the most creative guard players to have ever competed in BJJ. Ricardo De La Riva revolutionized jiu jitsu’s guard game with the creation of the (now) famous “ > De La Riva guard > ” (originally called “guarda pudim”), Ricardo De La Riva also become an accomplished grappling instructor with several important black belts under his tutelage such as > Rodrigo > and Rogerio Nogueira, Walter “Broca”, > Helvecio Penna > and many others."
bjj-v_s_being_one_of_the_most_creative_guard_players_to_have_ever_competed_in_bjj_ricardo_de_la_riva_revolutionized_jiu_jitsu_s_guard_game_with_the_creation_of_the_now_famous-22,v_s_being_one_of_the_most_creative_guard_players_to_have_ever_competed_in_bjj_ricardo_de_la_riva_revolutionized_jiu_jitsu_s_guard_game_with_the_creation_of_the_now_famous,"‘s , being one of the most creative guard players to have ever competed in BJJ. Ricardo De La Riva revolutionized jiu jitsu’s guard game with the creation of the (now) famous “",22,Carlson Gracie,black_belt_awarded_by,Faixa-preta concedida por,confirmed,high,"Lineage declarada no perfil: Ricardo De La Riva is a legendary Brazilian jiu jitsu black belt from the late > Carlson Gracie > ‘s , being one of the most creative guard players to have ever competed in BJJ. Ricardo De La Riva revolutionized jiu jitsu’s guard game with the creation of the (now) famous “ > De La Riva guard > ” (originally called “guarda pudim”), Ricardo De La Riva also become an accomplished grappling instructor with several important black belts under his tutelage such as > Rodrigo > and Rogerio Nogueira, Walter “Broca”, > Helvecio Penna > and many others."
bjj-v_de_la_riva_guard-v_s_being_one_of_the_most_creative_guard_players_to_have_ever_competed_in_bjj_ricardo_de_la_riva_revolutionized_jiu_jitsu_s_guard_game_with_the_creation_of_the_now_famous,v_de_la_riva_guard,De La Riva guard,v_s_being_one_of_the_most_creative_guard_players_to_have_ever_competed_in_bjj_ricardo_de_la_riva_revolutionized_jiu_jitsu_s_guard_game_with_the_creation_of_the_now_famous,"‘s , being one of the most creative guard players to have ever competed in BJJ. Ricardo De La Riva revolutionized jiu jitsu’s guard game with the creation of the (now) famous “",black_belt_awarded_by,Faixa-preta concedida por,confirmed,high,"Lineage declarada no perfil: Ricardo De La Riva is a legendary Brazilian jiu jitsu black belt from the late > Carlson Gracie > ‘s , being one of the most creative guard players to have ever competed in BJJ. Ricardo De La Riva revolutionized jiu jitsu’s guard game with the creation of the (now) famous “ > De La Riva guard > ” (originally called “guarda pudim”), Ricardo De La Riva also become an accomplished grappling instructor with several important black belts under his tutelage such as > Rodrigo > and Rogerio Nogueira, Walter “Broca”, > Helvecio Penna > and many others."
bjj-v_originally_called_guarda_pudim_ricardo_de_la_riva_also_become_an_accomplished_grappling_instructor_with_several_important_black_belts_under_his_tutelage_such_as-v_de_la_riva_guard,v_originally_called_guarda_pudim_ricardo_de_la_riva_also_become_an_accomplished_grappling_instructor_with_several_important_black_belts_under_his_tutelage_such_as,"” (originally called “guarda pudim”), Ricardo De La Riva also become an accomplished grappling instructor with several important black belts under his tutelage such as",v_de_la_riva_guard,De La Riva guard,black_belt_awarded_by,Faixa-preta concedida por,confirmed,high,"Lineage declarada no perfil: Ricardo De La Riva is a legendary Brazilian jiu jitsu black belt from the late > Carlson Gracie > ‘s , being one of the most creative guard players to have ever competed in BJJ. Ricardo De La Riva revolutionized jiu jitsu’s guard game with the creation of the (now) famous “ > De La Riva guard > ” (originally called “guarda pudim”), Ricardo De La Riva also become an accomplished grappling instructor with several important black belts under his tutelage such as > Rodrigo > and Rogerio Nogueira, Walter “Broca”, > Helvecio Penna > and many others."
bjj-1865-v_originally_called_guarda_pudim_ricardo_de_la_riva_also_become_an_accomplished_grappling_instructor_with_several_important_black_belts_under_his_tutelage_such_as,1865,Antonio Rodrigo Nogueira,v_originally_called_guarda_pudim_ricardo_de_la_riva_also_become_an_accomplished_grappling_instructor_with_several_important_black_belts_under_his_tutelage_such_as,"” (originally called “guarda pudim”), Ricardo De La Riva also become an accomplished grappling instructor with several important black belts under his tutelage such as",black_belt_awarded_by,Faixa-preta concedida por,confirmed,high,"Lineage declarada no perfil: Ricardo De La Riva is a legendary Brazilian jiu jitsu black belt from the late > Carlson Gracie > ‘s , being one of the most creative guard players to have ever competed in BJJ. Ricardo De La Riva revolutionized jiu jitsu’s guard game with the creation of the (now) famous “ > De La Riva guard > ” (originally called “guarda pudim”), Ricardo De La Riva also become an accomplished grappling instructor with several important black belts under his tutelage such as > Rodrigo > and Rogerio Nogueira, Walter “Broca”, > Helvecio Penna > and many others."
bjj-v_and_rogerio_nogueira_walter_broca-1865,v_and_rogerio_nogueira_walter_broca,"and Rogerio Nogueira, Walter “Broca”,",1865,Antonio Rodrigo Nogueira,black_belt_awarded_by,Faixa-preta concedida por,confirmed,high,"Lineage declarada no perfil: Ricardo De La Riva is a legendary Brazilian jiu jitsu black belt from the late > Carlson Gracie > ‘s , being one of the most creative guard players to have ever competed in BJJ. Ricardo De La Riva revolutionized jiu jitsu’s guard game with the creation of the (now) famous “ > De La Riva guard > ” (originally called “guarda pudim”), Ricardo De La Riva also become an accomplished grappling instructor with several important black belts under his tutelage such as > Rodrigo > and Rogerio Nogueira, Walter “Broca”, > Helvecio Penna > and many others."
bjj-671-v_and_rogerio_nogueira_walter_broca,671,Helvecio Penna,v_and_rogerio_nogueira_walter_broca,"and Rogerio Nogueira, Walter “Broca”,",black_belt_awarded_by,Faixa-preta concedida por,confirmed,high,"Lineage declarada no perfil: Ricardo De La Riva is a legendary Brazilian jiu jitsu black belt from the late > Carlson Gracie > ‘s , being one of the most creative guard players to have ever competed in BJJ. Ricardo De La Riva revolutionized jiu jitsu’s guard game with the creation of the (now) famous “ > De La Riva guard > ” (originally called “guarda pudim”), Ricardo De La Riva also become an accomplished grappling instructor with several important black belts under his tutelage such as > Rodrigo > and Rogerio Nogueira, Walter “Broca”, > Helvecio Penna > and many others."
bjj-v_and_many_others-671,v_and_many_others,and many others.,671,Helvecio Penna,black_belt_awarded_by,Faixa-preta concedida por,confirmed,high,"Lineage declarada no perfil: Ricardo De La Riva is a legendary Brazilian jiu jitsu black belt from the late > Carlson Gracie > ‘s , being one of the most creative guard players to have ever competed in BJJ. Ricardo De La Riva revolutionized jiu jitsu’s guard game with the creation of the (now) famous “ > De La Riva guard > ” (originally called “guarda pudim”), Ricardo De La Riva also become an accomplished grappling instructor with several important black belts under his tutelage such as > Rodrigo > and Rogerio Nogueira, Walter “Broca”, > Helvecio Penna > and many others."
bjj-2340-22,2340,Ricardo Diogo,22,Carlson Gracie,black_belt_awarded_by,Faixa-preta concedida por,confirmed,high,Lineage declarada no perfil: Mitsuyo Maeda > Carlos Gracie > Carlson Gracie > Rey Diogo
bjj-1534-203,1534,Ricardo Evangelista,203,Julio Cesar,black_belt_awarded_by,Faixa-preta concedida por,confirmed,high,Lineage declarada no perfil: Mitsuyo Maeda > Luis França > Oswaldo Fadda > Monir Salomão > Julio Cesar Pereira > Ricardo Evangelista
bjj-8202-419,8202,Ricardo Feliciano,419,Leonardo Vieira,black_belt_awarded_by,Faixa-preta concedida por,confirmed,high,Lineage declarada no perfil: Carlos Gracie > Helio Gracie > Rolls Gracie > Romero Cavalcanti > Leonardo Vieira > Ricardo Feliciano
bjj-13840-8409,13840,Ricardo Soranco,8409,Ricardo Marques,black_belt_awarded_by,Faixa-preta concedida por,confirmed,high,Lineage declarada no perfil: Carlos Gracie > Helio Gracie > Carlson Gracie > Sérgio Bolão > Ricardo Marques > Ricardo Soranço
bjj-10357-5000,10357,Richard Alarcon,5000,Givanildo Santana,black_belt_awarded_by,Faixa-preta concedida por,confirmed,high,Lineage declarada no perfil: Carlos Gracie > George Gracie > Octávio Almeida > Moises Murad > Givanildo Santana > Richard Alarcon
bjj-1675-591,1675,Luis Roberto Duarte,591,Ricardo Liborio,black_belt_awarded_by,Faixa-preta concedida por,confirmed,high,Lineage declarada no perfil: Mitsuyo Maeda > Carlos Gracie > Helio Gracie > Carlson Gracie > Ricardo Libório > Bebeo Duarte > Nelson Solari > Wilson Junior > Dickie Martin
bjj-v_nelson_solari-1675,v_nelson_solari,Nelson Solari,1675,Luis Roberto Duarte,black_belt_awarded_by,Faixa-preta concedida por,confirmed,high,Lineage declarada no perfil: Mitsuyo Maeda > Carlos Gracie > Helio Gracie > Carlson Gracie > Ricardo Libório > Bebeo Duarte > Nelson Solari > Wilson Junior > Dickie Martin
bjj-v_wilson_junior-v_nelson_solari,v_wilson_junior,Wilson Junior,v_nelson_solari,Nelson Solari,black_belt_awarded_by,Faixa-preta concedida por,confirmed,high,Lineage declarada no perfil: Mitsuyo Maeda > Carlos Gracie > Helio Gracie > Carlson Gracie > Ricardo Libório > Bebeo Duarte > Nelson Solari > Wilson Junior > Dickie Martin
bjj-806-v_wilson_junior,806,Richard Martin,v_wilson_junior,Wilson Junior,black_belt_awarded_by,Faixa-preta concedida por,confirmed,high,Lineage declarada no perfil: Mitsuyo Maeda > Carlos Gracie > Helio Gracie > Carlson Gracie > Ricardo Libório > Bebeo Duarte > Nelson Solari > Wilson Junior > Dickie Martin
bjj-v_yuki_ishikawa-1882,v_yuki_ishikawa,Yuki Ishikawa,1882,Mitsuyoshi Hayakawa,black_belt_awarded_by,Faixa-preta concedida por,confirmed,high,Lineage declarada no perfil: Carlos Gracie > Helio Gracie > Rolls Gracie > Romero Cavalcanti (Jacaré) > Alexandre Paiva (Gi-gi) > Mitsuyoshi Hayakawa > Yuki Ishikawa > Rida Haisam
bjj-9559-v_yuki_ishikawa,9559,Rida Haisam,v_yuki_ishikawa,Yuki Ishikawa,black_belt_awarded_by,Faixa-preta concedida por,confirmed,high,Lineage declarada no perfil: Carlos Gracie > Helio Gracie > Rolls Gracie > Romero Cavalcanti (Jacaré) > Alexandre Paiva (Gi-gi) > Mitsuyoshi Hayakawa > Yuki Ishikawa > Rida Haisam
bjj-3348-996,3348,Yukinori Sasa,996,Yuki Nakai,black_belt_awarded_by,Faixa-preta concedida por,confirmed,high,Lineage declarada no perfil: Mitsuyo Maeda > Carlos Gracie Sr. > Carlos Gracie Junior > Yuki Nakai > Yukinori Sasa > Rikako Yuasa
bjj-5761-3348,5761,Rikako Yuasa,3348,Yukinori Sasa,black_belt_awarded_by,Faixa-preta concedida por,confirmed,high,Lineage declarada no perfil: Mitsuyo Maeda > Carlos Gracie Sr. > Carlos Gracie Junior > Yuki Nakai > Yukinori Sasa > Rikako Yuasa
bjj-1488-hist_carlos_sr,1488,Rilion Gracie,hist_carlos_sr,Carlos Gracie Senior,black_belt_awarded_by,Faixa-preta concedida por,confirmed,high,Lineage declarada no perfil: Mitsuyo Maeda > Carlos Gracie Sr. > Rilion Gracie
bjj-v_brandon_bennett-52,v_brandon_bennett,Brandon Bennett,52,Renzo Gracie,black_belt_awarded_by,Faixa-preta concedida por,confirmed,high,Lineage declarada no perfil: Carlos Gracie > Helio Gracie > Carlos Gracie Jr > Renzo Gracie > Brandon Bennett > Robert Diggle
bjj-12254-v_brandon_bennett,12254,Robert Diggle,v_brandon_bennett,Brandon Bennett,black_belt_awarded_by,Faixa-preta concedida por,confirmed,high,Lineage declarada no perfil: Carlos Gracie > Helio Gracie > Carlos Gracie Jr > Renzo Gracie > Brandon Bennett > Robert Diggle
bjj-926-297,926,Roberto Alencar,297,Carlos Gracie Junior,black_belt_awarded_by,Faixa-preta concedida por,confirmed,high,Lineage declarada no perfil: Mitsuyo Maeda > Carlos Gracie Sr. > Helio Gracie > Carlos Gracie Junior > Roberto Alencar
bjj-v_raul_jimenez-355,v_raul_jimenez,Raul Jimenez,355,Romero Cavalcanti,black_belt_awarded_by,Faixa-preta concedida por,confirmed,high,Lineage declarada no perfil: C. Gracie > Helio Gracie > Rolls Gracie > Romero Cavalcanti > Raul Jimenez > Roberto Jimenez
bjj-10880-v_raul_jimenez,10880,Roberto Jimenez,v_raul_jimenez,Raul Jimenez,black_belt_awarded_by,Faixa-preta concedida por,confirmed,high,Lineage declarada no perfil: C. Gracie > Helio Gracie > Rolls Gracie > Romero Cavalcanti > Raul Jimenez > Roberto Jimenez
bjj-550-297,550,Roberto Magalhaes,297,Carlos Gracie Junior,black_belt_awarded_by,Faixa-preta concedida por,confirmed,high,Lineage declarada no perfil: Carlos Gracie Sr. > Carlos Gracie Junior > Roberto Magalhaes
bjj-1824-v_adilson_de_souza,1824,Roberto Satoshi,v_adilson_de_souza,Adilson de Souza,black_belt_awarded_by,Faixa-preta concedida por,confirmed,high,Lineage declarada no perfil: Carlos Gracie > George Gracie > Octávio de Almeida > Adilson de Souza > Roberto Satoshi
bjj-v_roberto_tozzi-601,v_roberto_tozzi,Roberto Tozzi,601,Roberto Godoi,black_belt_awarded_by,Faixa-preta concedida por,confirmed,high,Lineage declarada no perfil: Mitsuyo Maeda > Carlos Gracie > Helio Gracie > Rickson Gracie > Marcelo Behring > Waldomiro Perez > Roberto Godoi > Roberto Tozzi
bjj-13940-790,13940,Robson Chaves,790,Mario Reis,black_belt_awarded_by,Faixa-preta concedida por,confirmed,high,Lineage declarada no perfil: Carlos Gracie > Helio Gracie > Alvaro Barreto > Sylvio Behring > Mario Reis > Robson Chaves
bjj-11281-3416,11281,Robson Lima,3416,Monir Salomao,black_belt_awarded_by,Faixa-preta concedida por,confirmed,high,Lineage declarada no perfil: Luis França > Oswaldo Fadda > Monir Salomão > Júlio César > Robson Lima
bjj-1065-78,1065,Rodney Ellis,78,Andre Pederneiras,black_belt_awarded_by,Faixa-preta concedida por,confirmed,high,Lineage declarada no perfil: Carlos Gracie > Helio Gracie > Carlson Gracie > Andre Pederneiras > Rodney Ellis
bjj-247-203,247,Rodolfo Vieira,203,Julio Cesar,black_belt_awarded_by,Faixa-preta concedida por,confirmed,high,Lineage declarada no perfil: Mitsuyo Maeda > Luis França > Oswaldo Fadda > Monir Salomão > Julio Cesar > Rodolfo Vieira
bjj-2355-338,2355,Rodolphe Olivier,338,Ricardo Vieira,black_belt_awarded_by,Faixa-preta concedida por,confirmed,high,Lineage declarada no perfil: Carlos Gracie > Helio Gracie > Rolls Gracie > Romero Cavalcanti > Ricardo Vieira > Rodolphe Olivier
bjj-v_marcio_antony-v_pascoal_duarte,v_marcio_antony,Marcio Antony,v_pascoal_duarte,Pascoal Duarte,black_belt_awarded_by,Faixa-preta concedida por,confirmed,high,Lineage declarada no perfil: M. Maeda > C. Gracie > R. Gracie > Osvaldo Alves > Pascoal Duarte > Marcio Antony > Rodrigo Carvalho
bjj-8696-v_marcio_antony,8696,Rodrigo Carvalho,v_marcio_antony,Marcio Antony,black_belt_awarded_by,Faixa-preta concedida por,confirmed,high,Lineage declarada no perfil: M. Maeda > C. Gracie > R. Gracie > Osvaldo Alves > Pascoal Duarte > Marcio Antony > Rodrigo Carvalho
bjj-3206-666,3206,Rodrigo Conceicao,666,Alexandre Paiva,black_belt_awarded_by,Faixa-preta concedida por,confirmed,high,Lineage declarada no perfil: Mitsuyo Maeda > Carlos Gracie > Helio Gracie > Rolls Gracie > Romero Cavalcanti > Alexandre Paiva > Rodrigo Conceição
bjj-631-640,631,Rodrigo Caporal,640,Ramon Lemos,black_belt_awarded_by,Faixa-preta concedida por,confirmed,high,Lineage declarada no perfil: Mitsuyo Maeda > Carlos Gracie > Carlson Gracie > Andre Pederneiras > Ramon Lemos > Rodrigo Caporal
bjj-v_gustavo_muggiati-297,v_gustavo_muggiati,Gustavo Muggiati,297,Carlos Gracie Junior,black_belt_awarded_by,Faixa-preta concedida por,confirmed,high,Lineage declarada no perfil: M. Maeda > Carlos Gracie > Helio Gracie > Carlos Gracie Jr > Gustavo Muggiati > Rodrigo Fajardo
bjj-1895-v_gustavo_muggiati,1895,Rodrigo Fajardo,v_gustavo_muggiati,Gustavo Muggiati,black_belt_awarded_by,Faixa-preta concedida por,confirmed,high,Lineage declarada no perfil: M. Maeda > Carlos Gracie > Helio Gracie > Carlos Gracie Jr > Gustavo Muggiati > Rodrigo Fajardo
bjj-v_eduardo_milioli-1488,v_eduardo_milioli,Eduardo Milioli,1488,Rilion Gracie,black_belt_awarded_by,Faixa-preta concedida por,confirmed,high,Lineage declarada no perfil: Carlos Gracie > Helio Gracie > Rilion Gracie > Eduardo Milioli > Rodrigo Francioni
bjj-12376-v_eduardo_milioli,12376,Rodrigo Francioni,v_eduardo_milioli,Eduardo Milioli,black_belt_awarded_by,Faixa-preta concedida por,confirmed,high,Lineage declarada no perfil: Carlos Gracie > Helio Gracie > Rilion Gracie > Eduardo Milioli > Rodrigo Francioni
bjj-6041-hist_helio,6041,Reylson Gracie,hist_helio,Helio Gracie,black_belt_awarded_by,Faixa-preta concedida por,confirmed,high,Lineage declarada no perfil: Carlos Gracie > Helio Gracie > Reylson Gracie > Rodrigo Gracie
bjj-10579-6041,10579,Rodrigo Gracie,6041,Reylson Gracie,black_belt_awarded_by,Faixa-preta concedida por,confirmed,high,Lineage declarada no perfil: Carlos Gracie > Helio Gracie > Reylson Gracie > Rodrigo Gracie
bjj-12566-3028,12566,Rodrigo Lopes,3028,Leandro Escobar,black_belt_awarded_by,Faixa-preta concedida por,confirmed,high,Lineage declarada no perfil: Carlos Gracie > Helio Gracie > Carlson Gracie > Ricardo Libório > André Almeida > Leandro Escobar > Rodrigo Lopes
bjj-9720-1631,9720,Rodrigo Munduruca,1631,Sylvio Behring,black_belt_awarded_by,Faixa-preta concedida por,confirmed,high,Lineage declarada no perfil: Mitsuyo Maeda > Carlos Gracie > Helio Gracie > Alvaro Barreto > Sylvio Behring > Rodrigo Munduruca
bjj-1440-6006,1440,Rodrigo Ranieri,6006,Paulo Rezende,black_belt_awarded_by,Faixa-preta concedida por,confirmed,high,Lineage declarada no perfil: Mitsuyo Maeda > Carlos Gracie > Carlson Gracie > Fernando “Pinduka” > Leonardo Castello Branco > Paulo Rezende > Rodrigo Ranieri
bjj-v_eduardo_franco-601,v_eduardo_franco,Eduardo Franco,601,Roberto Godoi,black_belt_awarded_by,Faixa-preta concedida por,confirmed,high,Lineage declarada no perfil: Carlos Gracie > Helio Gracie > Rickson Gracie > Marcelo Behring > Waldomiro Perez > Roberto Godoi > Eduardo Franco > Rodrigo Ribeiro
bjj-8762-v_eduardo_franco,8762,Rodrigo Ribeiro,v_eduardo_franco,Eduardo Franco,black_belt_awarded_by,Faixa-preta concedida por,confirmed,high,Lineage declarada no perfil: Carlos Gracie > Helio Gracie > Rickson Gracie > Marcelo Behring > Waldomiro Perez > Roberto Godoi > Eduardo Franco > Rodrigo Ribeiro
bjj-10321-11701,10321,Rodrigo Siqueira,11701,Luciano Nucci,black_belt_awarded_by,Faixa-preta concedida por,confirmed,high,Lineage declarada no perfil: M. Maeda > C. Gracie > H. Gracie > Carlos Gracie Jr. > Ryan Gracie > Luciano Nucci > Rodrigo Siqueira
bjj-6792-hist_helio,6792,Cassio Francis,hist_helio,Helio Gracie,black_belt_awarded_by,Faixa-preta concedida por,confirmed,high,Lineage declarada no perfil: Carlos Gracie > Helio Gracie > Carlos Gracie Junior > Vinicius Magalhães > Cássio Francis > Roiter Lima
bjj-374-6792,374,Vinicius Magalhaes,6792,Cassio Francis,black_belt_awarded_by,Faixa-preta concedida por,confirmed,high,Lineage declarada no perfil: Carlos Gracie > Helio Gracie > Carlos Gracie Junior > Vinicius Magalhães > Cássio Francis > Roiter Lima
bjj-12251-6792,12251,Roiner Lima,6792,Cassio Francis,black_belt_awarded_by,Faixa-preta concedida por,confirmed,high,Lineage declarada no perfil: Carlos Gracie > Helio Gracie > Carlos Gracie Junior > Vinicius Magalhães > Cássio Francis > Roiter Lima
bjj-214-5869,214,Rogerio Taborda,5869,Jorge Pereira,black_belt_awarded_by,Faixa-preta concedida por,confirmed,high,Lineage declarada no perfil: Mitsuyo Maeda > Carlos Gracie > Helio Gracie > Rickson Gracie > Jorge Pereira > Rogerio Taborda
bjj-8261-144,8261,Rolando Samson,144,Andre Galvao,black_belt_awarded_by,Faixa-preta concedida por,confirmed,high,Lineage declarada no perfil: C. Gracie > R. Gracie > Osvaldo Alves > Luis Dagmar > André Galvão > Rolando Samson
bjj-1445-hist_helio,1445,Rolker Gracie,hist_helio,Helio Gracie,black_belt_awarded_by,Faixa-preta concedida por,confirmed,high,Lineage declarada no perfil: Mitsuyo Maeda > Carlos Gracie > Helio Gracie > Rolker Gracie
bjj-70-297,70,Rolles Gracie,297,Carlos Gracie Junior,black_belt_awarded_by,Faixa-preta concedida por,confirmed,high,Lineage declarada no perfil: Mitsuyo Maeda > Carlos Gracie Sr. > Carlos Gracie Junior > Rolles Gracie
bjj-v_amelio_arruda-hist_helio,v_amelio_arruda,Amélio Arruda,hist_helio,Helio Gracie,black_belt_awarded_by,Faixa-preta concedida por,confirmed,high,Lineage declarada no perfil: Mitsuyo Maeda > Carlos Gracie > Helio Gracie > Amélio Arruda > Welton Ribeiro > Rômulo Azevedo
bjj-v_welton_ribeiro-v_amelio_arruda,v_welton_ribeiro,Welton Ribeiro,v_amelio_arruda,Amélio Arruda,black_belt_awarded_by,Faixa-preta concedida por,confirmed,high,Lineage declarada no perfil: Mitsuyo Maeda > Carlos Gracie > Helio Gracie > Amélio Arruda > Welton Ribeiro > Rômulo Azevedo
bjj-7579-v_welton_ribeiro,7579,Romulo Azevedo,v_welton_ribeiro,Welton Ribeiro,black_belt_awarded_by,Faixa-preta concedida por,confirmed,high,Lineage declarada no perfil: Mitsuyo Maeda > Carlos Gracie > Helio Gracie > Amélio Arruda > Welton Ribeiro > Rômulo Azevedo
bjj-10162-144,10162,Ronaldo Junior,144,Andre Galvao,black_belt_awarded_by,Faixa-preta concedida por,confirmed,high,Lineage declarada no perfil: Carlos Gracie > Reyson Gracie > Osvaldo Alves > Luis Dagmar > André Galvão > Ronaldo Júnior
bjj-117-371,117,Ronaldo Souza,371,Henrique Machado,black_belt_awarded_by,Faixa-preta concedida por,confirmed,high,Lineage declarada no perfil: Carlos Gracie > Reyson Gracie > Osvaldo Alves > Henrique Machado > Ronaldo Souza
bjj-11499-v_iuri_alves,11499,Roosevelt Sousa,v_iuri_alves,Iuri Alves,black_belt_awarded_by,Faixa-preta concedida por,confirmed,high,Lineage declarada no perfil: Carlos Gracie > Helio Gracie > Carlson Gracie > Murilo Bustamante > Roan Carneiro > Iuri Alves > Roosevelt Sousa
bjj-13158-419,13158,Rose El Sharouni,419,Leonardo Vieira,black_belt_awarded_by,Faixa-preta concedida por,confirmed,high,Lineage declarada no perfil: Carlos Gracie > Helio Gracie > Rolls Gracie > Romero Cavalcanti > Leonardo Vieira > Rose-Marie El Sharouni
bjj-v_cesar_lima-505,v_cesar_lima,César Lima),505,Roger Gracie,black_belt_awarded_by,Faixa-preta concedida por,confirmed,high,Lineage declarada no perfil: Mitsuyo Maeda > Carlos Gracie (senior) > Hélio Gracie > Carlos Gracie Júnior > Roger Gracie > César Lima) > Ross Nicholls
bjj-9261-v_cesar_lima,9261,Ross Nicholls,v_cesar_lima,César Lima),black_belt_awarded_by,Faixa-preta concedida por,confirmed,high,Lineage declarada no perfil: Mitsuyo Maeda > Carlos Gracie (senior) > Hélio Gracie > Carlos Gracie Júnior > Roger Gracie > César Lima) > Ross Nicholls
bjj-431-627,431,Rousimar Palhares,627,Murilo Bustamante,black_belt_awarded_by,Faixa-preta concedida por,confirmed,high,Lineage declarada no perfil: Mitsuyo Maeda > Carlos Gracie > Carlson Gracie > Murilo Bustamante > Rousimar Palhares
bjj-v_iran_brasileiro-v_takeo_iano,v_iran_brasileiro,Iran Brasileiro,v_takeo_iano,Takeo Iano,black_belt_awarded_by,Faixa-preta concedida por,confirmed,high,Lineage declarada no perfil: Takeo Iano > Iran Brasileiro > Ruan Alvarenga
bjj-12080-v_iran_brasileiro,12080,Ruan Alvarenga,v_iran_brasileiro,Iran Brasileiro,black_belt_awarded_by,Faixa-preta concedida por,confirmed,high,Lineage declarada no perfil: Takeo Iano > Iran Brasileiro > Ruan Alvarenga
bjj-8100-582,8100,Rudson Mateus,582,Caio Terra,black_belt_awarded_by,Faixa-preta concedida por,confirmed,high,Lineage declarada no perfil: Mitsuyo Maeda > Carlos Gracie Sr. > Reylson Gracie > Paulo Strauch > Caio Terra > Rudson Mateus
bjj-v_rodrigo_nogueira-361,v_rodrigo_nogueira,Rodrigo Nogueira,361,Ricardo De La Riva,black_belt_awarded_by,Faixa-preta concedida por,confirmed,high,Lineage declarada no perfil: Mitsuyo Maeda > Carlos Gracie > Carlson Gracie > Ricardo De La Riva > Rodrigo Nogueira > Luiz Firmino > Rufino Gomes
bjj-v_luiz_firmino-v_rodrigo_nogueira,v_luiz_firmino,Luiz Firmino,v_rodrigo_nogueira,Rodrigo Nogueira,black_belt_awarded_by,Faixa-preta concedida por,confirmed,high,Lineage declarada no perfil: Mitsuyo Maeda > Carlos Gracie > Carlson Gracie > Ricardo De La Riva > Rodrigo Nogueira > Luiz Firmino > Rufino Gomes
bjj-781-v_luiz_firmino,781,Rufino Gomes,v_luiz_firmino,Luiz Firmino,black_belt_awarded_by,Faixa-preta concedida por,confirmed,high,Lineage declarada no perfil: Mitsuyo Maeda > Carlos Gracie > Carlson Gracie > Ricardo De La Riva > Rodrigo Nogueira > Luiz Firmino > Rufino Gomes
bjj-v_rui_alves-7552,v_rui_alves,Rui Alves,7552,Isaque Bahiense,black_belt_awarded_by,Faixa-preta concedida por,confirmed,high,Lineage declarada no perfil: Carlos Gracie > Helio Gracie > Rolls Gracie > Romero Cavalcanti > Alexandre Paiva > Fernando Tererê > Rubens Charles > Michael Langhi > Isaque Bahiense > Rui Alves
bjj-v_sean_applegate-4317,v_sean_applegate,Sean Applegate,4317,Eddie Bravo,black_belt_awarded_by,Faixa-preta concedida por,confirmed,high,Lineage declarada no perfil: Carlos Gracie > Hélio Gracie > Carlos Gracie Jr > JJ Machado > Eddie Bravo > Sean Applegate > Ryan Aitken
bjj-14013-v_sean_applegate,14013,Ryan Aitken,v_sean_applegate,Sean Applegate,black_belt_awarded_by,Faixa-preta concedida por,confirmed,high,Lineage declarada no perfil: Carlos Gracie > Hélio Gracie > Carlos Gracie Jr > JJ Machado > Eddie Bravo > Sean Applegate > Ryan Aitken
bjj-v_demetrius_ramos-559,v_demetrius_ramos,Demetrius Ramos,559,Rodrigo Medeiros,black_belt_awarded_by,Faixa-preta concedida por,confirmed,high,Lineage declarada no perfil: Mitsuyo Maeda > Carlos Gracie > Carlson Gracie > Rodrigo Medeiros > Demetrius Ramos > Ryan Beauregard
bjj-2378-v_demetrius_ramos,2378,Ryan Beauregard,v_demetrius_ramos,Demetrius Ramos,black_belt_awarded_by,Faixa-preta concedida por,confirmed,high,Lineage declarada no perfil: Mitsuyo Maeda > Carlos Gracie > Carlson Gracie > Rodrigo Medeiros > Demetrius Ramos > Ryan Beauregard
bjj-1644-297,1644,Ryo Ominami,297,Carlos Gracie Junior,black_belt_awarded_by,Faixa-preta concedida por,confirmed,high,Lineage declarada no perfil: Mitsuyo Maeda > Carlos Gracie Sr. > Helio Gracie > Carlos Gracie Junior > Ryo Ominami
bjj-2252-hist_helio,2252,Ryron Gracie,hist_helio,Helio Gracie,black_belt_awarded_by,Faixa-preta concedida por,confirmed,high,Lineage declarada no perfil: Mitsuyo Maeda > Carlos Gracie > Helio Gracie > Ryron Gracie
bjj-13822-9465,13822,Sabrina Gondim,9465,Endres Barbosa Mendes,black_belt_awarded_by,Faixa-preta concedida por,confirmed,high,Lineage declarada no perfil: Carlos Gracie > Helio Gracie > Rolls Gracie > Romero Cavalcanti > Leonardo Vieira > Tarcísio Jardim > Endres Barbosa > Sabrina Gondim
bjj-11271-419,11271,Saeed Dunkaev,419,Leonardo Vieira,black_belt_awarded_by,Faixa-preta concedida por,confirmed,high,Lineage declarada no perfil: Carlos Gracie > Helio Gracie > Rolls Gracie > Romero Cavalcanti > Leonardo Vieira > Saeed Dunkaev
bjj-14181-6342,14181,Salla Simola,6342,Pedro Duarte,black_belt_awarded_by,Faixa-preta concedida por,confirmed,high,Lineage declarada no perfil: Carlos Gracie > Helio Gracie > Carlson Gracie > Murilo Bustamante > Pedro Duarte > Salla Simola
bjj-12751-7321,12751,Sam McNally,7321,Darragh OConnaill,black_belt_awarded_by,Faixa-preta concedida por,confirmed,high,Lineage declarada no perfil: Carlos Gracie > Helio Gracie > Royler Gracie > Saulo Ribeiro > Xande Ribeiro > Darragh O’Conaill > Sam McNally
bjj-8192-405,8192,Samantha Cook,405,Marco Canha,black_belt_awarded_by,Faixa-preta concedida por,confirmed,high,Lineage declarada no perfil: Mitsuyo Maeda > Carlos Gracie > Helio Gracie > Rolls Gracie > Romero Cavalcanti (Jacaré) > Ricardo Vieira > Marco Canha > Samantha Cook
bjj-1436-2583,1436,Samir Chantre,2583,Alan Moraes,black_belt_awarded_by,Faixa-preta concedida por,confirmed,high,Lineage declarada no perfil: Carlos Gracie > Helio Gracie > Carlson Gracie > Carlson Gracie Jr > Alan Moraes > Samir Chantre
bjj-1761-374,1761,Samuel Braga,374,Vinicius Magalhaes,black_belt_awarded_by,Faixa-preta concedida por,confirmed,high,Lineage declarada no perfil: C. Gracie > Helio Gracie > Carlos Gracie Jr > Vinicius Magalhães > Samuel Braga
bjj-11510-11725,11510,Samuel Nagai,11725,Kaiser Girao,black_belt_awarded_by,Faixa-preta concedida por,confirmed,high,Lineage declarada no perfil: Carlos Gracie Sr. > Helio Gracie > Carlos Gracie Junior > Rigan Machado > Keiser Girão > Samuel Nagai
bjj-1904-1886,1904,Samy Al Jamal,1886,Fabricio Martins,black_belt_awarded_by,Faixa-preta concedida por,confirmed,high,Lineage declarada no perfil: Mitsuyo Maeda > Carlos Gracie > Reyson Gracie > Osvaldo Alves > Fabricio Martins > Samy Al Jamal
bjj-v_bruno_alves_correa-3416,v_bruno_alves_correa,Bruno Alves Correa,3416,Monir Salomao,black_belt_awarded_by,Faixa-preta concedida por,confirmed,high,Lineage declarada no perfil: Luis França > Oswaldo Fadda > Monir Salomão > Júlio César > Bruno Alves Correa > Santiago Guerra
bjj-14028-v_bruno_alves_correa,14028,Santiago Guerra,v_bruno_alves_correa,Bruno Alves Correa,black_belt_awarded_by,Faixa-preta concedida por,confirmed,high,Lineage declarada no perfil: Luis França > Oswaldo Fadda > Monir Salomão > Júlio César > Bruno Alves Correa > Santiago Guerra
bjj-11111-505,11111,Santeri Lilius,505,Roger Gracie,black_belt_awarded_by,Faixa-preta concedida por,confirmed,high,Lineage declarada no perfil: Carlos Gracie > Helio Gracie > Carlos Gracie Jr > Roger Gracie > Santeri Lilius
bjj-13913-16,13913,Scott Kaplan,16,Marcelo Garcia,black_belt_awarded_by,Faixa-preta concedida por,confirmed,high,Lineage declarada no perfil: Carlos Gracie > Helio Gracie > Rolls Gracie > Romero Cavalcanti > Fabio Gurgel > Marcelo Garcia > Scott Kaplan
bjj-12617-1781,12617,Sean Roberts,1781,Ralph Gracie,black_belt_awarded_by,Faixa-preta concedida por,confirmed,high,Lineage declarada no perfil: Carlos Gracie > Helio Gracie > Carlos Gracie Jr. > Ralph Gracie > Sean Roberts
bjj-v_mathias_jardin-203,v_mathias_jardin,Mathias Jardin,203,Julio Cesar,black_belt_awarded_by,Faixa-preta concedida por,confirmed,high,Lineage declarada no perfil: Luis França > Oswaldo Fadda > Monir Salomão > Júlio César Pereira > Mathias Jardin > Seif-Eddine Houmine
bjj-9515-v_mathias_jardin,9515,Seif-Eddine Houmine,v_mathias_jardin,Mathias Jardin,black_belt_awarded_by,Faixa-preta concedida por,confirmed,high,Lineage declarada no perfil: Luis França > Oswaldo Fadda > Monir Salomão > Júlio César Pereira > Mathias Jardin > Seif-Eddine Houmine
bjj-7695-9587,7695,Sebastian Brosche,9587,Eduardo Rios,black_belt_awarded_by,Faixa-preta concedida por,confirmed,high,Lineage declarada no perfil: Carlos Gracie > Helio Gracie > Carlson Gracie > Ricardo Libório > Eduardo Rios > Sebastian Brosché
bjj-12215-484,12215,Sebastian Rodriguez,484,Murilo Santana,black_belt_awarded_by,Faixa-preta concedida por,confirmed,high,Lineage declarada no perfil: Carlos Gracie > Helio Gracie > Rickson Gracie > Marcelo Behring > Mario Yamasaki > Murilo Santana > Sebastian Rodriguez
bjj-6366-6368,6366,Brian Mahecha,6368,Kevin Mahecha,black_belt_awarded_by,Faixa-preta concedida por,confirmed,high,Lineage declarada no perfil: Carlos Gracie > Helio Gracie > Carlson Gracie > André Pederneiras > João Roque > Jonatas Gurgel > Kevin Mahecha > Brian Mahecha > Sebastian Serpa
bjj-12573-6366,12573,Sebastian Serpa,6366,Brian Mahecha,black_belt_awarded_by,Faixa-preta concedida por,confirmed,high,Lineage declarada no perfil: Carlos Gracie > Helio Gracie > Carlson Gracie > André Pederneiras > João Roque > Jonatas Gurgel > Kevin Mahecha > Brian Mahecha > Sebastian Serpa
bjj-v_andrea_verdemare-2056,v_andrea_verdemare,Andrea Verdemare,2056,Federico Tisi,black_belt_awarded_by,Faixa-preta concedida por,confirmed,high,Lineage declarada no perfil: Carlos Gracie > Helio Gracie > Carlos Gracie Junior > Carlos Lemos > Federico Tisi > Andrea Verdemare > Serena Gabrielli
bjj-7768-v_andrea_verdemare,7768,Serena Gabrielli,v_andrea_verdemare,Andrea Verdemare,black_belt_awarded_by,Faixa-preta concedida por,confirmed,high,Lineage declarada no perfil: Carlos Gracie > Helio Gracie > Carlos Gracie Junior > Carlos Lemos > Federico Tisi > Andrea Verdemare > Serena Gabrielli
bjj-7686-v_roan_carneiro,7686,Sergio Ardila-Ibarra,v_roan_carneiro,Roan Carneiro,black_belt_awarded_by,Faixa-preta concedida por,confirmed,high,Lineage declarada no perfil: M. Maeda > C. Gracie > Carlson Gracie > Murilo Bustamante > Roan Carneiro > Sergio Ardila-Ibarra
bjj-7582-374,7582,Sergio Benini,374,Vinicius Magalhaes,black_belt_awarded_by,Faixa-preta concedida por,confirmed,high,Lineage declarada no perfil: Mitsuyo Maeda > Carlos Gracie > Helio Gracie > Carlos Gracie Jr > Vinicius Magalhães > Sergio Benini
bjj-v_yan_cabral-78,v_yan_cabral,Yan Cabral,78,Andre Pederneiras,black_belt_awarded_by,Faixa-preta concedida por,confirmed,high,Lineage declarada no perfil: Mitsuyo Maeda > Carlos Gracie > Carlson Gracie > Andre Pederneiras > Yan Cabral > Sergio Calderon
bjj-9697-v_yan_cabral,9697,Sergio Calderon,v_yan_cabral,Yan Cabral,black_belt_awarded_by,Faixa-preta concedida por,confirmed,high,Lineage declarada no perfil: Mitsuyo Maeda > Carlos Gracie > Carlson Gracie > Andre Pederneiras > Yan Cabral > Sergio Calderon
bjj-3505-22,3505,Sergio Iris,22,Carlson Gracie,black_belt_awarded_by,Faixa-preta concedida por,confirmed,high,Lineage declarada no perfil: Mitsuyo Maeda > Carlos Gracie > Carlson Gracie > Sérgio Íris
bjj-5814-1005,5814,Everdan Olegario,1005,Moises Murad,black_belt_awarded_by,Faixa-preta concedida por,confirmed,high,Lineage declarada no perfil: Carlos Gracie > George Gracie > Octávio de Almeida > Moises Murad > Everdan Olegário > Sérgio Moraes
bjj-138-5814,138,Sergio Moraes,5814,Everdan Olegario,black_belt_awarded_by,Faixa-preta concedida por,confirmed,high,Lineage declarada no perfil: Carlos Gracie > George Gracie > Octávio de Almeida > Moises Murad > Everdan Olegário > Sérgio Moraes
bjj-v_sergio_babu-677,v_sergio_babu,Sergio Babu,677,Sergio Penha,black_belt_awarded_by,Faixa-preta concedida por,confirmed,high,Lineage declarada no perfil: Mitsuyo Maeda > Carlos Gracie sr > Reyson Gracie > Osvaldo Alves > Sergio Penha > Sergio Babu
bjj-v_helder_menezes-67,v_helder_menezes,Helder Menezes,67,Rickson Gracie,black_belt_awarded_by,Faixa-preta concedida por,confirmed,high,Lineage declarada no perfil: Carlos Gracie > Helio Gracie > Rickson Gracie > Helder Menezes > Marcos Matos > Sergio Rios
bjj-v_marcos_matos-v_helder_menezes,v_marcos_matos,Marcos Matos,v_helder_menezes,Helder Menezes,black_belt_awarded_by,Faixa-preta concedida por,confirmed,high,Lineage declarada no perfil: Carlos Gracie > Helio Gracie > Rickson Gracie > Helder Menezes > Marcos Matos > Sergio Rios
bjj-9637-v_marcos_matos,9637,Sergio Rios,v_marcos_matos,Marcos Matos,black_belt_awarded_by,Faixa-preta concedida por,confirmed,high,Lineage declarada no perfil: Carlos Gracie > Helio Gracie > Rickson Gracie > Helder Menezes > Marcos Matos > Sergio Rios
bjj-1332-v_sergio_zimmermann_better_known_as_canudo_is_a_black_belt_in,1332,jiu-jitsu,v_sergio_zimmermann_better_known_as_canudo_is_a_black_belt_in,"Sergio Zimmermann, better known as ‘Canudo’, is a black belt in",black_belt_awarded_by,Faixa-preta concedida por,confirmed,high,"Lineage declarada no perfil: Sergio Zimmermann, better known as ‘Canudo’, is a black belt in > Brazilian Jiu Jitsu > formed under the of the late Master > Carlson Gracie > having received his grade from Osiris Maia. Although Canudo made a career competing in Brazil, it was in Europe that Sergio received the international recognition, specially from Jiu Jitsu’s media, after a sequence of positive results in the European Jiu Jitsu Open, a competition Zimmermann won 10 times."
bjj-v_formed_under_the_of_the_late_master-1332,v_formed_under_the_of_the_late_master,formed under the of the late Master,1332,jiu-jitsu,black_belt_awarded_by,Faixa-preta concedida por,confirmed,high,"Lineage declarada no perfil: Sergio Zimmermann, better known as ‘Canudo’, is a black belt in > Brazilian Jiu Jitsu > formed under the of the late Master > Carlson Gracie > having received his grade from Osiris Maia. Although Canudo made a career competing in Brazil, it was in Europe that Sergio received the international recognition, specially from Jiu Jitsu’s media, after a sequence of positive results in the European Jiu Jitsu Open, a competition Zimmermann won 10 times."
bjj-22-v_formed_under_the_of_the_late_master,22,Carlson Gracie,v_formed_under_the_of_the_late_master,formed under the of the late Master,black_belt_awarded_by,Faixa-preta concedida por,confirmed,high,"Lineage declarada no perfil: Sergio Zimmermann, better known as ‘Canudo’, is a black belt in > Brazilian Jiu Jitsu > formed under the of the late Master > Carlson Gracie > having received his grade from Osiris Maia. Although Canudo made a career competing in Brazil, it was in Europe that Sergio received the international recognition, specially from Jiu Jitsu’s media, after a sequence of positive results in the European Jiu Jitsu Open, a competition Zimmermann won 10 times."
bjj-v_having_received_his_grade_from_osiris_maia_although_canudo_made_a_career_competing_in_brazil_it_was_in_europe_that_sergio_received_the_international_recognition_specially_from_jiu_jitsu_s_media_after_a_sequence_of_positive_results_in_the_european_jiu_jitsu_open_a_competition_zimmermann_won_times-22,v_having_received_his_grade_from_osiris_maia_although_canudo_made_a_career_competing_in_brazil_it_was_in_europe_that_sergio_received_the_international_recognition_specially_from_jiu_jitsu_s_media_after_a_sequence_of_positive_results_in_the_european_jiu_jitsu_open_a_competition_zimmermann_won_times,"having received his grade from Osiris Maia. Although Canudo made a career competing in Brazil, it was in Europe that Sergio received the international recognition, specially from Jiu Jitsu’s media, after a sequence of positive results in the European Jiu Jitsu Open, a competition Zimmermann won 10 times.",22,Carlson Gracie,black_belt_awarded_by,Faixa-preta concedida por,confirmed,high,"Lineage declarada no perfil: Sergio Zimmermann, better known as ‘Canudo’, is a black belt in > Brazilian Jiu Jitsu > formed under the of the late Master > Carlson Gracie > having received his grade from Osiris Maia. Although Canudo made a career competing in Brazil, it was in Europe that Sergio received the international recognition, specially from Jiu Jitsu’s media, after a sequence of positive results in the European Jiu Jitsu Open, a competition Zimmermann won 10 times."
bjj-8528-2416,8528,Servio Tulio,2416,Felipe Pena,black_belt_awarded_by,Faixa-preta concedida por,confirmed,high,Lineage declarada no perfil: Carlos Gracie > Helio Gracie > Carlos Gracie Jr > Vinicius Magalhães (Draculino) > Marcelo Azevedo (Uirapuru) > Felipe Pena (Preguiça) > Servio Tulio
bjj-1301-67,1301,Shane Rice,67,Rickson Gracie,black_belt_awarded_by,Faixa-preta concedida por,confirmed,high,Lineage declarada no perfil: Mitsuyo Maeda > Carlos Gracie > Helio Gracie > Rickson Gracie > Shane Rice
bjj-3186-4230,3186,Shanti Abelha,4230,Shimon Mochizuki,black_belt_awarded_by,Faixa-preta concedida por,confirmed,high,Lineage declarada no perfil: Mitsuyo Maeda > Carlos Gracie > Helio Gracie > Rolls Gracie > Romero Cavalcanti > Leonardo Vieira > Shimon Mochizuki > Shanti Abelha
bjj-793-52,793,Shawn Williams,52,Renzo Gracie,black_belt_awarded_by,Faixa-preta concedida por,confirmed,high,Lineage declarada no perfil: Mitsuyo Maeda > Carlos Gracie > Helio Gracie > Carlos Gracie Jr > Renzo Gracie > Shawn Williams
bjj-13427-415,13427,Shelby Murphey,415,Guilherme Mendes,black_belt_awarded_by,Faixa-preta concedida por,confirmed,high,Lineage declarada no perfil: Carlos Gracie > Carlson Gracie > André Pederneiras > Ramon Lemos > Guilherme Mendes > Shelby Murphey
bjj-718-314,718,Silvana Abreu,314,Andre Terencio,black_belt_awarded_by,Faixa-preta concedida por,confirmed,high,Lineage declarada no perfil: Mitsuyo Maeda > Carlos Gracie > Helio Gracie > Francisco Mansur > Carlos Henrique > Andre Terencio > Silvana Abreu
bjj-9064-543,9064,Silvio Duran,543,Rodrigo Cavaca,black_belt_awarded_by,Faixa-preta concedida por,confirmed,high,Lineage declarada no perfil: Carlos Gracie > Carlson Gracie > Élcio Figueiredo > Rodrigo Cavaca > Silvio Duran
bjj-1508-2322,1508,Sim Go,2322,Marc Laimon,black_belt_awarded_by,Faixa-preta concedida por,confirmed,high,Lineage declarada no perfil: Mitsuyo Maeda > Carlos Gracie > Carlson Gracie > Andre Pederneiras > John Lewis > Marc Laimon > Simpson Go
bjj-13453-7321,13453,Shay Montague,7321,Darragh OConnaill,black_belt_awarded_by,Faixa-preta concedida por,confirmed,high,Lineage declarada no perfil: Carlos Gracie > Helio Gracie > Royler Gracie > Saulo Ribeiro > Darragh O’Conaill > Shay Montague
bjj-1319-996,1319,Shinya Aoki,996,Yuki Nakai,black_belt_awarded_by,Faixa-preta concedida por,confirmed,high,Lineage declarada no perfil: Mitsuyo Maeda > Carlos Gracie Sr. > Carlos Gracie Junior > Yuki Nakai > Shinya Aoki
bjj-9893-v_octavio_de_almeida_junior,9893,Stefano Correa,v_octavio_de_almeida_junior,Octávio de Almeida Junior,black_belt_awarded_by,Faixa-preta concedida por,confirmed,high,Lineage declarada no perfil: Mitsuyo Maeda > Carlos Gracie > George Gracie > Octávio de Almeida (Senior) > Octávio de Almeida Júnior > Stéfano Côrrea
bjj-13138-2403,13138,Steffen Banta,2403,Joao Gabriel Rocha,black_belt_awarded_by,Faixa-preta concedida por,confirmed,high,Lineage declarada no perfil: Carlos Gracie > Helio Gracie > Carlson Gracie > Crézio de Souza > André Almeida > Rafael Barbosa > Leandro Escobar > João Gabriel Rocha > Steffen Banta
bjj-11454-224,11454,Sofia Amarante,224,Roberto Abreu,black_belt_awarded_by,Faixa-preta concedida por,confirmed,high,Lineage declarada no perfil: Carlos Gracie > Helio Gracie > Carlson Gracie > Francisco Toco > Roberto Abreu > Sofia Amarante
bjj-11471-6006,11471,Tacio Carneiro,6006,Paulo Rezende,black_belt_awarded_by,Faixa-preta concedida por,confirmed,high,Lineage declarada no perfil: Carlos Gracie > Helio Gracie > Carlson Gracie > Fernando “Pinduka” > Leonardo Castello Branco > Paulo Rezende > Tácio Carneiro
bjj-v_takeyoshi_ikehara-322,v_takeyoshi_ikehara,Takeyoshi Ikehara,322,Fabio Gurgel,black_belt_awarded_by,Faixa-preta concedida por,confirmed,high,Lineage declarada no perfil: Carlos Gracie > Helio Gracie > Rolls Gracie > Romero Cavalcanti > Fabio Gurgel > Takeyoshi Ikehara > Noel Danforth > Tadiyah Danforth
bjj-v_noel_danforth-v_takeyoshi_ikehara,v_noel_danforth,Noel Danforth,v_takeyoshi_ikehara,Takeyoshi Ikehara,black_belt_awarded_by,Faixa-preta concedida por,confirmed,high,Lineage declarada no perfil: Carlos Gracie > Helio Gracie > Rolls Gracie > Romero Cavalcanti > Fabio Gurgel > Takeyoshi Ikehara > Noel Danforth > Tadiyah Danforth
bjj-12644-v_noel_danforth,12644,Tadiyah Danforth,v_noel_danforth,Noel Danforth,black_belt_awarded_by,Faixa-preta concedida por,confirmed,high,Lineage declarada no perfil: Carlos Gracie > Helio Gracie > Rolls Gracie > Romero Cavalcanti > Fabio Gurgel > Takeyoshi Ikehara > Noel Danforth > Tadiyah Danforth
bjj-11697-415,11697,Tainan Dalpra,415,Guilherme Mendes,black_belt_awarded_by,Faixa-preta concedida por,confirmed,high,Lineage declarada no perfil: Carlos Gracie > Carlson Gracie > André Pederneiras > Ramon Lemos > Guilherme Mendes > Tainan Dalpra
bjj-v_mica_cipili-1034,v_mica_cipili,Mica Cipili,1034,Pedro Sauer,black_belt_awarded_by,Faixa-preta concedida por,confirmed,high,Lineage declarada no perfil: Mitsuyo Maeda > Carlos Gracie (Senior) > Helio Gracie > Rickson Gracie > Pedro Sauer > Mica Cipili > Talia Marie Vaughan
bjj-v_talia_marie_vaughan-v_mica_cipili,v_talia_marie_vaughan,Talia Marie Vaughan,v_mica_cipili,Mica Cipili,black_belt_awarded_by,Faixa-preta concedida por,confirmed,high,Lineage declarada no perfil: Mitsuyo Maeda > Carlos Gracie (Senior) > Helio Gracie > Rickson Gracie > Pedro Sauer > Mica Cipili > Talia Marie Vaughan
bjj-v_francisco_santana_jr-6683,v_francisco_santana_jr,Francisco Santana Jr,6683,Ryan Gracie,black_belt_awarded_by,Faixa-preta concedida por,confirmed,high,Lineage declarada no perfil: Mitsuyo Maeda > Carlos Gracie > Helio Gracie > Carlos Gracie Jr > Ryan Gracie > Francisco Santana Jr > Talita Nogueira
bjj-1430-v_francisco_santana_jr,1430,Talita Nogueira,v_francisco_santana_jr,Francisco Santana Jr,black_belt_awarded_by,Faixa-preta concedida por,confirmed,high,Lineage declarada no perfil: Mitsuyo Maeda > Carlos Gracie > Helio Gracie > Carlos Gracie Jr > Ryan Gracie > Francisco Santana Jr > Talita Nogueira
bjj-6311-591,6311,Emyr Bussade,591,Ricardo Liborio,black_belt_awarded_by,Faixa-preta concedida por,confirmed,high,Lineage declarada no perfil: Mitsuyo Maeda > Carlos Gracie > Carlson Gracie > Ricardo Libório > Emyr Bussade > Tammi Musumeci
bjj-3607-6311,3607,Tammi Musumeci,6311,Emyr Bussade,black_belt_awarded_by,Faixa-preta concedida por,confirmed,high,Lineage declarada no perfil: Mitsuyo Maeda > Carlos Gracie > Carlson Gracie > Ricardo Libório > Emyr Bussade > Tammi Musumeci
bjj-12654-9587,12654,Tarik Hopstock,9587,Eduardo Rios,black_belt_awarded_by,Faixa-preta concedida por,confirmed,high,Lineage declarada no perfil: Carlos Gracie > Helio Gracie > Carlson Gracie > Ricardo Libório > Eduardo Rios > Tarik Hopstock
bjj-11975-1583,11975,Tracey Goodell,1583,Mike Fowler,black_belt_awarded_by,Faixa-preta concedida por,confirmed,high,Lineage declarada no perfil: Carlos Gracie > Helio Gracie > Rickson Gracie > Jorge Pereira > Leo Dalla > Lloyd Irvin > Mike Fowler > Tracey Goodell
bjj-fg-legacy-23-322,fg-legacy-23,Tarsis Humphreys,322,Fabio Gurgel,black_belt_awarded_by,Faixa-preta concedida por,confirmed,high,Lineage declarada no perfil: Mitsuyo Maeda > Carlos Gracie > Helio Gracie > Rolls Gracie > Romero Cavalcanti > Fábio Gurgel > Tarsis Humphreys
bjj-v_wilson_ulhoa-144,v_wilson_ulhoa,Wilson Ulhôa,144,Andre Galvao,black_belt_awarded_by,Faixa-preta concedida por,confirmed,high,Lineage declarada no perfil: Carlos Gracie > Reyson Gracie > Osvaldo Alves > Luis Dagmar > André Galvão > Wilson Ulhôa > Thaís Loureiro
bjj-13220-v_wilson_ulhoa,13220,Thais Loureiro,v_wilson_ulhoa,Wilson Ulhôa,black_belt_awarded_by,Faixa-preta concedida por,confirmed,high,Lineage declarada no perfil: Carlos Gracie > Reyson Gracie > Osvaldo Alves > Luis Dagmar > André Galvão > Wilson Ulhôa > Thaís Loureiro
bjj-8718-3371,8718,Thais Ramos,3371,Eduardo Venancio,black_belt_awarded_by,Faixa-preta concedida por,confirmed,high,Lineage declarada no perfil: M. Maeda > Carlos Gracie > Carlson Gracie > Ricardo De La Riva > Eduardo Venâncio > Thaís Ramos
bjj-12845-6006,12845,Thalyta Silva,6006,Paulo Rezende,black_belt_awarded_by,Faixa-preta concedida por,confirmed,high,Lineage declarada no perfil: Carlos Gracie > Helio Gracie > Carlson Gracie > Fernando “Pinduka” > Leonardo Castello Branco > Paulo Rezende > Thata Silva
bjj-10099-1155,10099,Thalison Soares,1155,Cicero Costha,black_belt_awarded_by,Faixa-preta concedida por,confirmed,high,Lineage declarada no perfil: Carlos Gracie > Helio Gracie > Rickson Gracie > Marcelo Behring > Waldomiro Perez > Roberto Godoi > Marco Barbosa > Cicero Costha > Thalison Soares
bjj-10100-1155,10100,Thamara Ferreira,1155,Cicero Costha,black_belt_awarded_by,Faixa-preta concedida por,confirmed,high,Lineage declarada no perfil: Carlos Gracie > Helio Gracie > Rickson Gracie > Marcelo Behring > Waldomiro Perez > Roberto Godoi > Marco Barbosa > Cicero Costha > Thamara Ferreira
bjj-12542-875,12542,Thamires Monteiro,875,Lucas Leite,black_belt_awarded_by,Faixa-preta concedida por,confirmed,high,Lineage declarada no perfil: Carlos Gracie > Helio Gracie > Rolls Gracie > Romero Cavalcanti > Leonardo Vieira > Lucas Leite > Thamires Monteiro
bjj-14050-13487,14050,Thaynara Victoria,13487,Marco Mendes,black_belt_awarded_by,Faixa-preta concedida por,confirmed,high,Lineage declarada no perfil: Carlos Gracie > Helio Gracie > Francisco Mansur > Augusto Mendes > Osvaldo Moizinho > Javier Gomez > Marco Mendes > Thaynara Victoria
bjj-5814-144,5814,Everdan Olegario,144,Andre Galvao,black_belt_awarded_by,Faixa-preta concedida por,confirmed,high,Lineage declarada no perfil: Carlos Gracie > Reyson Gracie > Osvaldo Alves > Luis Dagmar > André Galvão > Everdan Olegário > Paulo Barauna > Saulo Barbosa > Tamiris Silva
bjj-v_paulo_barauna-5814,v_paulo_barauna,Paulo Barauna,5814,Everdan Olegario,black_belt_awarded_by,Faixa-preta concedida por,confirmed,high,Lineage declarada no perfil: Carlos Gracie > Reyson Gracie > Osvaldo Alves > Luis Dagmar > André Galvão > Everdan Olegário > Paulo Barauna > Saulo Barbosa > Tamiris Silva
bjj-v_saulo_barbosa-v_paulo_barauna,v_saulo_barbosa,Saulo Barbosa,v_paulo_barauna,Paulo Barauna,black_belt_awarded_by,Faixa-preta concedida por,confirmed,high,Lineage declarada no perfil: Carlos Gracie > Reyson Gracie > Osvaldo Alves > Luis Dagmar > André Galvão > Everdan Olegário > Paulo Barauna > Saulo Barbosa > Tamiris Silva
bjj-13937-v_saulo_barbosa,13937,Tamires Silva,v_saulo_barbosa,Saulo Barbosa,black_belt_awarded_by,Faixa-preta concedida por,confirmed,high,Lineage declarada no perfil: Carlos Gracie > Reyson Gracie > Osvaldo Alves > Luis Dagmar > André Galvão > Everdan Olegário > Paulo Barauna > Saulo Barbosa > Tamiris Silva
bjj-1178-203,1178,Theodoro Canal,203,Julio Cesar,black_belt_awarded_by,Faixa-preta concedida por,confirmed,high,Lineage declarada no perfil: Mitsuyo Maeda > Luis França > Oswaldo Fadda > Monir Salomão > Julio Cesar Pereira > Theodoro Canal
bjj-11338-484,11338,Thiago Abud,484,Murilo Santana,black_belt_awarded_by,Faixa-preta concedida por,confirmed,high,Lineage declarada no perfil: C. Gracie > H. Gracie > R. Gracie > M. Behring > Mario Yamasaki > Murilo Santana > Thiago Abud
bjj-537-396,537,Thiago Borges,396,Carlos Vieira,black_belt_awarded_by,Faixa-preta concedida por,confirmed,high,Lineage declarada no perfil: Mitsuyo Maeda > Carlos Gracie > Helio Gracie > Rickson Gracie > Marcelo Behring > Waldomiro Perez > Maximiliano Trombini > Carlos Vieira > Thiago Borges
bjj-2181-78,2181,Thiago Fernandes,78,Andre Pederneiras,black_belt_awarded_by,Faixa-preta concedida por,confirmed,high,Lineage declarada no perfil: Mitsuyo Maeda > Carlos Gracie > Carlson Gracie > Andre Pederneiras > Thiago Fernandes
bjj-flavio-aleluia-1400,flavio-aleluia,Flavio Aleluia,1400,Carlos Henrique,black_belt_awarded_by,Faixa-preta concedida por,confirmed,high,Lineage declarada no perfil: Mitsuyo Maeda > Carlos Gracie > Helio Gracie > Francisco Mansur > Carlos Henrique > Flavio Aleluia > Thiago Leiras
bjj-1727-flavio-aleluia,1727,Thiago Leiras,flavio-aleluia,Flavio Aleluia,black_belt_awarded_by,Faixa-preta concedida por,confirmed,high,Lineage declarada no perfil: Mitsuyo Maeda > Carlos Gracie > Helio Gracie > Francisco Mansur > Carlos Henrique > Flavio Aleluia > Thiago Leiras
bjj-8632-7675,8632,Thiago Macedo,7675,Faustino Neto,black_belt_awarded_by,Faixa-preta concedida por,confirmed,high,Lineage declarada no perfil: Carlos Gracie > Osvaldo Alves > Faustino Neto > Thiago Macedo
bjj-v_thiago_dos_santos-314,v_thiago_dos_santos,Thiago dos Santos,314,Andre Terencio,black_belt_awarded_by,Faixa-preta concedida por,confirmed,high,Lineage declarada no perfil: Mitsuyo Maeda > Carlos Gracie > Helio Gracie > Francisco Mansur > Carlos Henrique > André “Negão” > Thiago dos Santos
bjj-14084-122,14084,Thiago Saboia,122,Michael Langhi,black_belt_awarded_by,Faixa-preta concedida por,confirmed,high,Lineage declarada no perfil: Carlos Gracie > Helio Gracie > Rolls Gracie > Romero Cavalcanti > Alexandre Paiva > Fernando Tererê > Rubens Charles > Michael Langhi > Thiago Saboia
bjj-2434-338,2434,Thibaut Olivier,338,Ricardo Vieira,black_belt_awarded_by,Faixa-preta concedida por,confirmed,high,Lineage declarada no perfil: Mitsuyo Maeda > Carlos Gracie > Helio Gracie > Rolls Gracie > Romero Cavalcanti > Ricardo Vieira > Thibaut Olivier
bjj-1055-492,1055,Tiago Alves,492,Marco Barbosa,black_belt_awarded_by,Faixa-preta concedida por,confirmed,high,Lineage declarada no perfil: Mitsuyo Maeda > Carlos Gracie > Helio Gracie > Rickson Gracie > Marcelo Behring > Waldomiro Perez > Roberto Godoi > Marco Barbosa > Tiago Alves
bjj-7865-322,7865,Tiago Rocha,322,Fabio Gurgel,black_belt_awarded_by,Faixa-preta concedida por,confirmed,high,Lineage declarada no perfil: M. Maeda > C. Gracie > H. Gracie > Rolls Gracie > Romero Cavalcanti > Fábio Gurgel > Tiago Rocha
bjj-v_thiago_sa-338,v_thiago_sa,Thiago Sá,338,Ricardo Vieira,black_belt_awarded_by,Faixa-preta concedida por,confirmed,high,Lineage declarada no perfil: M. Maeda > C. > Gracie > H. Gracie > Rolls Gracie > Romero Cavalcanti > Ricardo Vieira > Thiago Sá
bjj-8866-224,8866,Thomas Halpin,224,Roberto Abreu,black_belt_awarded_by,Faixa-preta concedida por,confirmed,high,Lineage declarada no perfil: M. Maeda > Carlos Gracie > Carlson Gracie > Francisco Toco > Roberto Abreu > Thomas Halpin
bjj-12057-1034,12057,Todd Margolis,1034,Pedro Sauer,black_belt_awarded_by,Faixa-preta concedida por,confirmed,high,Lineage declarada no perfil: Carlos Gracie > Helio Gracie > Rickson Gracie > Pedro Sauer > Todd Margolis
bjj-3458-v_renam_pitangui,3458,Totila Jordan,v_renam_pitangui,Renam Pitangui,black_belt_awarded_by,Faixa-preta concedida por,confirmed,high,Lineage declarada no perfil: Mitsuyo Maeda > Carlos Gracie > Helio Gracie > Rickson Gracie > Renam Pitangui > Totila Jordan
bjj-8105-7693,8105,Tommy Langaker,7693,Jose Carlos Granja,black_belt_awarded_by,Faixa-preta concedida por,confirmed,high,Lineage declarada no perfil: Carlos Gracie > Helio Gracie > Carlson Gracie > André Pederneiras > Jair Lourenço > José Carlos > Tommy Langaker
bjj-1994-745,1994,Travis Lutter,745,Carlos Machado,black_belt_awarded_by,Faixa-preta concedida por,confirmed,high,Lineage declarada no perfil: Mitsuyo Maeda > Carlos Gracie Sr. > Carlos Gracie Junior > Carlos Machado > Travis Lutter
bjj-10903-623,10903,Travis Stevens,623,John Danaher,black_belt_awarded_by,Faixa-preta concedida por,confirmed,high,Lineage declarada no perfil: Carlos Gracie > Helio Gracie > Carlos Gracie Jr > Renzo Gracie > John Danaher > Travis Stevens
bjj-12003-144,12003,Tye Ruotolo,144,Andre Galvao,black_belt_awarded_by,Faixa-preta concedida por,confirmed,high,Lineage declarada no perfil: Carlos Gracie > Reyson Gracie > Osvaldo Alves > Luis Dagmar > André Galvão > Tye Ruotolo
bjj-6002-2512,6002,Vinicius Amaral,2512,Cezar Guimarães,black_belt_awarded_by,Faixa-preta concedida por,confirmed,high,Lineage declarada no perfil: Carlos Gracie > Helio Gracie > Carlson Gracie > Walter Guimarães > César Guimarães > Vinicius Amaral > Marcio Carreira > Uanderson Ferreira
bjj-v_marcio_carreira-6002,v_marcio_carreira,Marcio Carreira,6002,Vinicius Amaral,black_belt_awarded_by,Faixa-preta concedida por,confirmed,high,Lineage declarada no perfil: Carlos Gracie > Helio Gracie > Carlson Gracie > Walter Guimarães > César Guimarães > Vinicius Amaral > Marcio Carreira > Uanderson Ferreira
bjj-12671-v_marcio_carreira,12671,Uanderson Ferreira,v_marcio_carreira,Marcio Carreira,black_belt_awarded_by,Faixa-preta concedida por,confirmed,high,Lineage declarada no perfil: Carlos Gracie > Helio Gracie > Carlson Gracie > Walter Guimarães > César Guimarães > Vinicius Amaral > Marcio Carreira > Uanderson Ferreira
bjj-v_valdir_araujo_jr-1145,v_valdir_araujo_jr,Valdir Araújo Jr.,1145,Daniel Valverde,black_belt_awarded_by,Faixa-preta concedida por,confirmed,high,Lineage declarada no perfil: Carlos Gracie > Reyson Gracie > Osvaldo Alves > Daniel Valverde > Valdir Araújo Jr.
bjj-v_walter_broca-v_alexey_cruz,v_walter_broca,Walter Broca,v_alexey_cruz,Alexey Cruz,black_belt_awarded_by,Faixa-preta concedida por,confirmed,high,Lineage declarada no perfil: Mitsuyo Maeda > Carlos Gracie > Carlson Gracie > Ricardo De La Riva > Alexey Cruz > Walter Broca > Valmyr Neto
bjj-1851-v_walter_broca,1851,Valmyr Neto,v_walter_broca,Walter Broca,black_belt_awarded_by,Faixa-preta concedida por,confirmed,high,Lineage declarada no perfil: Mitsuyo Maeda > Carlos Gracie > Carlson Gracie > Ricardo De La Riva > Alexey Cruz > Walter Broca > Valmyr Neto
bjj-1617-297,1617,Victor Estima,297,Carlos Gracie Junior,black_belt_awarded_by,Faixa-preta concedida por,confirmed,high,Lineage declarada no perfil: Mitsuyo Maeda > Carlos Gracie > Helio Gracie > Carlos Gracie Jr > Victor Estima > Vanessa English
bjj-9083-1617,9083,Vanessa English,1617,Victor Estima,black_belt_awarded_by,Faixa-preta concedida por,confirmed,high,Lineage declarada no perfil: Mitsuyo Maeda > Carlos Gracie > Helio Gracie > Carlos Gracie Jr > Victor Estima > Vanessa English
bjj-11909-4411,11909,Vanessa Griffin,4411,Julius Park,black_belt_awarded_by,Faixa-preta concedida por,confirmed,high,Lineage declarada no perfil: Carlos Gracie > Helio Gracie > Rickson Gracie > Jorge Pereira > Leo Dalla > Lloyd Irvin > Julius Park > Vanessa Griffin
bjj-2073-203,2073,Vanessa Oliveira,203,Julio Cesar,black_belt_awarded_by,Faixa-preta concedida por,confirmed,high,Lineage declarada no perfil: Mitsuyo Maeda > Luis França > Oswaldo Fadda > Monir Salomão > Julio Cesar Pereira > Vanessa Oliveira
bjj-10210-2266,10210,Vedha Toscano,2266,Fabio Clemente,black_belt_awarded_by,Faixa-preta concedida por,confirmed,high,Lineage declarada no perfil: Mitsuyo Maeda > Carlos Gracie > Hélio Gracie > Carlos Gracie Jr > Jean Jacques Machado > Fábio Clemente > Vedha Toscano
bjj-7732-361,7732,Vicente Junior,361,Ricardo De La Riva,black_belt_awarded_by,Faixa-preta concedida por,confirmed,high,Lineage declarada no perfil: Mitsuyo Maeda > Carlos Gracie > Carlson Gracie > Ricardo De La Riva > Vicente Júnior
bjj-1945-419,1945,Victor Costa,419,Leonardo Vieira,black_belt_awarded_by,Faixa-preta concedida por,confirmed,high,Lineage declarada no perfil: Mitsuyo Maeda > Carlos Gracie > Helio Gracie > Rolls Gracie > Romero Cavalcanti > Leonardo Vieira > Victor Costa
bjj-10159-84,10159,Victor Hugo,84,Alexandre Ribeiro,black_belt_awarded_by,Faixa-preta concedida por,confirmed,high,Lineage declarada no perfil: C. Gracie > H. Gracie > Royler Gracie > Saulo Ribeiro > Alexandre Ribeiro > Victor Hugo
bjj-3110-666,3110,Victor Genovesi,666,Alexandre Paiva,black_belt_awarded_by,Faixa-preta concedida por,confirmed,high,Lineage declarada no perfil: Mitsuyo Maeda > Carlos Gracie > Helio Gracie > Rolls Gracie > Romero Cavalcanti > Alexandre Paiva > Victor Genovesi
bjj-11754-6756,11754,Victor Nithael,6756,Rodrigo Silva,black_belt_awarded_by,Faixa-preta concedida por,confirmed,high,Lineage declarada no perfil: Carlos Gracie > Helio Gracie > Carlson Gracie > André Pederneiras > Rodrigo Feijão > Victor Nithael
bjj-179-415,179,Rafael Mendes,415,Guilherme Mendes,black_belt_awarded_by,Faixa-preta concedida por,confirmed,high,Lineage declarada no perfil: Mitsuyo Maeda > Carlos Gracie > Helio Gracie > Carlson Gracie > André Pederneiras > Ramon Lemos > Guilherme Mendes > Rafael Mendes > Vincent Nguyen
bjj-8090-179,8090,Vincent Nguyen,179,Rafael Mendes,black_belt_awarded_by,Faixa-preta concedida por,confirmed,high,Lineage declarada no perfil: Mitsuyo Maeda > Carlos Gracie > Helio Gracie > Carlson Gracie > André Pederneiras > Ramon Lemos > Guilherme Mendes > Rafael Mendes > Vincent Nguyen
bjj-13190-410,13190,Vinicius Lessa,410,Claudio Calasans,black_belt_awarded_by,Faixa-preta concedida por,confirmed,high,Lineage declarada no perfil: Carlos Gracie > Reyson Gracie > Osvaldo Alves > Sergio Lisboa > Erivaldo Junior > Claudio Calasans > Vinicius Lessa
bjj-13417-1155,13417,Vinicius Liberati,1155,Cicero Costha,black_belt_awarded_by,Faixa-preta concedida por,confirmed,high,Lineage declarada no perfil: Carlos Gracie > Helio Gracie > Rickson Gracie > Marcelo Behring > Waldomiro Perez > Roberto Godoi > Marco Barbosa > Cicero Costha > Vinicius Liberati
bjj-733-730,733,Vinicius Magalhaes,730,Vinicius Aieta,black_belt_awarded_by,Faixa-preta concedida por,confirmed,high,Lineage declarada no perfil: Mitsuyo Maeda > Carlos Gracie > Helio Gracie > Royler Gracie > Vini Aieta > Vinny Magalhães
bjj-v_vinicius_martins-790,v_vinicius_martins,Vinícius Martins,790,Mario Reis,black_belt_awarded_by,Faixa-preta concedida por,confirmed,high,Lineage declarada no perfil: Carlos Gracie > Helio Gracie > Alvaro Barreto > Sylvio Behring > Mario Reis > Vinícius Martins
bjj-v_vinicius_pedrosa-203,v_vinicius_pedrosa,Vinícius Pedrosa,203,Julio Cesar,black_belt_awarded_by,Faixa-preta concedida por,confirmed,high,Lineage declarada no perfil: M. Maeda > Luis França > Oswaldo Fadda > Monir Salomão > Júlio César Pereira > Vinícius Pedrosa
bjj-9956-6792,9956,Vinicius Pereira,6792,Cassio Francis,black_belt_awarded_by,Faixa-preta concedida por,confirmed,high,Lineage declarada no perfil: C. Gracie > H. Gracie > C. Gracie Jr > Vinicius Draculino > Cássio Francis > Vinicius Pereira
bjj-4235-203,4235,Victor Silverio,203,Julio Cesar,black_belt_awarded_by,Faixa-preta concedida por,confirmed,high,Lineage declarada no perfil: Mitsuyo Maeda > Luis França > Oswaldo Fadda > Monir Salomão > Julio Cesar > Victor Silvério
bjj-81-78,81,Vitor Ribeiro,78,Andre Pederneiras,black_belt_awarded_by,Faixa-preta concedida por,confirmed,high,Lineage declarada no perfil: Mitsuyo Maeda > Carlos Gracie > Carlson Gracie > Andre Pederneiras > Vitor Ribeiro
bjj-1986-v_erivaldo_junior,1986,Vitor Toledo,v_erivaldo_junior,Erivaldo Junior,black_belt_awarded_by,Faixa-preta concedida por,confirmed,high,Lineage declarada no perfil: Mitsuyo Maeda > Carlos Gracie > Reyson Gracie > Osvaldo Alves > Sergio Lisboa > Erivaldo Junior > Vitor Toledo
bjj-v_rafael_formiga-3028,v_rafael_formiga,Rafael Formiga,3028,Leandro Escobar,black_belt_awarded_by,Faixa-preta concedida por,confirmed,high,Lineage declarada no perfil: Carlos Gracie > Helio Gracie > Carlson Gracie > Ricardo Libório > André Almeida > Leandro Escobar > Rafael Formiga > Vitória de Assis
bjj-14169-v_rafael_formiga,14169,Vitoria Assis,v_rafael_formiga,Rafael Formiga,black_belt_awarded_by,Faixa-preta concedida por,confirmed,high,Lineage declarada no perfil: Carlos Gracie > Helio Gracie > Carlson Gracie > Ricardo Libório > André Almeida > Leandro Escobar > Rafael Formiga > Vitória de Assis
bjj-v_flavio_soldado-203,v_flavio_soldado,Flávio Soldado,203,Julio Cesar,black_belt_awarded_by,Faixa-preta concedida por,confirmed,high,Lineage declarada no perfil: Luis França > Oswaldo Fadda > Monir Salomão > Júlio César Pereira > Flávio Soldado > Vitoria Vieira
bjj-12594-v_flavio_soldado,12594,Vitoria Vieira,v_flavio_soldado,Flávio Soldado,black_belt_awarded_by,Faixa-preta concedida por,confirmed,high,Lineage declarada no perfil: Luis França > Oswaldo Fadda > Monir Salomão > Júlio César Pereira > Flávio Soldado > Vitoria Vieira
bjj-338-hist_rolls,338,Ricardo Vieira,hist_rolls,Rolls Gracie,black_belt_awarded_by,Faixa-preta concedida por,confirmed,high,Lineage declarada no perfil: Mitsuyo Maeda > Carlos Gracie > Helio Gracie > Rolls Gracie > Romero Cavalcanti > Roberto Traven > Muzio de Angelis > Gile Ribeiro > Wagner “Galeto” Campos
bjj-1204-338,1204,Roberto Traven,338,Ricardo Vieira,black_belt_awarded_by,Faixa-preta concedida por,confirmed,high,Lineage declarada no perfil: Mitsuyo Maeda > Carlos Gracie > Helio Gracie > Rolls Gracie > Romero Cavalcanti > Roberto Traven > Muzio de Angelis > Gile Ribeiro > Wagner “Galeto” Campos
bjj-v_gile_ribeiro-702,v_gile_ribeiro,Gile Ribeiro,702,Muzio de Angelis,black_belt_awarded_by,Faixa-preta concedida por,confirmed,high,Lineage declarada no perfil: Mitsuyo Maeda > Carlos Gracie > Helio Gracie > Rolls Gracie > Romero Cavalcanti > Roberto Traven > Muzio de Angelis > Gile Ribeiro > Wagner “Galeto” Campos
bjj-272-v_gile_ribeiro,272,Wagner Campos,v_gile_ribeiro,Gile Ribeiro,black_belt_awarded_by,Faixa-preta concedida por,confirmed,high,Lineage declarada no perfil: Mitsuyo Maeda > Carlos Gracie > Helio Gracie > Rolls Gracie > Romero Cavalcanti > Roberto Traven > Muzio de Angelis > Gile Ribeiro > Wagner “Galeto” Campos
bjj-11709-11917,11709,Wallace Costa,11917,Gabriel Marinho,black_belt_awarded_by,Faixa-preta concedida por,confirmed,high,Lineage declarada no perfil: Luis França > Oswaldo Fadda > Monir Salomão > Júlio César > Gabriel Marinho > Wallace Costa
bjj-11572-8409,11572,Waldir Filho,8409,Ricardo Marques,black_belt_awarded_by,Faixa-preta concedida por,confirmed,high,Lineage declarada no perfil: Carlos Gracie > Carlson Gracie > Sergio Souza > Ricardo Marques > Waldyr Filho
bjj-508-22,508,Walid Ismail,22,Carlson Gracie,black_belt_awarded_by,Faixa-preta concedida por,confirmed,high,Lineage declarada no perfil: Carlos Gracie > Helio Gracie > Carlson Gracie > Wallid Ismail
bjj-v_washington_luis-2512,v_washington_luis,Washington Luis,2512,Cezar Guimarães,black_belt_awarded_by,Faixa-preta concedida por,confirmed,high,Lineage declarada no perfil: Carlos Gracie > Helio Gracie > Carlson Gracie > Walter Guimaraes > Cesar Guimaraes > Washington Luis
bjj-8842-1569,8842,Wanki Chae,1569,John Frankl,black_belt_awarded_by,Faixa-preta concedida por,confirmed,high,Lineage declarada no perfil: Mitsuyo Maeda > Carlos Gracie Sr. > Carlos Gracie Junior > Roberto Maia > John Frankl > Wanki Chae
bjj-v_polengue_dias-367,v_polengue_dias,Polengue Dias,367,Marlon Sandro,black_belt_awarded_by,Faixa-preta concedida por,confirmed,high,Lineage declarada no perfil: Carlos Gracie > Helio Gracie > Carlson Gracie > André Pederneiras > Marlon Sandro > Polengue Dias > Welerson Gonçalves
bjj-13209-v_polengue_dias,13209,Welerson Goncalves,v_polengue_dias,Polengue Dias,black_belt_awarded_by,Faixa-preta concedida por,confirmed,high,Lineage declarada no perfil: Carlos Gracie > Helio Gracie > Carlson Gracie > André Pederneiras > Marlon Sandro > Polengue Dias > Welerson Gonçalves
bjj-v_fabio_chemik-419,v_fabio_chemik,Fábio Chemik,419,Leonardo Vieira,black_belt_awarded_by,Faixa-preta concedida por,confirmed,high,Lineage declarada no perfil: Carlos Gracie > Helio Gracie > Rolls Gracie > Romero Cavalcanti > Leonardo Vieira > Fábio Chemik > Wilson Bueno
bjj-14067-v_fabio_chemik,14067,Wilson Bueno,v_fabio_chemik,Fábio Chemik,black_belt_awarded_by,Faixa-preta concedida por,confirmed,high,Lineage declarada no perfil: Carlos Gracie > Helio Gracie > Rolls Gracie > Romero Cavalcanti > Leonardo Vieira > Fábio Chemik > Wilson Bueno
bjj-11559-224,11559,William Abreu,224,Roberto Abreu,black_belt_awarded_by,Faixa-preta concedida por,confirmed,high,Lineage declarada no perfil: Carlos Gracie > Helio Gracie > Carlson Gracie > Francisco Toco > Roberto Abreu > William Abreu
bjj-11771-1207,11771,William Tackett,1207,Rodrigo Cabral,black_belt_awarded_by,Faixa-preta concedida por,confirmed,high,Lineage declarada no perfil: Carlos Gracie > Helio Gracie > Rolls Gracie > Romero Cavalcanti > Leo Vieira > Rodrigo Cabral > William Tackett
bjj-11794-963,11794,Willis Nunes,963,Carlos Vieira Holanda,black_belt_awarded_by,Faixa-preta concedida por,confirmed,high,Lineage declarada no perfil: Carlos Gracie > Reyson Gracie > Osvaldo Alves > Faustino Neto (Pina) > Carlos Holanda > Willis Nunes
bjj-v_wilson_moreira-1155,v_wilson_moreira,Wilson Moreira,1155,Cicero Costha,black_belt_awarded_by,Faixa-preta concedida por,confirmed,high,Lineage declarada no perfil: Carlos Gracie > Helio Gracie > Rickson Gracie > Marcelo Behring > Waldomiro Perez > Roberto Godoi > Marco Barbosa > Cicero Costha > Wilson Moreira
bjj-v_henrique_lima-396,v_henrique_lima,Henrique Lima,396,Carlos Vieira,black_belt_awarded_by,Faixa-preta concedida por,confirmed,high,Lineage declarada no perfil: Luiz França > Oswaldo Fadda > Jorge Pina > Carlos “Portugues” Vieira > Henrique Lima > Jakson Oliveira > Windson Torres
bjj-v_jakson_oliveira-v_henrique_lima,v_jakson_oliveira,Jakson Oliveira,v_henrique_lima,Henrique Lima,black_belt_awarded_by,Faixa-preta concedida por,confirmed,high,Lineage declarada no perfil: Luiz França > Oswaldo Fadda > Jorge Pina > Carlos “Portugues” Vieira > Henrique Lima > Jakson Oliveira > Windson Torres
bjj-14237-v_jakson_oliveira,14237,Windson Torres,v_jakson_oliveira,Jakson Oliveira,black_belt_awarded_by,Faixa-preta concedida por,confirmed,high,Lineage declarada no perfil: Luiz França > Oswaldo Fadda > Jorge Pina > Carlos “Portugues” Vieira > Henrique Lima > Jakson Oliveira > Windson Torres
bjj-8119-903,8119,Xiong Yuxing,903,Leticia Ribeiro,black_belt_awarded_by,Faixa-preta concedida por,confirmed,high,Lineage declarada no perfil: Carlos Gracie > Helio Gracie > Royler Gracie > Vini Aieta > Letícia Ribeiro > Xiong Yuxing
bjj-8938-515,8938,Jorge Britto,515,Royler Gracie,black_belt_awarded_by,Faixa-preta concedida por,confirmed,high,Lineage declarada no perfil: Mitsuyo Maeda > Carlos Gracie > Helio Gracie > Royler Gracie > Jorge Britto > Yacinta Nguyen
bjj-8783-8938,8783,Yacinta Nguyen,8938,Jorge Britto,black_belt_awarded_by,Faixa-preta concedida por,confirmed,high,Lineage declarada no perfil: Mitsuyo Maeda > Carlos Gracie > Helio Gracie > Royler Gracie > Jorge Britto > Yacinta Nguyen
bjj-5347-1155,5347,Yago de Souza,1155,Cicero Costha,black_belt_awarded_by,Faixa-preta concedida por,confirmed,high,Lineage declarada no perfil: Carlos Gracie > Helio Gracie > Rickson Gracie > Marcelo Behring > Waldomiro Perez > Roberto Godoi > Marco Barbosa > Cicero Costha > Yago de Souza
bjj-v_paulo_henrique_lima_cintra-1855,v_paulo_henrique_lima_cintra,Paulo Henrique Lima Cintra,1855,Fernando Guimaraes,black_belt_awarded_by,Faixa-preta concedida por,confirmed,high,Lineage declarada no perfil: Carlos Gracie > Carlson Gracie > André Pederneiras > Fernando Marques > Paulo Henrique Lima Cintra > Ubiratam dos Santos > Yatan Bueno
bjj-v_ubiratam_dos_santos-v_paulo_henrique_lima_cintra,v_ubiratam_dos_santos,Ubiratam dos Santos,v_paulo_henrique_lima_cintra,Paulo Henrique Lima Cintra,black_belt_awarded_by,Faixa-preta concedida por,confirmed,high,Lineage declarada no perfil: Carlos Gracie > Carlson Gracie > André Pederneiras > Fernando Marques > Paulo Henrique Lima Cintra > Ubiratam dos Santos > Yatan Bueno
bjj-12055-v_ubiratam_dos_santos,12055,Yatan Bueno,v_ubiratam_dos_santos,Ubiratam dos Santos,black_belt_awarded_by,Faixa-preta concedida por,confirmed,high,Lineage declarada no perfil: Carlos Gracie > Carlson Gracie > André Pederneiras > Fernando Marques > Paulo Henrique Lima Cintra > Ubiratam dos Santos > Yatan Bueno
bjj-10897-693,10897,Yara Soares,693,Luiz Guilherme,black_belt_awarded_by,Faixa-preta concedida por,confirmed,high,Lineage declarada no perfil: Carlos Gracie > Helio Gracie > Rickson G. > Jorge Pereira > Luiz Guilherme > Yara Soares
bjj-v_arturo_wesson-52,v_arturo_wesson,Arturo Wesson,52,Renzo Gracie,black_belt_awarded_by,Faixa-preta concedida por,confirmed,high,Lineage declarada no perfil: Carlos Gracie > Helio Gracie > Carlos Gracie Jr > Renzo Gracie > Arturo Wesson > Yigit Hanay
bjj-13871-v_arturo_wesson,13871,Yigit Hanay,v_arturo_wesson,Arturo Wesson,black_belt_awarded_by,Faixa-preta concedida por,confirmed,high,Lineage declarada no perfil: Carlos Gracie > Helio Gracie > Carlos Gracie Jr > Renzo Gracie > Arturo Wesson > Yigit Hanay
bjj-v_irami_rocha-527,v_irami_rocha,Irami Rocha,527,Oswaldo Fadda,black_belt_awarded_by,Faixa-preta concedida por,confirmed,high,Lineage declarada no perfil: Mitsuyo Maeda > Luiz França > Oswaldo Fadda > Irami Rocha > Márcio Rodrigues > Ygor Rodrigues
bjj-5609-v_irami_rocha,5609,Marcio Rodrigues,v_irami_rocha,Irami Rocha,black_belt_awarded_by,Faixa-preta concedida por,confirmed,high,Lineage declarada no perfil: Mitsuyo Maeda > Luiz França > Oswaldo Fadda > Irami Rocha > Márcio Rodrigues > Ygor Rodrigues
bjj-9121-5609,9121,Ygor Rodrigues,5609,Marcio Rodrigues,black_belt_awarded_by,Faixa-preta concedida por,confirmed,high,Lineage declarada no perfil: Mitsuyo Maeda > Luiz França > Oswaldo Fadda > Irami Rocha > Márcio Rodrigues > Ygor Rodrigues
bjj-v_changuk_jung-1569,v_changuk_jung,Changuk Jung,1569,John Frankl,black_belt_awarded_by,Faixa-preta concedida por,confirmed,high,Lineage declarada no perfil: Carlos Gracie > Helio Gracie > Carlos Gracie Jr > Roberto Maia > John Frankl > Changuk Jung > Youngseung Cho
bjj-13389-v_changuk_jung,13389,Youngseung Cho,v_changuk_jung,Changuk Jung,black_belt_awarded_by,Faixa-preta concedida por,confirmed,high,Lineage declarada no perfil: Carlos Gracie > Helio Gracie > Carlos Gracie Jr > Roberto Maia > John Frankl > Changuk Jung > Youngseung Cho
bjj-v_naoya_uematsu-1882,v_naoya_uematsu,Naoya Uematsu,1882,Mitsuyoshi Hayakawa,black_belt_awarded_by,Faixa-preta concedida por,confirmed,high,Lineage declarada no perfil: Carlos Gracie > Helio Gracie > Rolls Gracie > Romero Cavalcanti > Alexandre Paiva > Mitsuyoshi Hayakawa > Naoya Uematsu > Yuta Shimada
bjj-8536-v_naoya_uematsu,8536,Yuta Shimada,v_naoya_uematsu,Naoya Uematsu,black_belt_awarded_by,Faixa-preta concedida por,confirmed,high,Lineage declarada no perfil: Carlos Gracie > Helio Gracie > Rolls Gracie > Romero Cavalcanti > Alexandre Paiva > Mitsuyoshi Hayakawa > Naoya Uematsu > Yuta Shimada
bjj-11212-1155,11212,Yuri Hendrex,1155,Cicero Costha,black_belt_awarded_by,Faixa-preta concedida por,confirmed,high,Lineage declarada no perfil: Carlos Gracie > Helio Gracie > Rickson Gracie > Marcelo Behring > Waldomiro Perez > Roberto Godoi > Marco Barbosa > Cicero Costha > Yuri Hendrex
bjj-601-720,601,Roberto Godoi,720,Jorge Patino,black_belt_awarded_by,Faixa-preta concedida por,confirmed,high,Lineage declarada no perfil: Carlos Gracie > Helio Gracie > Rickson Gracie > Marcelo Behring > Valdomiro Junior > Jorge Patino > Roberto Godoi > Roger Coelho & Antônio Cicconi > Rodrigo Menezes & Carlos Augusto ( Guto ) > Yuri Silva
bjj-v_roger_coelho_antonio_cicconi-601,v_roger_coelho_antonio_cicconi,Roger Coelho & Antônio Cicconi,601,Roberto Godoi,black_belt_awarded_by,Faixa-preta concedida por,confirmed,high,Lineage declarada no perfil: Carlos Gracie > Helio Gracie > Rickson Gracie > Marcelo Behring > Valdomiro Junior > Jorge Patino > Roberto Godoi > Roger Coelho & Antônio Cicconi > Rodrigo Menezes & Carlos Augusto ( Guto ) > Yuri Silva
bjj-v_rodrigo_menezes_carlos_augusto_guto-v_roger_coelho_antonio_cicconi,v_rodrigo_menezes_carlos_augusto_guto,Rodrigo Menezes & Carlos Augusto ( Guto ),v_roger_coelho_antonio_cicconi,Roger Coelho & Antônio Cicconi,black_belt_awarded_by,Faixa-preta concedida por,confirmed,high,Lineage declarada no perfil: Carlos Gracie > Helio Gracie > Rickson Gracie > Marcelo Behring > Valdomiro Junior > Jorge Patino > Roberto Godoi > Roger Coelho & Antônio Cicconi > Rodrigo Menezes & Carlos Augusto ( Guto ) > Yuri Silva
bjj-14266-v_rodrigo_menezes_carlos_augusto_guto,14266,Yuri da Silva,v_rodrigo_menezes_carlos_augusto_guto,Rodrigo Menezes & Carlos Augusto ( Guto ),black_belt_awarded_by,Faixa-preta concedida por,confirmed,high,Lineage declarada no perfil: Carlos Gracie > Helio Gracie > Rickson Gracie > Marcelo Behring > Valdomiro Junior > Jorge Patino > Roberto Godoi > Roger Coelho & Antônio Cicconi > Rodrigo Menezes & Carlos Augusto ( Guto ) > Yuri Silva
bjj-3569-524,3569,Yvone Duarte,524,Osvaldo Alves,black_belt_awarded_by,Faixa-preta concedida por,confirmed,high,Lineage declarada no perfil: Carlos Gracie sr > Reyson Gracie > Osvaldo Alves > Yvone Duarte
bjj-12227-4317,12227,Zach Maslany,4317,Eddie Bravo,black_belt_awarded_by,Faixa-preta concedida por,confirmed,high,Lineage declarada no perfil: Carlos Gracie > Hélio Gracie > Carlos Gracie Jr > JJ Machado > Eddie Bravo > Zach Maslany
bjj-13341-415,13341,Zach Kaina,415,Guilherme Mendes,black_belt_awarded_by,Faixa-preta concedida por,confirmed,high,Lineage declarada no perfil: Carlos Gracie > Carlson Gracie > André Pederneiras > Ramon Lemos > Guilherme Mendes > Zach Kaina
bjj-6507-481,6507,Regis Lebre,481,Saulo Ribeiro,black_belt_awarded_by,Faixa-preta concedida por,confirmed,high,Lineage declarada no perfil: Mitsuyo Maeda > Carlos Gracie > Helio Gracie > Royler Gracie > Saulo Ribeiro > Regis Lebre > Zak Maxwell
bjj-1137-6507,1137,Zak Maxwell,6507,Regis Lebre,black_belt_awarded_by,Faixa-preta concedida por,confirmed,high,Lineage declarada no perfil: Mitsuyo Maeda > Carlos Gracie > Helio Gracie > Royler Gracie > Saulo Ribeiro > Regis Lebre > Zak Maxwell
bjj-fg-legacy-55-322,fg-legacy-55,Ribamar Santiago,322,Fabio Gurgel,black_belt_awarded_by,Faixa-preta concedida por,confirmed,high,Lineage declarada no perfil: Carlos Gracie > Helio Gracie > Rolls Gracie > Romero Cavalcanti > Fábio Gurgel > Ribamar Santiago > Zayed Alkatheeri
bjj-12968-fg-legacy-55,12968,Zayed Alkatheeri,fg-legacy-55,Ribamar Santiago,black_belt_awarded_by,Faixa-preta concedida por,confirmed,high,Lineage declarada no perfil: Carlos Gracie > Helio Gracie > Rolls Gracie > Romero Cavalcanti > Fábio Gurgel > Ribamar Santiago > Zayed Alkatheeri
bjj-4310-4411,4310,Tim Spriggs,4411,Julius Park,black_belt_awarded_by,Faixa-preta concedida por,confirmed,high,Lineage declarada no perfil: Carlos Gracie (senior) > Helio Gracie > Rickson Gracie > Jorge Pereira > Leonardo Dalla > Lloyd Irvin > Julius Park > Tim Spriggs
bjj-4381-v_wilson_junior,4381,Alain Pozo,v_wilson_junior,Wilson Junior,black_belt_awarded_by,Faixa-preta concedida por,confirmed,high,Lineage declarada no perfil: Carlos Gracie > Helio Gracie > Carlson Gracie > Ricardo Libório > Bebeo Duarte > Nelson Solari > Wilson Junior > Alain Pozo
bjj-4420-297,4420,Jacob McKee,297,Carlos Gracie Junior,black_belt_awarded_by,Faixa-preta concedida por,confirmed,high,Lineage declarada no perfil: Mitsuyo Maeda > Carlos Gracie Sr. > Helio Gracie > Carlos Gracie Junior > Jacob McKee
bjj-415-179,415,Guilherme Mendes,179,Rafael Mendes,black_belt_awarded_by,Faixa-preta concedida por,confirmed,high,Lineage declarada no perfil: Mitsuyo Maeda > Carlos Gracie > Carlson Gracie > Andre Pederneiras > Ramon Lemos > Rafael Mendes > Guilherme Mendes > Riccardo Ammendolia
bjj-4437-415,4437,Riccardo Ammendolia,415,Guilherme Mendes,black_belt_awarded_by,Faixa-preta concedida por,confirmed,high,Lineage declarada no perfil: Mitsuyo Maeda > Carlos Gracie > Carlson Gracie > Andre Pederneiras > Ramon Lemos > Rafael Mendes > Guilherme Mendes > Riccardo Ammendolia
bjj-v_fabiano_gaudio-2512,v_fabiano_gaudio,Fabiano Gaudio,2512,Cezar Guimarães,black_belt_awarded_by,Faixa-preta concedida por,confirmed,high,Lineage declarada no perfil: Carlos Gracie > Helio Gracie > Carlson Gracie > Walter Guimaraes > Cesar Guimaraes > Fabiano Gaudio > Patrick Gaudio
bjj-4430-v_fabiano_gaudio,4430,Patrick Gaudio,v_fabiano_gaudio,Fabiano Gaudio,black_belt_awarded_by,Faixa-preta concedida por,confirmed,high,Lineage declarada no perfil: Carlos Gracie > Helio Gracie > Carlson Gracie > Walter Guimaraes > Cesar Guimaraes > Fabiano Gaudio > Patrick Gaudio
bjj-4460-v_renato_veras,4460,Jaime Canuto,v_renato_veras,Renato Verás,black_belt_awarded_by,Faixa-preta concedida por,confirmed,high,Lineage declarada no perfil: Luis França > O. Fadda > Monir Salomão > Julio Cesar > Renato Verás > Jaime Canuto
bjj-4465-144,4465,Andris Brunovskis,144,Andre Galvao,black_belt_awarded_by,Faixa-preta concedida por,confirmed,high,Lineage declarada no perfil: M. Maeda > Carlos Gracie > Rey. Gracie > Osv. Alves > Luis Dagmar > André Galvão > Andris Brunovskis
bjj-4481-714,4481,Mauro Ayres,714,Francisco Albuquerque,black_belt_awarded_by,Faixa-preta concedida por,confirmed,high,Lineage declarada no perfil: Mitsuyo Maeda > Carlos Gracie > Carlson Gracie > Francisco Albuquerque > Mauro Ayres
bjj-4485-515,4485,Paulo Brandão,515,Royler Gracie,black_belt_awarded_by,Faixa-preta concedida por,confirmed,high,Lineage declarada no perfil: Mitsuyo Maeda > Carlos Gracie > Helio Gracie > Royler Gracie > Paulo Brandão
bjj-v_michael_liera-144,v_michael_liera,Michael Liera,144,Andre Galvao,black_belt_awarded_by,Faixa-preta concedida por,confirmed,high,Lineage declarada no perfil: Carlos Gracie > Rey. Gracie > Osvaldo Alves > Luis Dagmar > André Galvão > Michael Liera
bjj-4641-1445,4641,Fabio Monteiro,1445,Rolker Gracie,black_belt_awarded_by,Faixa-preta concedida por,confirmed,high,Lineage declarada no perfil: Mitsuyo Maeda > Carlos Gracie > Helio Gracie > Royler Gracie > Rolker Gracie > Binho Monteiro
bjj-4521-luiz-guilherme-guigo,4521,Erberth Santos,luiz-guilherme-guigo,Luis Guilherme,black_belt_awarded_by,Faixa-preta concedida por,confirmed,high,Lineage declarada no perfil: C. Gracie > Helio Gracie > Rickson Gracie > Jorge Pereira > Luis Guilherme > Erberth Santos
bjj-4687-67,4687,Henry Akins,67,Rickson Gracie,black_belt_awarded_by,Faixa-preta concedida por,confirmed,high,Lineage declarada no perfil: Mitsuyo Maeda > Carlos Gracie > Helio Gracie > Rickson Gracie > Henry Akins
bjj-4676-553,4676,Renato Miragaia,553,Roberto Correa,black_belt_awarded_by,Faixa-preta concedida por,confirmed,high,Lineage declarada no perfil: Mitsuyo Maeda > Carlos Gracie Sr. > Carlos Gracie Junior > Roberto Correa > Renato Miragaia
bjj-4943-297,4943,Bruno Fernandes,297,Carlos Gracie Junior,black_belt_awarded_by,Faixa-preta concedida por,confirmed,high,Lineage declarada no perfil: Mitsuyo Maeda > Carlos Gracie Sr. > Helio Gracie > Carlos Gracie Junior > Bruno Fernandes
bjj-4912-355,4912,Fernando Gurgel,355,Romero Cavalcanti,black_belt_awarded_by,Faixa-preta concedida por,confirmed,high,Lineage declarada no perfil: Mitsuyo Maeda > Carlos Gracie > Helio Gracie > Rolls Gracie > Romero Cavalcanti > Fernando Gurgel
bjj-4717-297,4717,Luis Carlos Atalla,297,Carlos Gracie Junior,black_belt_awarded_by,Faixa-preta concedida por,confirmed,high,Lineage declarada no perfil: Mitsuyo Maeda > Carlos Gracie Sr. > Helio Gracie > Carlos Gracie Junior > Luca Atalla
bjj-4740-515,4740,Marcelo Mello,515,Royler Gracie,black_belt_awarded_by,Faixa-preta concedida por,confirmed,high,Lineage declarada no perfil: Mitsuyo Maeda > Carlos Gracie > Helio Gracie > Royler Gracie > Marcelo Mello
bjj-4859-224,4859,Ricardo Rezende,224,Roberto Abreu,black_belt_awarded_by,Faixa-preta concedida por,confirmed,high,Lineage declarada no perfil: Mitsuyo Maeda > Carlos Gracie > Carlson Gracie > Francisco Albuquerque > Roberto Abreu > Ricardo Rezende
bjj-4864-v_aloisio_silva,4864,Alexandre Dantas,v_aloisio_silva,Aloísio Silva,black_belt_awarded_by,Faixa-preta concedida por,confirmed,high,Lineage declarada no perfil: Mitsuyo Maeda > Carlos Gracie Sr. > Robson Gracie > Aloisio Silva > Alexandre Dantas
bjj-4851-338,4851,Kim Terra,338,Ricardo Vieira,black_belt_awarded_by,Faixa-preta concedida por,confirmed,high,Lineage declarada no perfil: C. Gracie > Helio Gracie > Rolls Gracie > Romero Cavalcanti > Ricardo Vieira > Kim Terra
bjj-4877-67,4877,Sergio Jardim,67,Rickson Gracie,black_belt_awarded_by,Faixa-preta concedida por,confirmed,high,Lineage declarada no perfil: Mitsuyo Maeda > Carlos Gracie > Helio Gracie > Rickson Gracie > Sergio Jardim
bjj-4838-790,4838,Monique Elias,790,Mario Reis,black_belt_awarded_by,Faixa-preta concedida por,confirmed,high,Lineage declarada no perfil: M. Maeda > Carlos Gracie > Helio Gracie > Alvaro Barreto > Sylvio Behring > Mario Reis > Monique Elias
bjj-4960-138,4960,Dimitrius Souza,138,Sergio Moraes,black_belt_awarded_by,Faixa-preta concedida por,confirmed,high,Lineage declarada no perfil: Carlos Gracie > Reyson Gracie > Osvaldo Alves > Luis Dagmar > André Galvão > Everdan Olegário > Sergio Moraes > Dimitrius Souza
bjj-4993-481,4993,Rodrigo Pagani,481,Saulo Ribeiro,black_belt_awarded_by,Faixa-preta concedida por,confirmed,high,Lineage declarada no perfil: Mitsuyo Maeda > Carlos Gracie > Helio Gracie > Royler Gracie > Saulo Ribeiro > Rodrigo Pagani
bjj-4996-4317,4996,Geovanny Martinez,4317,Eddie Bravo,black_belt_awarded_by,Faixa-preta concedida por,confirmed,high,Lineage declarada no perfil: Carlos Gracie (Senior) > Hélio Gracie > Carlos Gracie Júnior > Jean Jaques Machado > Eddie Bravo > Geo Martinez
bjj-luis-roberto-duarte-bebeo-627,luis-roberto-duarte-bebeo,Luis Duarte,627,Murilo Bustamante,black_belt_awarded_by,Faixa-preta concedida por,confirmed,high,Lineage declarada no perfil: Mitsuyo Maeda > Carlos Gracie > Carlson Gracie > Murilo Bustamante > Luis Duarte > Fabiano Scherner
bjj-5016-luis-roberto-duarte-bebeo,5016,Fabiano Scherner,luis-roberto-duarte-bebeo,Luis Duarte,black_belt_awarded_by,Faixa-preta concedida por,confirmed,high,Lineage declarada no perfil: Mitsuyo Maeda > Carlos Gracie > Carlson Gracie > Murilo Bustamante > Luis Duarte > Fabiano Scherner
bjj-5020-3220,5020,Enson Inoue,3220,John Lewis,black_belt_awarded_by,Faixa-preta concedida por,confirmed,high,Lineage declarada no perfil: Mitsuyo Maeda > Carlos Gracie > Carlson Gracie > Andre Pederneiras > John Lewis > Enson Inoue
bjj-v_jonathas_couto-helio-soneca-moreira,v_jonathas_couto,Jonathas Couto,helio-soneca-moreira,Helio Soneca,black_belt_awarded_by,Faixa-preta concedida por,confirmed,high,Lineage declarada no perfil: Mitsuyo Maeda > Carlos Gracie Sr. > Carlos Gracie Junior > Helio Soneca > Jonathas Couto > João Pedro Rodrigues
bjj-5114-v_jonathas_couto,5114,Joao Pedro Rodrigues,v_jonathas_couto,Jonathas Couto,black_belt_awarded_by,Faixa-preta concedida por,confirmed,high,Lineage declarada no perfil: Mitsuyo Maeda > Carlos Gracie Sr. > Carlos Gracie Junior > Helio Soneca > Jonathas Couto > João Pedro Rodrigues
bjj-5135-22,5135,Carlos Rosado,22,Carlson Gracie,black_belt_awarded_by,Faixa-preta concedida por,confirmed,high,Lineage declarada no perfil: Mitsuyo Maeda > Carlos Gracie > Carlson Gracie > Carlos Rosado
bjj-5157-22,5157,Vinicius Cruz,22,Carlson Gracie,black_belt_awarded_by,Faixa-preta concedida por,confirmed,high,Lineage declarada no perfil: Mitsuyo Maeda > Carlos Gracie > Carlson Gracie > Vinícius Cruz
bjj-5162-1631,5162,Rosangela Conceicao,1631,Sylvio Behring,black_belt_awarded_by,Faixa-preta concedida por,confirmed,high,Lineage declarada no perfil: Mitsuyo Maeda > Carlos Gracie > Helio Gracie > Alvaro Barreto > Sylvio Behring > Rosângela Conceição
bjj-5206-78,5206,Andre Motta,78,Andre Pederneiras,black_belt_awarded_by,Faixa-preta concedida por,confirmed,high,Lineage declarada no perfil: Mitsuyo Maeda > Carlos Gracie > Carlson Gracie > Andre Pederneiras > Andre Motta
bjj-5223-22,5223,Carlos Rollyson,22,Carlson Gracie,black_belt_awarded_by,Faixa-preta concedida por,confirmed,high,Lineage declarada no perfil: Mitsuyo Maeda > Carlos Gracie > Carlson Gracie > Carlos Rollyson
bjj-v_moacir_omena-361,v_moacir_omena,(Moacir Omena,361,Ricardo De La Riva,black_belt_awarded_by,Faixa-preta concedida por,confirmed,high,Lineage declarada no perfil: Mitsuyo Maeda > Carlos Gracie > Carlson Gracie > Ricardo De La Riva > (Moacir Omena > ) Tony Passos
bjj-5320-v_moacir_omena,5320,Antonio Passos,v_moacir_omena,(Moacir Omena,black_belt_awarded_by,Faixa-preta concedida por,confirmed,high,Lineage declarada no perfil: Mitsuyo Maeda > Carlos Gracie > Carlson Gracie > Ricardo De La Riva > (Moacir Omena > ) Tony Passos
bjj-5391-396,5391,Dean Liebenberg,396,Carlos Vieira,black_belt_awarded_by,Faixa-preta concedida por,confirmed,high,Lineage declarada no perfil: Carlos Gracie > Helio Gracie > Rickson Gracie > Marcelo Behring > Valdomiro Junior > Milton Maximiliano > Carlos Vieira > Dean Liebenberg
bjj-5410-6342,5410,Venla Luukkonen,6342,Pedro Duarte,black_belt_awarded_by,Faixa-preta concedida por,confirmed,high,Lineage declarada no perfil: M. Maeda > Carlos Gracie > Helio Gr. > Carlson Gr. > Murilo Bustamante > Pedro Duarte > Venla Luukkonen
bjj-5417-5814,5417,Guilherme Augusto,5814,Everdan Olegario,black_belt_awarded_by,Faixa-preta concedida por,confirmed,high,Lineage declarada no perfil: Carlos Gracie > George Gracie > Octávio de Almeida > Moises Murad > Everdan Olegário > Guilherme Augusto
bjj-12084-2416,12084,Guilherme Lambertucci,2416,Felipe Pena,black_belt_awarded_by,Faixa-preta concedida por,confirmed,high,Lineage declarada no perfil: Carlos Gracie > Helio Gracie > Carlos Gracie Junior > Vinicius Magalhães (Draculino) > Marcelo Azevedo (Uirapuru) > Felipe Pena (Preguiça) > Guilherme Lambertucci
bjj-5453-446,5453,Herbert Burns,446,Gilbert Burns,black_belt_awarded_by,Faixa-preta concedida por,confirmed,high,Lineage declarada no perfil: Mitsuyo Maeda > Carlos Gracie > Carlson Gracie > Andre Pederneiras > Rafael Fofitio > Gilbert Burns > ) Herbert Burns
bjj-5473-419,5473,Ibrahim Inal,419,Leonardo Vieira,black_belt_awarded_by,Faixa-preta concedida por,confirmed,high,Lineage declarada no perfil: Mitsuyo Maeda > Carlos Gracie > Helio Gracie > Rolls Gracie > Romero Cavalcanti > Leonardo Vieira > İbrahim İnal
bjj-5509-v_jose_honorio,5509,Victor Honorio,v_jose_honorio,José Honório,black_belt_awarded_by,Faixa-preta concedida por,confirmed,high,Lineage declarada no perfil: Carlos Gracie > Helio Gracie > Carlson Gracie > Walter Guimaraes > Cezar Guimarães > José Honório > Victor Honório
bjj-7201-515,7201,Rodrigo Pinheiro,515,Royler Gracie,black_belt_awarded_by,Faixa-preta concedida por,confirmed,high,Lineage declarada no perfil: Carlos Gracie > Helio Gracie > Royler Gracie > Rodrigo Pinheiro > Manuel Ribamar
bjj-5636-7201,5636,Manuel Ribamar,7201,Rodrigo Pinheiro,black_belt_awarded_by,Faixa-preta concedida por,confirmed,high,Lineage declarada no perfil: Carlos Gracie > Helio Gracie > Royler Gracie > Rodrigo Pinheiro > Manuel Ribamar
bjj-5617-52,5617,Jamie Cruz,52,Renzo Gracie,black_belt_awarded_by,Faixa-preta concedida por,confirmed,high,Lineage declarada no perfil: Mitsuyo Maeda > Carlos Gracie > Helio Gracie > Carlos Gracie Jr > Renzo Gracie > Jamie Cruz
bjj-5592-1781,5592,Alan Marques,1781,Ralph Gracie,black_belt_awarded_by,Faixa-preta concedida por,confirmed,high,Lineage declarada no perfil: Mitsuyo Maeda > Carlos Gracie Sr. > Helio Gracie > Carlos Gracie Junior > Ralph Gracie > Alan Marques
bjj-5578-278,5578,Emily Kwok,278,Ricardo Almeida,black_belt_awarded_by,Faixa-preta concedida por,confirmed,high,Lineage declarada no perfil: Mitsuyo Maeda > Carlos Gracie Sr. > Helio Gracie > Carlos Gracie Junior > Renzo Gracie > Ricardo Almeida > Emily Kwok
bjj-5549-515,5549,Louis Vintaloro,515,Royler Gracie,black_belt_awarded_by,Faixa-preta concedida por,confirmed,high,Lineage declarada no perfil: Mitsuyo Maeda > Carlos Gracie > Helio Gracie > Royler Gracie > Louis Vintaloro
bjj-5751-1957,5751,Steve Maxwell,1957,Relson Gracie,black_belt_awarded_by,Faixa-preta concedida por,confirmed,high,Lineage declarada no perfil: Mitsuyo Maeda > Carlos Gracie > Helio Gracie > Relson Gracie > Steve Maxwell
bjj-v_nilson_liboni-515,v_nilson_liboni,Nilson Liboni,515,Royler Gracie,black_belt_awarded_by,Faixa-preta concedida por,confirmed,high,Lineage declarada no perfil: Mitsuyo Maeda > Carlos Gracie > Helio Gracie > Royler Gracie > Nilson Liboni > Massao Shinkai/Daniel Shinkai > Isaque Paiva
bjj-v_massao_shinkai_daniel_shinkai-v_nilson_liboni,v_massao_shinkai_daniel_shinkai,Massao Shinkai/Daniel Shinkai,v_nilson_liboni,Nilson Liboni,black_belt_awarded_by,Faixa-preta concedida por,confirmed,high,Lineage declarada no perfil: Mitsuyo Maeda > Carlos Gracie > Helio Gracie > Royler Gracie > Nilson Liboni > Massao Shinkai/Daniel Shinkai > Isaque Paiva
bjj-5715-v_massao_shinkai_daniel_shinkai,5715,Isaque Paiva,v_massao_shinkai_daniel_shinkai,Massao Shinkai/Daniel Shinkai,black_belt_awarded_by,Faixa-preta concedida por,confirmed,high,Lineage declarada no perfil: Mitsuyo Maeda > Carlos Gracie > Helio Gracie > Royler Gracie > Nilson Liboni > Massao Shinkai/Daniel Shinkai > Isaque Paiva
bjj-v_joaquina_bonfim-1633,v_joaquina_bonfim,Joaquina Bonfim,1633,Jose Olimpio,black_belt_awarded_by,Faixa-preta concedida por,confirmed,high,Lineage declarada no perfil: Mitsuyo Maeda > Carlos Gracie Sr. > Helio Gracie > Carlos Gracie Junior > José Olímpio > Joaquina Bonfim
bjj-5756-1155,5756,Wellington Luis,1155,Cicero Costha,black_belt_awarded_by,Faixa-preta concedida por,confirmed,high,Lineage declarada no perfil: Carlos Gracie > Helio Gracie > Rickson Gracie > Marcelo Behring > Waldomiro Perez > Roberto Godoi > Marco Barbosa > Cicero Costha > Wellington Luís
bjj-5909-543,5909,Thiago Abreu,543,Rodrigo Cavaca,black_belt_awarded_by,Faixa-preta concedida por,confirmed,high,Lineage declarada no perfil: Mitsuyo Maeda > Carlos Gracie > Carlson Gracie > Élcio Figueiredo > Rodrigo Cavaca > Thiago Abreu
bjj-5926-492,5926,Thiago Gaia,492,Marco Barbosa,black_belt_awarded_by,Faixa-preta concedida por,confirmed,high,Lineage declarada no perfil: Mitsuyo Maeda > Carlos Gracie > Helio Gracie > Rickson Gracie > Marcelo Behring > Waldomiro Perez > Roberto Godoi > Marco Barbosa > Thiago Gaia
bjj-5861-576,5861,Jared Dopp,576,Rafael Lovato Jr,black_belt_awarded_by,Faixa-preta concedida por,confirmed,high,Lineage declarada no perfil: Carlos Gracie > Helio Gracie > Carlos Gracie Junior > Carlos Machado > Rafael Lovato Junior > Jared Dopp
bjj-5842-1307,5842,Mahamed Aly,1307,Lloyd Irvin,black_belt_awarded_by,Faixa-preta concedida por,confirmed,high,Lineage declarada no perfil: Carlos Gracie > Helio Gracie > Rickson Gracie > Jorge Pereira > Leo Dalla > Lloyd Irvin > Mahamed Aly
bjj-5785-5869,5785,Paulo Guillobel,5869,Jorge Pereira,black_belt_awarded_by,Faixa-preta concedida por,confirmed,high,Lineage declarada no perfil: Mitsuyo Maeda > Carlos Gracie > Helio Gracie > Rickson Gracie > Jorge Pereira > Paulo Guillobel
bjj-5820-872,5820,Andre Glodzinski,872,Maximiliano Trombini,black_belt_awarded_by,Faixa-preta concedida por,confirmed,high,Lineage declarada no perfil: Mitsuyo Maeda > Carlos Gracie > Helio Gracie > Rickson Gracie > Marcelo Behring > Valdomiro Junior > Milton Maximiliano Trombini > André Glodzinski
bjj-5854-481,5854,Deborah Maxwell,481,Saulo Ribeiro,black_belt_awarded_by,Faixa-preta concedida por,confirmed,high,Lineage declarada no perfil: Mitsuyo Maeda > Carlos Gracie > Helio Gracie > Royler Gracie > Saulo Ribeiro > DC Maxwell
bjj-5873-1005,5873,Fabio Nascimento,1005,Moises Murad,black_belt_awarded_by,Faixa-preta concedida por,confirmed,high,Lineage declarada no perfil: Mitsuyo Maeda > Carlos Gracie > George Gracie > Octávio de Almeida > Moises Muradi > Fábio Nascimento
bjj-5883-88,5883,Felicia Oh,88,Jean Jacques Machado,black_belt_awarded_by,Faixa-preta concedida por,confirmed,high,Lineage declarada no perfil: Mitsuyo Maeda > Carlos Gracie Sr. > Carlos Gracie Junior > Jean Jacques Machado > Felicia Oh
bjj-5992-601,5992,Wilson Reis,601,Roberto Godoi,black_belt_awarded_by,Faixa-preta concedida por,confirmed,high,Lineage declarada no perfil: Mitsuyo Maeda > Carlos Gracie > Helio Gracie > Rickson Gracie > Marcelo Behring > Waldomiro Perez > Roberto Godoi > Wilson Reis
bjj-v_ataide_junior-381,v_ataide_junior,Ataíde Junior,381,Armando Wridt,black_belt_awarded_by,Faixa-preta concedida por,confirmed,high,Lineage declarada no perfil: Mitsuyo Maeda > Carlos Gracie > Helio Gracie > Armando Wridt > Ataíde Junior > Adriano Moraes
bjj-6054-v_ataide_junior,6054,Adriano Moraes,v_ataide_junior,Ataíde Junior,black_belt_awarded_by,Faixa-preta concedida por,confirmed,high,Lineage declarada no perfil: Mitsuyo Maeda > Carlos Gracie > Helio Gracie > Armando Wridt > Ataíde Junior > Adriano Moraes
bjj-v_nic_ruben-9587,v_nic_ruben,Nic Ruben,9587,Eduardo Rios,black_belt_awarded_by,Faixa-preta concedida por,confirmed,high,Lineage declarada no perfil: M. Maeda > Carlos Gracie > Helio G > Carlson G. > Ricardo Libório > Eduardo Rios > Nic Ruben
bjj-6046-3220,6046,Ghazaleh Parman,3220,John Lewis,black_belt_awarded_by,Faixa-preta concedida por,confirmed,high,Lineage declarada no perfil: Mitsuyo Maeda > Carlos Gracie > Carlson Gracie > Andre Pederneiras > John Lewis > Gazzy Parman
bjj-6060-996,6060,Tomoyuki Hashimoto,996,Yuki Nakai,black_belt_awarded_by,Faixa-preta concedida por,confirmed,high,Lineage declarada no perfil: Carlos Gracie Sr. > Carlos Gracie Junior > Yuki Nakai > Tomoyuki Hashimoto
bjj-6064-3220,6064,Steve da Silva,3220,John Lewis,black_belt_awarded_by,Faixa-preta concedida por,confirmed,high,Lineage declarada no perfil: Mitsuyo Maeda > Carlos Gracie > Carlson Gracie > André Pederneiras > John Lewis > Steve da Silva
bjj-6081-381,6081,Ataide Ludgero Junior,381,Armando Wridt,black_belt_awarded_by,Faixa-preta concedida por,confirmed,high,Lineage declarada no perfil: Mitsuyo Maeda > Carlos Gracie > > Carlos Gracie > Helio Gracie > Armando Wridt > Ataíde Junior
bjj-6095-16,6095,Mansher Khera,16,Marcelo Garcia,black_belt_awarded_by,Faixa-preta concedida por,confirmed,high,Lineage declarada no perfil: M. Maeda > C. Gracie > H. Gracie > R. Gracie > R. Cavalcanti > F. Gurgel > Marcelo Garcia > Mansher Khera
bjj-6103-147,6103,Isaac Doederlein,147,Rubens Charles,black_belt_awarded_by,Faixa-preta concedida por,confirmed,high,Lineage declarada no perfil: Carlos Gracie > Helio Gracie > Rolls Gracie > Romero Cavalcanti > Alexandre Paiva > Fernando Tererê > Rubens Charles > Isaac Doederlein
bjj-6149-8218,6149,Karen Antunes,8218,Mayko Araujo,black_belt_awarded_by,Faixa-preta concedida por,confirmed,high,Lineage declarada no perfil: Carlos Gracie > Helio Gracie > Rolls Gracie > Romero Cavalcanti > Leonardo Vieira > Mayko Araújo > Karen Antunes
bjj-6151-1155,6151,Hiago George,1155,Cicero Costha,black_belt_awarded_by,Faixa-preta concedida por,confirmed,high,Lineage declarada no perfil: Carlos Gracie > Helio Gracie > Rickson Gracie > Marcelo Behring > Waldomiro Perez > Roberto Godoi > Marco Barbosa > Cicero Costha > Hiago George
bjj-6156-147,6156,Tanner Rice,147,Rubens Charles,black_belt_awarded_by,Faixa-preta concedida por,confirmed,high,Lineage declarada no perfil: Carlos Gracie > Helio Gracie > Rolls Gracie > Romero Cavalcanti > Alexandre Paiva > Fernando Augusto > Rubens Charles > Tanner Rice
bjj-6167-88,6167,Ricco Rodriguez,88,Jean Jacques Machado,black_belt_awarded_by,Faixa-preta concedida por,confirmed,high,Lineage declarada no perfil: Mitsuyo Maeda > Carlos Gracie Sr. > Carlos Gracie Jr > Jean Jacques Machado > Ricco Rodriguez
bjj-6170-1716,6170,Luigi Mondelli,1716,Andre Almeida,black_belt_awarded_by,Faixa-preta concedida por,confirmed,high,Lineage declarada no perfil: Mitsuyo Maeda > Carlos Gracie > Helio Gracie > Carlson Gracie > Crézio de Souza > André Almeida > Luigi Mondelli
bjj-v_rodolfo_azevedo-6339,v_rodolfo_azevedo,Rodolfo Azevedo,6339,Admilson Brites,black_belt_awarded_by,Faixa-preta concedida por,confirmed,high,Lineage declarada no perfil: Mitsuyo Maeda > Carlos Gracie > Helio Gracie > Royler Gracie > Admilson Brites > Rodolfo Azevedo > Djalma Spindola
bjj-6196-v_rodolfo_azevedo,6196,Djalma Spindola,v_rodolfo_azevedo,Rodolfo Azevedo,black_belt_awarded_by,Faixa-preta concedida por,confirmed,high,Lineage declarada no perfil: Mitsuyo Maeda > Carlos Gracie > Helio Gracie > Royler Gracie > Admilson Brites > Rodolfo Azevedo > Djalma Spindola
bjj-6203-895,6203,Carlos Barreto,895,Sergio Souza,black_belt_awarded_by,Faixa-preta concedida por,confirmed,high,Lineage declarada no perfil: Mitsuyo Maeda > Carlos Gracie > Helio Gracie > Carlson Gracie > Sergio Souza > Carlos Barreto
bjj-v_ben_meireles-v_fabio_holanda,v_ben_meireles,Ben Meireles,v_fabio_holanda,Fábio Holanda,black_belt_awarded_by,Faixa-preta concedida por,confirmed,high,Lineage declarada no perfil: Mitsuyo Maeda > Carlos Gracie > Carlson Gracie > Murilo Bustamante > Fabio Holanda > Ben Meireles > Peter Tremblay > Alison Tremblay
bjj-v_peter_tremblay-v_ben_meireles,v_peter_tremblay,Peter Tremblay,v_ben_meireles,Ben Meireles,black_belt_awarded_by,Faixa-preta concedida por,confirmed,high,Lineage declarada no perfil: Mitsuyo Maeda > Carlos Gracie > Carlson Gracie > Murilo Bustamante > Fabio Holanda > Ben Meireles > Peter Tremblay > Alison Tremblay
bjj-v_alison_tremblay-v_peter_tremblay,v_alison_tremblay,Alison Tremblay,v_peter_tremblay,Peter Tremblay,black_belt_awarded_by,Faixa-preta concedida por,confirmed,high,Lineage declarada no perfil: Mitsuyo Maeda > Carlos Gracie > Carlson Gracie > Murilo Bustamante > Fabio Holanda > Ben Meireles > Peter Tremblay > Alison Tremblay
bjj-6236-378,6236,Sophia McDermott Drysdale,378,Robert Drysdale,black_belt_awarded_by,Faixa-preta concedida por,confirmed,high,Lineage declarada no perfil: Mitsuyo Maeda > Carlos Gracie > Helio Gracie > Rolls Gracie > Romero Cavalcanti > Leonardo Vieira > Robert Drysdale > Sophia Drysdale
bjj-6246-297,6246,Ailson Brites,297,Carlos Gracie Junior,black_belt_awarded_by,Faixa-preta concedida por,confirmed,high,Lineage declarada no perfil: Mitsuyo Maeda > Carlos Gracie Sr. > Helio Gracie > Carlos Gracie Jr > Ailson Brites
bjj-v_jose_augusto-524,v_jose_augusto,José Augusto,524,Osvaldo Alves,black_belt_awarded_by,Faixa-preta concedida por,confirmed,high,Lineage declarada no perfil: Mitsuyo Maeda > Carlos Gracie sr > Reyson Gracie > Osvaldo Alves > José Augusto > Diego Borges
bjj-6253-v_jose_augusto,6253,Diego Borges,v_jose_augusto,José Augusto,black_belt_awarded_by,Faixa-preta concedida por,confirmed,high,Lineage declarada no perfil: Mitsuyo Maeda > Carlos Gracie sr > Reyson Gracie > Osvaldo Alves > José Augusto > Diego Borges
bjj-v_ricardo_pinho-2091,v_ricardo_pinho,Ricardo Pinho,2091,Francisco Sa,black_belt_awarded_by,Faixa-preta concedida por,confirmed,high,Lineage declarada no perfil: Takeo Iano > Francisco Sá > Ricardo Pinho > Pirillo Roriz
bjj-6284-v_ricardo_pinho,6284,Pirillo Roriz,v_ricardo_pinho,Ricardo Pinho,black_belt_awarded_by,Faixa-preta concedida por,confirmed,high,Lineage declarada no perfil: Takeo Iano > Francisco Sá > Ricardo Pinho > Pirillo Roriz
bjj-v_faisal_al_ketbi-6286,v_faisal_al_ketbi,Faisal Al Ketbi,6286,Alex Paz,black_belt_awarded_by,Faixa-preta concedida por,confirmed,high,Lineage declarada no perfil: Mitsuyo Maeda > Carlos Gracie > Carlson Gracie > Murilo Bustamante > Ricardo Libório > Alex Paz > Faisal Al Ketbi
bjj-v_gilberto_gabas-492,v_gilberto_gabas,Gilberto Gabas,492,Marco Barbosa,black_belt_awarded_by,Faixa-preta concedida por,confirmed,high,Lineage declarada no perfil: Carlos Gracie > Helio Gracie > Rickson Gracie > Marcelo Behring > Waldomiro Perez > Roberto Godoi > Marco Barbosa > Gilberto Gabas > Arnaldo Maidana
bjj-6337-v_gilberto_gabas,6337,Arnaldo Maidana,v_gilberto_gabas,Gilberto Gabas,black_belt_awarded_by,Faixa-preta concedida por,confirmed,high,Lineage declarada no perfil: Carlos Gracie > Helio Gracie > Rickson Gracie > Marcelo Behring > Waldomiro Perez > Roberto Godoi > Marco Barbosa > Gilberto Gabas > Arnaldo Maidana
bjj-6328-147,6328,Jason Gagnon,147,Rubens Charles,black_belt_awarded_by,Faixa-preta concedida por,confirmed,high,Lineage declarada no perfil: Carlos Gracie > Helio Gracie > Rolls Gracie > Romero Cavalcanti > Alexandre Paiva > Fernando Terere > Rubens Charles > Jason Gagnon
bjj-v_marcio_barao-6683,v_marcio_barao,Márcio Barão,6683,Ryan Gracie,black_belt_awarded_by,Faixa-preta concedida por,confirmed,high,Lineage declarada no perfil: Carlos Gracie Sr > Carlos G. Jr > Ryan Gracie > Márcio Barão > Evandro Nunes
bjj-6324-v_marcio_barao,6324,Evandro Nunes,v_marcio_barao,Márcio Barão,black_belt_awarded_by,Faixa-preta concedida por,confirmed,high,Lineage declarada no perfil: Carlos Gracie Sr > Carlos G. Jr > Ryan Gracie > Márcio Barão > Evandro Nunes
bjj-v_marcel_goncalves-224,v_marcel_goncalves,Marcel Gonçalves,224,Roberto Abreu,black_belt_awarded_by,Faixa-preta concedida por,confirmed,high,Lineage declarada no perfil: Carlos Gracie > Carlson Gracie > Francisco Albuquerque (Toco) > Roberto Abreu > Marcel Gonçalves
bjj-6395-2322,6395,Chris Holdsworth,2322,Marc Laimon,black_belt_awarded_by,Faixa-preta concedida por,confirmed,high,Lineage declarada no perfil: M. Maeda > C. Gracie > Carlson Gracie > A. Pederneiras > J. Lewis > Marc Laimon > Chris Holdsworth
bjj-6375-702,6375,Ruan Oliveira,702,Muzio de Angelis,black_belt_awarded_by,Faixa-preta concedida por,confirmed,high,Lineage declarada no perfil: Mitsuyo Maeda > Carlos Gracie > Helio Gracie > Rolls Gracie > Romero Cavalcanti > Roberto Traven > Múzio de Angelis > Ruan de Oliveira
bjj-6366-975,6366,Brian Mahecha,975,Jonatas Gurgel,black_belt_awarded_by,Faixa-preta concedida por,confirmed,high,Lineage declarada no perfil: Carlos Gracie > Carlson Gracie > André Pederneiras > João Roque > Jonatas Gurgel > Brian Mahecha
bjj-6359-374,6359,Pedro Araujo,374,Vinicius Magalhaes,black_belt_awarded_by,Faixa-preta concedida por,confirmed,high,Lineage declarada no perfil: M. Maeda > Carlos Gracie > Helio Gracie > Carlos Gracie Jr > Vinicius Magalhães > Pedro Araújo
bjj-6354-16,6354,Jonathan Satava,16,Marcelo Garcia,black_belt_awarded_by,Faixa-preta concedida por,confirmed,high,Lineage declarada no perfil: Mitsuyo Maeda > Carlos Gracie > Helio Gracie > Rolls Gracie > Romero Cavalcanti > Fabio Gurgel > Marcelo Garcia > Jonathan Satava
bjj-6351-355,6351,Alec Baulding,355,Romero Cavalcanti,black_belt_awarded_by,Faixa-preta concedida por,confirmed,high,Lineage declarada no perfil: Mitsuyo Maeda > Carlos Gracie > Helio Gracie > Rolls Gracie > Romero Cavalcanti > Alec Baulding
bjj-6348-714,6348,Henrique Gama Filho,714,Francisco Albuquerque,black_belt_awarded_by,Faixa-preta concedida por,confirmed,high,Lineage declarada no perfil: Mitsuyo Maeda > Carlos Gracie > Carlson Gracie > Francisco Albuquerque > Henrique Gama Filho
bjj-6432-6284,6432,Yan Lucas,6284,Pirillo Roriz,black_belt_awarded_by,Faixa-preta concedida por,confirmed,high,Lineage declarada no perfil: Takeo Iano > Francisco Sá > Ricardo Pinho > Pirillo Roriz > Yan Lucas
bjj-v_pedro_gama-2003,v_pedro_gama,Pedro Gama,2003,Reyson Gracie,black_belt_awarded_by,Faixa-preta concedida por,confirmed,high,Lineage declarada no perfil: Mitsuyo Maeda > Carlos Gracie sr > Reyson Gracie > Pedro Gama
bjj-6454-875,6454,Patricia Fontes,875,Lucas Leite,black_belt_awarded_by,Faixa-preta concedida por,confirmed,high,Lineage declarada no perfil: Mitsuyo Maeda > Carlos Gracie > Helio Gracie > Rolls Gracie > Romero Cavalcanti > Leonardo Vieira > Lucas Leite > Patricia Fontes
bjj-6483-52,6483,Neiman Gracie,52,Renzo Gracie,black_belt_awarded_by,Faixa-preta concedida por,confirmed,high,Lineage declarada no perfil: Mitsuyo Maeda > Carlos Gracie > Helio Gracie > Carlos Gracie Jr > Renzo Gracie > Neiman Gracie
bjj-481-730,481,Saulo Ribeiro,730,Vinicius Aieta,black_belt_awarded_by,Faixa-preta concedida por,confirmed,high,Lineage declarada no perfil: Mitsuyo Maeda > Carlos Gracie > Helio Gracie > Royler Gracie > Vini Aieta > Saulo Ribeiro > Jorge Britto > Darson Hemmings
bjj-8938-481,8938,Jorge Britto,481,Saulo Ribeiro,black_belt_awarded_by,Faixa-preta concedida por,confirmed,high,Lineage declarada no perfil: Mitsuyo Maeda > Carlos Gracie > Helio Gracie > Royler Gracie > Vini Aieta > Saulo Ribeiro > Jorge Britto > Darson Hemmings
bjj-6493-8938,6493,Darson Hemmings,8938,Jorge Britto,black_belt_awarded_by,Faixa-preta concedida por,confirmed,high,Lineage declarada no perfil: Mitsuyo Maeda > Carlos Gracie > Helio Gracie > Royler Gracie > Vini Aieta > Saulo Ribeiro > Jorge Britto > Darson Hemmings
bjj-v_kristina_barlaan-582,v_kristina_barlaan,Kristina Barlaan,582,Caio Terra,black_belt_awarded_by,Faixa-preta concedida por,confirmed,high,Lineage declarada no perfil: Mitsuyo Maeda > Carlos Gracie Sr. > Reylson Gracie > Paulo Strauch > Caio Terra > Kristina Barlaan
bjj-6528-1813,6528,Bruno Moreno,1813,Jair Lourenco,black_belt_awarded_by,Faixa-preta concedida por,confirmed,high,Lineage declarada no perfil: Mitsuyo Maeda > Carlos Gracie > Carlson Gracie > André Pederneiras > Jair Lourenço > Bruno Moreno
bjj-6503-449,6503,Marcel Fortuna,449,Alexandre de Souza,black_belt_awarded_by,Faixa-preta concedida por,confirmed,high,Lineage declarada no perfil: Mitsuyo Maeda > Carlos Gracie > Helio Gracie > Crolin Gracie > Alexandre de Souza > Marcel Fortuna
bjj-6545-22,6545,Ricardo Velloso,22,Carlson Gracie,black_belt_awarded_by,Faixa-preta concedida por,confirmed,high,Lineage declarada no perfil: Mitsuyo Maeda > Carlos Gracie > Carlson Gracie > Ricardo Velloso
bjj-6563-1403,6563,Francisco Iturralde,1403,Fernando Di Piero,black_belt_awarded_by,Faixa-preta concedida por,confirmed,high,Lineage declarada no perfil: Mitsuyo Maeda > Carlos Gracie > Helio Gracie > Rolls Gracie > Romero Cavalcanti > Fábio Gurgel > Fernando Di Piero > Francisco Iturralde
bjj-6592-1583,6592,Dany Gerard,1583,Mike Fowler,black_belt_awarded_by,Faixa-preta concedida por,confirmed,high,Lineage declarada no perfil: Mitsuyo Maeda > Carlos Gracie > Helio Gracie > Rickson Gracie > Jorge Pereira > Leo Dalla > Lloyd Irvin > Mike Fowler > Dany Gerard
bjj-6596-790,6596,Jhonny Loureiro,790,Mario Reis,black_belt_awarded_by,Faixa-preta concedida por,confirmed,high,Lineage declarada no perfil: Mitsuyo Maeda > Carlos Gracie > Helio Gracie > Alvaro Barreto > Sylvio Behring > Mário Reis > Jhonny Loureiro
bjj-6618-613,6618,Luciana Dias,613,Wellington Dias,black_belt_awarded_by,Faixa-preta concedida por,confirmed,high,Lineage declarada no perfil: Mitsuyo Maeda > Carlos Gracie > Helio Gracie > Royler Gracie > Wellington Dias > ) Luciana Dias
bjj-v_diego_castelo_branco-4485,v_diego_castelo_branco,Diego Castelo Branco,4485,Paulo Brandão,black_belt_awarded_by,Faixa-preta concedida por,confirmed,high,Lineage declarada no perfil: Carlos Gracie > Helio Gracie > Royler Gracie > Paulo Brandão (Coelho) > Diego Castelo Branco > Luciana Mota
bjj-12788-v_diego_castelo_branco,12788,Luciana Mota,v_diego_castelo_branco,Diego Castelo Branco,black_belt_awarded_by,Faixa-preta concedida por,confirmed,high,Lineage declarada no perfil: Carlos Gracie > Helio Gracie > Royler Gracie > Paulo Brandão (Coelho) > Diego Castelo Branco > Luciana Mota
bjj-v_deborah_gracie-3090,v_deborah_gracie,Deborah Gracie,3090,Marcio Stambowsky,black_belt_awarded_by,Faixa-preta concedida por,confirmed,high,Lineage declarada no perfil: Mitsuyo Maeda > Carlos Gracie > Helio Gracie > Rolls Gracie > Márcio Stambowsky > Deborah Gracie
bjj-6674-v_eduardo_duarte,6674,Miguel Angel Alderete,v_eduardo_duarte,Eduardo Duarte,black_belt_awarded_by,Faixa-preta concedida por,confirmed,high,Lineage declarada no perfil: Carlos Gracie > Carlson Gracie > Andre Pederneiras > Eduardo Duarte > Miguel Ángel Alderete
bjj-v_rodrigo_antonio-78,v_rodrigo_antonio,Rodrigo Antônio,78,Andre Pederneiras,black_belt_awarded_by,Faixa-preta concedida por,confirmed,high,Lineage declarada no perfil: Mitsuyo Maeda > Carlos Gracie > Carlson Gracie > André Pederneiras > Rodrigo Antônio
bjj-6761-666,6761,Tayane Porfirio,666,Alexandre Paiva,black_belt_awarded_by,Faixa-preta concedida por,confirmed,high,Lineage declarada no perfil: Carlos Gracie > Helio Gracie > Rolls Gracie > Romero Cavalcanti > Alexandre Paiva > Tayane Porfirio
bjj-6765-v_thiago_de_oliveira,6765,Fernanda Mazzelli,v_thiago_de_oliveira,Thiago de Oliveira,black_belt_awarded_by,Faixa-preta concedida por,confirmed,high,Lineage declarada no perfil: Carlos Gracie > Carlson Gracie > Leo D’ilha > Flavio Ferreira > Thiago de Oliveira > Fernanda Mazzelli
bjj-6768-5223,6768,Adilson Lima,5223,Carlos Rollyson,black_belt_awarded_by,Faixa-preta concedida por,confirmed,high,Lineage declarada no perfil: Mitsuyo Maeda > Carlos Gracie > Carlson Gracie > Carlos Rollyson > Adilson Lima
bjj-7693-203,7693,Jose Carlos Granja,203,Julio Cesar,black_belt_awarded_by,Faixa-preta concedida por,confirmed,high,Lineage declarada no perfil: Mitsuyo Maeda > Luis França > Oswaldo Fadda > Monir Salomão > Julio Cesar Pereira > José Carlos
bjj-6805-203,6805,Max Gimenis,203,Julio Cesar,black_belt_awarded_by,Faixa-preta concedida por,confirmed,high,Lineage declarada no perfil: Luis França > Oswaldo Fadda > Monir Salomão > Julio Cesar Pereira > Max Gimenis
bjj-6825-322,6825,Fernando Andrade Reis,322,Fabio Gurgel,black_belt_awarded_by,Faixa-preta concedida por,confirmed,high,Lineage declarada no perfil: M. Maeda > C. Gracie > H. Gracie > Rolls Gracie > Romero Cavalcanti > Fábio Gurgel > Fernando Reis
bjj-6976-3371,6976,Vinicius Canevari,3371,Eduardo Venancio,black_belt_awarded_by,Faixa-preta concedida por,confirmed,high,Lineage declarada no perfil: Mitsuyo Maeda > Carlos Gracie > Carlson Gracie > Ricardo De La Riva > Eduardo Venâncio > Vinicius Canevari
bjj-v_nathiely_karoline-1155,v_nathiely_karoline,Nathiely Karoline,1155,Cicero Costha,black_belt_awarded_by,Faixa-preta concedida por,confirmed,high,Lineage declarada no perfil: Carlos Gracie > Helio Gracie > Rickson Gracie > Marcelo Behring > Waldomiro Perez > Roberto Godoi > Marco Barbosa > Cicero Costha > Nathiely Karoline
bjj-7002-1307,7002,Jamil Hill-Taylor,1307,Lloyd Irvin,black_belt_awarded_by,Faixa-preta concedida por,confirmed,high,Lineage declarada no perfil: Carlos Gracie > Helio Gracie > Rickson Gracie > Jorge Pereira > Leonardo Dalla > Lloyd Irvin > Shane Hill-Taylor
bjj-78-hist_carlos_sr,78,Andre Pederneiras,hist_carlos_sr,Carlos Gracie Senior,black_belt_awarded_by,Faixa-preta concedida por,confirmed,high,Lineage declarada no perfil: M. Maeda > C. Gracie > André Pederneiras > John Lewis > Enson Inoue > Stephen Roberto
bjj-7009-5020,7009,Stephen Roberto,5020,Enson Inoue,black_belt_awarded_by,Faixa-preta concedida por,confirmed,high,Lineage declarada no perfil: M. Maeda > C. Gracie > André Pederneiras > John Lewis > Enson Inoue > Stephen Roberto
bjj-7075-613,7075,Jack McVicker,613,Wellington Dias,black_belt_awarded_by,Faixa-preta concedida por,confirmed,high,Lineage declarada no perfil: Mitsuyo Maeda > Carlos Gracie > Helio Gracie > Royler Gracie > Wellington Dias > Jack McVicker
bjj-v_manoel_costa-2517,v_manoel_costa,Manoel Costa,2517,Wilson Mattos,black_belt_awarded_by,Faixa-preta concedida por,confirmed,high,Lineage declarada no perfil: Mitsuyo Maeda > Luis França > Oswaldo Fadda > Wilson Mattos > Manoel Costa > Ariadne Oliveira
bjj-7077-v_manoel_costa,7077,Ariadne de Oliveira,v_manoel_costa,Manoel Costa,black_belt_awarded_by,Faixa-preta concedida por,confirmed,high,Lineage declarada no perfil: Mitsuyo Maeda > Luis França > Oswaldo Fadda > Wilson Mattos > Manoel Costa > Ariadne Oliveira
bjj-7079-1204,7079,Carlos Farias,1204,Roberto Traven,black_belt_awarded_by,Faixa-preta concedida por,confirmed,high,Lineage declarada no perfil: Mitsuyo Maeda > Carlos Gracie > Helio Gracie > Rolls Gracie > Romero Cavalcanti > Roberto Traven > Carlos Farias
bjj-7103-437,7103,Wagner Mota,437,Fernando Augusto Silva,black_belt_awarded_by,Faixa-preta concedida por,confirmed,high,Lineage declarada no perfil: Mitsuyo Maeda > Carlos Gracie > Helio Gracie > Rolls Gracie > Romero Cavalcanti > Alexandre Paiva > Fernando Tererê > Wagner Mota
bjj-7106-1178,7106,Talita Alencar,1178,Theodoro Canal,black_belt_awarded_by,Faixa-preta concedida por,confirmed,high,Lineage declarada no perfil: L. França > O. Fadda > Monir Salomão > Julio César > Theodoro Canal > Talita Alencar
bjj-7111-6209,7111,Muslim Patsarigov,6209,Felipe Mota,black_belt_awarded_by,Faixa-preta concedida por,confirmed,high,Lineage declarada no perfil: M. Maeda > Carlos Gracie > Helio G > Rolls G. > R. Cavalcanti > O. Couto > Felipe Mota > Muslim Patsarigov
bjj-7114-921,7114,Marcus Antelante,921,Rafael Barbosa,black_belt_awarded_by,Faixa-preta concedida por,confirmed,high,Lineage declarada no perfil: Mitsuyo Maeda > Carlos Gracie > Helio Gracie > Carlson Gracie > Crézio de Souza > André Almeida > Rafael Barbosa > Marcus Antelante
bjj-7123-790,7123,Luiz Tosta,790,Mario Reis,black_belt_awarded_by,Faixa-preta concedida por,confirmed,high,Lineage declarada no perfil: Mitsuyo Maeda > C. Gracie > Helio Gracie > Alvaro Barreto > Sylvio Behring > Mario Reis > Luiz Tosta
bjj-7156-702,7156,Tiago Bravo,702,Muzio de Angelis,black_belt_awarded_by,Faixa-preta concedida por,confirmed,high,Lineage declarada no perfil: Carlos Gracie > Helio Gracie > Rolls Gracie > Romero Cavalcanti > Roberto Traven > Muzio Angelis > Tiago Bravo
bjj-7201-524,7201,Rodrigo Pinheiro,524,Osvaldo Alves,black_belt_awarded_by,Faixa-preta concedida por,confirmed,high,Lineage declarada no perfil: Mitsuyo Maeda > Carlos Gracie sr > Reyson Gracie > Osvaldo Alves > Rodrigo Pinheiro
bjj-7171-6339,7171,Tiago Pereira,6339,Admilson Brites,black_belt_awarded_by,Faixa-preta concedida por,confirmed,high,Lineage declarada no perfil: Mitsuyo Maeda > Carlos Gracie > Helio Gracie > Royler Gracie > Admilson Brites > Tiago Pereira
bjj-7140-588,7140,Fabricio Medeiros,588,Renato Tavares,black_belt_awarded_by,Faixa-preta concedida por,confirmed,high,Lineage declarada no perfil: Mitsuyo Maeda > Carlos Gracie > Carlson Gracie > Renato Tavares > Fabricio Medeiros
bjj-7256-1188,7256,Jan Buatim,1188,Leandro Lo,black_belt_awarded_by,Faixa-preta concedida por,confirmed,high,Lineage declarada no perfil: Mitsuyo Maeda > Carlos Gracie > Helio Gracie > Rickson Gracie > Marcelo Behring > Waldomiro Perez > Roberto Godoi > Marco Barbosa > Cicero Costha > Leandro Lo > Jan Buatim
bjj-v_marcos-v_ricardo_teixeira,v_marcos,Marcos/,v_ricardo_teixeira,Ricardo Teixeira,black_belt_awarded_by,Faixa-preta concedida por,confirmed,high,Lineage declarada no perfil: Carlos Gracie > Helio Gracie > Francisco Mansor > Joe Moreira > Ricardo Teixeira > Marcos/ > David Avellan > Enrico Cocco
bjj-7463-v_marcos,7463,David Avellan,v_marcos,Marcos/,black_belt_awarded_by,Faixa-preta concedida por,confirmed,high,Lineage declarada no perfil: Carlos Gracie > Helio Gracie > Francisco Mansor > Joe Moreira > Ricardo Teixeira > Marcos/ > David Avellan > Enrico Cocco
bjj-7247-7463,7247,Enrico Cocco,7463,David Avellan,black_belt_awarded_by,Faixa-preta concedida por,confirmed,high,Lineage declarada no perfil: Carlos Gracie > Helio Gracie > Francisco Mansor > Joe Moreira > Ricardo Teixeira > Marcos/ > David Avellan > Enrico Cocco
bjj-7231-582,7231,Manuel Diaz,582,Caio Terra,black_belt_awarded_by,Faixa-preta concedida por,confirmed,high,Lineage declarada no perfil: Mitsuyo Maeda > Carlos Gracie > Reylson Gracie > Paulo Maurício Strauch > Caio Terra > Manuel Diaz
bjj-7224-5814,7224,Diogo Almeida,5814,Everdan Olegario,black_belt_awarded_by,Faixa-preta concedida por,confirmed,high,Lineage declarada no perfil: Carlos Gracie > Reyson Gracie > Osvaldo Alves > Luis Dagmar > André Galvão > Everdan Olegário > Diogo Almeida
bjj-7218-112,7218,Outi Jarvilehto,112,Demian Maia,black_belt_awarded_by,Faixa-preta concedida por,confirmed,high,Lineage declarada no perfil: Mitsuyo Maeda > Carlos Gracie > Helio Gracie > Rolls Gracie > Romero Cavalcanti > Fabio Gurgel > Demian Maia > Outi Järvilehto
bjj-7289-524,7289,Paulo Caruso,524,Osvaldo Alves,black_belt_awarded_by,Faixa-preta concedida por,confirmed,high,Lineage declarada no perfil: Mitsuyo Maeda > Carlos Gracie sr > Reyson Gracie > Osvaldo Alves > Paulo Caruso
bjj-7329-v_laerte_barcelos,7329,Mauricio Pereira,v_laerte_barcelos,Laerte Barcelos,black_belt_awarded_by,Faixa-preta concedida por,confirmed,high,Lineage declarada no perfil: Mitsuyo Maeda > Carlos Gracie > Reyson Gracie > Osvaldo Alves > Laerte Barcelos > Mauricio Pereira
bjj-v_toni_pontes-78,v_toni_pontes,Toni Pontes,78,Andre Pederneiras,black_belt_awarded_by,Faixa-preta concedida por,confirmed,high,Lineage declarada no perfil: Mitsuyo Maeda > Carlos Gracie > Carlson Gracie > Andre Pederneiras > Toni Pontes > Roli Delgado
bjj-7352-v_toni_pontes,7352,Rolando Delgado,v_toni_pontes,Toni Pontes,black_belt_awarded_by,Faixa-preta concedida por,confirmed,high,Lineage declarada no perfil: Mitsuyo Maeda > Carlos Gracie > Carlson Gracie > Andre Pederneiras > Toni Pontes > Roli Delgado
bjj-v_jose_ze_marcello-895,v_jose_ze_marcello,Jose “Zé” Marcello,895,Sergio Souza,black_belt_awarded_by,Faixa-preta concedida por,confirmed,high,Lineage declarada no perfil: Mitsuyo Maeda > Carlos Gracie > Helio Gracie > Carlson Gracie > Sérgio “Bolão” Souza > Jose “Zé” Marcello > Anderson Pereira > Ilke Bulut
bjj-249-v_jose_ze_marcello,249,Anderson Pereira,v_jose_ze_marcello,Jose “Zé” Marcello,black_belt_awarded_by,Faixa-preta concedida por,confirmed,high,Lineage declarada no perfil: Mitsuyo Maeda > Carlos Gracie > Helio Gracie > Carlson Gracie > Sérgio “Bolão” Souza > Jose “Zé” Marcello > Anderson Pereira > Ilke Bulut
bjj-7376-249,7376,Ilke Bulut,249,Anderson Pereira,black_belt_awarded_by,Faixa-preta concedida por,confirmed,high,Lineage declarada no perfil: Mitsuyo Maeda > Carlos Gracie > Helio Gracie > Carlson Gracie > Sérgio “Bolão” Souza > Jose “Zé” Marcello > Anderson Pereira > Ilke Bulut
bjj-7473-203,7473,Thamires Aquino,203,Julio Cesar,black_belt_awarded_by,Faixa-preta concedida por,confirmed,high,Lineage declarada no perfil: Luiz França > Oswaldo Fadda > Monir Salomão > Julio Cesar Pereira > Thamires Aquino
bjj-7476-144,7476,Kristian Woodmansee,144,Andre Galvao,black_belt_awarded_by,Faixa-preta concedida por,confirmed,high,Lineage declarada no perfil: M. Maeda > C. Gracie > R. Gracie > O. Alves > Luis Dagmar > André Galvão > Kristian Woodmansee
bjj-7502-v_roan_carneiro,7502,Paul Ardila-Ibarra,v_roan_carneiro,Roan Carneiro,black_belt_awarded_by,Faixa-preta concedida por,confirmed,high,Lineage declarada no perfil: Carlos Gracie > Carlson Gracie > Murilo Bustamante > Roan Carneiro > Paul Ardila-Ibarra
bjj-7512-1034,7512,Nakapan Phungephorn,1034,Pedro Sauer,black_belt_awarded_by,Faixa-preta concedida por,confirmed,high,Lineage declarada no perfil: Mitsuyo Maeda > Carlos Gracie > Helio Gracie > Rickson Gracie > Pedro Sauer > Nakapan Phungephorn
bjj-7519-2290,7519,Eliot Kelly,2290,Marcos Torregrosa,black_belt_awarded_by,Faixa-preta concedida por,confirmed,high,Lineage declarada no perfil: Mitsuyo Maeda > Carlos Gracie > Reyson Gracie > Osvaldo Alves > Fabrício Martins > Ricardo Reis > Cassio Werneck > Marcos Torregrosa > Eliot Kelly
bjj-7556-1495,7556,Mauricio Pereira,1495,Flavio Behring,black_belt_awarded_by,Faixa-preta concedida por,confirmed,high,Lineage declarada no perfil: Mitsuyo Maeda > Carlos Gracie > Helio Gracie > Flávio Behring > Maurício Miguel Pereira
bjj-3185-hist_carlos_sr,3185,Crezio Chaves,hist_carlos_sr,Carlos Gracie Senior,black_belt_awarded_by,Faixa-preta concedida por,confirmed,high,Lineage declarada no perfil: Mitsuyo Maeda > Carlos Gracie > Crezio Chaves > Rodrigo Castro > Vinicius Garcia
bjj-v_rodrigo_castro-3185,v_rodrigo_castro,Rodrigo Castro,3185,Crezio Chaves,black_belt_awarded_by,Faixa-preta concedida por,confirmed,high,Lineage declarada no perfil: Mitsuyo Maeda > Carlos Gracie > Crezio Chaves > Rodrigo Castro > Vinicius Garcia
bjj-7636-v_rodrigo_castro,7636,Vinicius Garcia,v_rodrigo_castro,Rodrigo Castro,black_belt_awarded_by,Faixa-preta concedida por,confirmed,high,Lineage declarada no perfil: Mitsuyo Maeda > Carlos Gracie > Crezio Chaves > Rodrigo Castro > Vinicius Garcia
