id,name,first_name,last_name,nickname,team,url,bio,is_historical
8141,Aarae Alexander,Aarae,Alexander,,Team Lloyd Irvin,https://www.bjjheroes.com/?p=8141,"Aarae Alexander is a Brazilian jiu jitsu black belt underLloyd Irvin, having also worked extensively with coachDonnie Achnickat the Team Lloyd Irvin (TLI) headquarters – a team she represented throughout her competitive career. Alexander is a product of TLI kids program, one of the most successful BJJ champion factories in the sport, from which Aarae conquered important titles in the International Brazilian Jiu Jitsu Federation (IBJJF) calendar. This included IBJJF World and Pan American championships. Full Name:Aarae Alexander",False
9246,Aaron Johnson,Aaron,Johnson,Tex,Unity JJ,https://www.bjjheroes.com/?p=9246,"Aaron Johnson, commonly known as “Tex” Johnson, is aBrazilian jiu-jitsublack belt under Philip Smith andMurilo Santana.Originally known as one of the main representatives of the Unity Jiu-Jitsu Academy of New York City, Tex would later join Fight Sports, where he continued his good form. An International Brazilian jiu-jitsu Federation (IBJJF) 3x Pan American No-Gi Champion, Johnson is known for his aggressive and submission-oriented style with which he submitted some of the sport’s biggest stars, names such asDavi RamosandJackson Sousa. Tex is also a former professional mixed martial arts (MMA) fighter holding the record for fastest submission inside the famous Bellator MMA promotion cage (15 seconds). Full Name:Aaron Michael Johnson",False
8494,Abdurakhman Bilarov,Abdurakhman,Bilarov,,Team Nogueira,https://www.bjjheroes.com/?p=8494,"Abdurakhman Bilarov (Абдурахман Биларов) is a Dagestan born,Brazilian jiu jitsublack belt under Rafael Haubert and a former wrestling standout of Ali Alyev. Regarded as one of the hottest European prospects in BJJ since his brown belt days, a time when Bilarov beat two of the world’s best black belts (Jackson SousaandClaudio Calasans) at the Berkut Challenge and won his 3rd consecutive UAEJJF Abu Dhabi World Pro, Abdurakhman is also referenced as the first high level competitors produced by Russia in this sport. Full Name:Abdurakhman Bilarov",False
390,Abmar Barbosa,Abmar,Barbosa,,,https://www.bjjheroes.com/?p=390,"Abmar Barbosa is aBrazilian Jiu Jitsublack belt underRobert Drysdalewho holds an extensive list of competitive grappling achievements. Abmar Barbosa is commonly known for his crowd pleasing and aggressive guard game with which he shocked the BJJ community at the 2010 Pan American Jiu Jitsu Championship by dominating the heavy favourite to win the competition,Kron Gracie. Full Name:Abmar Barbosa",False
3083,Abraham Marte Messina,Abraham,Marte Messina,,Yamasaki / Basico,https://www.bjjheroes.com/?p=3083,"Abraham Marte is aBrazilian Jiu-Jitsublack belt under Abraham Tabar from team Basico BJJ of the Dominican Republic. One of the top ultra-heavyweight competitors of his generation, Marte was also the first high-end submission grappler to come out of this Caribbean nation, and the first to medal at the World Championships in a black belt division. Full Name:Abraham J. Marte Messina",False
14157,Achilles Rocha,Achilles,Rocha,,VRMA,https://www.bjjheroes.com/?p=14157,"Achilles Rocha is an American grappler of Brazilian descent and a jiu-jitsu black belt under ADCC medalistVagner Rocha(his father). He represents Vagner Rocha Martial Arts in the sport’s international circuit, particularly in the No-Gi ruleset, and has also represented the Fight Sports Team, a squad with long-standing links to VRMA. Achilles Rocha first made waves in the sport while competing in the colored belt divisions, where he conquered important titles with the International Brazilian Jiu-Jitsu Federation (IBJJF). He is also the brother of another accomplished grappler,Jasmine Rocha. Full Name:Achilles Rocha",False
8814,Adam Benayoun,Adam,Benayoun,,Fifty/50 Martial Arts Academy,https://www.bjjheroes.com/?p=8814,"Adam Benayoun is aBrazilian jiu-jitsublack belt underRyan Halland a representative of the Fifty/50 Martial Arts Academy in the sport’s international circuit, having also worked extensively withMarcelo Garcia,Fábio Clemente,Lucas Lepri, and Babs Olusanmokun. Benayoun became known by BJJ mainstream media and fans while competing in the lower belt divisions where he conquered IBJJF Pan American and European titles. Full Name:Adam Benayoun",False
8131,Adam Ferrara,Adam,Ferrara,,GF Team,https://www.bjjheroes.com/?p=8131,"Adam Ferrara is aBrazilian jiu jitsublack belt underAJ Sousa, being also one of the top representatives of theGF Teamacademy in the United States of America. Widely accomplished in Gi and No-Gi competition, Adam and his brother Jake (another highly accomplished grappler) are known for incorporating high level wrestling to their jiu jitsu approach, a style often defined as American jiu jitsu. Full Name:Adam Paul Ferrara",False
1133,Adam Kayoom,Adam,Kayoom,,BKK BJJ,https://www.bjjheroes.com/?p=1133,"Adam Shahir Kayoom is a Brazilian jiu jitsu black belt under American Top Team founderRicardo Liborio. An experience mixed martial arts (MMA) competitor, Kayoom stayed as truthful to martial arts as possible having competed and trained in a variety of combat styles throughout his career, including: muay thai (in which he was world champion), Brazilian jiu iitsu, kalis illustrisimo,”Traditional” ju-jitsu (Yagyu Shingan Ryu), hapkido, aikido, taekwondo (black belt) and karate (black belt). Full name:Adam Shahir Abdul Kayoom",False
7478,Adam Wardzinski,Adam,Wardzinski,Megatron,Checkmat,https://www.bjjheroes.com/?p=7478,"Adam Wardziński is a Polish grappler and black belt inBrazilian jiu-jitsuunderAlan “Finfou” do Nascimento, who represented the Checkmat team throughout his career. Widely regarded as one of the top heavyweight (94,30 kg / 208.0 lbs) competitors of his generation, Wardziński was one of the first grapplers to emerge from Poland to the top of BJJ in the history of the sport and the first Polish grappler to win a world title with the International Brazilian Jiu-Jitsu Federation (IBJJF). Furthermore, Adam Wardziński was the first European competitor to win the IBJJF Grand Slam, which consists of conquering gold medals in the Big-Four tournaments of the league in one single year, namely the European, Brazilian Nationals, Pan-American, and World Championships, a feat earned in 2025. Full Name:Adam Wardziński",False
13245,Ademir Barreto,Ademir,Barreto,,GF Team,https://www.bjjheroes.com/?p=13245,"Ademir Barreto Araujo is a professional grappler and a black belt in jiu-jitsu under coach Orlando Júnior, who specializes in the gi (kimono) facet of the sport, where he represents theGF Teamsquad. Ademir Barreto first made waves in the lower belt divisions, particularly after winning the Abu Dhabi Jiu-Jitsu Pro (AJP) World title and subsequently going on to beat some of the toughest professional black belts in the sport while still bearing his brown belt. Full Name:Ademir Barreto Araújo",False
6339,Admilson Brites,Admilson,Brites,Juquinha,Gracie Humaita,https://www.bjjheroes.com/?p=6339,"Admilson Brites, commonly known as “Juquinha”, is aBrazilian jiu-jitsublack belt underRoyler Gracie, being one ofGracie Humaitá Academy‘s most accomplished athletes during the 2000’s decade, having since created his own association. Juquinha is also also revered for his work towards the development of jiu jitsu in Brasília (Brazil’s capital), as well as being recognized for his incredible family tree and its close relationship to grappling, with big names of this martial art such as grandmasterGeny Rebello(uncle),Armando Wriedt(uncle), Cirillo Azevedo (cousin) andAilson Brites(brother). Full Name:Admilson Rosa Brites",False
8968,Admilson Gobi Junior,Admilson,Gobi Junior,,,https://www.bjjheroes.com/?p=8968,"Admilson Gobi Junior is aBrazilian jiu jitsublack belt under Master João Eugênio and Ronaldo Lorentz, being also known for representingLloyd Irvinand his team on international events. Gobi made a name for himself in the lower belt divisions of the sport, later cementing his reputation as one of the top BJJ ultra-heavyweights of his generation by way of his excellent performances at the International Brazilian Jiu Jitsu Federation (IBJJF) World and Pan tournaments. Full Name:Admilson Gobi Junior",False
9541,Aniel Bonifacio,Aniel,Bonifacio,,Rodrigo Carvalho JJ,https://www.bjjheroes.com/?p=9541,"Aniel Bonifacio Candido, commonly known simply as Aniel Bonifacio, is aBrazilian jiu-jitsublack belt under Rodrigo Carvalho, being also one of the main rooster-weight grappling competitors of his generation. Bonifacio made a name for himself after his wins in important International Brazilian Jiu-Jitsu Federation (IBJJF) tournaments such as the Brazilian National and South American Championship. Full Name:Aniel Bonifacio Candido",False
13498,Adele Fornarino,Adele,Fornarino,,Team Dominance,https://www.bjjheroes.com/?p=13498,"Adele Fornarino is a breakthrough athlete for Australian grappling and a jiu-jitsu black belt under David Hart of Team Dominance MMA. Fornarino broke through as one of the foremost athletes in the feather/light-featherweight division back in 2022 when she conquered the International Brazilian Jiu-Jitsu Federation (IBJJF) World No-Gi title as a brown belt, and the Oceania & Asia ADCC Qualifiers. She would go on to win several important medals including a double gold at the Abu Dhabi Combat Club (ADCC) 2024 World tournament, then becoming simultaneously the first Australian to win the event, and the first to win the open class. Full Name:Adele Marie Fornarino",False
699,Adriana Martins,Adriana,Martins,,Akxe,https://www.bjjheroes.com/?p=699,"Adriana Martins is a Brazilian Jiu Jitsu black belt under two of the best coaches in the world, “Vini” Campelo andOctavio Couto(also known as “Ratinho”). A former Rio de Janeiro State Champion, today she leads a young team of champions together with her husband,“Beto” Carmonafrom their gym in Rio de Janeiro Full Name:Adriana Martins Duarte Pinto",False
1116,Adriano Martins,Adriano,Martins,,,https://www.bjjheroes.com/?p=1116,"Adriano Martins is a professional MMA competitor with an impressive fight record having wins over big names in Brazil such as Ronys Torres and Luciano Azevedo before reaching the biggest mixed martial arts organization in the world, the UFC. Adriano is also an excitingBrazilian Jiu Jitsublack belt underCristiano Carioca, having won several important titles such as the World Championships (in blue and purple belt). Full Name:Adriano Soares Martins",False
909,Adriano Silva,Adriano,Silva,,Barbosa JJ,https://www.bjjheroes.com/?p=909,"Adriano Silva is one of the topBrazilian Jiu Jitsucompetitors of his generation who fought most of his career for the “Equipe Barbosa” camp in Sao Paulo, Brazil. Making better use of his incredible guard game, Adriano Silva has competed against the “who is who” of BJJ having achieved several important titles such as the Rio Open (IBJJF) the SP Cup in the open weight division, the South American title and the International Masters & Seniors title. Full Name:Adriano Ferreira Araújo Silva",False
4328,AJ Agazarm,AJ,Agazarm,,Gracie Barra,https://www.bjjheroes.com/?p=4328,"AJ Agazarm is a leading figure of an amazing generation of black beltBrazilian Jiu Jitsucompetitors to have come from the United States of America. Being a former D1 wrestler, AJ Agazarm became known in the lower belt divisions of jiu jitsu for his fast paced game, his scrambles and his takedown ability, which earned him numerous titles and his black belt, awarded in 2013 by Eduardo de Lima andCarlos Gracie Junior. Full Name:AJ Agazarm",False
2189,Alan Belcher,Alan,Belcher,,,https://www.bjjheroes.com/?p=2189,"Alan Belcher also known “The Talent” is a professional Mixed Martial Arts (MMA) fighter, famed for his fights in the UFC where he defeated big names of the sport such as Denis Kang, Wilson Gouveia andRousimar Palhares. Alan Belcher is also aBrazilian jiu jitsublack belt under the illustriousHelio “Soneca”, having also spent time following the instructions ofDaniel Moraes. Full Name:Alan Belcher",False
289,Alan do Nascimento,Alan,do Nascimento,Finfou,Checkmat,https://www.bjjheroes.com/?p=289,"Alan do Nascimento, or  “Finfou” as he is known in theJiu Jitsuworld, is an European Open Jiu Jitsu champion from the notoriousCheckmat academy. Alan Finfou started his Jiu Jitsu career withFernando “Terere”, but as Terere moved away from Rio de Janeiro, his tuition was handed toRicardo Vieirawith whom he earned his black belt. Alan Finfou is also part of a group of successful competitors to have been developed from the social project in the Cantagalo (Rio de Janeiro slum), a project run by Ricardo Vieira, Finfou has for the last few years, adopted Sweden as his second home where he teaches BJJ. Full Name:Alan Douglas Pereira do Nascimento",False
2583,Alan Moraes,Alan,Moraes,,Carlson Gracie,https://www.bjjheroes.com/?p=2583,"Alan Moraes is a jiu-jitsu black belt underCarlson Gracie Junior, and a former instructor at the world-famousCarlson Gracie Academyin Rio de Janeiro, from where he has produced several high-quality black belts, including world medallistSamir Chantre, and Brazilian national championBreno Bittencourt. Since leaving Carlson Gracie’s academy in 2016, Alan Moraes joined Ares BJJ, one of the top affiliations in the sport. Full Name:Alan Rodrigo de Moraes",False
12235,Alan Sanchez,Alan,Sanchez,,10th Planet,https://www.bjjheroes.com/?p=12235,"Alan Sanchez is a jiu-jitsu black belt under Adam “Big Red” Sachnoff and a representative of the 10th Planet team. Competing almost exclusively in grappling’s no-gi circuit, Sanchez gained notoriety while competing in the International Brazilian Jiu-Jitsu Federation (IBJJF) and in submission-only events where he conquered important medals, including trophies in the Finishers Sub-Only, Emerald City Invitational, and IBJJF World No-Gi Championships (2019 brown belt). Full Name:Alan Sanchez Perez",False
696,Alberto Carmona,Alberto,Carmona,Beto,Akxe,https://www.bjjheroes.com/?p=696,"Alberto “Beto” Carmona is a judo, and a Brazilian jiu jitsu 3rd degree black belt underOtávio Coutoand Vinicius Campelo of the Akxe Academy in Rio de Janeiro – Brazil. A successful competitor in both martial arts, Beto is also recognized for his coaching ability, being the head instructor of “Morada do Sol” Jiu Jitsu Academy, a school he runs with his wife,Adriana Pinto. Full Name:Antonio Alberto Carmona Pequeno de Barros",False
2611,Alberto Crane,Alberto,Crane,,Gracie Barra,https://www.bjjheroes.com/?p=2611,"Alberto Crane isBrazilian Jiu Jitsublack belt underVinicius “Draculino”being also the first American to become a black belt under theGracie Barra Academybanner. Alberto Crane stacked a series of accolades as a BJJ and MMA competitor as well as from a coaching stance, having produced several solid grapplers in his carreer as a coach. Full Name:Alberto Crane",False
9876,Alef Brito,Alef,Brito,,Ares JJ,https://www.bjjheroes.com/?p=9876,"Alef Brito Morais is aBrazilian jiu-jitsublack belt under Wellyton Menezes, Rildo Paiva, and Marcos Santana, who also worked extensively withOsvaldo Moizinho, being a representative of the Ares JJ team in the sport’s international circuit. After a stellar career in the colored belt divisions where Brito conquered numerous International Brazilian Jiu-Jitsu Federation (IBJJF) tournaments, Alef’s first head-turning moment as a fresh black belt took place at the Copa Podio Lightweight Grand Prix (2019), where he submitted World Championship silver medalTommy Langaker. Full Name:Alef José Soares Brito de Morais",False
7660,Alex Martins,Alex,Martins,,AMBJJ,https://www.bjjheroes.com/?p=7660,"Alex Martins is a Brazilian jiu jitsu black belt under Junior Cardoso and a member of Faustino Pina’s association, while being also the founder of the AMBJJ team in the United States. Martins became one of the top competitors in the North American grappling circuit during the 2010’s, particularly in the Masters divisions, where he conquered important titles such as the IBJJF World Master, American Nationals, New York Open and several other tournaments. Full Name:Alex Martins Do Nascimento",False
11746,Alex Munis,Alex,Munis,,,https://www.bjjheroes.com/?p=11746,"Alex Munis dos Santos is a jiu-jitsu black belt underIsaque BahienseandGabriel Figueiróas well as a representative of the Dream Art /Alliance Academycoalition, who worked extensively withRodrigo Feijãoand the Clube Feijão workgroup during the early stages of his professional career. Competing alongside his brothers,AndersonandErich Munis, Alex became widely recognized as one of the rising stars of the sport after his breakthrough performances in important tournaments of the international circuit, including at the 2020 Copa Podio Lightweight Grand Prix, a professional event that featured some of the top athletes in the sport. Alex earned a silver medal in the aforementioned GP as a brown belt, a deed he would repeat in his black belt debut, later that year. Full Name:Alex Munis dos Santos",False
13084,Alex Nguyen,Alex,Nguyen,,Standard JJ,https://www.bjjheroes.com/?p=13084,"My Bao Nguyen, commonly known as Alex Nguyen, is a black belt in jiu-jitsu underGreg Souderswho is widely regarded as one of the top no-gi / submission-grappling competitors of her generation. A reputation earned through her wins at important events such as the International Brazilian Jiu-Jitsu Federation (IBJJF) Pan American No-Gi Championships and other events, particularly under the submission-only ruleset. Full Name:My Bao Nguyen",False
1131,Alessandra Vieira,Alessandra,Vieira,Leka,,https://www.bjjheroes.com/?p=1131,"Alessandra Vieira, commonly known as Leka Vieira, is one of the most important figures in the history ofBrazilian Jiu Jitsu,being the first female black belt World Champion of the sport (1999). A true pioneer in this sport/martial art, Leka took women’s grappling to a higher level by raising mainstream awareness to that division, paving the way for the new generations to flourish. Vieira is also unanimously recognized as the first female to promote another female to black belt in Jiu Jitsu (Cindy Omatsu). Full name:Alessandra Vieira de Souza",False
1757,Alexander Trans,Alexander,Trans,,Checkmat,https://www.bjjheroes.com/?p=1757,"One of the top European grapplers of his generation, the Dane Alexander Trans started his career at theCheckmat academyin Copenhagen (Arte Suave), making a name for himself in the lower ranks ofBrazilian Jiu-Jitsuby conquering every important title in the international calendar before receiving his black belt fromLeo Vieiraon November 2011, he has since cemented his status of top-level BJJ competitor by medalling in most of the top IBJJF tournaments. Full Name:Alexander Riis Hillgsoe Trans",False
1567,Alessandro Capodeferro,Alessandro,Capodeferro,,Barbosa JJ,https://www.bjjheroes.com/?p=1567,Alessandro Capodeferro is the leader of the “Escola Bragantina de Jiu Jitsu” an affiliate of the Barbosa Jiu Jitsu team in Bragança Paulista (State of Sao Paulo). Capodeferro is an instructor and a competitor having achieved podium spots at several important tournaments such as the Sao Paulo State Championship and the World Cup. Full Name:n/a,False
13533,Alehander Mariano,Alehander,Mariano,,Atos,https://www.bjjheroes.com/?p=13533,"Alehander da Silva Mariano is a jiu-jitsu black belt underAndré Galvão, who worked extensively with Joelton “Creatina” as a colored belt, and represents theAtos Jiu-Jitsu Teamin the sport’s global circuit. Alehander Mariano first made waves in the grappling community as a brown belt, a time when the Rio de Janeiro native conquered numerous important medals in the International Brazilian Jiu-Jitsu Federation (IBJJF) circuit, including world titles in the Gi and in No-Gi. Full Name:Alehander da Silva Mariano",False
9166,Alexandre Barauna,Alexandre,Barauna,,GF Team,https://www.bjjheroes.com/?p=9166,"Alexandre Baraúna is aBrazilianjiu jitsublack belt underRicardode La RivaandJúlio César Pereira, being also a senior member of the world famous jiu jitsu association:Grappling Fight Team, commonly known as GF Team, a group Baraúna co-founded together with the aforementioned Júlio César andMarcos Belloin 2007. Well known as a leader among the group, coach Baraúna has helped raise the profile of high-end athletes such asRicardo Evangelista, Alex Costa and Luiz Néstor, to name a few. With the departure of Júlio César to the United States in 2017, Alexandre Baraúna became the team’s senior figure and reference in Rio de Janeiro. Full Name:Alexandre Baraúna da Conceição",False
9312,Alexandre Cavaliere,Alexandre,Cavaliere,,Alliance,https://www.bjjheroes.com/?p=9312,"Alexandre Cavaliere da Silva is aBrazilian jiu-jitsublack belt underRoberto Correa(Gordo) and Paulo Perrota (Rabicó), who also worked extensively with coachesMurilo Bustamante, José Honório andAlexandre Paiva(Gigi). Regarded as a hot prospect while climbing the ranks of BJJ in the colored belt divisions, Cavaliere’s talent was almost lost as he abandoned the sport in 2013 for financial reasons. His big comeback tournament – a gold medal at the UAEJJF Grand Slam in Rio de Janeiro (2016) immediately placed him as one of the top middleweights in the world, an idea cemented by more high profile wins in the years that followed. Full Name:Alexandre Cavaliere Gomes da Silva",False
449,Alexandre de Souza,Alexandre,de Souza,Pop,Gracie Floripa,https://www.bjjheroes.com/?p=449,"Alexandre de Souza, commonly known as “Pop”, is aBrazilian Jiu-Jitsublack belt under the prestigiousCrolin Gracie, and one of Florianopolis’s most accomplished athletes. Well known for his many endeavors in grappling, de Souza conquered important world-class tournaments such as the Brazilian National Championships and the European Open, while also establishing himself as one of the top instructors in the region, from where he cemented his own team as one of the top grappling academies in the region. Full Name:Alexandre de Souza",False
474,Alexandre Ceconi,Alexandre,Ceconi,,,https://www.bjjheroes.com/?p=474,"Alexandro Ceconi is and one of the most exciting fighters inJiu Jitsu‘sheavyweight division. This Brazilian Jiu Jitsu black belt underRilion Gracie(who has also experience in MMA) struggled for years to achieve success at the highest level, in his early days as a black belt, but was able to shine through adversity in 2009 when he medalled in the Brazilian Nationals and the World Championships, since then he has been a recurring figure in some of the most important tournaments of the BJJ calendar. Full Name:Alexandro Ceconi",False
727,Alexandre de Freitas,Alexandre,de Freitas,Soca,Soca BJJ,https://www.bjjheroes.com/?p=727,"Alexandre Freitas, commonly known as Alexandre “Soca”, was considered by many as the king ofJiu Jitsu’ssuper-featherweightdivision in the late1990’s early2000’s. Alexandre “Soca” conquered numerous BJJ and submission wrestling competitions including the prestigious Abu Dhabi Combat Club tournament (ADCC), arguably the most prestigious grappling trophy in the world. Full Name:Alexandre Carneiro Monteiro de Freitas",False
9793,Alexandre Jesus,Alexandre,Jesus,Robinho,Calasans JJ,https://www.bjjheroes.com/?p=9793,"Alexandre de Jesus, also known as “Robinho”, is a Brazilian jiu-jitsu black belt under Claudio Calasans, being also one of the main representatives of the Calasans BJJ / Atos JJ coalition in grappling’s international circuit. Already regarded as a rising star of the sport after his Brazilian National and European Open podium placing performances during his colored belt career, Alexandre de Jesus would cement that claim by winning the International Brazilian Jiu-Jitsu Federation (IBJJF) South American Championship on his black belt debut (2018). Full Name:Alexandre Joaquim de Jesus",False
14205,Alexandre Manara,Alexandre,Manara,Lele,Lotus Club,https://www.bjjheroes.com/?p=14205,"Alexandre Papa Manara, often referenced by his nickname Lele, is a jiu-jitsu black belt under his father, Alexandre Vomero Manara who represents the Manara Jiu-Jitsu Team from Mogi Guaçu (Sao Paulo, Brazil), who has also been a standard bearer for the Gentle Art Studio (Astoria, New York, US). Alexandre Manara first made waves in the sport at the juvenile & colored belt level, particularly in the International Brazilian Jiu-Jitsu Federation (IBJJF) circuit. Full Name:Alexandre Papa Manara",False
9407,Alexandre Molinaro,Alexandre,Molinaro,,Carlson Gracie,https://www.bjjheroes.com/?p=9407,"Alexandre Molinaro is aBrazilian jiu-jitsublack belt under André Vasconcelos (Alemão), who worked extensively with coachesVini AietaandCarlson Gracie Junior, being also one of the main representatives of theCarlson Gracie Academyin the 2010’s decade. Molinaro gained notoriety in the sporting facet of BJJ while competing on the International Brazilian Jiu-Jitsu Federation (IBJJF) circuit, where he conquered numerous tournaments. Full Name:Alexandre Faria Molinaro",False
666,Alexandre Paiva,Alexandre,Paiva,Gigi,Alliance,https://www.bjjheroes.com/?p=666,"Alexandre “Gigi” Paiva is a figure of extreme importance inBrazilian Jiu Jitsu‘s history, not only was he one of the founding members of the multiple world champion teamAlliance, he also coached several important grapplers, such asFernando “Tereré”,Leonardo Leite,Mitsuyoshi Hayakawaamong many others, including his own sonVitor Genovesi. Full Name:Alexandre Paiva Genovesi",False
311,Alexandre Pimentel,Alexandre,Pimentel,Pulga,Nova Geracao,https://www.bjjheroes.com/?p=311,"Alexandre Pimentel, also known as “Pulga” is aBrazilian Jiu Jitsublack belt underFrancisco “Toco”, who also has vast experience in mixed martial Arts (MMA). Pulga was developed under theNova Geracaograppling program in Rio de Janeiro, a curriculum that has brought many big names to the sport’s spotlight, includingRoberto “Cyborg”andAndré Monteiro. Alexandre Pimentel is also regarded as one of the most entertaining grapplers in both MMA and BJJ, with a game heavily reliant on theomoplata. Full Name:Alexandre Concieiro de Albuquerque Maranhão Pimentel.",False
1671,Alexandre Puga,Alexandre,Puga,,Alliance,https://www.bjjheroes.com/?p=1671,"Alexandre Puga is an important figure within theAllianceRio de Janeiro team. A black belt in Brazilian Jiu Jitsu under the illustriousAlexandre Paiva, Puga became one of the main instructors at the Alliance academy in 2002 having helped several high end competition grapplers with their game. Full Name:Alexandre Basbaum Pettezzoni de Puga",False
84,Alexandre Ribeiro,Alexandre,Ribeiro,Xande,Ribeiro JJ,https://www.bjjheroes.com/?p=84,"Alexandre Ribeiro, commonly known as “Xande” Ribeiro is a legendary jiu-jitsu competitor and one of the founding members of the Ribeiro Jiu-Jitsu Association. Under the tutelage of some of the world’s top coaches, includingRoyler Gracie,Vini Aietaand Xande’s own brotherSaulo Ribeiro,Alexandre earned numerous grappling titles, including IBJJF and ADCC World Champion, while earning also the #1 rank in BJJ Heroes’Top BJJ Competitors of All Timelist, up until 2020. Ribeiro also had a short spell fighting in mixed martial arts (MMA) in 2008, competing for the Japanese promotionSengoku. Full Name:Alexandre Couceiro Ribeiro",False
1517,Alexandre Santos,Alexandre,Santos,,Cia Paulista,https://www.bjjheroes.com/?p=1517,"Alexandre “Baiano” dos Santos is a Brazilian Jiu Jitsu black belt under master Neury Gomes, he is also a Pan Pac’s medallist belonging to the famous Cia Paulista team. In 2010 he moved to Australia to help Carlos Vieira run Paulista’s ever growing franchise in the region. Full Name:Alexandre dos Santos",False
8525,Alexandre Vieira,Alexandre,Vieira,,BTT,https://www.bjjheroes.com/?p=8525,"Alexandre Vieira is aBrazilian jiu jitsublack belt underMurilo Bustamante, having also worked extensively with MasterPaulo Maurício Strauchwhile being also one of the top representatives of the BTT academy in the sport’s international circuit. A well-accomplished competitor, Vieira is also known for his unique style of grappling which earned him strong praise by media outlets such as the BJJ Scout and FloGrappling, particularly after his world famous loop choke over Tomoshige Sera at the UAEJJF Abu Dhabi Grand Slam Tour in Tokyo (2017). Full Name:Alexandre de Souza Vieira",False
12569,Alexandria Enriquez,Alexandria,Enriquez,,Atos,https://www.bjjheroes.com/?p=12569,"Alexandria Enriquez, commonly known as Alex Enriquez, is a former folkstyle and freestyle amateur wrestler as well as a jiu-jitsu black belt underBruno Frazatto, who worked extensively under the tutelage of Steve Mitchell. Alex first made a name for herself in the grappling scene while competing in the colored belt divisions of the International Brazilian Jiu-Jitsu Federation (IBJJF) tournament circuit, a time when Enriquez conquered World No-Gi, Pan American No-Gi, and Pan American (Gi) titles. Full Name:Alexandria L. Enriquez",False
891,Alexsandro Machado,Alexsandro,Machado,Baiano,Checkmat,https://www.bjjheroes.com/?p=891,"Alexsandro “Leke” Machado is a Brazilian Jiu Jitsu black belt underRicardo Vieira. Having been the right arm of Mr Vieira for a long time at the famous Fight Zone Academy in Copacabana, Rio de Janeiro, recently “Leke” moved to the Singapore, where he is currently teaching BJJ. Alexsandro Machado is also famous for being one of the success stories to have come out of the social project led by Ricardo and Leonardo Vieira called “Projeto do Cantagalo”. Full Name:Alexsandro dos Santos Machado",False
9377,Alexis Alduncin,Alexis,Alduncin,,Renzo Gracie Mexico,https://www.bjjheroes.com/?p=9377,"Alexis Alduncin Barragan is a Mexican born black belt inBrazilian jiu-jitsu, a rank he earned from coach Mario Delgado in 2016. Although suffering from partial blindness, Alexis Alduncin managed to overcome his disadvantage to become the first top-tier BJJ athlete from a Mexico academy, a reputation earned while competing in grappling’s international circuit, in which he conquered numerous International Brazilian Jiu-Jitsu Federation (IBJJF) titles and medals. Full Name:Alexis Alduncin Barragan",False
8884,Alexsandro Sodre,Alexsandro,Sodre,,Clube Feijão JJ,https://www.bjjheroes.com/?p=8884,"Alexssandro Sodré, commonly known as Alex Sodré is aBrazilian jiu-jitsublack belt underRodrigo Feijãoas well as one of the main light featherweight (64,00 kg / 141.5 lbs) competitors of his generation. Sodré became a well-known figure inside mainstream BJJ after his tremendous performances in the brown belt division, a time when he conquered titles in the IBJJF World Championship, ACBJJ South American Championship, and UAEJJF Abu Dhabi Grand Slam (London + Los Angeles). Alex is also the older brother of another well-known grappler,Diego Sodré. Full Name:Alexssandro Pinto Sodré",False
10004,Ali Monfaradi,Ali,Monfaradi,,,https://www.bjjheroes.com/?p=10004,"Ali Monfaradi is aBrazilian jiu-jitsublack belt underFábio GurgelofAlliance Jiu-Jitsuand head coach of the Elements Jiu-Jitsu Academy, who was the first high-level competitor in the sport’s international circuit from the Kingdom of Bahrain – Middle East. Monfaradi earned multiple medals in some of the International Brazilian Jiu-Jitsu Federation (IBJJF) top tournaments while competing in the lower belt divisions of grappling, a good form he continued as a black belt. Full Name:Ali Seena E. A. Monfaradi",False
826,Allan Goes,Allan,Goes,,,https://www.bjjheroes.com/?p=826,"Allan Góes is a 6th degree black belt inBrazilian Jiu Jitsu(BJJ) who was part a famous team that ruled the sport in the late1980s/early1990s, led byCarlson Gracie. Allan Goes was also a pioneer mixed martial arts (MMA) fighter, having competed in promotions all around the world, when the focus of theCarlson Gracie Academyshifted to cage fighting. Góes was also one of the first of Carlson Gracie’s students to bring the famous CGA style of grappling to the United States. Full Name:Allan Alexandre Góes",False
2052,Alvaro Barreto,Alvaro,Barreto,,,https://www.bjjheroes.com/?p=2052,"Master Alvaro Barreto is aBrazilian jiu jitsured belt (9th degree) and one of the most important men in BJJ, being also the brother ofJoão Alberto Barretoand Sergio Barreto, two illustrious figures of the sport. Alvaro Barreto became a certified instructor at the famous Gracie Academy by the age of 17, before he opened his academy where he instructed and graduated figures such as:Sylvio Behring, Guilherme Machado, Wagner Cardozo and many others. Alvaro Barreto was also the first instructor at the legendary “Corpo Quatro” Academy in Rio de Janeiro’s Copacabana. Full Name:Alvaro de Melo Barreto",False
1553,Alvaro Bobadilla,Alvaro,Bobadilla,Cabecao,GF Team,https://www.bjjheroes.com/?p=1553,"Alvaro Bobadilla is an accomplished Brazilian Jiu Jitsu black belt under GF Team’s leader, MasterJulio Cesar Pereira. The Super Featherweight Bobadilla has won numerous important tournaments, including the World Cup on 3 occasions and the Brazilian National Teams tournament; he is also one of the main figures out of the GFT camp. Full Name:Alvaro Rodrigo Santos Bobadilla",False
9058,Amal Amjahid,Amal,Amjahid,,C.E.N.S. Academy,https://www.bjjheroes.com/?p=9058,"Amal Amjahid is a Belgium born black belt inBrazilian jiu jitsu(BJJ), a rank awarded by her coach Khalid Houry, being also a member of the C.E.N.S. Academy in Brussels, Belgium. Amjahid made waves in the lower belt divisions of the sport, being quickly recognized as one of BJJ’s best athletes through her many wins in the International Brazilian Jiu Jitsu Federation (IBJJF) and United Arab Emirates Jiu Jitsu Federation (UAEJJF) circuits. Full Name:Amal Amjahid",False
7012,Amanda Alequin / Santana,Amanda,Alequin / Santana,Tubby,Marcio Cruz JJ,https://www.bjjheroes.com/?p=7012,"Amanda Alequin, also known as Amanda Santana and as “Tubby”, is aBrazilian jiu jitsublack belt underMárcio “Pé de Pano” Cruz, being also one of the top middleweights competitors of her generation, known particularly for her relentless submission orientated grappling style. Originally from Brooklyn NY, Amanda made a name for herself competing in Florida’s grappling circuit, later being acknowledged internationally through important wins at the World Championships, Pan Americans and ADCC trials. Full Name:Amanda Elouise Alequin (formerly Amanda Santana)",False
14146,Amanda Bruse,Amanda,Bruse,,Atos,https://www.bjjheroes.com/?p=14146,"Amanda Dean Bruse is a competitor in the professional jiu-jitsu circuit and a black belt in jiu-jitsu underAndré Galvão, who represents the United States (USA) and the Atos Team. Bruse made her name in this sport while playing in the International Brazilian Jiu-Jitsu Federation (IBJJF), particularly in the No-Gi ruleset, where she conquered numerous important medals, including the World and Pan Championships. Full Name:Amanda Dean Bruse",False
12064,Amanda Leve,Amanda,Leve,,,https://www.bjjheroes.com/?p=12064,"Amanda Leve is a jiu-jitsu black belt under James Booth & Jay Regalbuto who worked extensively withRicardo Almeidaduring her purple and brown belt career. Competing almost exclusively in the no-gi circuit, Leve is widely regarded as one of the top grapplers of her generation, a reputation she earned after her wins in the colored belt division of the World and Pan No-Gi Championships (weight and absolute) back in 2015, 2016, and 2017 as well as her ADCC US Trials victory (2019). Leve has also competed in boxing and mixed martial arts (MMA). Full Name:Amanda Noel Leve",False
13078,Amanda Magda,Amanda,Magda,,Frates JJ,https://www.bjjheroes.com/?p=13078,"Amanda Magda de Oliveira is a jiu-jitsu black belt underLuis Marquesand a representative of Team Fratres in the sport’s international circuit. Amanda first made waves at the professional level of grappling in the 2022 South American Championships of the International Brazilian Jiu-Jitsu Federation (IBJJF) with a gold medal in the adult division, despite being a rookie black belt and eligible to compete in Masters 3 at 44 years of age, then earning her way into the world rankings, a placement Magda solidified that year with several more wins in other events on the IBJJF calendar. Full Name:Amanda Magda de Oliveira",False
8301,Amanda Monteiro,Amanda,Monteiro,,GF Team,https://www.bjjheroes.com/?p=8301,"Amanda Monteiro Canuto is aBrazilian jiu-jitsublack belt under MasterJúlio César Pereiraand a representative ofGF Teamin this sport/martial art’s competitive circuit. Monteiro made a name for herself in the lower belt divisions of BJJ where she earned International Brazilian Jiu-Jitsu Federation (IBJJF) World, Pans, and Brazilian National titles before cementing her status as an elite black belt with outstanding performances at the UAEJJF Abu Dhabi Grand Slam and IBJJF No-Gi Pans Championship during her first few months in this category. Full Name:Amanda Monteiro Nogueira Canuto",False
486,Amaury Bitetti,Amaury,Bitetti,,,https://www.bjjheroes.com/?p=486,"Amauri Bitetti is considered by many as the greatestBrazilian Jiu Jitsublack belt to have competed, Bitetti was trained by the lateCarlson Gracieat theAcademia Carlson Graciebecoming an open weight world champion on two occasions, the first man to accomplish this deed, Amauri Bitetti also fought Mixed Martial Arts (MMA) being a pioneer of the sport and a former member of the UFC roster. After his competitive career finished, Amauri Bitetti became a successful MMA fight promoter for the Bitetti Combat organization. Full Name:Amaury Bitetti",False
1391,Amin Touati,Amin,Touati,,Royce Gracie BJJ,https://www.bjjheroes.com/?p=1391,"Amin Touati Amin Touati (also known as “Camelinho”) is a Brazilian Jiu Jitsu black belt under the legendaryRoyce Graciefrom Stockholm, Sweden, who moved to Dubai in the UAE and helped grow the sport in that Arab country.",False
12639,Amy Campo,Amy,Campo,,Zenith JJ,https://www.bjjheroes.com/?p=12639,"Amy Campo is a jiu-jitsu black belt under Eduardo Mori and a member of the Zenith Team (Utah, USA), a squad she represents on the global grappling circuit. Campo made her reputation as one of the top grapplers of her generation while competing in the colored belt divisions of the International Brazilian Jiu-Jitsu Federation (IBJJF) where she conquered World titles (gi & no-gi) as well as Pan-American and American no-gi titles. Full Name:Amy Scot Campo",False
13832,Ana Carolina Lima Silva,Ana Carolina,Lima Silva,,,https://www.bjjheroes.com/?p=13832,"Ana Carolina Lima Da Silva is a jiu-jitsu black belt underRoberto Abreu (Cyborg)and a representative of the Art Of Jiu-Jitsu (AOJ) team in the sport’s international circuit. Although originally from Brazil, Ana Silva started her career in Argentina and the United States where she worked with numerous coaches, including Ícaro Ventura, Neury Gomes, Ronaldo Campos, the aforementioned Abreu, andGuilherme Mendes. Ana broke through as one of the top rooster weights in the world in 2024, after her performance at the International Brazilian Jiu-Jitsu Federation (IBJJF) Pan Championship, where she closed out the division alongside fellow AOJ colleague,Shelby Murphey. Full Name:Ana Carolina Lima Da Silva",False
8888,Ana Carolina Schmitt,Ana Carolina,Schmitt,,,https://www.bjjheroes.com/?p=8888,"Ana Carolina Schmitt is aBrazilian jiu-jitsublack belt under coach Marcos Cunha, having also worked extensively with coaches such as Juliano Wandalen andLetícia Ribeiro. Ana Carolina is widely regarded as one of the top female grapplers of her generation, having conquered important titles in tournaments such as the International Brazilian Jiu-Jitsu Federation’s World and South American Championships. Full Name:Ana Carolina Schmitt",False
6979,Ana Carolina Vieira,Ana Carolina,Vieira,,GF Team,https://www.bjjheroes.com/?p=6979,"Ana Carolina Vieira, commonly known as “Baby” is aBrazilian jiu-jitsublack belt under MasterJulio Cesar Pereira, being also one of the top athletes in the female middleweight division of the sport. A leading figure inGF Team‘s incredible competition team (a group for whom she has won numerous World and Brazilian National titles), Ana Carolina is also the younger sister of another jiu-jitsu star,Rodolfo Vieira. Full Name:Ana Carolina Vieira Srour",False
2357,Ana Laura Cordeiro,Ana Laura,Cordeiro,,Gracie Barra,https://www.bjjheroes.com/?p=2357,"One of the top female grapplers at the turn of the century, Ana Laura Cordeiro became a star fighting for theGracie Barra academyfor whom she won 4 consecutive world titles. In 2009, at a time when she was already regarded as a possible contender to the top “pound for pound” femalejiu jitsufighter in the world, Ana Laura Cordeiro suffered a terrible back injury that prevented her from competing at the highest level ever since. Ana Laura Cordeiro is still mentioned as one of the greatest female grapplers to have graced the sport despite her short competitive career, having defeated most of the big names of her generation such asGabi Garcia,Michelle Nicolini,Penny Thomasand many others. Full Name:Ana Laura Gonçalves Cordeiro",False
276,Ana Maria Soares,Ana Maria,Soares,India,,https://www.bjjheroes.com/?p=276,"Ana Maria Soares, India Ana Maria, known in the fighting World as India is a Brazilian Jiu Jitsu black belt from the Checkmat BJJ team. She is also a prolific Mixed Martial Artist (MMA) who has competed against some of the best in the sport.",False
13920,Anabel Lopez,Anabel,Lopez,,FZN / Checkmat,https://www.bjjheroes.com/?p=13920,"Anabel Lopez Beard is a Spanish-British grappler and student ofMarco Canhaof the Fightzone gym in London who represents Team Checkmat in the sport’s global circuit. Anabel first made waves in grappling as a colored belt by winning multiple consecutive world titles in the International Brazilian Jiu-Jitsu Federation (IBJJF) as a blue, purple, and brown belt, before earning her black belt rank at 18. Full Name:Anabel Lopez Beard",False
11685,Anderson Munis,Anderson,Munis,,,https://www.bjjheroes.com/?p=11685,"Anderson Munis is a jiu-jitsu black belt underIsaque BahienseandGabriel Figueiróas well as a former representative of the Dream Art &Alliance Academies, who worked extensively withRodrigo Feijãoand the Clube Feijão workgroup during the early stages of his professional career. Anderson Munis became widely recognized as one of the rising stars of the sport after his breakthrough performances in important tournaments of the International Brazilian Jiu-Jitsu Federation (IBJJF) and the Abu Dhabi Jiu-Jitsu Pro (AJP) tour as well as the Spyder Invitational tournament of 2019. Full Name:Anderson Munis dos Santos",False
249,Anderson Pereira,Anderson,Pereira,Deton,Brazilian Top Team,https://www.bjjheroes.com/?p=249,"Anderson Pereira is an Brazilian jiu jitsu black belt under Zé Marcello, being also one of the top grappling instructors in Geneva – Switzerland. A former Brazilian Top Team representative, Pereira changed to Icon Jiu Jitsu at its inception. Full Name:Anderson Pereira da Silva Breder.",False
1101,Andrea Baggio,Andrea,Baggio,,Manimal,https://www.bjjheroes.com/?p=1101,"Andrea Baggio is a Judo and Brazilian Jiu Jitsu black belt (under Federico Tisi), being one of the pioneers of BJJ in Italy. He has helped develop the sport in his native country being a coach of the Milanimal Team, hand having founded one of the most important BJJ tournaments in this historical country, the “Milano Challenge”. Full Name:Andrea Baggio",False
9615,Andre Almeida,Andre,Almeida,,Gracie Barra,https://www.bjjheroes.com/?p=9615,"André Almeida is a Brazilian jiu-jitsu black belt under his brothers:FlávioandRicardo Almeida, being also one of the main representatives of theGracie Barra Teamin the sport’s super-heavyweight division. Almeida earned his place as one of the sport’s hottest prospects after a strong run as a brown belt (2018), when he conquered numerous important events on the International Brazilian Jiu-Jitsu Federation (IBJJF) calendar. (OBS.: if you are browsing for André Almeida [Dedeco], founder of Origin and Best Way BJJclick here). Full Name:André Liberal Alves de Almeida",False
1716,Andre Almeida,Andre,Almeida,Dedeco,American Top Team,https://www.bjjheroes.com/?p=1716,"André Almeida, also known as “Dedeco” is an American Top Team representative as well as the founder of Best Way BJJ. Having received his black belt inBrazilian Jiu Jitsufrom the legendaryCrézio de Souza, Dedeco became one of the most respected instructors in the sport having graduated several high level black belts, includingRafaelFormigaand Leandro Escobar (founders of Soul Fighters academy) as well as Michael DeLuca. Full Name:André Luiz Gomes de Almeida",False
144,Andre Galvao,Andre,Galvao,,Atos,https://www.bjjheroes.com/?p=144,"André Galvão, also known as “Deco” is aBrazilian Jiu-Jitsublack belt under Luis “Careca” Dagmar, having also worked extensively withFernando Terere. Galvão is regarded as one of the greatest competitors to have ever graced the sport, a reputation conquered through important titles such as IBJJF World Champion, IBJJF Pan American Champion (8x), andADCC champion(2x).  André Galvão also competed in mixed martial arts (MMA), having retired from cage-fighting with a record of 5-2-0 to lead theAtos Jiu-Jitsu Academy. Heading the team’s headquarters in San-Diego, CA Galvão established one of the strongest BJJ teams in of the modern era of the sport. Full Name:André Luiz Leite Galvão",False
11646,Andre Gois,Andre,Gois,,Alliance,https://www.bjjheroes.com/?p=11646,"André Góis is a jiu-jitsu black belt underLucas Lepri, who worked extensively with Luciano Nucci (Casquinha) while representing theAlliance teamin the sport at an international level. Góis made a name for himself in the colored belt divisions while competing on the International Brazilian Jiu-Jitsu Federation (IBJJF) circuit, where he conquered important titles such as the Pan American and Brazilian National tournaments. Full Name:André Nascimento dos Santos Góis",False
7747,Andre Maracaba,Andre,Maracaba,,Maracaba BJJ,https://www.bjjheroes.com/?p=7747,"Andre Maracaba, commonly referenced as Andre ‘Urso’ is aBrazilian jiu jitsublack belt underRegis Lebreand the head coach of Power MMA, a small team from Arizona – USA from which Maracaba produced several International Brazilian Jiu Jitsu Federation World, Pan American and US National champions and medallists. Full Name:Andre Luiz Vale de Maracaba",False
1640,Andre Monteiro,Andre,Monteiro,,Nova Geracao,https://www.bjjheroes.com/?p=1640,"Andre Monteiro, also known as “Tim”, is aBrazilian Jiu Jitsublack belt, from the Carlson Gracie lineage (underFrancisco “Toco”) who has medalled in important tournaments such as the Pan American (Gi and Nogi) and the Brazilian Nationals. Andre Monteiro is also a renowned coach, having built his career in from the United States a country he moved to in 2008. Full Name:André Carvalho Monteiro",False
78,Andre Pederneiras,Andre,Pederneiras,Dedé,Nova Uniao,https://www.bjjheroes.com/?p=78,"Named as “MMA Coach of the Year” by the renowned PVT Magazine (Portal do Vale Tudo) in 2010, Andre Pederneiras, also known asDedé, is regarded as one of the topBrazilian Jiu Jitsuand mixed martial arts (MMA) coaches in the World. The leader and co-founder of theNova Uniaoacademy, Pederneiras, is also famed for his work with the impoverished communities of Rio de Janeiro, having transformed several youngsters in those areas into world champions. Full Name:n/a",False
11384,Andre Porfirio,Andre,Porfirio,,Fight Sports,https://www.bjjheroes.com/?p=11384,"André Porfirio is a jiu-jitsu black belt underRoberto Abreu (Cyborg)who worked extensively withCicero Costhaand the PSLPB team in São Paulo, Brazil. Porfirio made a name for himself in the colored belt divisions when he conquered 4 World titles with the International Brazilian Jiu-Jitsu Federation (IBJJF), which earned him a reputation as one of his generation’s most prominent athletes, a status he would confirm as a black belt by conquering several important titles in the professional circuit in a varied range of rulesets. Full Name:André Luiz Novaes Porfirio",False
1414,Andre Quiles,Andre,Quiles,,,https://www.bjjheroes.com/?p=1414,"Andre Quiles is a Brazilian Jiu Jitsu black belt under the Leandro Vieira) with strong ties to the MMA team Chute Boxe, for whom he fought many times. Quiles has won several important titles in Jiu Jitsu, such as Sao Paulo State Champion (7 times) and South American Champion. Full Name:Andre Quiles Roiger",False
314,Andre Terencio,Andre,Terencio,Negao,Brazil 021,https://www.bjjheroes.com/?p=314,"Andre Terencio also known as Andre “Negao” is a great Jiu Jitsu personality and one of the best coaches in BJJ today, having graduated great champions likeHannette Staack. Negao is also one of the founding members of the Brazil 021 team. A team with affiliates all over the world, including the two strongest “BJJ countries”, the United States and Brazil. Full Name:André Fernando Alves Terencio",False
8519,Andressa Cintra,Andressa,Cintra,,Checkmat,https://www.bjjheroes.com/?p=8519,"Andressa Cintra is aBrazilian jiu-jitsublack belt underSebastian Lalliwho also worked under the guidance ofLuiz Guilherme(Guigo),Caio Almeida,and João Guedes. Cintra broke through as one of the top players in this sport/martial art’s international competitive circuit in 2016 as a purple belt, through her wins at the CBJJ Brazilian Nationals and IBJJF World Championships – Deeds Andressa would replicate the following year as a brown belt, cementing her status as one of the top female athletes of her generation. Full Name:Andressa Mezari Cintra",False
13930,Andrew Soares Santos,Andrew,Soares Santos,,,https://www.bjjheroes.com/?p=13930,"Andrew Soares dos Santos is a Brazilian grappler and a jiu-jitsu black belt underCarlos Holandaand Darlony Rideen, who worked extensively with coachFabricio Moreirain the Vision Team’s headquarters in Qatar. Soares made waves in the sport while competing in the International Brazilian Jiu-Jitsu Federation (IBJJF) and the Abu Dhabi Jiu-Jitsu Pro (AJP) circuits, where he conquered important medals. Full Name:Andrew Soares dos Santos",False
11808,Andrew Wiltse,Andrew,Wiltse,,Pedigo Submission Fighting,https://www.bjjheroes.com/?p=11808,"Andrew Wiltse is a jiu-jitsu black belt underHeath Pedigoand a representative of the Pedigo Submission Fighting Academy, who was the team’s first breakthrough black belt in the sport’s international circuit. Universally regarded as one of his generation’s toughest grapplers, Wilse first earned his reputation while competing in the colored belt divisions of the International Brazilian Jiu-Jitsu Federation (IBJJF) where he conquered 5x World titles before reaching the pro-division. Full Name:Andrew Wiltse",False
13172,Andrew Tackett,Andrew,Tackett,,Brazilian Fight Factory,https://www.bjjheroes.com/?p=13172,"Andrew Tackett, also known as Pirulito, is a professional grappler and a jiu-jitsu black belt underRodrigo Cabral(Brucutu) of the Brazilian Fight Factory gym, an affiliate of team Checkmat. Tackett became a household name on the no-gi jiu-jitsu circuit while competing both in the International Brazilian Jiu-Jitsu Federation (IBJJF) and in the submission-only scene as a colored belt due to his winning mentality and submission-oriented game. The notoriety gained as a teenage athlete was a direct result of his exciting performances at events such as the ADCC Open, IBJJF World No-Gi Championships, Finishers Only, and WNO, to mention a few. Andrew is also the middle brother of another big name in this sport, ADCC Trials winner William Tackett. Full Name:Andrew Henry Tackett",False
11878,Andy Murasaki,Andy,Murasaki,,Atos,https://www.bjjheroes.com/?p=11878,"Andy Murasaki is a Brazilian-Japanese professionaljiu-jitsuathlete who holds the rank of black belt in this sport/martial art, a grade he received fromAndréandAngelica Galvãoof the Atos Academy. Prior to his time representing the San Diego-based team, Murasaki worked extensively withCaio Terraand Anderson Murasaki (his father). Andy broke out as one of the sport’s leading competitors during his colored belt career, a time when he conquered important titles of the International Brazilian Jiu-Jitsu Federation (IBJJF) league, tournaments such as the World, European, and Pan American Championships. Full Name:Andy Tomas Murasaki Pereira",False
12703,Andy Varela,Andy,Varela,,10th Planet,https://www.bjjheroes.com/?p=12703,"Andy Varela is a grappler and a mixed martial arts (MMA) fighter who holds the rank of black belt in jiu-jitsu under Casey Halstead of the 10th Planet team. Varela first made waves in the sport of grappling while competing in the Submission Underground (SUG) event, a promotion led by former UFC middleweight Chael Sonnen. Varela would later cement his claim as one of the top 170 lbs (77 kg) competitors in the sport after a superb performance at the 2022 ADCC West Coast Trials. Full Name:Andrea Varela",False
8293,Angelica Galvao,Angelica,Galvao,,Atos,https://www.bjjheroes.com/?p=8293,"Angelica Galvão is aBrazilian jiu jitsublack belt as well as one of the top grappling competitors of her generation, a reputation she earned by conquering important titles in tournaments such as the International Brazilian Jiu Jitsu Federation’s (IBJJF) World, World No-Gi, Pan American, European Open and American Nationals. A member of theAtos Jiu Jitsu Academy, Angelica is also the wife of another successful grappler –André Galvão. Full Name:Angelica Cabral Firme Galvão",False
10638,Angelo Claiborne,Angelo,Claiborne,,Team Lloyd Irvin,https://www.bjjheroes.com/?p=10638,"Angelo Claiborne is aBrazilian jiu-jitsublack belt underLloyd Irvin, who worked extensively with coachDonnie Achnick(Master Donald). Claiborne is one of the top representatives of the Team Lloyd Irvin Academy in the sport’s international competitive circuit, a reputation he earned while competing in the colored belt divisions of the International Brazilian Jiu-Jitsu Federation (IBJJF), where he earned multiple important medals in tournaments such as the World and Pan Jiu-Jitsu Championship. Full Name:Angelo Dequan Claiborne",False
10764,Anna Rodrigues,Anna,Rodrigues,,Dream Art,https://www.bjjheroes.com/?p=10764,"Anna Rodrigues (often spelled Ana Rodrigues [one “n”]) is aBrazilian jiu-jitsublack belt underIsaque Bahiense, who worked extensively with other references of the grappling world, namelyMárcio Rodrigues,Luiz “Guigo”,André Galvão,Fábio Gurgel, andMichael Langhibefore earning her rank. Widely regarded as one of the top female grapplers of her generation, Anna Rodrigues’ reputation was conquered while competing in the lower belt divisions of the sport, where she conquered numerous World and Pans titles of the International Brazilian Jiu-Jitsu Federation (IBJJF), going on to cement her status as a major player in her very first year at black belt. Full Name:Anna Cristina Araújo Rodrigues",False
540,Anthony Pacenski,Anthony,Pacenski,Tony,BJJ Revolution,https://www.bjjheroes.com/?p=540,"Tony Pacenski is an American born Brazilian Jiu Jitsu black belt under Rodrigo Medeiros. Tony started learning Jiu Jitsu in his teens, having been instructed by some of the greatest personalities in the sport, becoming also an instructor of the renownedBJJ Revolution Team.In 2014 Tony Pacenski became highly involved in the development of the Jiu Jitsu Global Federation. Full Name:Anthony J Pacenski Jr.",False
1104,Anthony Perosh,Anthony,Perosh,The Hippo,Machado JJ,https://www.bjjheroes.com/?p=1104,"Anthony Perosh is a highly regarded Australian mixed martial artist (MMA), being also being known as one of the firstBrazilian Jiu Jitsublack belts of the region. A pioneer in his country in both Jiu Jitsu and MMA, Perosh (also called “The Hippo”) medalled in some of grappling’s most important tournaments before he changed his focus to cage fighting, being an ADCC qualifier, and a World and Pan American medallist in the lower belts. Full Name:Anthony Perosh",False
957,Anthony Scales,Anthony,Scales,AJ,Nova Uniao,https://www.bjjheroes.com/?p=957,"Anthony Scales, most commonly referred to as AJ Scales is a Canadian BJJ black belt under Wagnney Fabiano, and a Nova Uniao team Canada representative, being also the head coach of theComplete MMA gymand the first Canadian ever to have a super fight in a submission wrestling event in Brazil Full Name:Anthony Scales",False
1236,Antonio Carlos Junior,Antonio Carlos,Junior,"Cara de Sapato, Shoe Face",Checkmat,https://www.bjjheroes.com/?p=1236,"Antonio Carlos Junior, also known as“Cara de Sapato” (shoe face) is aBrazilian Jiu-Jitsublack belt under Helder “Bob Esponja” Medeiros from theCheckmat Team(Paraíba state affiliate), who was ranked as the “#1 BJJ Fighter to Watch” in 2011 by the well established Gracie Magazine. With an extensive list of medals in important tournaments such as theMundialand the Brazilian Nationals, Antonio Carlosbecame part of an exciting generation of competitors that started making a name for themselves at international tournaments at the turn of the 2010 decade. Cara de Sapato has since moved to a career in Mixed Martial Arts, where he earned his spot at The Ultimate Fighter house in the TUF Brazil heavyweights season (Wanderlei Silva x Chael Sonnen), the UFC’s reality show. Full Name:Antonio Carlos Coelho de Figueiredo Barbosa Júnior",False
1536,Antonio de Melo,Antonio,de Melo,,Brazil 021,https://www.bjjheroes.com/?p=1536,"Antonio de Melo Antonio de Melo is a Brazilian Jiu Jitsu black belt under Masters Robson Gracie and Geraldo Gonçalves Flores who is currently part of the Brazil 021 team, a team led by the legendary Hanette Staack, Andre Terencio and Carlos Henrique. Melo has been a BJJ black belt since 1993, having medalled in important tournaments such as the LINJJI and the International Masters & Seniors IBJJF competition.",False
911,Antonio Peinado,Antonio,Peinado,Batista,Alliance,https://www.bjjheroes.com/?p=911,"Antonio Peinado, also known as “Batista”, is aBrazilian Jiu-Jitsublack belt developed in theAlliance teamHeadquarters in Sao Paulo, Brazil. Belonging to the 2010 generation of grappling talent, Peinado was a strong competitor in the IBJJF and AJP circuits (gi ruleset). Antonio Peinado was also praised as a grappling sparring partner by MMA aces such asDemian Maiaand Junior dos Santos (JDS) when they were at the forefront of the Ultimate Fighting Championship (UFC). Full Name:Antonio Carlos Alexandre Peinado",False
9130,Antonio Roberto Crivelari,Antonio Roberto,Crivelari,Juninho,Checkmat,https://www.bjjheroes.com/?p=9130,"Antonio Roberto Crivelari Jr, commonly known as Juninho Crivelari, is aBrazilian jiu jitsublack belt under Nilson Liboni and a member of theCheckmatjiu jitsu academy. Well known as a grappling instructor, having developed athletes such as Bruno Martins, Pedro Fernandes, Talles Alves as well as his sons Filippi and João Bento, Crivelari is also known for his accomplishments as an athlete, particularly in the Masters division where he conquered a range of medals in high-level tournaments. Full Name:Antonio Roberto Crivelari Jr",False
1865,Antonio Rodrigo Nogueira,Antonio Rodrigo,Nogueira,Minotauro,,https://www.bjjheroes.com/?p=1865,"One of the true legends in the sport of MMA, Antonio Rodrigo Nogueira, also known as “Minotauro” is considered by many the best heavyweightBrazilian Jiu Jitsuhas produced in mixed martial arts. With a prosperous career in BJJ in the late 1990’s, Minotauro turned to MMA, where wins over emblematic fighters such as UFC Hall of Fame Randy Couture & Mark Coleman as well as Josh Barnet, Dan Henderson, Mirko Filipovic, Tim Sylvia (just to name a few) gave him world titles in the two top organizations in the world (Pride FC and UFC). Full Name:Antonio Rodrigo Nogueira",False
12,Antonio Schembri,Antonio,Schembri,Nino,,https://www.bjjheroes.com/?p=12,"One of the most exciting grapplers to have ever stepped on a mat, Antonio Schembri also known as ‘Nino’ Schembri is ajiu jitsublack belt underCarlos Gracie Junior, who blasted into the BJJ scene in the mid 1990’s competing for theGracie Barra academy. Nino Schembri quickly made a name for himself as the king of theomoplata, a game he developed making better use of his highly flexible and offensive guard game, being also one of the first grapplers recorded using the ‘lasso guard’ and the ‘rubber guard’. He is considered by many (BJJ Heroes included) as one of the best guard players to have ever competed in the sport. Full Name:António Schembri",False
387,Antonio Braga Neto,Antonio,Braga Neto,,Gordo JJ,https://www.bjjheroes.com/?p=387,"Antonio Braga Neto is aBrazilian Jiu-Jitsublack belt world champion who learned his trade from one of the top coaches in the world, the illustriousRoberto Correa(also known as Gordo). Antonio Braga Neto became a BJJ celebrity after his two wins at theworld championshipsin 2008 and 2011, Braga Neto has also made a successful run as a mixed martial arts fighter (MMA fighter). Full Name:Antonio Braga Neto",False
13364,Arley Pacheco,Arley,Pacheco,,Gracie Barra,https://www.bjjheroes.com/?p=13364,"Arley Pacheco Damaceno Brandão, commonly known as Arley Pacheco or by the nickname “Bobby”, is a jiu-jitsu black belt underFelipe Pena, and a representative of Gracie Barra in the sport’s gi (kimono) circuit. Arley broke out and became recognized as one of the most promising athletes in the sport when he was a purple and brown belt, during the 2021-2022 seasons, a time when the native of Minas Gerais, Brazil, conquered numerous important titles which included a world title in the International Brazilian Jiu-Jitsu Federation (IBJJF) and another in the Abu Dhabi Jiu-Jitsu Pro Tour (AJP). Full Name:Arley Pacheco Damaceno Brandão",False
584,Arlisson Melo,Arlisson,Melo,Kiki,Nova Uniao,https://www.bjjheroes.com/?p=584,"Arlisson Melo, commonly known as Kiki is a Brazilian jiu jitsu black belt underAndré Pederneirasand a member of the Kimura-Nova Uniao academies. A former IBJJF and CBJJO World Champion, Kiki is also well experienced in freestyle wrestling, with Brazilian national titles in the sport, as well as a former mixed martial arts (MMA) fighter. Full Name:Arlisson Melo Dos Santos",False
9931,Arthur Detanico,Arthur,Detanico,,JA BJJ,https://www.bjjheroes.com/?p=9931,"Arthur Detânico is aBrazilian jiu-jitsublack belt under Mateus Bernardi, and one of the main lightweight (76,00 kg / 168.0 lbs) grapplers to have originated from the Gaucho region, south of Brazil. Lesser known to mainstream BJJ fans during his colored belts career, Detânico’s prominence in the sport took place soon after his black belt promotion, after his outstanding debut performance at the International Brazilian Jiu-Jitsu Federation (IBJJF) South Brazilian Championship. Full Name:Arthur de Araujo Detânico",False
13175,Ariel Tabak,Ariel,Tabak,,,https://www.bjjheroes.com/?p=13175,"Ariel Tabak is a South African-Australian grappler and black belt under coachCicero Costha, who worked extensively withLevi Jones-Leary, Daniel Keane, Daniel Sainty, as well as Daniel Shaw, and represents the Cicero Costha Association in the sport’s international tour. Tabak is widely recognized as one of Australia’s top competitors, a status he earned through a crowd-pleasing grappling style that saw him through important wins against well-known names of the sport while medaling in tournaments of the International Brazilian Jiu-Jitsu Federation (IBJJF) and Abu Dhabi Jiu-Jitsu Pro (AJP) leagues. Full Name:Ariel Tabak",False
260,Ary Farias,Ary,Farias,Aryzinho,Atos,https://www.bjjheroes.com/?p=260,"Ary Farias is aBrazilian Jiu-Jitsublack belt underRamon Lemos, who also worked extensively withRicardo VieiraandRonaldo Jacaréduring his lower belt grappling career. While climbing the ranks of jiu-jitsu, Farias was regarded as one of the hottest prospects in the sport, a reputation he cemented through numerous international titles in the International Brazilian Jiu-Jitsu Federation (IBJJF) which included two gold medals at the World Jiu-Jitsu Championships. After an illustrious career in BJJ, Ary Farias turned his focus towards mixed martial arts (MMA). Full Name:Ary de Melo Farias",False
11703,Arya Esfandmaz,Arya,Esfandmaz,,Pure JJ,https://www.bjjheroes.com/?p=11703,"Arya Esfandmaz is a British grappler, founder of the Pure Jiu-Jitsu Academy, and a black belt in both judo and jiu-jitsu, the latter awarded byLúcio Rodrigues(Lagarto), who also worked extensively withRoger Graciein London, England. Although Esfandmaz spent extended periods of his career competing in the Asian circuit, he gained his notoriety when competing in Europe by conquering important medals on the International Brazilian Jiu-Jitsu Federation (IBJJF) league, namely in the European Open and British National Championships. Full Name:Arya Esfandmaz",False
381,Armando Wridt,Armando,Wridt,Dedinho,Gracie JJ,https://www.bjjheroes.com/?p=381,"Armando Wridt is one of the 7 Masters that received theirred beltfrom the hands of the lateGrand Master Helio Gracie. One of the pioneers ofBrazilian Jiu-Jitsu, Armando Wridt defended the Gracie Jiu-Jitsu style in several grappling and Vale-Tudo events  – also known as No Holds Barred, the sport that would later become mixed martial arts (MMA). Full Name:Armando Wridt",False
9401,Ashley Williams,Ashley,Williams,,Chris Rees JJ,https://www.bjjheroes.com/?p=9401,"Ashley Williams is a Welsh-born grappler, and a black belt inBrazilian jiu-jitsuunder Chris Rees, being one of the most well known European athletes of his generation. Williams is mostly recognized for his accolades in jiu-jitsu’s no-gi circuit, particularly his wins at the International Brazilian Jiu-Jitsu Federation (IBJJF) European No-Gi Open, and his performances in submission-only events such as Eddie Bravo Invitational (EBI), Polaris, GrappleFest and Kasai Pro. Full Name:Ashley Jordan Williams",False
1167,Augusto Ferrari,Augusto,Ferrari,,,https://www.bjjheroes.com/?p=1167,"Augusto Ferrari is a Brazilian jiu-jitsu black belt underMarco Barbosa, who represented important São Paulo teams such as Lotus and Barbosa (B9), as well as Ns Brotherhood. In the lower belt division, Augusto’s rivalry with André Galvao, particularly as brown belts, was one of the most talked about rivalries at the time, making several headlines in this sport’s media. As a black belt, Ferrari conquered important titles such as the CBJJ and CBJJE Brasileiro (Brazilian Nationals). Full Name:Augusto Ferrari",False
188,Augusto Mendes,Augusto,Mendes,Tanquinho,Soul Fighters,https://www.bjjheroes.com/?p=188,"Augusto Mendes, commonly known as “Tanquinho”, is aBrazilian Jiu-Jitsublack belt under MasterFrancisco Mansur, being also one of the big names of his generation in the sport’s featherweight division, a stance solidified by his International Brazilian Jiu-Jitsu Federation (IBJJF) World title and Abu Dhabi Combat Club (ADCC) bronze medal. Aside from his accomplishments in grappling, Tanquinho also ventured into mixed martial arts (MMA), reaching the UFC in 2016. This while being one of the most recognized referees in jiu-jitsu as well as a respected grappling coach and co-founder of the Soul Fighters Academy. Full Name:Augusto Lopes Mendes",False
2606,Augusto Monteiro,Augusto,Monteiro,,Associação Monteiro,https://www.bjjheroes.com/?p=2606,"Augusto Monteiro, commonly known as Guto Monteiro, is aBrazilian Jiu Jitsupioneer in Manaus – state of Amazonas, Brazil. Guto Monteiro and his brothers (Binho, Yano and Lucio) founded the “Associação Monteiro” one of the most successful academies in the world, having been responsible for starting up several world champions, includingSauloandXande Ribeiro,Gabriel MoraesandOmar Salum. Full Name:Adriano Augusto Braga Monteiro",False
13332,Aurelie Le Vern,Aurelie,Le Vern,,Gracie Humaita,https://www.bjjheroes.com/?p=13332,"Aurélie Le Vern is a prominent jiu-jitsu athlete from France who competes out of the Six Blades team branch in the French Guiana Region. A black belt under Tyrone Gonsalves, Aurélie Le Vern broke through as one of the top medium heavyweights in the sport after her numerous medals on the International Brazilian Jiu-Jitsu Federation (IBJJF) global circuit. Full Name:Aurélie Le Vern",False
12203,Austin Baker,Austin,Baker,,Gracie Barra,https://www.bjjheroes.com/?p=12203,"Austin Baker is a jiu-jitsu black belt underFlávio Almeidawho represents theGracie Barra Academyin the sport’s international circuit. Baker first made waves in grappling as a colored belt, a time when he conquered a Pan American title with the International Brazilian Jiu-Jitsu Federation (IBJJF) as well as a silver medal at the World Championships, also with the IBJJF. During his black belt debut year (2021), Austin conquered important medals at the American Nationals and other International Open tournaments, further cementing his place as one of the top ultra-heavyweight (over 222.0 lbs) prospects in grappling. Full Name:Austin Baker",False
13849,Austin Oranday,Austin,Oranday,,Oranday Bros,https://www.bjjheroes.com/?p=13849,"Austin Oranday is a jiu-jitsu black belt under his brother,Damion Oranday, who worked extensively with Lucas Lepri of Team Alliance. Austin is also a co-founder of the Oranday Bros Jiu-Jitsu Academies in Port Neches and Lumberton, Texas. He developed the team alongside his family: brother,Damion Oranday, sister, Camryn Oranday Costa, mother, Bambi Renee Oranday Martin, and stepfather, Aaron Martin. Oranday flourished during his colored belt career, and he achieved success in the pro-division against several big names in the sport. Full name:Austin Caine Oranday",False
1023,Baret Yoshida,Baret,Yoshida,,Undisputed,https://www.bjjheroes.com/?p=1023,"One of the main American figures in Jiu-Jitsu and Submission Wrestling tournaments at the turn of the millennium, the Hawaiian Baret Yoshida is an ADCC medallist and World No Gi Champion who earned his black belt training under Egan Inoue guidance, having fought against the elite of BJJ with some very solid wins – such as his win overAlexandre Soca(2001). those aforementioned accomplishments together with his exquisite use of the guard, quickly made Baret a worldwide fan favorite. Baret Yoshida also competed in MMA (Mixed Martial Arts) becoming an important grappling coach at the same time; he is also a published author with a grappling book and DVD that were very well accepted by the community. Full Name:Baret Yoshida",False
1119,Beatriz Mesquita,Beatriz,Mesquita,,Gracie Humaita,https://www.bjjheroes.com/?p=1119,"Beatriz Mesquita, also known as Bia Mesquita, is an excitingBrazilian Jiu-Jitsublack belt under the legendaryLeticia Ribeiro. Being pointed as the next big thing in women’s Jiu-Jitsu when she was still a teenager, Beatriz Mesquita has cemented her status as one of the greatest grapplers of her generation by achieved numerous BJJ titles such as the World Nogi Championship and the Pan American title before even reaching her black belt status. Mesquita has also competed successfully in Wrestling and Judo as well as swimming. Full Name:Beatriz de Oliveira Mesquita",False
1998,Ben Baxter,Ben,Baxter,,Gracie Humaita,https://www.bjjheroes.com/?p=1998,"Ben Baxter is ajiu jitsublack belt graduated by the iconicWellington “Megaton” Diaswho trains and competes for theRafael Lovato Junioracademy. Ben is regarded as one of the top competitors in the United States having medalled in important tournaments such as the Mundial (BJJ World Championships), the European Open and the Pan American Championships. Full Name:Benjamin Ross Baxter",False
425,Bernardo Faria,Bernardo,Faria,,Alliance,https://www.bjjheroes.com/?p=425,"Bernardo Faria is a Brazilian jiu-jitsu black belt underRicardo Marqueswho worked extensively withFabio Gurgel, who competed extensively for theAlliance Academyin the sport’s international circuit. Widely regarded as one of the most important super-heavyweights of his generation, with titles in jiu-jitsu’s top tournaments. Faria is also the co-founder of theBJJ Fanaticssite, one of the most successful online retail stores in the grappling industry. Full Name:Bernardo Rocha de Faria",False
1433,Bernardo Pitel,Bernardo,Pitel,,Nova Uniao,https://www.bjjheroes.com/?p=1433,"Bernardo Pitel is a formerBrazilian Jiu Jitsuworld champion, and one of the biggest names in the sport’s “Pluma” division (under 64kg). Bernardo Pitel graduated as a black belt training under another illustrious BJJ figure,João Roque, having become part ofNova Uniao, an academy that taunted the light weight divisions in the late 1990’s and early 2000’s. Full Name:Bernardo Pitel",False
1158,Bianca Andrade,Bianca,Andrade,,Gracie Barra,https://www.bjjheroes.com/?p=1158,"Bianca Andrade Barreto is a former professional athlete in Body Boarding who converted intoBrazilian Jiu Jitsu, having become one of the best female competitors of all time with numerous important titles such as Brazilian National champion and World champion on multiple occasions. With wins over some of the best fighters of her generation, such asFabiana Borges, Michele Tavares andLeticia Ribeiro(to name a few), Bianca Andrade put her name in theIBJJF Hall of Fame. Full Name:Bianca Andrade Barreto",False
471,Bibiano Fernandes,Bibiano,Fernandes,,Gracie Barra,https://www.bjjheroes.com/?p=471,"Bibiano Fernandes, sometimes referenced as ‘Flash’ is former aBrazilian jiu jitsuIBJJF World and Pan American champion who was largely regarded as the top light-featherweight of his generation before his career shift to mixed martial arts (MMA). Fernandes also excelled in MMA, holding belts in two promotions (DREAM and ONE Fc), while becoming a well recognised success story. Someone who was raised in extreme poverty and overcame adversity through combat sports. Full Name:Bibiano Bernandes",False
898,Bill Cooper,Bill,Cooper,The Grill,,https://www.bjjheroes.com/?p=898,"Bill Cooper, also known as ‘Bill The Grill’, is an American grappler who earned the rank of black belt inBrazilian jiu jitsutraining under the supervision ofRicardo Millerat the Paragon jiu jitsu academy. Bill Cooper is one of the most exciting jiu jitsu competitors of his generation, being also the youngest American to have achieved a black belt in BJJ at the time of the grading. Bill Cooper has ventured into Mixed Martial Arts (MMA) as well, having competed in prestigious organizations such as Strikeforce. Full Name:William Cooper",False
9385,Brandon Walensky,Brandon,Walensky,,Clark Gracie Academy,https://www.bjjheroes.com/?p=9385,"Brandon Walensky is aBrazilian jiu-jitsublack belt underClark Gracie, also working extensively with coach Paulo Fernando Augusto during his formative years. One of the most exciting grapplers of his generation, Walenski broke out to a mainstream audience while competing as a brown belt, particularly through his performances at the Eddie Bravo Invitational (EBI), Metamoris and International Brazilia Jiu-Jitsu Federation (IBJJF) World No-Gi Championship, he would later cement his status in the black belt division. Full Name:Brandon Woodly Walensky",False
9048,Brenda Heller,Brenda,Heller,,GD Jiu Jitsu,https://www.bjjheroes.com/?p=9048,"Brenda Heller is aBrazilian jiu jitsublack belt underMárcio André, being also one of the main BJJ competitors of her generation, a reputation earned early in her career through Heller’s many accomplishments in the lower belt divisions of the sport and later cemented as a black belt. Brenda Heller is also the wife of another highly respected jiu jitsu figure: Márcio André, and sister to the talented sports photographer Vitor Freitas. Full Name:Brenda Heller Pessoa Freitas",False
10862,Brenda Larissa,Brenda,Larissa,,Escola Melqui Galvão,https://www.bjjheroes.com/?p=10862,"Brenda Larissa is a Brazilian jiu-jitsu black belt underMichael LanghiandFábio Gurgel, who worked extensively with coachMelqui Galvãowhile representing theAlliance Teamin the sport’s global circuit during the early stages of her career (later playing for Fight Sports). Larissa earned the reputation of being one of the prime competitors of her generation through her many wins in grappling’s top events, particularly those included in the International Brazilian Jiu-Jitsu Federation (IBJJF) and UAE Jiu-Jitsu Federation (UAEJJF) calenders where she conquered multiple world titles. Brenda Larissa is also well known for her willingness to compete in the open weight class, one of the very few rooster weight competitors to do so. Full Name:Brenda Larissa",False
7535,Bianca Basilio,Bianca,Basilio,,Almeida JJ,https://www.bjjheroes.com/?p=7535,"Bianca Basílio is aBrazilian jiu-jitsublack belt underCaio Almeida, being also one of the top grappling competitors of her generation. A representative of the Almeida Jiu-Jitsu academy on a national level and Atos, internationally, Basílio took the world by storm in the lower belt divisions of the sport by conquering some of the sport’s most praised events, which included the World, Pan American, South American and European titles. She would later cement her status as one of the best grapplers of a generation by repeating those deeds as a black belt. Full Name:Bianca Barbosa Basílio",False
253,Jay Dee Penn,Jay Dee,Penn,"BJ, The Prodigy",,https://www.bjjheroes.com/?p=253,"BJ Penn, also known as “The Prodigy” is an iconic figure in martial arts and combat sports in general having been the first American to ever win the World Jiu Jitsu Championship, he was also the second man to win UFC (Ultimate Fighting Championship) titles in two different weight categories (lightweight & welterweight). Amongst the incredible list of achievements accomplished by the Hawaiian, BJ Penn was also one of the fastest men to achieve the rank of black beklt in Brazilian Jiu Jitsu ( 3 years and 4 months). Full Name:Jay Dee Penn",False
2358,Brandon Mullins,Brandon,Mullins,Wolverine,Gracie Barra,https://www.bjjheroes.com/?p=2358,"Brandon Mullins, also known as “Wolverine”, is aBrazilian jiu-jitsublack belt, a grade earned training under the tutelage of Klay Pittman, Mullins later became an assistant instructor of the famousVinicius Magalhãesat theGracie Barraacademy headquarters in Texas. Brandon Mullins made a name for himself as one of the top jiu-jitsu competitors in therooster weightdivision after he won his first Pan American title in 2009 (no-gi). He has since become one of the most successful American born BJJ black belts in the world through his recurring success at the world no-gi championships. Full Name:Brandon Mullins",False
422,Braulio Estima,Braulio,Estima,Carcara,Gracie Barra,https://www.bjjheroes.com/?p=422,"Braulio Estima “Carcará” is aBrazilian Jiu-Jitsublack belt World Champion and an ADCC open weight & super fight champion. Considered by most, one of the top jiu-jitsu competitors of the 2000’s era, Braulio Estima collected trophies throughout his grappling career, both as a fighter and as an instructor. In recent years Braulio has slowed down on his competitive appearances. Braulio is also the older brother of another great jiu-jitsu talent,Victor Estima. Full Name:Braulio de Oliveira Estima",False
8298,Brian Beauchamp,Brian,Beauchamp,,Equipe Fabricio,https://www.bjjheroes.com/?p=8298,"Brian Beauchamp is an accomplished judo andBrazilian jiu jitsublack belt as well as a respected mixed martial arts (MMA) referee and judge. After an outstanding 30 year long career in judo, Beauchamp switched his focus to BJJ where he became one of the most successful Masters/Seniors competitors of all time, particularly in the International Brazilian Jiu Jitsu Federation (IBJJF) circuit where he spent 9 consecutive years without conceding a single point. Full Name:Brian Edward Beauchamp",False
9640,Brian Beaury,Brian,Beaury,,Brian Beaury BJJ,https://www.bjjheroes.com/?p=9640,"Brian Beaury is aBrazilian jiu-jitsublack belt under Mike Wacker, who also worked extensively withMurilo SantanaandJT Torres. One of the main jiu-jitsu figures on the American Tr-State area, Beaury is well known as the founder of Brian Beaury Brazilian Jiu-Jitsu, and a regular face on the podium’s of the International Brazilian Jiu-Jitsu Federation (IBJJF) circuit, which include important tournaments such as the American Nationals (Gi + NoGi) and Pan American NoGi. Full Name:Brian J Beaury II",False
11354,Brian Giorgio,Brian,Giorgio,,Alliance,https://www.bjjheroes.com/?p=11354,"Brian Giorgio is a Canadian grappler and a black belt in jiu-jitsu underThomas Lisboa, who also worked extensively with coach Walter Buse while representing theAlliance teamin the sport’s global circuit. Although a late bloomer, having started his BJJ career in his mid-20s, Giorgio quickly made a name for himself while competing in the International Brazilian Jiu-Jitsu Federation (IBJJF) circuit, conquering important medals in the World, World NoGi and European Open tournaments. Full Name:Brian Giorgio",False
12599,Brianna Ste-Marie,Brianna,Ste-Marie,,BTT,https://www.bjjheroes.com/?p=12599,"Brianna Ste-Marie is a Canadian grappler who holds the rank of black belt in jiu-jitsu under instructors Fábio Holanda andLeonardo Saggioroof the Brazilian Top Team (BTT). Brianna Ste-Marie is widely recognized as one of her generations’ top competitors, a reputation she conquered early in her career, as a colored belt, through the many medals she conquered in the International Brazilian Jiu-Jitsu Federation (IBJJF) including important titles such as World No-Gi, Pan American (Gi and No-Gi), and European Championships. Full Name:Brianna Ste-Marie",False
13577,Brigida Carvalho Felipe,Brigida,Carvalho Felipe,,Vision,https://www.bjjheroes.com/?p=13577,"Brígida Felipe is a jiu-jitsu athlete and a black belt underPaulo Rezende, whose development occurred in the well-known Casa do Atleta (Athlete House) in Poços de Caldas, Minas Gerais, one of the most successful training programs in the sport. Brígida started making waves in the sport during her colored belt career when she won several important tournaments at the International Brazilian Jiu-Jitsu Federation (IBJJF) and the Abu Dhabi Jiu-Jitsu Pro Tour (AJP) circuits, a talent she would confirm in her rookie year as a black belt. Full Name:Brígida Carvalho Felipe",False
1659,Bruno Alves,Bruno,Alves,,Gracie Barra,https://www.bjjheroes.com/?p=1659,"Bruno Almeida Alves is aBrazilian Jiu Jitsublack belt underZé Radiola(formerly from theGracie Barra– Pernambuco) academy. Bruno piled up medals in some of the toughest grappling tournaments in the world at the middleweight division, tournaments such as the World Championship, the European Open and the Pan American, being among the elite competitors of his generation Full Name:Bruno Almeida Alves",False
222,Bruno Amorim,Bruno,Amorim,Robinho,Gracie Barra,https://www.bjjheroes.com/?p=222,"Bruno Amorim, Also known as “Robinho” is a Jiu-Jitsu black belt under the prestigiousVinicius Magalhaes. Originally a student of theNova Forçaacademy, Amorim switched to the Gracie Barra (Belo Horizonte) when he was a purple belt. Since the switch to Gracie Barra, Bruno moved to the United States where he established a gym of his own. Full Name:Bruno Henrique Amorim",False
7568,Bruno Barbosa,Bruno,Barbosa,,,https://www.bjjheroes.com/?p=7568,"Bruno Barbosa, commonly known as “Bruninho” is aBrazilian jiu jitsublack belt under Adalberto “Buda” de Souza of Team Buda, being one of the first jiu jitsu black belts to arrive and develop this martial art in Malaysia, from his Kuala Lumpur based gym. Bruninho Barbosa also worked towards growing jiu jitsu in Kyrgyzstan during the year of 2014. Full Name:Bruno Cardoso Barbosa",False
637,Bruno Bastos,Bruno,Bastos,,Nova Uniao,https://www.bjjheroes.com/?p=637,"Bruno Bastos is aBrazilian Jiu-Jitsu5th-degree black belt, a rank awarded by MasterWendell Alexander. Bruno is well known for his past as one of the main representatives of the 2x world champion teamNova Uniao, a team he separated from in 2014 to found his own Bruno Bastos Association. Bastos would later also found the LEAD Team, a successful workgroup in the sport’s international circuit. As a competitor, Bruno Bastos is highly accomplished and competed in the most prestigious tournaments in the world such as the ADCC, Grapplers Quest, and World Championships and Brazilian Nationals. Full Name:Bruno Bastos Cruz",False
684,Bruno de Paula,Bruno,de Paula,,Alliance,https://www.bjjheroes.com/?p=684,"Bruno de Paula is a freestyle wrestler and a Brazilian and black belt in Brazilian jiu jitsu who represented theAlliance jiu jitsu, Checkmat and B-Clan teams. A black belt since 2001, he has taught alongside BJJ legendary coaches such asRicardo MillerandEduardo Jamelão, being one of the top instructors at Vitoria – State ofEspirito Santo. Full Name:Bruno de Paula Pires",False
1707,Bruno Ferreira,Bruno,Ferreira,,Nova Geracao,https://www.bjjheroes.com/?p=1707,"Bruno Ferreira is a Brazilian Jiu-Jitsu black belt under Nova Geração founder, MasterFrancisco Albuquerque. Well known for his work as a coach in London, England and for his sporting career, where Ferreira earned medals in important events such as theCampeonato Brasileiro(Brazilian Nationals), the South American Championship, Brazilian Teams Tournament and the London International Open, Bruno has also worked in the world famous United Arab Emirates Jiu-Jitsu development program, before settling in Gaia, Portugal. Full Name:Bruno Wanderley Ferreira",False
174,Bruno Frazatto,Bruno,Frazatto,,Atos,https://www.bjjheroes.com/?p=174,"Bruno Frazatto is one of the topjiu jitsufeatherweightsin the world (who also fights at lightweight on occasion). Bruno has won important competitions in BJJ such as the Brazilian National Championship and the Pan American, having competed for different academies in the process of becoming one of the best fighters of his generation, though he is mostly recognized by his spell at the the prestigiousAtos Team, one of the best academies in the World. Full Name:Bruno Frazatto Xavier de Campos Barbosa",False
10176,Bruno Lima,Bruno,Lima,,AMA BJJ,https://www.bjjheroes.com/?p=10176,"Bruno Lima is a Portuguese grappler and aBrazilian jiu-jitsublack belt under Alexandre Machado, who is widely recognized as one of the top European grapplers of his generation, referenced as one of the sport’srising starsby BJJ Heroes in 2017. Bruno earned his reputation in BJJ while competing in the lower belt divisions of this martial art, a time when he conquered numerous important titles of the International Brazilian Jiu-Jitsu Federation (IBJJF) and the UAE Jiu-Jitsu Federation (UAEJJF). Full Name:Bruno Filipe Santos Lima",False
283,Bruno Malfacine,Bruno,Malfacine,Bad Boy,Alliance,https://www.bjjheroes.com/?p=283,"Bruno Malfacine is ajiu jitsublack belt underVinicius Amaralwho is widely regarded as the best rooster weight in the history of the sport with 9 world titles (IBJJF) at black belt, having surpassed theworld championshipsgold medal record established byOmar Salumin 2000. Malfacine started his career in Game Fight/UGF‘s academy, but moved to theAlliancecamp where he became one of the star figures of the team. Full Name:Bruno da Silva Malfacine",False
868,Bruno Matias,Bruno,Matias,,Checkmat,https://www.bjjheroes.com/?p=868,"Bruno Matias is aBrazilian Jiu-Jitsublack belt under the legendary BJJ figure,Ricardinho Vieiraand a product of the well-known Fightzone Academy from Rio de Janeiro and the team’s former Cantagalo Slum branch. As a competitor, Matias conquered several tournaments, including Brazilian National and European titles with the International Brazilian Jiu-Jitsu Federation (IBJJF). Matias is not to be confused with the same name Gracie Barra competitor of the 2020s decade,for that profile, click here. Full Name:Bruno Matias Soares",False
12069,Jose Bruno Matias,Jose Bruno,Matias,,Gracie Barra,https://www.bjjheroes.com/?p=12069,"José Bruno Pereira Matias, commonly known as Bruno Matias, is a jiu-jitsu black belt underUlpiano MalachiasofTeam Gracie Barrawho worked extensively with coachFelipe Pena(Preguiça) at theProjeto Gold Team– one of the prime grappling programs in the world – during his colored belt career, a time when Bruno Matias became widely recognized as one of his generation’s top athletes. Bruno would cement this reputation during his pro-division debut at the IBJJF Houston No-Gi Open, with a double gold performance. Matias is not to be confused with the same name competitor of the mid-2000s decade who was a Checkmat representative,for that profile, click here. Full Name:José Bruno Pereira Matias",False
3117,Bruno Mendes,Bruno,Mendes,Tanque or Tank,Soul Fighters,https://www.bjjheroes.com/?p=3117,"Bruno Mendes, more commonly known in theBrazillian Jiu Jitsuworld by his nickname “Tank”, is one of the leaders and founding members of the BJJ team:Soul Fighters. A black belt under Alvaro Mansor, Tank spent several years working behind the scenes of IBJJF competitions before fouding his own team with his brother, the world championAugusto “Tanquinho” Mendes,Leandro EscobarandRafael Barbosa. Full Name:Bruno Lopes Mendes",False
7672,Caio Almeida,Caio,Almeida,,Almeida JJ,https://www.bjjheroes.com/?p=7672,"Caio Almeida is aBrazilian jiu jitsublack belt underGabriel Vella, and a former student of illustrious coaches such asRubens Charles(Cobrinha) and ‘Mestre Dan‘. Caio is also known as the co-founder of the Almeida Jiu Jitsu academy, one of the biggest grappling stables in the Brazilian state of São Paulo, which he built together with his brothersDiogoand Gustavo Almeida. Full Name:Caio Almeida Silva",False
9217,Caio Caetano,Caio,Caetano,,,https://www.bjjheroes.com/?p=9217,"Caio Caetano Soares is a Brazilian jiu-jitsu black belt underLeandro Lo, having also worked extensively withCicero Costha. One of New School Brotherhood team’s most revered representatives, Caio Caetano is known for his crowd-pleasing grappling style, as well as for his sporting accomplishments, which include medals in the CBJJ Brazilian Nationals (gi + no-gi), ACBJJ World Championship, UAEJJF Grand Slam, IBJJF São Paulo International Open and more. Full Name:Caio Caetano Soares",False
10964,Caio Paganini,Caio,Paganini,,Alliance,https://www.bjjheroes.com/?p=10964,"Caio Paganini is a Brazilian jiu-jitsu black belt underFábio Gurgel, who worked extensively withMichael Langhi,Max Trombinias well as Eduardo Leitão during his rise in the sport. A representative of theAlliance Academyin the international circuit, Caio is revered as one of jiu-jitsu’s most submission oriented athletes and respected for his success on the mats, which include titles in important tournaments of the International Brazilian Jiu-Jitsu Federation (IBJJF). Caio is also the brother of another important grappling figure, namelyRafael Paganini. Full Name:Caio Fernando Lopes Paganini",False
582,Caio Terra,Caio,Terra,,CTBJJA,https://www.bjjheroes.com/?p=582,"Caio Terra is aBrazilian jiu jitsublack belt under MasterPaulo Maurício Strauchbeing also one of this sport’s most accomplished rooster-weights (57,50 kg/127.0 lbs). Terra is known for his motto “Technique Conquers All”, an expression he tested successfully on numerous occasions, being arguably the most successful 127 lbs athlete to compete in the open weight division. Caio Terra’s outspoken nature, particularly against Performance Enhancers’ (PED) use in the sport was also an important step towards the drug testing enforced today by the International Brazilian Jiu Jitsu Federation (IBJJF). Full Name:Caio Terra",False
13051,Caio Vinicius Santos,Caio,Vinicius Santos,,Gracie Barra,https://www.bjjheroes.com/?p=13051,Caio Vinicius Lima Santos is a professional grappler and a jiu-jitsu black belt underFelipe Pena(Preguiça) who represents the FP Gold Team /Gracie BarraAcademy coalition. Caio Vinicius first made waves in the sport in the colored belt divisions of the International Brazilian Jiu-Jitsu Federation (IBJJF) global circuit where he conquered many important titles including World and Brazilian Nationals gold medals both in the gi and no-gi (submission-grappling) facets of the sport. Full Name:Caio Vinicius Lima Santos,False
8624,Carina Santi,Carina,Santi,,G13,https://www.bjjheroes.com/?p=8624,"Carina Santi is aBrazilian jiu-jitsublack belt under Júlio Pinheiro and one of the top female competitors of her generation with medals in important tournaments such as the IBJJF European and South American Championship as well as CBJJ’s Brazilian Nationals or São Paulo’s International Open. Carina Santi is also married to one of the top coaches in the sport,Diogo Almeida. Full Name:Carina Curvelo Santi",False
2160,Carley Gracie,Carley,Gracie,,,https://www.bjjheroes.com/?p=2160,"9th degree red belt Carley Gracie, who is sometimes referred to as “The Lion of the Gracie Family”, is the 11th child of Gracie jiu jitsu founderCarlos Gracie, and the first member of the family to bringBrazilian jiu jitsuto the United States (1972). Carley Gracie is also the father of two jiu jitsu practitioners, Ralston andClark Gracie, being the later, one of the main BJJ competitors in the world. Full Name:Carley Gracie",False
2460,Carlos Elias,Carlos,Elias,Caique,,https://www.bjjheroes.com/?p=2460,"Carlos Elias, commonly known as “Caique”, is one of only 8 non Gracie men to have received the degree of black belt inBrazilian Jiu Jitsuby the lateGreat Master Helio Gracie. A former member of the Gracie Academy, Carlos Elias “Caique” reached the degree ofcoral belt(red and black) in 2009 fromRickson Gracie, he is also one of the first men to bring BJJ to Southern California, where he has been located since the 1990’s. Full Name:Carlos Henrique Elias",False
36,Carlos Gracie Senior,Carlos,Gracie Senior,,Gracie JJ,https://www.bjjheroes.com/?p=36,"Carlos Gracie was the visionary that founded the very firstGracie Jiu Jitsu academy, a martial arts gym Carlos managed with the help of his brothers,Oswaldo,Gastão,GeorgeandHelio Gracie. The group of brothers would break the conventions of what were the accepted fighting styles, challenging fighters from a variety of martial arts backgrounds to advertise themselves and to improve their technical abilities. Carlos Gracie reached the “Decimo Grau” (10th degree in Brazilian Jiu Jitsu) a degree only given to the founders of the gentle art. Full Name:Carlos Gracie",False
297,Carlos Gracie Junior,Carlos,Gracie Junior,Carlinhos,,https://www.bjjheroes.com/?p=297,"Carlos Gracie Junior, also known as Carlinhos Gracie is one of the most highly regardedBrazilian jiu jitsucoaches in the world, having been responsible for the tuition of hundreds of world champions including Hall of Fame competitors such as “Roleta” andKyra Gracie. Carlos Gracie Jr. is also the founder of jiu jitsu’s strongest and most prestigious governing body, theConfederação Brasileira de Jiu-Jitsu(CBJJ) also known as International Brazilian Jiu-Jitsu Federation (IBJJF) as well as the co-founder of the famousGracie Barraone of the top jiu jitsu teams on the planet. Full Name:Carlos Gracie Junior",False
1400,Carlos Henrique,Carlos,Henrique,,Brazil 021,https://www.bjjheroes.com/?p=1400,"Carlos Henrique is a 6th degree black belt in Brazilian Jiu-Jitsu, having achieved the rank training under MasterFrancisco Mansor‘s guidance, Carlos Henrique has medalled in important tournaments such as the Abu Dhabi World Champion, International Masters & Seniors, the Pan American & the Brasileiro (Brazilian Nationals) being also one of the leaders and founders of the Carlos Henrique Brazilian Jiu-Jitsu Academy, a team he started in 1990. Full Name:Carlos Henrique Rosa da Silva",False
13192,Carlos Henrique Campos,Carlos,Henrique Campos,CH7,Dream Art,https://www.bjjheroes.com/?p=13192,"Carlos Henrique Costa Campos, commonly known as Carlos Henrique, or as CH7, is a professional grappler and a jiu-jitsu black belt underIsaque Bahiense, who represents the Dream Art team in the sport’s international circuit. Carlos Henrique first made waves in jiu-jitsu at the International Brazilian Jiu-Jitsu Federation (IBJJF) World Championship in 2022, a tournament he won as a brown belt by submitting all his opponents. After his performance, Henrique was promoted to the black belt rank where he continued his stream of positive results. Full Name:Carlos Henrique Costa Campos",False
1594,Carlos Lemos Jr,Carlos,Lemos Jr,Escorrega,Gracie Barra,https://www.bjjheroes.com/?p=1594,"Carlos Lemos Junior, commonly known as “Escorrega”, is aBrazilian Jiu Jitsublack belt under MasterCarlos Gracie Junior. Lemos is a former World Champion (1999 purple, 2002 black) who became one of theGracie Barra‘s “missionaries” in Europe at the turn of the century, having opened several of the team’s franchises in the old continent. Escorrega has also ventured successfully into mixed martial arts (MMA) where he had an auspicious start with two wins in 2011. Full Name:Carlos Lemos Junior",False
745,Carlos Machado,Carlos,Machado,,Machado JJ,https://www.bjjheroes.com/?p=745,"Carlos Machado was one of the pioneers ofBrazilian Jiu Jitsuin the United States of America. A black belt underGracie BarrafounderCarlos Gracie Junior, Carlos Machado came to the USA in the early 1990’s where him (and his brothers) formed the Machado Jiu Jitsu academy, one of the main BJJ organizations in the Northern Hemisphere today, a Jiu Jitsu hive from where Carlos Machado has graduated high profile black belts such as Hollywood celebrity: Chuck Norris, former World BJJ champion:Rafael Lovato Juniorand former UFC Middlweight title contenderTravis Lutter. Full Name:Carlos Machado",False
9611,Carlos Melo,Carlos,Melo,,CTA,https://www.bjjheroes.com/?p=9611,"Carlos Melo a Dominican born black belt inBrazilian Jiu-Jitsu(BJJ) under the famed grappling coach, Mr.Claudio Franca, pairing up withCaio Terrain 2019. While working a full-time job as a police officer, Melo co-founded the BJJ team “Gilroy BJJ” while also conquering important titles as a competitor; among those titles are his wins at the International Brazilian Jiu-Jitsu Federation (IBJJF) World Championship (Adult and Masters). Aside from his work as a competitor and coach, Carlos Melo is also revered for his support and work towards the launch of the historical Masters Women’s Movement of 2018, one that changed the course of women’s Jiu-Jitsu. Full Name:Carlos Jose Melo",False
396,Carlos Vieira,Carlos,Vieira,Portugues,Cia Paulista,https://www.bjjheroes.com/?p=396,"Carlos Vieira, commonly known as “Portugues” or Portuguese, is aBrazilian Jiu Jitsu3rd degree black belt fromCia Paulistawho was a reference for the academy’s competitive team for many years, being regarded as one of the top lightweights of his generation with medals in important tournaments such as the Brazilian Nationals, the Pan American Championships and the European Open. In 2009 Carlos Vieira moved to Australia where he settled Cia Paulista’s academy, preparing the future Aussie Champions while setting new goals for his own competitive career. Full Name:Carlos Eduardo de Souza Vieira",False
963,Carlos Vieira Holanda,Carlos,Vieira Holanda,Esquisito,Checkmat,https://www.bjjheroes.com/?p=963,"Carlos Vieira Holanda, also known as “Esquisito” is aBrazilian Jiu Jitsublack belt under MasterFaustino Neto, and another important competitor to come out of the grappling hub that is Manaus – Brazil, the birthplace of several important grapplers such asRonaldo Souza,Ary Farias,Saulo Ribeiro. In 2010 Holanda conquered the IBJJF Pan American championship defeatingCaio Terrato reach his gold medal, his biggest career accomplishment. Full Name:Carlos Vieira Holanda",False
12346,Catriel Oliveira,Catriel,Oliveira,,GF Team,https://www.bjjheroes.com/?p=12346,"Catriel Oliveira Rodrigues is a jiu-jitsu black belt underJúlio dos AnjosandJúlio César Pereirawho representsGF Teamin the sport ‘s international circuit. Catriel Oliveira first gained notoriety in grappling’s international circuit competing as a colored belt where he conquered numerous important titles of the International Brazilian Jiu-Jitsu Federation (IBJJF) and Abu-Dhabi Jiu-Jitsu Pro (AJP) federation and defeated some of the top athletes of his generation in names such as Jansen Gomes, Pedro Lucas, Pedro Machado, Sebastian Rodriguez, to name a few. Full Name:Catriel Fernandes de Oliveira Rodrigues",False
22,Carlson Gracie,Carlson,Gracie,,Carlson Gracie,https://www.bjjheroes.com/?p=22,"Carlson Gracie was one of the most important figures injiu-jitsuand still is considered today to be one of the best representatives of the sport both as a competitor and as a coach through hisCarlson Gracie Academy. His legacy will live for many years to come, as many of the world’s premier grappling teams were directly related to the Carlson lineage, teams such asNova Uniao, American Top Team (ATT), Brazilian Top Team (BTT),Nova Geraçãoand many others. Full Name:Born Eduardo Gracie, his name was only changed to Carlson Gracie sometime after his birth. this change was due to Carlos Gracie’s belief in the power of the letter ‘C’ (and R), which came after Carlson’s birth.",False
1000,Caroline Lazzer,Caroline,Lazzer,,Emirates Team,https://www.bjjheroes.com/?p=1000,"Caroline de Lazzer is aBrazilian Jiu Jitsublack belt and a wrestler, having participated in numerous international events as a team member of the Brazilian National Wrestling Squad. One of the most gifted athletes in the women’s division, Caroline de Lazzer has conquered many important trophies, being her World title in 2006 her proudest moment to this date. Full Name:Caroline De Lazzer Cardoso",False
14032,Cassia Moura,Cassia,Moura,,LEAD,https://www.bjjheroes.com/?p=14032,"Cassia Moura is a professional jiu-jitsu athlete and a black belt in this martial art under coachBruno Bastos, who worked extensively with Moisés Júnior and Mikael Reis while climbing the ranks of the sport, particularly at the juvenile level. Cassia Moura is also a rare case in the sport’s history concerning the time frames of her rise to the professional level as she went from the blue belt (amateur) rank all the way to black belt in one year, an accomplishment certified by the International Brazilian Jiu-Jitsu Federation (IBJJF) thanks to her consecutive world titles (3) in the organization during those 12 months, which allowed her to circumvent the Minimum Time In Belt requirements. Full Name:Cassia Moura Remesar",False
829,Cassio Cardoso,Cassio,Cardoso,,Carlson Gracie,https://www.bjjheroes.com/?p=829,"Cássio Cardoso was one ofCarlson Gracie‘s prime black belts. In the 1980’s he won every competition available and his only recorded loss was against the lateMarcelo Behring, a loss that he avenged a few years later in a fight that lasted one hour. Cássio Cardoso has memorable wins againstRiganandCarlos Machadoas well asCarlos “Caique”and was the first fighter to graduate as black belt from the late master Carlson in only 5 years of training. Full Name:Cássio Luiz Cardoso",False
13379,Cassio Felipe Costa,Cassio Felipe,Costa,Laranjinha,Six Blades,https://www.bjjheroes.com/?p=13379,"Cássio Felipe Sousa Costa, commonly known as Felipe Costa or by the nickname “Laranjinha” (meaning Little Orange in Portuguese), is a professional jiu-jitsu player and a black belt underAlexandre “Xande” Ribeiro, who represents the Six Blades team in the sport’s global circuit. Costa first made waves in grappling as a brown belt (2021), competing in the International Brazilian Jiu-Jitsu Federation (IBJJF) circuit where he conquered numerous important titles, a trend he maintained as a black belt. Full Name:Cássio Felipe Sousa Costa",False
1223,Cassio Werneck,Cassio,Werneck,,,https://www.bjjheroes.com/?p=1223,"Cassio Werneck was one of the top Brazilian Jiu Jitsu middle-weights at the turn of the century. A black belt under Ricardo Reis, Cassio Werneck fought a true who is who of BJJ, such asTerere,Marcelo Garcia,Marcel Louzadoand many others having managed to win some of the most important tournaments in the world, like the Mundial and the Pan American. Lineage:Mitsuyo Maeda >Carlos Gracie>Reyson Gracie>Osvaldo Alves> Fabrício Martins > Ricardo Reis > Cassio Werneck",False
8562,Catherine Perret,Catherine,Perret,,Checkmat,https://www.bjjheroes.com/?p=8562,"Catherine Fuhro Perret is aBrazilian jiu jitsublack belt underLeonardo Vieira(atCheckmatHQ), having also worked extensively withRicardo Vieira(at Fightzone RJ). Widely regarded as one of the brightest competitors of her generation, Catherine Perret is best known for her solid guard passing and her wins in tournaments such as the International Brazilian Jiu Jitsu Federation (IBJJF) World, Pans and No-Gi Pans Championships. Full Name:Catherine Fuhro Perret",False
10596,Cleber Luciano,Cleber,Luciano,,,https://www.bjjheroes.com/?p=10596,"Cleber Luciano is aBrazilian jiu-jitsublack belt underRoylerandRolker Gracieas well as a judo black belt with experience in mixed martial arts (MMA). A pioneering jiu-jitsu coach in Huntington Beach, California, where he arrived in the mid 1990s, Luciano made a name for himself as one of the most relevant competitors of his generation through his performances in the International Brazilian Jiu-Jitsu Federation (IBJJF) international circuit, in which Cleber earned Pans, World NoGi as well as World Masters gold medals. Full Name:Cleber Luciano Costa",False
7657,Cleber Sousa,Cleber,Sousa,Clandestino,Almeida JJ,https://www.bjjheroes.com/?p=7657,"Cleber de Sousa Fernandes, commonly known as Clandestino (or Clã) is aBrazilian jiu-jitsublack belt underCaio Almeida, and a representative of the Almeida JJ team in the sport’s best-known competitions. One of the top athletes of his generation, Cleber Sousa made a name for himself in the lower belt divisions of the International Brazilian Jiu-Jitsu Federation (IBJJF) by conquering important titles such as World, Pan American, and Brazilian champion. Full Name:Cleber de Sousa Fernandes",False
428,Celso Vinicius,Celso,Vinicius,Celsinho,Ryan Gracie,https://www.bjjheroes.com/?p=428,"Celso Venicius (often written as Vinicius, and also named Celsinho) was arguably the bestjiu-jitsulightweight competitor of the mid-2000s period. Promoted to black belt by the legendaryRoberto “Gordo”,Venicius was originally aGracie Barra academyrepresentative, later becoming the head coach at the Ryan Gracie Academy in Sao Paulo after Gracie’s tragic death in 2007. Celso Venicius has also ventured into MMA in the 2010’s decade. Full Name:Celso Venícius Alves Pinho Júnior",False
929,Cesar Gracie,Cesar,Gracie,,Gracie Elite,https://www.bjjheroes.com/?p=929,"Cesar Gracie is a member of the Gracie family, having been graded as aBrazilian Jiu-Jitsublack belt byCarlos Gracie Senior‘s son, BJJ red belt MasterRobson Gracie. Cesar Gracie spent his youth divided between the USA and Brazil, but settled in the United States in the early 1990s where he opened his own academy, that same academy became one of the most successful BJJ and MMA gyms in the world, with an incredible roster of stars such asDavid Terrell, the Diaz Brothers (Nick and Nate), Jake Shields and many others. Full Name:Cesar Gracie",False
2512,Cezar Guimarães,Cezar,Guimarães,Casquinha,Top Brother,https://www.bjjheroes.com/?p=2512,"Master Cezar Guimarães, also known by his nickname “Casquinha”, is aBrazilian Jiu Jitsublack belt produced by the oldCarlson Gracie Academy, who later founded the famed Rio de Janeiro academy Top Brother, a team that has brought forward some highly talented competitors in both BJJ and MMA (Mixed Martial Arts). Cezar Guimarães also has a black belt in Judo where he excelled as a competitor earning a spot in the Brazilian national junior squad. Full Name:Cezar Guimarães",False
9845,Chad Hardy,Chad,Hardy,,Team Shawn Hammonds,https://www.bjjheroes.com/?p=9845,"Chad Hardy, also known as “Beast” is aBrazilian jiu-jitsublack belt under Nick Albin (Chewy), who is also one of the top middleweight competitors of his generation as well as a well-respected member of Kentucky’s (USA) grappling community. Known throughout his career for his highly submission oriented ground game, Hardy is also respected for having overcome mental illness through the practice of sports, channeling his ailment to become one of the world’s best at jiu-jitsu. Full Name:Chad M. G. Hardy",False
7652,Charles Negromonte,Charles,Negromonte,,Gracie Barra,https://www.bjjheroes.com/?p=7652,"Charles Negromonte is aBrazilian jiu-jitsublack belt underZé Radiolaand a former member ofRoger Gracie‘s Association (RGA). Widely regarded as one of the top medium-heavyweight competitors of his generation, Charles Negromonte earned his reputation by earning important medals of theInternational Brazilian Jiu-Jitsu Federation (IBJJF) and Abu Dhabi Jiu-Jitsu Pro Tour (AJP) circuitssuch as the World No-Gi Championship, European Championships (Gi and No-Gi) as well as CBJJ’s Brazilian Nationals and the Abu Dhabi Grand Slam. Full Name:Charles Negromonte Santos",False
877,Charles Oliveira,Charles,Oliveira,do Bronx,Macaco Gold Team,https://www.bjjheroes.com/?p=877,"Charles Oliveira, commonly known as Charles “do Bronx”, is aBrazilian Jiu-Jitsublack belt underJorge Patino, who was one of the rising stars in the sport before making a career change to cage-fighting (MMA). In mixed martial arts, the former member of the “Macaco Gold Team” rapidly climbed up the ladder of success reaching the biggest fighting promotion in the sport, the Ultimate Fighting Championship (UFC), becoming the event’s lightweight champion on May 2021. Full Name:n/a",False
9545,Charlotte Von Baumgarten,Charlotte,Von Baumgarten,,Mathias Ribeiro JJ,https://www.bjjheroes.com/?p=9545,"Charlotte Von Baumgarten is a German-born grappler, and a black belt inBrazilian jiu-jitsuunder Ulf Ehlert, who also worked extensively with coach Mathias Ribeiro in Spain. Von Baumgarten became recognized as one of Europe’s main competitors after her wins in important International Brazilian Jiu-Jitsu Federation (IBJJF) tournaments such as the European Open (2019) and Masters European Championship (2017 + 2018), two wins that defined her as one of the top lightweights of her generation. Full Name:Charlotte von Baumgarten",False
13655,Chayse Diekema,Chayse,Diekema,,Frontline / Carlson Gracie,https://www.bjjheroes.com/?p=13655,"Chayse Diekema is a Canadian grappler and a jiu-jitsu black belt under Pedro Lott who represents Team Frontline in the sport’s global circuit, particularly in North America. Diekema first made waves in the sport as a colored belt athlete, a time when she had repeated success in important tournaments on the International Brazilian Jiu-Jitsu Federation (IBJJF) league, which included the Pan Championships, Brazilian Nationals, American Nationals, and European Open as a brown belt. Full Name:Chayse Chondelle Diekema",False
12708,Chloe McNally,Chloe,McNally,,Unity JJ,https://www.bjjheroes.com/?p=12708,"Chloé McNally is a grappling competitor and a black belt in jiu-jitsu underMurilo Santana, who represents the Unity Jiu-Jitsu Team of New York in the sport’s professional circuit. Chloé first made waves while competing in the colored belt divisions of the International Brazilian Jiu-Jitsu Federation (IBJJF) where she conquered Pan American and World No-Gi titles and medaled in numerous other important tournaments before making her mark at the professional level. Full Name:Chloé McNally",False
2402,Christian Graugart,Christian,Graugart,,,https://www.bjjheroes.com/?p=2402,"Christian Graugart, also known as “The BJJ Globetrotter” is a well-known figure in the sport/martial art of Brazilian Jiu-Jitsu and the founder ofBJJ Globetrotters(a global community set outside jiu Jitsu team politics that host BJJ training camps all over the world,) andBeltchecker.com. Graugart is also the co-founder of martial arts academy CSA.dk in Denmark and one of the original bloggers in the sport. A real jiu-jitsu entrepreneur, Christian Graugart is also a published author through his BJJ Globetrotter book, which tells the story of how in 2011 Christian traveled the world with the purpose of training in as many Jiu-Jitsu academies as possible meeting different cultures and personalities. Full Name:Christian Graugart",False
7808,Christian Moriarty,Christian,Moriarty,Chris,Alliance,https://www.bjjheroes.com/?p=7808,"Chris Moriarty is aBrazilian jiu jitsublack belt under the legendaryRomero Cavalcanti(Jacaré), and one of the top competitive representatives of theAlliance Academyduring the 2000’s decade in the United States of America. Moriarty later became a well respected instructor inside the grappling community. Full Name:Chris Moriarty",False
13747,Chris Tran,Chris,Tran,Shortround,Team Lloyd Irvin,https://www.bjjheroes.com/?p=13747,"Christopher Tran, also known as Shortround, is a jiu-jitsu black belt underJulius Parkof Crazy 88 / Team Lloyd Irvin, who competes in the North American grappling circuit. Chris Tran first broke out as one of the top athletes in his division as a brown belt, a time when he conquered important medals of the International Brazilian Jiu-Jitsu Federation (IBJJF) league, a good form he maintained when he was promoted to the pro-level. Full Name:Christopher Duyquan Tran",False
7821,Christian Uflaker,Christian,Uflaker,Charopinho,Uflacker Academy,https://www.bjjheroes.com/?p=7821,"Christian Uflacker, commonly known as Xaropinho is a judo andBrazilian jiu jitsublack belt underCarlos Gracie Junioras well as one of the main representatives of theGracie Barraacademy in the 2000’s era. Christian ventured into mixed martial arts (MMA) in 2008 – ending his career in 2012 with an undefeated record. Xaropinho is also an accomplished grappling coach, directing his students from the Chicago (IL) based gym, the Uflacker Academy. Full Name:Christian Tatin Uflacker",False
1155,Cicero Costha,Cicero,Costha,,PSLPB Cicero Costha,https://www.bjjheroes.com/?p=1155,"Cícero Costha is a respectedJiu-Jitsuinstructor, responsible for producing some of the sport’s biggest stars, including the Miyao Brothers,Leandro Lo,Thalison Soares,Hiago George,Tiago Barros, to name a few, out of his social project –Projeto Social Lutando Pelo Bem(PSLPB). Costha was also one of the top featherweight competitors of his generation, himself a student of another well known São Paulo based coach, Mr.Marco Barbosa. Full Name:Cícero Barbosa da Costha",False
12663,Claire North,Claire,North,,,https://www.bjjheroes.com/?p=12663,"Claire North is a jiu-jitsu black belt under John Gutta who represents both Tipping Point BJJ and TAC Team in the sport’s global circuit, where she earned an array of impressive competitive achievements despite working full-time in the pharmacy industry. Among the most important moments in North’s grappling career are the medals she conquered at the International Brazilian Jiu-Jitsu Federation’s (IBJJF) World Championships, Pan Championships, and the American Nationals. Full Name:Claire North",False
1523,Clark Gracie,Clark,Gracie,,Tipping Point BJJ,https://www.bjjheroes.com/?p=1523,"Clark Gracie is a Brazilian jiu-jitsu black belt underCarley Gracieand a member of the Gracie Family as well as one of the top middleweight BJJ competitors of his generation. Clark became known in the sport’s professional circuit, not only for his wins but also for his submission oriented grappling style. Full Name:Clark Rouson Gracie",False
7928,Claudia Doval,Claudia,Doval,,De La Riva JJ,https://www.bjjheroes.com/?p=7928,"Claudia do Val is a professional grappler and aBrazilian jiu-jitsublack belt as well as one of the top representatives of the Soul Fighters Association in the sport’s international circuit, a team she joined in 2019 after years representing the DLR squad. Do Val is also one of the rare cases in BJJ of someone who did not compete extensively while climbing the ranks of this martial art, but still conquered her space as one of the top grapplers of her generation. Full Name:Claudia Fernanda Onofre V. do Val",False
410,Claudio Calasans,Claudio,Calasans,Juninho,Atos,https://www.bjjheroes.com/?p=410,"Claudio Calasans is a Judo andBrazilian Jiu-Jitsublack belt, regarded by many BJJ enthusiasts as one of the top grappling middleweights in the sport. Claudio Calasans represents theAtos Jiu-Jitsuas well as the Calasans Camargo gym, being a training partner of names such asAndre Galvao,Guilherme&Rafael Mendesas well asBruno Frazatto. Full Name:Cláudio Calasans Camargo Junior",False
2100,Claudio Franca,Claudio,Franca,,,https://www.bjjheroes.com/?p=2100,"One of the biggest names forjiu-jitsuin Santa Cruz – California, Claudio Franca is a pioneer for BJJ in the United States, and one of the first instructors to open an academy on American soil. AFrancisco Mansorblack belt (5th degree), Claudio Franca has greatly developed jiu-jitsu in the USA through his academy and also by organizing and promoting the important US Open BJJ tournament, one of the top competitions in jiu-jitsu’s calendar. Claudio Franca was also one of the organizers of theCopa Atlântico Sulan important Brazilian tournament that ran during the 1980s and 1990s. Full Name:Claudio França",False
7749,Claudio Joanino,Claudio,Joanino,,Nova Uniao,https://www.bjjheroes.com/?p=7749,"Cláudio Joanino is aBrazilian jiu jitsublack belt underWendell Alexander, being also one of the historic figures of theNova Uniãoteam. A status Joanino conquered through his Macaé based BJJ academy, from which he produced some of NU’s top athletes – including competitors such asLuan Carvalho,Elo Soutoand André Pimenta. Full Name:Cláudio Joanino de Campos",False
489,Claudio Silva,Claudio,Silva,"Mineiro, Banheira",,https://www.bjjheroes.com/?p=489,"Claudio Henrique da Silva, also known as ‘Mineiro’ or ‘Hannibal’, is aBrazilian Jiu Jitsublack belt underRicardo Vieiraand a mixed martial arts (MMA) fighter. A true globetrotter of the sport, Claudio travelled throughout his native Brazil to train with the very best in the fight game, from Robert Drysdale to Paulo Rezende, Leonardo Vieira and the aforementioned Ricardo. Claudio moved to Europe (2006) as a purple belt and started competing more in MMA, becoming a member of the London Shootfighters professional fighting squad, in 2014 he returned to Brazil to pursue an MMA career with the Ultimate Fighting Championship. Full Name:Claudio Henrique da Silva",False
443,Claudio Mattos,Claudio,Mattos,Caloquinha,Gracie Barra,https://www.bjjheroes.com/?p=443,"Claudio Mattos also known as “Caloquinha” is aJiu Jitsublack belt underVinicius Magalhães, also known as Draculino, ofGracie Barra, one of the best grappling coaches in the world. Caloquinha is also a Brazilian National champion, South American champion and a Jiu Jitsu World Pro Championship Silver Medalist (2010). Full Name:Claudio Mattos",False
8870,Cleiton Soares Junior,Cleiton,Soares Junior,,Alliance,https://www.bjjheroes.com/?p=8870,"Cleito Soares Junior is aBrazilian jiu jitsublack belt under Cleito Soares (Senior), having also worked extensively withPaulo Rezendeand Ronald Bauer. Soares is widely regarded as one of the main representatives of theAlliance Jiu Jitsuteam in the sport’s rooster weight division, a reputation earned through his wins at important tournaments such as the International Brazilian Jiu Jitsu Federation’s (IBJJF) European Open, Curitiba Fall Open as well as at the Confederação Brasileira de Jiu Jitsu’s (CBJJ) Brazilian National Championship. Full Name:Cleito Soares de Resende Junior",False
7976,Cosmo Dias,Cosmo,Dias,,Nova Uniao,https://www.bjjheroes.com/?p=7976,"Cosmo Dias is aBrazilian jiu jitsucoral belt(7th degree), and a black belt under Master Nonato Machado. One of the most charismatic figures in this sport/martial art, Dias started competing during his late teens and continued being an avid competitor well into his 50’s. Challenging himself in a number of sports, from jiu jitsu to freestyle wrestling, long distance running, open water swimming (marathon swimming) and more, Cosmo Dias is also a strong advocate for the Krishna mantra, a doctrine based on non-violence. Full Name:Cosmo Ferreira Dias",False
12950,Cole Abate,Cole,Abate,,Art Of Jiu-Jitsu,https://www.bjjheroes.com/?p=12950,"Cole Abate is a professional grappler and a jiu-jitsu specialist who trains underGuilherme Mendesand represents team Art Of Jiu-Jitsu (AOJ) in the sport’s international circuit. Abate, commonly referred to as “Ice Cole” first made waves in the International Brazilian Jiu-Jitsu Federation (IBJJF) circuit while competing in the junior and juvenile divisions where he conquered numerous important titles, but it was his winning performance at the ADCC East Coast Trials (pro-division) – one of the biggest no-gi tournaments in the world – as a 16-year-old blue belt that gained the recognition of the mainstream audience. Full Name:Cole Anthony Abate",False
9150,Cole Franson,Cole,Franson,,Tinguinha JJ,https://www.bjjheroes.com/?p=9150,"Cole Franson is aBrazilianjiu-jitsu black belt underMaurício Mariano, being also one of the main representatives of the Tinguinha BJJ association in the sport’s adult black belt division. Franson built his reputation as one of America’s rising BJJ athletes while competing in the lower belt divisions of the sport, a time when Cole conquered important titles in the IBJJF Pan American Championship, the UAEJJF Continental Pro tournament, and the SJJF World Championships. Cole’s status was cemented during his very first few months at black belt with more important podium placements. Full Name:Cole Thomas Franson",False
12940,Cory Walker,Cory,Walker,,Team Lloyd Irvin,https://www.bjjheroes.com/?p=12940,"Cory “Skywalker” Walker is an American grappler and a jiu-jitsu black belt underLloyd Irvinwho worked extensively under the guidance of Donnie Achnick. Walker first made waves in the sport at the International Brazilian Jiu-Jitsu Federation (IBJJF) World Championships back in 2013, when he won the event as a blue belt, a gold medal he repeated in 2022 in the brown belt division while working a full-time job. Cory’s good form in the colored belt divisions continued as Walker advanced into the black belt level. Full Name:Cory Walker",False
1933,Craig Kukuk,Craig,Kukuk,,,https://www.bjjheroes.com/?p=1933,"Craig Kukuk was the first US native to achieve the rank ofBrazilian Jiu-Jitsublack belt (1992) by the hands ofRoyler Gracie. Kukuk is also the co-author of one of the very first Jiu-Jitsu instructionals sold to the American audience, the “Renzo Gracie – Craig Kukuk Brazilian Jiu Jitsu”, a historical piece of footage that helped advertise jiu-jitsu in the Northern Hemisphere at a time when this sport/martial art was not yet spread worldwide. Full Name:Craig Kukuk",False
8346,Craig Jones,Craig,Jones,,B Team,https://www.bjjheroes.com/?p=8346,"Craig Jones is an Australian grappler andBrazilian jiu-jitsublack belt underLachlan Gileswho worked extensively with coachJohn Danaher, being a big part of the famous Danaher Death Squad (DDS) competition team, led by Danaher during the late 2010s-to-early-2020s decades. Craig went on to represent the B-Team, a workgroup started by Jones alongside a few of his former DDS team members in 2021. An International Brazilian Jiu-Jitsu Federation (IBJJF) World No-Gi Champion (2015 in purple belt division) and a 2x ADCC Trials champion, Craig Jones turned many heads his way at the 2017 ADCC finals by submitting the tournament’s 88-kilogram #1 seed,Leandro Lo. Jones would later cement his status as one of the best grapplers of his generation by winning numerous prestigious events, including multiple belt titles in the Polaris Invitational promotion. Full Name:Craig Benjamin Jones",False
3185,Crezio Chaves,Crezio,Chaves,,,https://www.bjjheroes.com/?p=3185,"Crézio Chavez is an important figure ofJiu Jitsuhaving attained the9th degree(red belt) in the gentle art. Crézio Chavez competed several times for theGracie Academyin the 1950s decade inVale Tudofights ending his career undefeated. Chavez was also a great ambassador for BJJ in Petropolis, Brazil, where he opened the first academy of the region, he also fathered an importantCarlson Gracie Academyfighter of the 1980s and 1990, MrCrézio Sousa. Full Name:Was born Crezio Azevedo de Souza but changed its name to Crezio Chavez.",False
2062,Crezio de Souza,Crezio,de Souza,,Carlson Gracie,https://www.bjjheroes.com/?p=2062,"A 7th-degreejiu-jitsucoral beltand one of the main figures in the legendaryCarlson Gracie teamof the 1980/90s, Crezio de Souza was considered by many as the most technical fighter in the camp, who remained undefeated for 10 years. Crezio de Souza was also one of the pioneers in MMA (Vale Tudo in those days), having fought iconic fighters such as Dan Henderson and Johil de Oliveira. In 2002, partially blind due to the many wars on the rings & mats, Crezio de Souza became the first (and only) man over 40 to achieve a medal in the Brazilian National Jiu-Jitsu Championship (adult division). Full Name:Crezio de Souza Azevedo Filho",False
1108,Cristiano Carioca,Cristiano,Carioca,,,https://www.bjjheroes.com/?p=1108,"Cristiano Carioca is one of the most accomplished coaches inBrazilian Jiu Jitsuwho is not associated with a big team/academy. From his small gym in Manaus – Brazil named Carioca Team, Cristiano and gis brother Angelo Carioca managed to create a sizable team from which several BJJ stars have blossomed, fighters such asFernando Vieira,Ivaniel Oliveira,Adriano Martins, Andrezza Façanha and many others. Cristiano Carioca is also famed for his work in MMA, having coached former UFC champion Mauricio “Shogun” Rua and Norifumi “Kid” Yamamoto. Full Name:Cristiano Bezerra Carioca",False
2956,Cristiano Lazzarini,Cristiano,Lazzarini,Titi,Gracie Barra,https://www.bjjheroes.com/?p=2956,"Cristiano Lazzarini, commonly known in the fight world as “Titi” is aBrazilian Jiu Jitsublack belt underVinicius Draculino, who has had a tremendous career in BJJ with medals at the World Jiu Jitsu Championships, the Pan American, ADCC Brazilian trials,Submission de Camposand Brazilian Nationals. Titi Lazzarini has also fought in MMA and runs a gym in his native town of Belo Horizonte in Brazil. Full Name:Cristiano Santos lazzarini",False
159,Cristiano Marcello,Cristiano,Marcello,,CM System,https://www.bjjheroes.com/?p=159,"ABrazilian Jiu Jitsublack belt under the legendaryRoyler Gracie, Cristiano Marcelo made a name for himself in the BJJ and MMA world first for his successful run as as the coach of the legendary Mixed Martial Arts (MMA) team, Chute-Boxe. With his involvement with the team, Cristiano became himself an acknowledged MMA fighter, reaching the pinnacle of his recognition at the age of 34 after he entered the famous MMA TV show,The Ultimate Fighter: Live. Lineage:Mitsuyo Maeda >Carlos Gracie>Helio Gracie>Royler Gracie> Cristiano Marcello",False
3384,Crolin Gracie,Crolin,Gracie,,Gracie Gym,https://www.bjjheroes.com/?p=3384,"Crolin Gracie is aBrazilian Jiu Jitsucoral beltand the son of Gracie Jiu Jitsu founder,Carlos Gracie(Senior). Crolin was revered as the successor toRolls Gracie‘s throne as the family’s champion (rather thanRickson Gracie) in the 1970s, though a health condition would prevented him from following his older brother’s footsteps. Crolin Gracie was also one of the founders of theGracie Barra Academyas well as Gracie Gym and one of the great promoters for the sport in the southern region of Brazil (Florianópolis) while being involved in the technical development of great Jiu Jitsu fighters such asCarlos Machado,Rilion Gracie,Alexandre de SouzaorPablo Popovitch. Full Name:Crolin Gracie",False
5781,Cynthia Omatsu,Cynthia,Omatsu,Cindy,,https://www.bjjheroes.com/?p=5781,"Cynthia Omatsu, commonly known as Cindy Omatsu, is a Japanese-American black belt inBrazilian jiu jitsuunderRigan MachadoandLeka Vieira, best known as the first female grappler outside of Brazil to have achieved the rank of black belt in this martial art (2002), while also being the first woman to earn the grade from another woman in the sport. Omatsu gained notoriety in the martial arts circuit as an interviewer for Grapple TV during the early/mid 2000’s, co-hosting the online show with a fellow teammate Felicia Oh. Full Name:Cynthia Ann Omatsu",False
9152,Daisuke Shiraki,Daisuke,Shiraki,"Sugie, Amazon",Carpe Diem,https://www.bjjheroes.com/?p=9152,"Daisuke Shiraki, formerly known as Daisuke Sugie and also Daisuke “Amazon”, is a well known Japanese grappler and former professional mixed martial arts (MMA) fighter as well as one of the countries most successfulBrazilianjiu jitsu competitors. A black belt underYuki Nakai, Daisuke Shiraki is also part of the Carpe Diem Academy, a group he joined in 2012. Full Name:Daisuke Shiraki",False
12356,Damion Oranday,Damion,Oranday,,Oranday Bros,https://www.bjjheroes.com/?p=12356,"Damion Oranday is a jiu-jitsu black belt under Lucas Lepri as well as a representative of the Alliance team in the sport’s international circuit, who is also the co-founder of the Oranday Bros Jiu-Jitsu Academy in Port Neches, TX., a team he started alongside his family (Austin Oranday [brother], Camryn Oranday [sister], Bambi Renee Oranday Martin [mother], and Aaron Martin [stepfather]). Although successful during his colored belt career, Oranday gained worldwide notoriety in the sport during his black belt debut year, when he conquered wins over big names of the sport such as Keven Carrasco, Daniel Maira, Rodrigo Gortari, to name a few. Full Name:Damion Shaun Oranday",False
11949,Daniel Amorim Junior,Daniel,Amorim Junior,,Double Five,https://www.bjjheroes.com/?p=11949,"Daniel Amorim Junior is a professional jiu-jitsu black belt underLeandro Escobar(Tatu), who worked extensively with his father – Daniel Oliveira Amorim (Senior) – as well asRafael Barros (Fofitio), Max Câmara,Rafael Mendes, andGuilherme Mendes. Mostly known as one of the main representatives of the Double Five team in the sport’s international circuit, Amorim Junior also worked extensively with two of the top talent producers in the world, while climbing the ranks of jiu-jitsu, namely the Oriente Academy (Niteroi, Brazil) and AOJ’s Believe & Achieve program (California, US). Full Name:Daniel de Oliveira Amorim Junior",False
708,Daniel Azevedo,Daniel,Azevedo,,Cia Paulista,https://www.bjjheroes.com/?p=708,"Daniel Azevedo is one of the top jiu jitsu fighters in the Super Pesado weight division. This Cia Paulista standout moved from his hometown of Brasília to Sao Paulo in 2007 looking find more competitive sparring partners, a shift that has paid off in 2010 with two extremely important wins at the World BJJ Cup (CBJJE) and Sao Paulo Cup (WLPJJ). Daniel moved to the United States at a later stage, joining Fight Sports of Roberto Abreu, becoming one of the biggest names in the Miami grappling scene. Full Name:n/a",False
1019,Daniel Beleza,Daniel,Beleza,,SAS,https://www.bjjheroes.com/?p=1019,"Daniel Beleza is one of the bestBrazilian Jiu Jitsucompetitors to have come out from the famous “Sazinho” BJJ academy (SAS) located in Fortaleza, Brazil. A black belt since December 2000 Daniel Beleza has obtained several important titles such as Pan American champion and World Cup champion (CBJJO). Following a certain BJJ black belt trend at the turn of the millenium Daniel Beleza made the transition across to the United States to coach and compete, having settled in Pennsylvania. Daniel Beleza is also from an unusual “non-Gracie/Maeda” lineage, being instead from the line of Takeo Iano andMaster Francisco Sá. Full Name:Daniel Beleza G. de Andrade",False
12419,Daniel Diniz,Daniel,Diniz,,Checkmat,https://www.bjjheroes.com/?p=12419,"Daniel Aquino Diniz Coelho Santos, commonly known as Daniel Diniz, is a professional grappler and a jiu-jitsu black belt underLucas Leite, who also worked extensively with other coaches such asLeonardo Vieira, Pedro Franzosi, Diego, andTiago Pereira. Daniel Diniz first made waves in the sport as a colored belt, taking medals in the International Brazilian Jiu-Jitsu Federation (IBJJF) South American and Pan American Championships, later cementing his status as a black belt. Full Name:Daniel Aquino Diniz Coelho Santos",False
1281,Daniel Garcia Dias,Daniel,Garcia Dias,,Nova Uniao,https://www.bjjheroes.com/?p=1281,"Daniel Garcia, also known as “Neguinho”, is aBrazilian Jiu Jitsublack belt under Rodrigo Feijão from theNova Uniãoteam. A World Cup champion, Daniel struggled with lack of sponsorships for years, failing to compete at many international tournaments due to shortage of funds, though he remained as one of the great fighters in his native Brazil. Full Name:Daniel Garcia Dias",False
11919,Daniel Gracie,Daniel,Gracie,,Renzo Gracie,https://www.bjjheroes.com/?p=11919,"aniel Maira is a professional jiu-jitsu athlete and a black belt underMikey Musumeci, who trained extensively withMarcelo Garciaat theAlliance, New York Academy. A co-founder of the Movement Art Jiu-Jitsu Academy in Philadelphia, Maira became widely recognized as one of the top competitors of his generation after his wins at the Pan American Championships (gi and no-gi) in the brown belt division during 2020. Full Name:Daniel Maira",False
453,Daniel Moraes,Daniel,Moraes,,Relson Gracie,https://www.bjjheroes.com/?p=453,"Daniel Correia, commonly known as Daniel “Moraes” is aBrazilian Jiu Jitsublack belt underRoyler Gracieand Marcelo Clemente, being known as one of the best lightweight competitors of his generation through his numerous titles such as World jiu jitsu champion and Pan American jiu jitsu champion. Once Daniel left his native Brazil to move to the USA he became a head coach at theRelson Gracieacademy, where he was revered for his important work. Full Name:Daniel Correia",False
12918,Daniel Sathler,Daniel,Sathler,,Atos,https://www.bjjheroes.com/?p=12918,"Daniel Sathler Campos is a professional grappler and a jiu-jitsu black belt underAndré Galvão, who worked extensively with other coaches such asAngelica Galvão,Júlio César Pereira, and Denis Machado during his climb to the uper echelon of the sport. Sathler first made waves as a juvenile competitor when he conquered important cadet age-group tournaments of the International Brazilian Jiu-Jitsu Federation (IBJJF) such as the World Championships, European Open, and Pan American Championships, later cementing his claim as one of his generation’s top competitors with successful runs in the adult division. Full Name:Daniel Sathler Campos",False
994,Daniel Otero,Daniel,Otero,,Equipe Fabricio,https://www.bjjheroes.com/?p=994,"Daniel Otero is an accomplished Brazilian Jiu Jitsu black belt underFabricio Martins, having won several important trophies such as the CBJJ Brasileiro (Brazilian Nationals) and the IBJJF World Championship. Otero has also ventured successfully into the world of MMA (mixed martial arts) where he competed in prestigious shows such as Max Fights and Shooto. Full Name:Daniel Moreno Otero",False
1145,Daniel Valverde,Daniel,Valverde,,,https://www.bjjheroes.com/?p=1145,"Daniel Valverde is an accomplished Judo andJiu-Jitsublack belt from the state of Bahia in Brazil, having been 10x state champion in Judo and 4x in BJJ (weight and absolute) with experience in the ADCC (the world’s most prestigious Submission Wrestling tournament) as well as a World Nogi champion, a title won in 2007. Daniel Valverde well known amongst the MMA fans after taking part in the coaching staff ofTeam Nogueiraat The Ultimate Fighter reality show (TUF 8) which aired in 2008. Full name:Daniel Fontes Valverde",False
7997,Danielle Alvarez,Danielle,Alvarez,,LEAD BJJ,https://www.bjjheroes.com/?p=7997,"Danielle Alvarez is aBrazilian jiu jitsublack belt underDanny Alvarez(her father), having also worked extensively withLetícia Ribeiro. A member of team LEAD BJJ, Danielle is widely regarded as one of the top competitors of her generation, a reputation earned through Alvarez’s performances in the lower belt divisions of the sport, where she conquered important titles such as IBJJF World Champion, IBJJF World No-Gi Champion and IBJJF Pan-American Champion. Full Name:Danielle Renee Alvarez",False
9325,Danilo Borovic,Danilo,Borovic,,,https://www.bjjheroes.com/?p=9325,"Danilo Borovic, commonly referenced as Dan Borovic, is aBrazilian jiu-jitsublack belt of Serbian descent, who earned his rank while training under Scott Huston and worked extensively withRodrigo ‘Comprido’ Medeiroswhile climbing the ranks of the sport. Already regarded as a hot prospect for BJJ as a brown belt, Borovic’s status was showcased to a wider audience on March 2017, after a fantastic performance at the 11th edition of the Eddie Bravo Invitational (EBI 11). Dan Borovic is also known for his work as a grappling coach of former Ultimate Fighting Championship (UFC) lightweight champion Anthony ‘Showtime’ Pettis. Full Name:Danilo Borovic",False
8036,Danilo Cherman,Danilo,Cherman,,Nova Uniao,https://www.bjjheroes.com/?p=8036,"Danilo Cherman is aBrazilian jiu jitsublack belt underAndré PederneirasofNova União(NU) and a pioneer for the team in the field of mixed martial arts (MMA), having fought in historic promotions such as Shooto (Japan), Fury FC (Brazil) and Cage Rage (UK). In the sport of jiu jitsu Danilo Cherman conquered titles in tournaments such as the CBJJO World Cup, CBJJ’sBrasileiro(Brazilian Nationals) and FJJ-Rio’s State Championships among many others. Full Name:Danilo Cherman Goltsman",False
10953,Danilo Moreira,Danilo,Moreira,,PSQGL,https://www.bjjheroes.com/?p=10953,"Danilo Moreira is aBrazilian jiu-jitsublack belt under Luiz “Majorzão” Oliveira, who also worked extensively with Marcelo Carvalho Moreira (father),Osvaldo MoizinhoandSamir Chantre. Moreira built his reputation as one of the leading athletes of his generation while competing in the colored belt divisions of the sport, later cementing his status as a black belt while competing in the International Brazilian Jiu-Jitsu Federation (IBJJF) circuit where he conquered numerous International events. Full Name:Danilo Soares Moreira",False
8116,Dante Leon,Dante,Leon,,GF Team,https://www.bjjheroes.com/?p=8116,"Dante Leon is an accomplished Canadian grappler as well as a black belt inBrazilian jiu-jitsu, a rank awarded byVitor OliveiraandJúlio César PereiraofGF Team– an academy he represented on numerous occasions across the world. Leon is widely recognized as one of the most talented athletes of his generation, a reputation earned while competing in the lower belt divisions of BJJ when he earned titles at important tournaments in the International Brazilian Jiu-Jitsu Federation (IBJJF) circuit, a level of success he was able to repeat as a professional competitor. Full Name:Dante Leon",False
816,Dave Camarillo,Dave,Camarillo,,,https://www.bjjheroes.com/?p=816,"Dave Camarillo is a Judo andBrazilian Jiu-Jitsu(BJJ) black belt underRalph Graciethough he moved away from Ralph’s academy to form his own style of grappling which he branded as “Guerrilla Jiu-Jitsu”. Dave Camarillo became a mainstream name as a coach after many of his students became big stars in the world of mixed martial arts (MMA), names such as Jon Fitch, Josh Koscheck, Mike Swick, and Cain Velazquez. Full Name:David Camarillo",False
12275,Davi Cabral,Davi,Cabral,,GF Team,https://www.bjjheroes.com/?p=12275,"Davi Cabral de Souza, commonly known as Davi Cabral is a professional grappler and a jiu-jitsu black belt underJúlio César Pereira, who worked extensively with Bruno Granola while representingGF Teamin the sport’s global circuit. Cabral became a reference in BJJ during his colored belt career through his numerous wins in important tournaments such as Copa Podio’s Iron Brown Belt and the International Brazilian Jiu-Jitsu Federation (IBJJF) European Open, Pan American No-Gi Championships, as well as the Brazilian National No-Gi Championships. Cabral went on to become an important figure also in the pro-division after earning his black belt rank. Full Name:Davi Cabral de Souza",False
1386,Davi Ramos,Davi,Ramos,,Top Brother,https://www.bjjheroes.com/?p=1386,"Davi Ramos is aBrazilian Jiu-Jitsublack belt under MasterCésar Guimarães(Casquinha) who represented the Top Brother andAtos Jiu-Jitsuacademies in this sport’s international circuit. One of the most talented grapplers of his generation Ramos was praised for his fast and explosive style, a method with which he conquered important titles in the ADCC and the ACBJJ promotions. One of Davi Ramos’ first big career breaks in BJJ occurred at the Grapplers Quest Las Vegas (2011), when he submitted 6 out of his 7 opponents and tapped big names such as Jeff Monson andJoao Assis. Davi Ramos is also an experienced mixed martial artist (MMA) and an Ultimate Fighting Championship (UFC) veteran. Full Name:Davi Ramos Pinheiro da Silva",False
14268,Davi Vetoraci,Davi,Vetoraci,,,https://www.bjjheroes.com/?p=14268,"Davi Vetoraci is a grappler from Brazil who holds the rank of black belt in jiu-jitsu under Leonel Menezes (his father) and Alexandre Carrera (his cousin). Vetoraci first made waves in the sport as a colored belt, but it was his performances in the professional division of the sport that truly raised awareness of his talent to a wider audience, particularly after his European Championship gold medal with the International Brazilian Jiu-Jitsu Federation (IBJJF) in 2025 in the medium-heavyweight division, a podium shared with his twin brother,Matheus Vetoraci. Full Name:Davi Vetoraci de Menezes",False
7463,David Avellan,David,Avellan,Dave,Freestyle Fighting Academy,https://www.bjjheroes.com/?p=7463,"David Avellan is an accomplished American grappler and ajiu jitsublack belt under Ricardo Teixeira, well known for his many battles in important no-gi tournaments such as the ADCC and Grapplers Quest, where he defeated legends of our sport, includingAmaury Bitetti,Alexandre Ribeiro,Rafael Lovato Jr.andTarsis Humphreys– to name a few. David and his brother Marcos Avellan are also known as the founders of the Freestyle Fighting Academy, a gym where they teach their martial arts methods based on grappling and striking, having developed big names in combat sports such asEnrico Cocco, Jorge Masvidal, Michael Bernhard, etc. The Avellan brothers are also known for their “kimura-trap” system, a compendium of techniques that uses thekimura lockas its foundation. Full Name:David Avellan",False
1923,David Juliano Lemes,David,Juliano Lemes,,,https://www.bjjheroes.com/?p=1923,"David Juliano David Juliano Lemes is a member of the prestigious Atos competition team, who earned hisjiu jitsublack belt from Erivaldo Junior leader of theEquipe Liga Jiu Jitsuin São José dos Campos, Brazil. David Juliano is regarded as one of the topfeatherweightsin the world, having conquered important international tournaments such as theSul Americano, the European Open and the Pan American.",False
9668,David Garmo,David,Garmo,,Assembly Jiu-Jitsu,https://www.bjjheroes.com/?p=9668,"David Garmo is a professional grappler andBrazilian jiu-jitsublack belt under Danny Agemy, who is regarded as one of the top no-gi BJJ competitors of his generation as well as one of Michigan – USA’s most accomplished athletes in this sport. Garmo gained recognition for his exciting and crowd-pleasing style while competing in popular promotions such as Quintet Team Survival Match as well as the Onnit Invitational, and has represented well-respected teams during his career such as Carpe Diem and Detroit Jiu-Jitsu. Full Name:David Garmo",False
9037,David Jacobs,David,Jacobs,,David Jacobs JJ,https://www.bjjheroes.com/?p=9037,"David Jacobs, commonly referred to as “The Rock”, was aBrazilian jiu-jitsublack belt under Mario Yamasaki, who also worked extensively with Francisco Neto. Widely recognized as a pioneering figure of this sport/martial art in the East Coast of the United States, Jacobs was an avid competitor on the Grapplers Quest and IBJJF circuits during the 2000s era whilst also becoming one of the very first North Americans to referee for the IBJJF. During this period he also co-founded / founded two of the most successful BJJ academies on the state of Virginia: Fairfax Jiu Jitsu and David Jacobs Jiu-Jitsu Team. Full Name:David Arnold Jacobs",False
9700,David Raab Skaf,David,Raab Skaf,,,https://www.bjjheroes.com/?p=9700,"Eliezer David Raab Skaf, commonly known as David Raab, is aBrazilian jiu-jitsublack belt underEduardo Santoro(Português) and a former member of Cia Paulista. Well known as one of the top middleweights of his generation with medals in important International Brazilian Jiu-Jitsu Federation (IBJJF) tournaments such as the Pan and Brazilian Nationals, Raab is also revered for his “ronin” lifestyle in this sport/martial art, being an independent/self-reliant competitor and highly respected member of this community. Full Name:Eliezer David Raab Skaf",False
1650,David Onuma,David,Onuma,Malandro,,https://www.bjjheroes.com/?p=1650,"David Onuma is a British martial arts expert who holds a black belt in Brazilian Jiu Jitsu underRicardo VieiraandRodrigo Cabral. David is also a certified instructor in martial arts such as Jeet Kune Do, Kick Boxing, Maphilindo Silat and even Combat Submission Wrestling (under Erik Paulson). Full Name:David Onuma",False
11262,David Meyer,David,Meyer,,,https://www.bjjheroes.com/?p=11262,"David Meyer is a jiu-jitsu pioneer in the United States. A black belt underRigan Machado(1996), Meyer became part of the well knownBJJ Dirty Dozen– the first 12 non-Brazilian natives to achieve the rank of black belt in this martial art, while being also the first American to medal in the International Brazilian Jiu-Jitsu Federation’s (IBJJF) World Championship (1998). David Meyer is also a strong advocate for plant-based diets in combat sports through his Fuel For The Fighter project, an endeavor heavily supported by several plant-based mixed martial arts fighters such as Jake Shields, Nick Diaz, Nate Diaz, and James Wilks. Outside the world of combat sports Meyer is also the founder of the Adopt A Pet – North America’s largest non-profit pet adoption website. Full Name:David Meyer",False
4965,David Terrell,David,Terrell,Soul Assassin,,https://www.bjjheroes.com/?p=4965,"David Terrell is aBrazilian jiu jitsublack belt underCesar Gracie(the 1st awarded by Cesar), who was widely regarded as one of the top grappling competitors of his generation, having medalled at the ADCC tournament and with wins over renowned competitors such asFernando “Margarida”orDean Listerand known for never having had a point scored against him in a grappling match. Being a “no gi jiu jitsu” specialist, Terrell transitioned to mixed martial arts (MMA) early in his career reaching UFC title contention, though he would later be cut from the organization due to a series of unfortunate injuries that kept Terrell on the sidelines. After his competitive stint David Terrell focused on his coaching career, becoming one of the top grappling and MMA instructors in Northern California, through his own endeavor, the NorCal Fighting Alliance. Full Name:David Michael Terrell",False
13360,David Terao,David,Terao,,50/Fifty,https://www.bjjheroes.com/?p=13360,"David Terao is a multi-faceted Hawaiian grappler who has competed at the highest level in 3 different – highly competitive – combat sports. Namely, judo, jiu-jitsu, and folkstyle wrestling, where he became a Team USA judo player and Olympic hopeful, an International Brazilian Jiu-Jitsu Federation (IBJJF) World Champion, and a D1 NCAA All-American wrestler, being one of a very select group of athletes who have exceeded in all three disciplines. Full Name:David Stanford Terao",False
7321,Darragh OConnaill,Darragh,OConnaill,,Ribeiro JJ,https://www.bjjheroes.com/?p=7321,"Darragh O’Conaill is an Irish bornBrazilian jiu-jitsublack belt underSauloandAlexandre Ribeiro, being also one of the top middleweights in the European grappling circuit. One of the original competitors in the famous ‘Lloyd IrvinBJJ Kumite’ tournament (2013), O’Conaill is also an EBI veteran as well as an American and European No-Gi champion, additionally to him running the East Coast Jiu-Jitsu Academy, one of the most successful jiu-jitsu gyms in Dublin – Ireland. Full Name:Darragh O’Conaill",False
1369,Dean Lister,Dean,Lister,The Boogeyman,,https://www.bjjheroes.com/?p=1369,"Dean Lister, also known as “The Boogeyman”, is a professional grappler who is aBrazilian jiu-jitsublack belt under Jeffrey Higgs who gained notoriety within the BJJ world after he won the 2003 ADCC (the world’s most prestigious submission wrestling/Nogi event) in the open weight division. Dean Lister also has a background in wrestling and experience in Sambo and ventured through MMA competing in important organizations such as Pride FC and UFC. Full Name:Dean Richard Lister",False
1820,Delson Heleno,Delson,Heleno,Pe de Chumbo,,https://www.bjjheroes.com/?p=1820,"Delson Heleno is aBrazilian Jiu Jitsublack belt and a Capoeira Master who has also fought in MMA (Mixed Martial Arts). Heleno, commonly known by his nickname “Pé de Chumbo”, earned his BJJ black belt training under the guidance of Adilson Lima, being also a former world champion in BJJ. Full Name:Delson Heleno Raimundo",False
112,Demian Maia,Demian,Maia,,Brasa,https://www.bjjheroes.com/?p=112,"Demian Maia is aBrazilian Jiu-Jitsublack belt and a professional mixed martial arts (MMA) fighter, who reached the top of both sports’ rankings, particularly in grappling where Maia earned titles such as World Cup (2002, 2003), ADCC (2007). In MMA Demian had title attempts in the UFC’s middleweight (April 2010) and welterweight (July 2017) divisions. Demian is also known for having one of UFC’s longest successful submission win streaks (5). In the context of jiu-jitsu history, Maia was at the heart of the early 2000’sAlliance Academy‘s turmoil, a case that ended in the team splitting, giving birth to theBrasa,TT, and Master academies. Full Name:Demian Maia Baptista",False
244,Denilson Pimenta,Denilson,Pimenta,,GF Team,https://www.bjjheroes.com/?p=244,"Denilson Pimenta is a Brazilian jiu jitsu black belt under the famous instructorJulio Cesar, of the Grappling Fight Team (GFTeam). Denilson Pimenta is regarded as one of the top featherweight competitors of his generation. Lineage:Mitsuyo Maeda >Luis França>Oswaldo Fadda>Monir Salomão>Julio Cesar Pereira> Denilson Pimenta",False
1550,Dennis Asche,Dennis,Asche,,Gordo JJ,https://www.bjjheroes.com/?p=1550,"Dennis Asche is a the founder ofConnection Rio, a company that caters for young Jiu Jitsu practitioners in search of a BJJ training holiday in Rio de Janeiro. Dennis is also aBrazilian Jiu Jitsublack belt underRoberto CorreaAKA “Gordo” and an instructor at the Gordo Evolve academy, having had MMA (Mixed Martial Arts) experience as well fighting big names such as Toby Imada and Benji Radach. Full Name:Dennis Albion Asche",False
1498,Denny Prokopos,Denny,Prokopos,,10th Planet,https://www.bjjheroes.com/?p=1498,"Denny Prokopos was the very first black belt awarded byEddie Bravo, and subsequently the first black belt generated from Bravo’s 10th Planet system. Denny is also one of the most talented No Gi Jiu Jitsu practitioners of his generation, having won several important tournaments such as the World No Gi Championship (2007 brown belt) and the FILA World Grappling tournament. Full Name:N/A",False
778,Denys Darzi,Denys,Darzi,,Brazil 021,https://www.bjjheroes.com/?p=778,"Denys Darzi is a Brazilian Jiu Jitsu Black belt 6º Degree under BJJ legend Francisco Mansor from Rio de Janeiro. Competitor since the “Golden Era of BJJ” (the 1980’s), Denys had the chance to enter some of BJJ’s most celebrated tournaments like the Copa Company, Lightning Bolt Cup and Vansport Cup. Professor Denys is currently teaching and training at his own academy, Denys Darzi Brazilian Jiu Jitsu, in Boca Raton, Florida. He is also affiliate to Soul Fighters Brazilian Jiu Jitsu, one of the strongest completion teams in the global scenario of competition of Brazilian Jiu Jitsu. Full Name:Denys Darzi",False
2439,Deoclecio Paulo,Deoclecio,Paulo,,,https://www.bjjheroes.com/?p=2439,"Deoclecio Paulo, also known as “Master Deo” is ared belt(9th degree) inBrazilian Jiu Jitsuwho started practising the sport in the 1940’s, being considered at the time of his youth to be the best competitor inOswaldo Fadda‘s academy. A highly regarded instructor of his own merit, Deoclecio Paulo has taught in different areas of Brazil, having also brought Jiu Jitsu to the country of Chile in the 1970’s. Master Deo’s teaching methods live on today, through his own academy, the Associação Deo Jiu-Jitsu which has its head quarters in the capital of Brazil, Brasilia. Full Name:Deoclecio Paulo",False
9157,Devhonte Johnson,Devhonte,Johnson,Bones,Unity JJ,https://www.bjjheroes.com/?p=9157,"Devhonte Johnson, also known as “Bones”, is aBrazilianjiu-jitsu black belt underMurilo Santana, being also one of the main representatives of the Unity Jiu-Jitsu Academy in the sport’s competitive circuit. Regarded as one of the top American grapplers of his generation, Devhonte’s reputation was earned while challenging for the top tournaments of the International Brazilian Jiu-Jitsu Federation (IBJJF) circuit, where he earned World, Pan, and European titles in the colored belt divisions. Full Name:Devhonte M. Johnson",False
14038,Diana Teixeira,Diana,Teixeira,,,https://www.bjjheroes.com/?p=14038,"Diana Thais de Souza Teixeira, commonly known as Diana Teixeira, is a professional jiu-jitsu athlete and a black belt in this martial art under coachesCarlos Holandaand Alexandro Almeida, who worked extensively with coach Douglas Rufino (Trator) and Pablo Mantovani. Diana Teixeira first made waves in this sport while competing in the Abu Dhabi Jiu-Jitsu Pro (AJP) circuit, where she won several important trophies. Diana is also the sister of another successful BJJ player, Everton Teixeira. Full Name:Diana Thais de Souza Teixeira",False
9864,Diego Bispo,Diego,Bispo,,Ares JJ,https://www.bjjheroes.com/?p=9864,"Diego Bispo is aBrazilian Jiu-Jitsublack belt underAlan Moraes, and a member of the Ares Jiu-Jitsu team, formerly a representative of theCarlson Gracie Academy. Known as one of the top competitors of his generation, you will find among Bispo’s most prestigious achievements a range of medals in the International Brazilian Jiu-Jitsu Federation (IBJJF) circuit, including at the No-Gi World, Masters World, and European Championships. Full Name:Diego Bispo Conceição",False
7831,Diego Dias Ramalho,Diego,Dias Ramalho,Sem Nocao,ZR Team,https://www.bjjheroes.com/?p=7831,"Diego Ramalho, often referenced as Diego “Sem Noção” is aBrazilian jiu-jitsublack belt underJosé Olímpio(also known as Zé Radiola), being also a big reference inside the ZR Team. One of the most talented medium heavyweights (195.0 lbs) of his generation, Ramalho conquered numerous medals in the top grappling tournaments in the sport, doing so in both gi and no-gi. Full Name:Diego Dias Ramalho",False
10840,Diego Oliveira,Diego,Oliveira,Pato,,https://www.bjjheroes.com/?p=10840,"Diego Oliveira Batista, commonly known as Diego “Pato”, is aBrazilian jiu-jitsublack belt underCicero Costha, who worked extensively with coach Nabil Abdel Aziz at the start of his career. Originally from the Brazilian state of Amazonas, Diego made a name for himself in the sport of BJJ by competing for the São Paulo based teamProjeto Social Lutando Pelo Bem(PSLPB), a time when he conquered important titles in the International Brazilian Jiu-Jitsu Federation (IBJJF) circuit, including the World, Pan, and Brazilian National Championships in the lower belt ranks of the sport. Diego Pato would later become one of the most celebrated light-featherweights in the history of the sport, achieving major success in both Gi and No-Gi rulesets across a wide range of promotions. Full Name:Diego Oliveira Batista",False
11963,Diego Sodre,Diego,Sodre,,Clube Feijao / Nova Uniao,https://www.bjjheroes.com/?p=11963,"Raimundo Diego Pinto Sodré, commonly known as Diego Sodré, is a professional jiu-jitsu athlete and a black belt underRodrigo Feijão, who worked extensively with coachesNabil Azizand Othon Sevalho. Diego broke out as one of his generation’s foremost competitors while representing the Clube Feijão-Nova União team coalition, a time when he conquered many important titles on the International Brazilian Jiu-Jitsu Federation (IBJJF) circuit, including World, South American, and Brazilian National gold medals. Diego is also the younger brother of another successful grappler,Alex Sodré. Full Name:Raimundo Diego Pinto Sodré",False
8334,Diego Vivaldo,Diego,Vivaldo,Gaviao,Guigo,https://www.bjjheroes.com/?p=8334,"Diego Vivaldo Ferreira, commonly known by his nickname ‘Gavião’ is aBrazilian jiu jitsublack belt underLuiz Guilhermehaving also worked extensively with Sérgio Erlichmann at the Guigo JJ academy in São Paulo. Regarded as one of the brightest talents of his generation throughout his brown belt campaign (2009), Diego chose to leave the sport in pursuit financial stability only to return years later (2014) with full force, conquering important medals in IBJJF, CBJJ, UAEJJF and CBJJE tournaments. Full Name:Diego Vivaldo Anjos Ferreira",False
5258,Dillon Danis,Dillon,Danis,,Alliance,https://www.bjjheroes.com/?p=5258,"Dillon Danis is aBrazilian jiu jitsublack belt underMarcelo Garcia, being part of a fruitful generation of grapplers produced by the well respectedAlliance New York academyhead coach. Danis became a BJJ fan household name after his 2014 brown belt run, through his eye-pleasing performances in some of jiu jitsu’s hardest tournaments, where he showcased a forward moving style which recognition in the sport. In 2016 Danis’ accomplishments led Irish mixed martial arts (MMA) fighter and Ultimate Fighting Championship (UFC) star Conor McGregor to hire his services in the capacity of grappling coach ahead of UFC 202 ‘Diaz vs. McGregor 2’ event. Full Name:Dillon Danis",False
14099,Dima Murovanni,Dima,Murovanni,,,https://www.bjjheroes.com/?p=14099,"Dima Murovanni is a Ukrainian-German black belt in jiu-jitsu under Robert Graalfs who gained notoriety in the sport of submission-grappling as an instructor due to his successful work with professional athletes such asJozef Chen, Owen Jones, andMargot Ciccarelli. Murovanni also worked with the B-Team workgroup ahead of the squad’s preparation for the ADCC and CJI. Full Name:Dima Murovanni",False
1003,Diogo Sampaio Araujo,Diogo,Sampaio Araujo,Moreno,Soul Fighters,https://www.bjjheroes.com/?p=1003,"Diogo Sampaio Araujo, also known as Diogo “Moreno” is aBrazilian Jiu Jitsublack belt from the Soul Fighters academy in Rio de Janeiro. One of the hottest prospects to have come from the Soul Fighters Team, Diogo Araujo has conquered numerous important medals in BJJ, including a silver medal at the world championships and a Rio Open title. Full Name:Diogo Sampaio Araújo",False
11823,Diogo Reis,Diogo,Reis,,Escola Melqui Galvão,https://www.bjjheroes.com/?p=11823,"Diogo Reis, also known as Baby Shark, is ajiu-jitsublack belt underMelqui Galvão, who represents Melqui’s squad and Fight Sports in the sport’s international circuit. Reis earned his reputation as one of the main grapplers of his generation while competing in the juvenile and colored belt divisions of the sport, where he earned all of the top 4 international tournaments – often designated as the Grand Slam of Jiu-Jitsu – the European Open, Brazilian Nationals, Pan and World Championships. He has since cemented that claim at the professional level with many wins at the upper echelon of grappling’s competitive leagues. Full Name:Diogo Pinheiro dos Reis",False
2226,DeAlonzio Jackson,DeAlonzio,Jackson,"DJ, Kimura Kid",Lloyd Irvin,https://www.bjjheroes.com/?p=2226,"DJ Jackson is one of Team Lloyd Irvin’s most accomplished competitors and an important figure inBrazilian jiu jitsu‘s middleweight division (82,30 kg / 181.5 lbs), having won the IBJJF World Championship in every belt division leading to black belt, a promotion he achieved on July 2012. Originally a wrestler, DJ Jackson became part ofLloyd Irvin‘s jiu-jitsu team on his off-season, and picked up a series of wins from the start, relegating wrestling to the background to focus on BJJ competition. Full Name:De’Alonzio Jerome Jackson",False
9934,Deandre Corbe,Deandre,Corbe,,Coastal BJJ,https://www.bjjheroes.com/?p=9934,"Deandre Corbe is aBrazilian jiu-jitsublack belt under Nestor Bayot, with vast experience in Muay Thai and folkstyle wrestling, who also worked extensively with coachGred Soudersof the Standard JJ Team. Deandre is one of his generation’s prime BJJ featherweight competitors, a reputation he conquered while working towards a career in Mechanical Engineering in parallel with his combat sports activities. Although already regarded as a rising talent, Corbe’s value in grappling was raised substantially after his promotion to black belt (2018), having, since then, beaten some of the top-ranked athletes in this sport. Full Name:Deandre Villarama Corbe",False
9321,Dominique Bell,Dominique,Bell,,Atos,https://www.bjjheroes.com/?p=9321,"Dominique Bell is aBrazilian jiu-jitsublack belt underAndréGalvãoand a member of theAtos Jiu-Jitsuteam. Formerly a member of the US Army, Dom Bell broke out as one of BJJ’s hottest prospects in 2015, a reputation made evident after his gold medal at the International Brazilian Jiu-Jitsu Federation (IBJJF) World Championship that year, as a purple belt. He would later solidify that status with several high-profile wins in the sport. Full Name:Dominique L. Bell",False
5229,Dominika Obelenyte,Dominika,Obelenyte,,Alliance,https://www.bjjheroes.com/?p=5229,"Dominyka Obelenyte is a lithuanian born,Brazilian jiu jitsublack belt underMarcelo Garciawho belongs to the first generation of high end athletes developed by the legendary 4x ADCC champion, being also his first female black belt. Regarded as a true grappling phenomenon since her early teens Dominyka Obelenyte proved her star quality by consistently winning at the highest level of the sport, being one of the youngest ever world champions in an adult division (14 years of age), a deed only surpassed byLuzia Fernandes. Full Name:Dominyka Obelenyte",False
8128,Donald Achnick,Donald,Achnick,Donnie,Team Lloyd Irvin,https://www.bjjheroes.com/?p=8128,"Donald Achnick, often referenced as Donnie Achnick is aBrazilian jiu jitsublack belt underLloyd Irvin, being also one of Team Lloyd Irvin’s (TLI) foremost representatives, a status earned as a result of his work with the kids program of the well known academy. Through his role as Program Director of Youth Activities at TLI, Achnick played a fundamental part in the development of many world class grapplers, including names such asJamill Hill-Taylor, Aarae Alexandre, Angelo Claiborne and Malachi Edmond. Full Name:Donald Steven Achnick",False
13729,Dorian Olivarez,Dorian,Olivarez,,Team Olivarez,https://www.bjjheroes.com/?p=13729,"Dorian Olivarez is a submission grappler who specializes in jiu-jitsu and folkstyle wrestling holding important wins in both sports, including in promotions such as the Abu Dhabi Combat Club (ADCC), the International Brazilian Jiu-Jitsu Federation (IBJJF), and USA Wrestling. A student of his father, Mike Olivarez, Dorian broke through jiu-jitsu’s mainstream after conquering the ADCC East Coast (US) Trials in 2023 at the age of 17, beating accomplished adult athletes in the process including 2x IBJJF World No-Gi Champion,Gianni Grippo, and ADCC Worlds veteranEthan Crelinstengoing on to become the first-ever athlete to be included in the Top 10 Rankings of both FloWrestling and FloGrappling (2024). Full Name:Dorian Michael Olivarez",False
10000,Doug Pelinkovic,Doug,Pelinkovic,,Renzo Gracie Academy,https://www.bjjheroes.com/?p=10000,"Drgut Pelinkovic, commonly known as Doug Pelinkovic is a 5th dan in shōtōkan karate, as well as a black belt in Brazilian jiu-jitsu underJohn DanaherandRenzo Gracie. One of the foremost karate players in the sport during the 1990s, a time when he was a part of the United States Karate National Squad, Pelinkovic later become a well respected and sought out grappling coach in the East Coast area, responsible for developing talented no-gi grapplers such asFrank Rosenthaland Stanley Rosa. Full Name:Drgut Pelinkovic",False
1680,Dustin Denes,Dustin,Denes,Clean,,https://www.bjjheroes.com/?p=1680,"Dustin “Clean” Denes is an American grappler who holds victories over big names in the sport such asMarcelo Garcia,Raphael Abi Rihan,Delson Heleno,Marc Laimonand Jeff Monson. ABrazilian Jiu Jitsublack belt under Marcus “Conan” Silveira, Dustin Denes spent many years of his life competing and training in Brazil with masters such asRicardo De La RivaandMurilo Bustamante. Full name:Dustin Mathew Denes",False
4317,Eddie Bravo,Eddie,Bravo,,10th Planet,https://www.bjjheroes.com/?p=4317,"Eddie Bravo is aBrazilian jiu-jitsublack belt underJean Jacques Machadoand founder of the Eddie Bravo Invitational (EBI). Bravo made his mark in competitive jiu-jitsu by submittingRoyler Gracieat the ADCC Championship (2003), after which he launched his 10th Planet jiu-jitsu team, a program that became widely publicized, gathering a huge following in the grappling and mixed martial arts (MMA) communities. Eddie’s views on grappling turned towards positions such as therubber guard, the twister and ahalf guardmove Bravo labeled as the lock down, these caught the eye of several MMA fighters who sought Bravo to learn his method. Fighters such asAlan Belcher, Matt Horwich orVinny Magalhaes, to name a few. Full Name:(correction) Born Edgar Cano, later legally changed his name to Bravo, which was his stepfather’s last name.",False
9941,Edson Diniz,Edson,Diniz,,InFight,https://www.bjjheroes.com/?p=9941,"Edson Diniz is a Brazilian jiu-jitsu black belt underRogério Poggio, who worked extensively with coachesPitoco Jordan,Jorge Pereira, andRicardo Libóriowhile representing the InFight and American Top Team academies in both grappling and mixed martial arts (MMA). Diniz was widely regarded as one of the top jiu-jitsu athletes during the late 1990s / early 2000s era, a reputation earned with medals in the top tournaments of the International Brazilian Jiu-Jitsu Federation (IBJJF). Full Name:Edson Diniz",False
10835,Eduardo Azevedo,Eduardo,Azevedo,,,https://www.bjjheroes.com/?p=10835,"Eduardo Avelar de Carvalho is aBrazilian jiu-jitsublack belt underLeandro Escobar(Tatu), who also worked extensively with coach Luis Carlos Tabinha under the Soul Fighters / Double Five grappling team banner, an association he represented from his childhood all the way up to his professional status. Avelar earned the reputation of being one of the top lightweights of his generation while competing in the lower belt divisions of the sport, where he conquered important tournaments of the International Brazilian Jiu-Jitsu Federation (IBJJF) world circuit. Full Name:Eduardo Avelar de Carvalho",False
7405,Eduardo Barboza,Eduardo,Barboza,,GF Team,https://www.bjjheroes.com/?p=7405,"Eduardo Barboza da Silva (Eduardo Barboza) is aBrazilian jiu jitsublack belt under MasterJúlio César Pereiraand a representative of theGF Teamin the sport’s international circuit. One of the top rooster weights of his generation, Eduardo Barboza has conquered medals in important tournaments such as the IBJJF World Championship and Pan American Championship as well as the Rio International Open. Full Name:Eduardo Barboza da Silva",False
1152,Eduardo Conceicao,Eduardo,Conceicao,Jamelão,,https://www.bjjheroes.com/?p=1152,"Eduardo “Jamelão” da Conceição is a historical Jiu Jitsu black belt underRomero Cavalcanti. Famed for being the “enfant terrible” of the Alliance team for years, Jamelao won several important titles such as the Brazilian National and beat some of the best fighters of his generation, people likeNino Schembri,Fernando Margarida,Jean Jacques Machadoand many others.. Full Name:Eduardo da Conceição",False
9901,Eduardo Galvao,Eduardo,Galvao,,Gracie Barra,https://www.bjjheroes.com/?p=9901,"Eduardo Galvão is aBrazilian jiu-jitsublack belt underCarlos Gracie Junior, who was one of the top grapplers in the sport during the late 1990s decade. A multiple times Brazilian National and Pan American champion for theGracie Barra Academy(GB), Galvão would chose to pursue his goals in the law enforcement industry early in his athletic career, though still leaving his mark in the sport of jiu-jitsu in a big way as part of the golden generation of team GB, together withRoberto Corrêa(Gordo),Roberto Magalhães(Roleta),Antônio Schembri(Nino),Maurício Mariano(Tinguinha),Márcio Feitosaand more. Full Name:José Eduardo Galvão de Castro Menezes",False
3508,Eduardo Goncalves,Eduardo,Goncalves,,ATT,https://www.bjjheroes.com/?p=3508,"Eduardo Gonçalves, commonly known as ‘Edu’, is aBrazilian Jiu Jitsublack belt under the illustriousFrancisco ‘Toco’ Albuquerque,and the main representative of theNova Geraçãoacademy in the United Kingdom. Since settling in England, Gonçalves has cemented his spot as one of the toughest featherweights in Europe with medals at important tournaments such as the European Open, London Open (gi and no gi), Roma Open and British Championships. Full Name:Carlos Eduardo de Almeida Gonçalves",False
13483,Eduardo Granzotto,Eduardo,Granzotto,Dudu,Checkmat,https://www.bjjheroes.com/?p=13483,"Eduardo Granzotto Vidal Lima, commonly known as Eduardo Granzotto or simply “Dudu” Grazotto, is a jiu-jitsu black belt underRicardo Vieira, who also worked extensively with coaches Antonio Carlos Junior,Leonardo Vieira, and Douglas Rufino. A representative of the Checkmat team, developed in the VB Team Cantagalo project & Fightzone Rio de Janeiro academies, Dudu Grazotto first made waves in the sport, competing in Brazil’s national circuit as a child, later becoming an international success as an adult. Full Name:Eduardo Granzotto Vidal Lima",False
9483,Eduardo Lopes,Eduardo,Lopes,Duzao,Guigo JJ,https://www.bjjheroes.com/?p=9483,"Luis Eduardo Lopes do Carmo, commonly known as Eduardo Lopes or “Duzão”, is aBrazilian jiu-jitsublack belt underLuiz Guilherme(Guigo), being also a judo black belt and former member of the Brazilian National Judo squad, a sport in which he conquered numerous international medals. With a strong background in the ‘gentle way’, once Eduardo Lopes started competing in jiu-jitsu he quickly established himself as a key player in the ultra-heavyweight division of the sport through important wins in the International Brazilian Jiu-Jitsu Federation (IBJJF) and São Paulo state circuits. Duzão is often seen representing the American TeamLloyd Irvindue to the friendship between Guigo and TLI academies. Full Name:Luis Eduardo Lopes do Carmo",False
1520,Eduardo Monteiro,Eduardo,Monteiro,,Gracie Fortaleza,https://www.bjjheroes.com/?p=1520,"Eduardo Monteiro Eduardo Monteiro is a Brazilian Jiu Jitsu black belt under Guilherme “Caju” Rocha from Gracie Fortaleza and a strong competitor in the North-East region of Brazil, an area that has brought several important fighters such as Fredson Alves, Daniel Beleza and Jair Lourenço. Eduardo Monteiro was also named “Fighter to Watch for 2010” by BJJ website Meia Guarda.",False
12539,Eduardo Roque,Eduardo,Roque,,Gordo JJ / R1ng,https://www.bjjheroes.com/?p=12539,"Eduardo Roque is a jiu-jitsu black belt under Neovan Oliveira da Costa (Perninha), who worked extensively with coachesRoberto Corrêa(Gordo), andRafael Corrêa(Gordinho) while representing the Gordo Jiu-Jitsu Academy and R1ng Association in the sport’s global circuit. Eduardo Roque became one of the most recognizable faces in grappling competing on the International Brazilian Jiu-Jitsu Federation (IBJJF) circuit in the colored belt divisions, where he earned World, European, American National, and Brazilian National titles. Full Name:Eduardo de Araújo Roque",False
2324,Eduardo Santoro,Eduardo,Santoro,Portugues,Cia Paulista,https://www.bjjheroes.com/?p=2324,"Eduardo Santoro, also known as Eduardo “Português” (Portuguese), is one of the top medium heavyweightjiu jitsucompetitors of his generation. A black belt underMax TrombinifromCia Paulista, Eduardo Santoro won some of the most important Brazilian jiu jitsu tournaments in the world, such as the Brazilian National, the Pan American and the World Championships (on two separate organizations), Eduardo Santoro has also defeated some of the toughest competitors of his generation, such asSergio Moraesand Yan Cabral. Full Name:Eduardo Santoro de Camargo",False
562,Eduardo Telles,Eduardo,Telles,,Nine Nine,https://www.bjjheroes.com/?p=562,"Eduardo Telles is aBrazilian Jiu Jitsublack belt underFabio Gurgeland one of the most creative grapplers in the World. Famed for being a fan of the “Esquijitsu” (a nickname applied to his game which translates to: weird Jiu Jitsu) he created several attacks from the turtle position, a position that was deemed a weaker position by most grapplers before Telles created theturtle guard, revolutionizing what once was defensive ‘go-to’ move. Eduardo Telles also created several trademark setups from a position that became famous as theOctupus Guard. Full Name:Eduardo Telles Moreira",False
8602,Eduardo Tinoco,Eduardo,Tinoco,,Almeida JJ,https://www.bjjheroes.com/?p=8602,"Eduardo Tinoco is aBrazilian jiu jitsublack belt under Gustavo andCaio Almeida, being a representative of the Almeida JJ (AJJ) academy when competing in the sport’s Brazilian circuit (and theAtos JJinternationally, a team to which the Almeida association is affiliated). Tinoco broke out as one of jiu jitsu’s hottest prospects back in 2017 (as referenced byBJJ Heroes) after conquering his first International Brazilian Jiu Jitsu Federation (IBJJF) World Championship title as a brown belt, a year when he also achieved medals at the South American, Brazilian Nationals (Brasileiro) and the Rio de Janeiro Grand Slam (UAEJJF). Full Name:Eduardo Bernardo Tinoco",False
11357,Eduardo Ramos,Eduardo,Ramos,,,https://www.bjjheroes.com/?p=11357,"Eduardo Ramos da Silva, commonly known as Ed Ramos, is a jiu-jitsu black belt underRamon Lemosand a former member of the originalAtos Jiu-Jitsu Academy, being a part of the legendary Rio Claro lightweights team who represented Atos during the early 2010s decade. A team that included Ramos,Rafael Mendes,Guilherme Mendes,Bruno Frazatto,Ary Farias,Rodrigo Caporal, andClaudio Calasans. Ed Ramos would later form his own Brazilian Jiu-Jitsu association in the USA, settling in Houston, Texas after an illustrious competitive career. Full Name:Eduardo Ramos da Silva",False
9587,Eduardo Rios,Eduardo,Rios,Teta,Frontline,https://www.bjjheroes.com/?p=9587,"Eduardo Rios, also known as “Teta”, is aBrazilian jiu-jitsu(BJJ) black belt underRicardo Libórioand the co-founder of Norway’s Frontline Academy, one of the prime grappling gyms in Northern Europe. Part of the world-famous Brazilian Top Team (BTT) during the team’s heyday in the early 2000s, Eduardo’s succeeding settlement in Norway is acknowledged as a turning point for Scandinavian jiu-jitsu, which greatly beneficiated from the success of Teta’s coaching methods and raised the level of European grappling’s competitiveness in the sport’s international circuit. Full Name:Eduardo Rios",False
3371,Eduardo Venancio,Eduardo,Venancio,Brigadeiro,Brigadeiro Jiu Jitsu,https://www.bjjheroes.com/?p=3371,"Eduardo Venâncio, also known in theJiu Jitsuworld as ‘Brigadeiro’, is a black belt in Judo and Brazilian Jiu Jitsu under the legendaryRicardo De La Riva(BJJ), widely regarded as one of the top grappling coaches of his generation. During his career as an instructor Brigadeiro graded over 100 black belts, including the very first female black belt IBJJF World Champion –Thaís Ramos. Full Name:Eduardo Venâncio",False
7442,Edward Cummings,Edward,Cummings,"Eddie, Wolverine",Renzo Gracie Academy,https://www.bjjheroes.com/?p=7442,"Eddie Cummings is ajiu-jitsublack belt underJohn Danaher, who is widely recognized as the first big name to emerge from a grappling workgroup named the Danaher Death Squad (DDS), out of Renzo Gracie’s Academy in New York City. Cummings is also known as a revolutionary figure in this sport, particularly for his contribution in improving positions such as theheel hook, saddle (411) and ashi garami for submission grappling having won several important tournaments with this maneuver, more so in the ‘submission only’ rule-set. This includes wins at Polaris Jiu Jitsu Invitational and the Eddie Bravo Invitational (EBI). Full Name:Edward Cummings",False
5238,Edwin Najmi,Edwin,Najmi,,Gracie Barra,https://www.bjjheroes.com/?p=5238,"Edwin Najmi is aBrazilian jiu-jitsublack belt underRômulo Barralof theGracie Barraacademy (Northridge branch), a gym that produced many talented grapplers includingBeneil Dariush,Pedro Araújo,Gabriel Largesto name a few. One of the most talented grappling lightweights of his generation, with a crowd-pleasing submission orientated jiu-jitsu style, Edwin Najmi climbed the belt ranks, stacking wins at the sport’s most revered tournaments, such as the World Championship, European Open, and Pan American Championship. Full Name:Edwin Najmi",False
10380,Edwin Junny,Edwin,Junny,Ocasio,Unity,https://www.bjjheroes.com/?p=10380,"Edwin Ocasio, commonly known as Junny Ocasio is aBrazilian jiu-jitsublack belt underMurilo Santana, and one of the main representatives of the Unity Jiu-Jitsu Academy in New York City, USA. Junny gained recognition in the grappling world, particularly under the nogi setting by consistently competing in different rulesets with great success, be it submission-only, Kasai Pro, or International Brazilian Jiu-Jitsu Federation (IBJJF) rules. Full Name:Edwin Ocasio Junior",False
10318,Eldar Rafigaev,Eldar,Rafigaev,,Jungle BJJ,https://www.bjjheroes.com/?p=10318,"Eldar Rafigaev, commonly known as Yakuza, is an Eastern European grappler, from Moldova, and one of the prominent competitors of his generation. A Brazilian jiu-jitsu black belt under Fernando Araújo, Yakuza gained notoriety while competing in the sport’s international gi and nogi circuits – with a particular incidence in Europe, being praised for his submission oriented style, particularly successful with lower limb submissions. Full Name:Eldar Rafigaev",False
12922,Elder Cruz,Elder,Cruz,El Monstro,Checkmat,https://www.bjjheroes.com/?p=12922,"Elder Cruz, commonly known as “El Monstro”, is a Honduran-American professional grappler and a black belt in jiu-jitsu under coachLucas Leite, who represents theCheckmat teamon this sport’s international circuit. Cruz first made waves in the sport as a colored belt athlete while competing in the International Brazilian Jiu-Jitsu Federation (IBJJF) league and in important no-gi jiu-jitsu events such as the SUBVERSIV Invitational and the ADCC American Trials where he conquered several important wins. Full Name:Elder Alexander Cruz",False
13095,Eleftheria Christodoulou,Eleftheria,Christodoulou,,ZR Team,https://www.bjjheroes.com/?p=13095,"Eleftheria Christodoulou is a jiu-jitsu black belt from Cyprus who represents the ZR Team in the sport’s global circuit. Christodoulou gained notoriety as a grappler during her time competing in the colored belt divisions of the International Brazilian Jiu-Jitsu Federation (IBJJF) where she conquered several important medals while working under the supervision of coaches such as Ievgen Skyrda,Max Carvalho, and Panayiotis Melodias. Full Name:Eleftheria Christodoulou",False
13419,Elena Carauni,Elena,Carauni,,,https://www.bjjheroes.com/?p=13419,"Eliana Carauni is an Argentinian grappler who holds the rank of black belt in jiu-jitsu under coach Walter Alamo of Positive Jiu-Jitsu, a team she represented throughout her competitive career. Widely regarded as one of the top light featherweights (pluma – Peso Pluma, 53.5kg / 118 lbs) of her generation, Carauni made waves in the pro-division after she conquered important medals in the Abu Dhabi Jiu-Jitsu Pro Tour (AJP) and International Brazilian Jiu-Jitsu Federation (IBJJF) leagues. Full Name:Eliana Carauni",False
7606,Eloisa Souto,Eloisa,Souto,Elo,Kimura/Nova União,https://www.bjjheroes.com/?p=7606,"Eloisa Souto, commonly known as Elô Souto is aBrazilian jiu jitsublack belt under Claudio Joanino and a member of theNova Uniãoacademy – Macaé branch, being regarded as one of the top female athletes of her generation. Competing mainly in Brazil’s national grappling circuit, Elô Souto has medalled in important tournaments such as the Brazilian Nationals. World Championships as well as the São Paulo International Open. Full Name:Eloisa Alexandre Souto",False
12897,Elijah Dorsey,Elijah,Dorsey,,Team Lloyd Irvin,https://www.bjjheroes.com/?p=12897,"Elijah Dorsey is a professional jiu-jitsu athlete and a black belt underLloyd Irvinwho worked extensively withDonald Achnickand represents Team Lloyd Irvin (TLI) in the sport’s global circuit. Dorsey became widely recognized as one of grappling’s hottest prospects during his colored belt career when he conquered numerous titles in the International Brazilian Jiu-Jitsu Federation’s (IBJJF) league, including World and Pan American gold medals. Full Name:Elijah Amir Dorsey",False
11182,Elina Moestam,Elina,Moestam,,Checkmat,https://www.bjjheroes.com/?p=11182,"Elina Moestam is a Swedish grappler and a black belt in jiu-jitsu underAlan “Finfou” do Nascimento, who also worked extensively with coaches such as Kenta Hammarström,Max Lindblad, Maxine Thylin as well as Ricard and Ralf Carneborn, while representing theCheckmat BJJteam in the sport’s international circuit. Moestam became widely recognized as one of the leading athletes of the light-featherweight division while competing in the colored belt categories of BJJ by conquering numerous important titles on the International Brazilian Jiu-Jitsu Federation (IBJJF) calendar such as the World and European tournaments. Full Name:Elina Moestam",False
7639,Eliot Marshall,Eliot,Marshall,,Easton Training Centre,https://www.bjjheroes.com/?p=7639,"Eliot Marshall is a former professional mixed martial arts (MMA) fighter and aBrazilian jiu jitsublack belt underAmal Easton, as well as a former contender in The Ultimate Fighter (TUF 8) and the Ultimate Fighting Championship’s (UFC) light-featherweight division. Marshall was also the first American to conquer IBJJF Pan American titles in the blue, purple and brown belt divisions having worked as an instructor at the well known Colorado based team – Easton Training Centre. Full Name:Eliot Andrew Marshall",False
11762,Elisabeth Clay,Elisabeth,Clay,,Ares JJ,https://www.bjjheroes.com/?p=11762,"Elisabeth Clay is a professionaljiu-jitsuathlete as well as a black belt underOsvaldo Moizinho(Queixinho) andSamir Chantre, who represents the Ares BJJ Association. Clay first made waves in the sport at the age of 16, a time when the (then) Alaska-based athlete conquered the ADCC West Coast Trials (2017) – one of the toughest tournaments in the sport. Elisabeth Clay continued her rise to the top of the grappling ladder during the years that followed, conquering numerous important titles on the International Brazilian Jiu-Jitsu Federation (IBJJF amateur circuit) while also having successful runs as a professional in events such as Who’s #1, Fight 2 Win and SUBVERSIV. Full Name:Elisabeth Ann Clay",False
13968,Elizabeth Mitrovic,Elizabeth,Mitrovic,,,https://www.bjjheroes.com/?p=13968,"Elizabeth Katherine Mitrovic is a jiu-jitsu black belt who worked extensively with Dustin Akbari,  Chad Bingham, and Rafael Rosendo. Mitrovic earned two International Brazilian Jiu-Jitsu Federation (IBJJF) World titles (gi & no-gi) in the colored belt divisions where she made herself noticed on the global stage. Mitrovic would repeat the deed of earning a World No-Gi title in the pro division (adult black belt) later on while also conquering multiple IBJJF Masters World Championships and an ADCC American Trials gold medal. Full Name:Elizabeth Katherine Mitrovic",False
10290,Elvira Karppinen,Elvira,Karppinen,,10th Planet,https://www.bjjheroes.com/?p=10290,"Elvira Karppinen is a grappler from Finland and a black belt in the 10th Planet system, a rank awarded by the team’s founderEddie Bravo. Elvira worked extensively with Lauri Karppinen (husband and 10P Finland pioneer), being aBrazilian jiu-jitsu(gi) black belt under Magnus Hansson. Karppinen first made waves in submission-grappling after a stellar performance as a brown belt, at the ADCC World Championship in 2017, a time when she defeated the fan-favoriteMackenzie Dern. Full Name:Elvira Maria Karppinen",False
11093,Emilio Hernandez,Emilio,Hernandez,,Zenith BJJ,https://www.bjjheroes.com/?p=11093,"Emilio Hernandez is an American grappler and ajiu-jitsublack belt under Ray Casias as well as one of the main representatives of the Zenith Team in the sport’s international circuit. Hernandez made waves during his debut year in BJJs pro division, after making the podium of the International Brazilian Jiu-Jitsu Federation (IBJJF) Pan American No-Gi Championship (2019), after which he went on to win other important events on the international grappling calendar. Full Name:Emilio Alejandro Hernandez Rodgriquez",False
11669,Emilly Alves Vasconcelos,Emilly,Alves Vasconcelos,,Atos,https://www.bjjheroes.com/?p=11669,"Emilly Alves Vasconcelos is a jiu-jitsu black belt underAndré Galvãoand a representative of theAtos Academyin the sport’s global circuit. Emilly also worked extensively with Luciano Nucci (Casquinha) while competing in the colored belt divisions, where she first gained notoriety as one of the leading medium-heavyweight international athletes after her numerous wins on the International Brazilian Jiu-Jitsu Federation’s league (IBJJF). Full Name:Emilly Alves Silva Vasconcelos",False
13170,Emilly Fernandez,Emilly,Fernandez,,LEAD,https://www.bjjheroes.com/?p=13170,"Emily Fernandez is a jiu-jitsu black belt underBruno Bastosand a representative of the Bruno Bastos Association and Team LEAD (Live Everyday to Achieve your Dreams) in the sport’s international circuit. Fernandez started making waves in the sport at a very young age, winning several World Championships (gi and no-gi) in the juvenile division of the International Brazilian Jiu-Jitsu Federation (IBJJF), becoming widely recognized as one of the leading grapplers of her generation, a tradition she maintained on through to the adult division. Full Name:Emily Elizabeth Fernandez",False
12680,Enderson Dias,Enderson,Dias,,,https://www.bjjheroes.com/?p=12680,"Enderson Dias de Almeida is a professional jiu-jitsu athlete and a black belt underVinicius Marinhowho also worked extensively with coachMelqui Galvãowhile representing GF Team, Fight Sports, Dream Art, and MJN Jiu-Jitsu teams in the sport’s global circuit. Enderson Dias first made waves in the sport in the colored belt rank by medaling in the top International Brazilian Jiu-Jitsu Federation (IBJJF) tournaments such as the World, European, and Pan Championships, later going on to cement his career at the professional level. He is also the twin brother of another well-known jiu-jitsu athlete,Larissa Dias. Full Name:Enderson Dias de Almeida",False
9465,Endres Barbosa Mendes,Endres,Barbosa Mendes,,Checkmat,https://www.bjjheroes.com/?p=9465,"Endres Barbosa Mendes, commonly known as Endres Barbosa is ajiu-jitsublack belt underTarcísio Jardim, being also one of the main representatives of theCheckmat Academyin the sport’s global circuit. Regarded as one of the top Brazilian prospects in the sport after conquering his first International Brazilian Jiu-Jitsu Federation (IBJJF) World Championship as a purple belt (2014), Endres Barbosa would later cement that claim, as a black belt, after several important tournament wins at an international level. Full Name:Endres Barbosa da Silva Mendes",False
14219,Eoghan OFlanagan,Eoghan,OFlanagan,,,https://www.bjjheroes.com/?p=14219,"Eoghan O’Flanagan is a professional grappler from England and a black belt in Jiu-Jitsu under Anthony Chahal and Nicky Robinson, who specializes in the No-Gi ruleset and is well-known for his submission-oriented style and heel-hook finishing prowess. O’Flanagan first made waves internationally after his gold medal at the Abu Dhabi Combat Club (ADCC) European Qualifier in 2021 and subsequent performance at the ADCC finals performance where he placed 4th while submitting two of the tournament’s favorites. Full Name:Eoghan O’Flanagan",False
10623,Eric Phan,Eric,Phan,,,https://www.bjjheroes.com/?p=10623,"Eric Phan is a Canadian grappler of Vietnamese descent, who is also a black belt in Brazilian jiu-jitsu (BJJ) underJorge Britto. Widely regarded as one of Canada’s most proficient black belts and a representative of the Jiu-Jitsu For Life – Toronto Academy in BJJ’s global circuit, Eric Phan made a name for himself while competing in the International Brazilian Jiu-Jitsu Federation (IBJJF), where he conquered 2 European titles and multiple World Championship medals in the colored belt divisions. Full Name:Eric Cong Phan",False
11693,Erich Munis,Erich,Munis,,,https://www.bjjheroes.com/?p=11693,"Erich Munis is a jiu-jitsu black belt underIsaque BahienseandGabriel Figueiró, who worked extensively withRodrigo Feijãoand the Clube Feijão workgroup during the early stages of his professional career. Erich Munis became widely recognized as one of the rising stars of the sport after his breakthrough performances in important titles on the international circuit, including the 2019 Copa Podio Heavyweight Grand Prix, a professional event that featured some of the top athletes in the sport. Erich conquered the GP as a brown belt and became the first non-black belt to win the popular grappling tournament. Erich is also the youngest of 2 other jiu-jitsu standouts,AlexandAnderson Munis. Full Name:Erich Munis dos Santos",False
9868,Ericka Almeida,Ericka,Almeida,,Gracie Barra,https://www.bjjheroes.com/?p=9868,"Éricka Almeida is aBrazilian jiu-jitsublack belt under Herman Gutierrez, who also worked extensively with coachRodrigo Fajardoof theGracie Barra Academy. Known mainly for her work as a cage fighter, competing in prime mixed martial arts (MMA) promotions such as Jungle Fight and the Ultimate Fighting Championship (UFC), Almeida is also a revered grappling competitor, with wins at the International Brazilian Jiu-Jitsu Federation’s (IBJJF) South America Championship and Brazilian Nationals. Full Name:Éricka Wannessa Almeida",False
14247,Ericka Machado,Ericka,Machado,,,https://www.bjjheroes.com/?p=14247,"Erika Machado is a Brazilian grappler from the state of Sergipe. She is a black belt in jiu-jitsu under Wagner Oliveira who worked with teams Nova União, Arka, and Vision. Machado made waves in the colored belt divisions of the International Brazilian Jiu-Jitsu Federation (IBJJF), where she conquered a European title as a brown belt. Full Name:Erika Fernanda Jesus Machado",False
1229,Erik Wanderley,Erik,Wanderley,,Gracie Barra,https://www.bjjheroes.com/?p=1229,"Erik Wanderley is a former Brazilian Jiu Jitsu World Champion with experience in Muay Thai, Boxing and Mixed Martial Arts. A BJJ black belt underVinicius Magalhães “Draculino”, Erik is considered one of the best fighters to have come out of the state of Minas Gerais, Brazil, a state that has brought to BJJ important fighters such asLucas Lepri,Marcelo Garcia,Cristiano Lazariniand many others. Full Name:Erik Wanderlei",False
12293,Erin Harpe,Erin,Harpe,,Gracie Jiu-Jitsu,https://www.bjjheroes.com/?p=12293,"Erin Harpe is a jiu-jitsu black belt under Matt Arroyo, who worked extensively with James Harpe (father) and Rob Kahn while competing both in grappling and mixed martial arts (MMA). Erin Harpe first made waves in grappling as a colored belt, where she earned World and Pan American (No-Gi) titles, she would go on to co-found a successful Gracie Jiu-Jitsu School in Apollo Beach, Florida, which she started with her husband, Luis Mata. Full Name:Erin K. Harpe",False
8605,Erin Herle,Erin,Herle,,Alliance,https://www.bjjheroes.com/?p=8605,"Erin Herle is an American born,Brazilian jiu jitsublack belt underRubens Charles(Cobrinha) having also worked extensively with other legendary instructors such asRômulo BarralandMarcelo Garcia. A member of theAlliance team, Herle conquered many important titles in this sport/martial art’s competitive circuit including at the International Brazilian Jiu Jitsu Federation (IBJJF) World No-Gi, European Open and South American Championship. Erin has also been revered for her work promoting the #SubmitTheStigma campaign, a non profit endeavor founded by Herle designated towards the grappling community and designed to raise awareness to mental illness and suicide. Full Name:Erin Elizabeth Herle",False
8215,Espen Mathiesen,Espen,Mathiesen,,Kimura Nova Uniao,https://www.bjjheroes.com/?p=8215,"Espen Mathiesen is a Norwegian athlete in the sport/martial art ofBrazilian jiu-jitsuand a black belt underJosé Carlosof Kimura –Nova Uniao. Mathiesen became one of the top grappling competitors in Europe while going through the ranks of BJJ in the International Brazilian Jiu-Jitsu Federation (IBJJF) circuit, there Espen conquered medals in important tournaments such as the World, Pan American, and European Open Championship as well as the prestigious Copa Pódio Grand Prix. Full Name:Espen Mathiesen",False
12120,Estevan Martinez,Estevan,Martinez,,ZR Team,https://www.bjjheroes.com/?p=12120,"Estevan Martinez-Garcia is a jiu-jitsu black belt underLucas Rochaand a representative of the ZR Team in the sport’s global circuit, who worked extensively with the Lopez Brothers (Kalo and Kale) prior to his time with coach Rocha. Estevan Martinez first made waves as a black belt while competing in the International Brazilian Jiu-Jitsu Federation league, where he earned 2 American Nationals titles (Gi and No-Gi) in his debut year, later conquering a Pan American gold medal (2021) in No-Gi. Full Name:Estevan G Martinez-Garcia",False
11223,Ethan Crelinsten,Ethan,Crelinsten,,B Team,https://www.bjjheroes.com/?p=11223,"Ethan Crelinsten is a Canadian professional submission grappler and former student ofJohn Danaherand Firas Zahabi in jiu-jitsu, who represented the New York-based Renzo Gracie Academy and Montreal’s TriStar Gym in the sport’s international tour before he formed his own squad, B-Team, together with other teammates from GRA. Ethan gained notoriety in jiu-jitsu’s no-gi circuit after his wins at the North American ADCC Trials (2018, 2019), and his victories over established pro-athletes while Crelinsten himself was still a colored belt. His long list of accolades earned him a profile on BJJ Heroes before his black belt promotion, and he was the first athlete to do so on the site. Full Name:Ethan Crelinsten",False
1367,Everton Santana,Everton,Santana,,,https://www.bjjheroes.com/?p=1367,"Everton Santana, also known as “Dentinho” is a Brazilian Jiu Jitsu black belt underRoger Coelhowith experience in the MMA professional circuit, having also been part of the famed no rules tournament named “Rio Heroes”, an event that caused much controversy in Brazil in 2007. Full Name:Everton Santana Pinto",False
14025,Everton Souza Teixeira,Everton,Souza Teixeira,,,https://www.bjjheroes.com/?p=14025,"Everton Celio de Souza Teixeira, often referenced as “Pitico”, is a professional jiu-jitsu athlete and a black belt in this sport under coach Carlos Holanda. Originally from the Brazilian city of Manaus – one of the most prolific regions in the sport of grappling – Everton Souza worked with an array of instructors from different areas as he progressed in the sport, including Douglas Rufino (Trator), Alexandro Almeida, Sandro Vieira, and Adailton Chu. Full Name:Everton Celio de Souza Teixeira",False
970,Fabiana Borges,Fabiana,Borges,,Gracie Barra,https://www.bjjheroes.com/?p=970,Fabiana Borges is one of the top black belts in the women’sjiu jitsudivisions of the 2000 decade. The two time Pan American Champion and six time Brazilian National Champion was one of the first successful exports from a social project run by Professor Fábiano Gáudio that brings BJJ to some of the impoverished regions of Rio de Janeiro. Full Name:Fabiana Alves Borges,False
1713,Fabiano Silva,Fabiano,Silva,,American Top Team,https://www.bjjheroes.com/?p=1713,"Fabiano Silva Fabiano Silva is a Brazilian Jiu Jitsu black belt underRicardo Liboriofrom the American Top Team (ATT), who also competes in Mixed Martial Arts (MMA). Fabiano is the head coach of the Temecula (USA) branch of ATT.",False
9725,Fabbio Passos,Fabbio,Passos,,Alliance,https://www.bjjheroes.com/?p=9725,"Fabbio Passos is aBrazilian jiu-jitsublack belt underFábio Gurgel, who is widely regarded as one of the better light-featherweight competitors of his generation, having also grappled extensively in the rooster-weight class. Aside from his extensive sportings achievements, Passos is also recognized for his long-term affiliation with theAlliance Academy, in particular with the team’s Los Angeles affiliate: Cobrinha Brazilian Jiu-Jitsu & Fitness, where he worked as a coach from 2011, helping Rubens Charles establish his brand of BJJ in the United States. Full Name:Fabbio Passos de Alencar",False
10252,Fabio Alano,Fabio,Alano,Kamikaze,Alliance,https://www.bjjheroes.com/?p=10252,"Fábio Alano, also known as Fábio ‘Kamikase’ (Portuguese spelling for Kamikaze), is a martial artist and a black belt in hapkido, shotokan karate and Brazilian jiu-jitsu, the latter underMário Reis, representing the Alliance Academy – Porto Alegre in grappling’s international circuit. Prior to being recognized as one of the top jiu-jitsu competitors of his generation, Alano had a vast experience in a variety of combat sports and was a prominent figure in Brazil’s hapkido community, having won 3 world titles under the World Olympic Hapkido Federation (WOHF) as well as countless shotokan karate trophies. Full Name:Fábio Angnes Alano",False
1665,Fabio Andrade,Fabio,Andrade,,GF Team,https://www.bjjheroes.com/?p=1665,"Fabio Coringa Andrade Fabio Andrade, mostly known by his “war name” ofCoringa, is a Jiu Jitsu black belt under MasterJulio Cesar Pereirafrom theGrappling Fight Team(GFTeam). The experienced Fabio Coringa was responsible for establishing the first GFTeam branch inAustralia, making an important step in cementing the team at an international level.",False
3402,Fabio Andrade,Fabio,Andrade,,Nova Uniao,https://www.bjjheroes.com/?p=3402,"Fábio Andrade is a highly regardedBrazilian Jiu Jitsucoach at theNova Uniaocamp, being a prime figure in the revamping of their line-up within the sport in recent years. Mentioned byProtocolo BJJ(one of Facebook’s leading authorities of the Jiu Jitsu) as having “the Midas touch”, due to his consistency in bringing new talent through his social project academy in Bangu (neighborhood in the West Zone of Rio de Janeiro), Andrade has produced fighters such as Kaue Damasceno, Isaque Bahiense, Iris Batista and the inevitableMárcio Andréamong many others. Full Name:Fabio da Silva Andrade",False
4115,Fabio Caloi,Fabio,Caloi,,Alliance,https://www.bjjheroes.com/?p=4115,"Fabio Caloi is aBrazilian Jiu-Jitsublack belt underFabio Gurgel, who belongs to a generation of grapplers developed in the Sao Paulo headquarters of theAlliance Academy, one that raised waves in the lower belts of the sport, continuing in great form through the black belt divisions. In this group were competitors such as Dimitrius Souza,Juan Caio Kamezawa. Full Name:Fabio Murat Caloi",False
2266,Fabio Clemente,Fabio,Clemente,,Alliance,https://www.bjjheroes.com/?p=2266,"Fabio Clemente is an importantjiu-jitsuplayer and coach, particularly for New York’s grappling circuit, as he founded one of the very first Brazilian jiu-jitsu academies in the area, a workgroup he’s successfully run since the mid-1990s. Fabio Clemente earned his black belt fromJean Jacques Machadoand was a member of the Machado Association before joining theAlliance teamin 1998, a partnership that lasted until 2017 when he joinedCheckmat. Clemente was also responsible for bringingMarcelo Garciato the US during the mid-2000s. Full Name:Fábio Toscano Clemente",False
322,Fabio Gurgel,Fabio,Gurgel,General,Alliance,https://www.bjjheroes.com/?p=322,"Fabio Gurgel is regarded as one of the top coaches inBrazilian Jiu Jitsu. The head instructor and leader ofTeam Allianceat the Sao Paulo head quarters, Fabio Gurgel was also one of the best jiu jitsu competitors of his generation with many important titles to his name, such asWorld Champion, Brazilian National champion and European Open champion. In 2010 Fabio Gurgel put his name on the BJJ record book when he competed and won the European Open, one of the top events in the jiu jitsu calender, at the age of 40, just a few months after he celebrated his 20th year as a jiu jitsu black belt. Full Name:Fábio Duca Gurgel do Amaral",False
658,Fabio Leopoldo,Fabio,Leopoldo,,Gracie Morumbi,https://www.bjjheroes.com/?p=658,"Fabio Leopoldo is one of the most accomplished black belts produced by the late Ryan Gracie. A former world jiu jitsu champion, Leopoldo also ventured successfully in mixed martial arts (MMA), fighting in several prestigious events, such as the now extinct IFL where he won the organization’s middleweight title. After his retirement from MMA, Fabio Leopoldo became a successful grappling instructor in California, USA. Full Name:Fabio Leopoldo e Silva Neto",False
1303,Fabio Prado,Fabio,Prado,Pateta,FP JJ,https://www.bjjheroes.com/?p=1303,"Fabio Prado, also known as ‘Pateta‘ (Goofy) is aBrazilian Jiu Jitsublack belt under Marcelo Clemente from the famousGracie Ilhaacademy in Rio de Janeiro. Prado moved to the United States after receiving his black belt and established himself as one of the main grappling coaches in the country, having worked with several professional athletes, namely MMA superstar Urijah Faber and Joseph Benavidez at team Alpha Male in Sacramento. Nickname:“Pateta” means Goofy, the Disney character. It is unclear how he got the nickname.",False
2068,Fabio Santos,Fabio,Santos,,,https://www.bjjheroes.com/?p=2068,"Fabio Santos is a 7th degree (7º grau)jiu jitsucoral belt (black & red)awarded byRelson Gracie, having graduated as a black belt underRickson Gracie. A former student of the legendaryRolls Gracie, Fabio Santos was also one of the first BJJ black belts to come to the United States of America, in the 1980’s, after travelling around the US, he settled in San Diego – California where established one of the most respected BJJ academies in the country. Master Fabio Santos is also a veteran competitor with several important titles under his belt, who was still actively competing when in his 50’s. Full Name:N/A",False
11497,Fabricio Andrey,Fabricio,Andrey,,Escola Melqui Galvão,https://www.bjjheroes.com/?p=11497,"Fabricio Andrey Batista Junior, commonly known as Fabricio Andrey or by his nickname “Hokage”, is a jiu-jitsu pro athlete from Brazil and a black belt underMelqui Galvão, who also worked extensively with coachesMichael Langhi,Fábio Gurgel, andIsaque Bahiense. Fabricio first made a name for himself in the sport while competing in the colored belt division for theAlliance Team, where he earned some of the most important tournaments on the International Brazilian Jiu-Jitsu Federation (IBJJF) circuit, including World, Pan, European and Brazilian titles, having also represented Fight Sports, Escola Melqui Galvão and Dream Art. Full Name:Fabricio Andrey Batista Junior",False
12629,Fabricio Barbarotti,Fabricio,Barbarotti,,PSLPB,https://www.bjjheroes.com/?p=12629,"Fabricio Barbarotti is a jiu-jitsu black belt under coach Cicero Costha who represents Costha’s team in the sport’s global circuit where he’s earned numerous medals of the International Brazilian Jiu-Jitsu Federation (IBJJF). Barbarotti is a rare case of someone who did not break through in the sport up until his black belt rank, a fact that was owed largely to his family obligations while climbing the BJJ belt system. Full Name:Fabricio José Barbarotti",False
7878,Fabricio Camoes,Fabricio,Camoes,Morango,Gracie Humaita,https://www.bjjheroes.com/?p=7878,"Fabrício Camões, commonly referenced as Fabrício “Morango” is aBrazilian jiu jitsublack belt underRoyler Gracie, and former student of well known instructors such asVini AietaandSaulo Ribeiro; as well as a member of theGracie Humaitáteam. Co-founder to the Gracie South Bay academy in San Diego – California, Morango is also a retired professional mixed martial arts (MMA) fighter, having competed in important promotions such as Strikeforce and the Ultimate Fighting Championship (UFC). Full Name:Fabrício dos Santos Camões",False
1886,Fabricio Martins,Fabricio,Martins,,Equipe Fabricio,https://www.bjjheroes.com/?p=1886,"The leader of one of the most famous gyms in the legendaryCopacabanaburg of Rio de Janeiro, Brazil, Fabricio Martins is aBrazilian Jiu Jitsucoral belt (7th degree) underMaster Osvaldo Alves, who has helped raise the games of many grapplers around the world, including formerworld championDaniel Otero. Martins’ team,Equipe Fabricio, has affiliates all over the world, including Germany, Jordan, the Philippines, Taiwan and Korea. Full Name:Fabricio Martins Costa",False
9370,Fabricio Medici,Fabricio,Medici,,Kioto,https://www.bjjheroes.com/?p=9370,"Fabricio Medici is aBrazilian Jiu-Jitsublack belt underGivanildo Santana, having also worked extensively withMaster Francisco Mansur, being a member of the prestigious Kioto gym, one of BJJ’s most traditional academies. Although a successful competitor during his heyday, in the lower ranks of the sport, Medici gained notoriety in grappling’s global sporting circuit as a referee, working with the International Brazilian Jiu-Jitsu Federation (CBJJ/IBJJ) as one of its chief coordinators – particularly in the United States (IBJJF/USBJJF). Fabricio is also the Head Referee for another well-known promotion – Kasai Pro, as well as the New York BJJ Federation. Full Name:Fabricio Medici De Aquino Lopes",False
9127,Fabricio Moreira,Fabricio,Moreira,,Qatar JJ,https://www.bjjheroes.com/?p=9127,"Fabrício Moreira is a judo andBrazilianjiu jitsu black belt underSérgio Penha, having also worked extensively with other grappling legends, namelyPedro HemetérioandFernando Tererê. Moreira is mostly known in BJJ for his work developing submission grappling in the country of Qatar, with the local army. His groundbreaking work in the Middle East has been revered over the years as one of the fastest growing grappling programs in the world. Full Name:Fabrício feliciano Souza Moreira",False
13785,Fabyury Khrysthyan,Fabyury,Khrysthyan,,GF Team,https://www.bjjheroes.com/?p=13785,"Fabyury Khrysthyan Teixeira Freitas, commonly known as Fabyury Khrysthyan is a jiu-jitsu black belt underGabriel Rainho (Biel)who worked extensively with coachesJulio Cesar Pereiraand Adielson Meireles before his promotion to the pro-level of the sport. Khrysthyan first made waves in the sport in the colored belt divisions, particularly in the no-gi ruleset, where he earned important medals in the International Brazilian Jiu-Jitsu Federation (IBJJF) circuit while representing GFTeam. Full Name:Fabyury Khrysthyan Teixeira Freitas",False
573,Fabricio Werdum,Fabricio,Werdum,Vai Cavalo,Winner-Behring,https://www.bjjheroes.com/?p=573,"Fabricio Werdum is a highly regardedjiu-jitsublack belt. A former 3 timeWorld Championand a 2-time ADCC Champion, he is also a big player as a professional Mixed Martial Arts (MMA) fighter in the Heavyweight Division having fought in all three major MMA organizations (UFC, Pride and Strikeforce). In 2010 he shocked the MMA world submitting Fedor Emilianenko in the first round, a man many thought to be unbeatable and widely considered the best heavyweight in MMA history. Full Name:Fabricio Werdum",False
14155,Faris Ben-Lemkadem,Faris,Ben-Lemkadem,,,https://www.bjjheroes.com/?p=14155,"Faris Ben-Lamkadem is a British professional grappler and a jiu-jitsu black belt underRoger Gracie, who also worked extensively with Charles Negromonte. Ben-Lamkadem first gained notoriety in the sport as a colored belt, where he conquered numerous medals in both the International Brazilian Jiu-Jitsu Federation (IBJJF) and Abu Dhabi Jiu-jitsu Pro (AJP) circuits in the Gi ruleset before stepping into the professional category, where he competed in both of the major branches of grappling rulesets, Gi and No-Gi. Full Name:Faris Dean Ben-Lamkadem",False
7675,Faustino Neto,Faustino,Neto,Pina,Clube Pina de Jiu Jitsu,https://www.bjjheroes.com/?p=7675,"Faustino Neto, commonly as Mestre Pina (Master Pina) is aBrazilian jiu jitsublack belt underOsvaldo Alvesas well as the founder and head coach of the famous grappling academy:Clube Pina de Jiu Jitsu(CPJJ). A gym from which Faustino Neto developed numerous high level athletes, includingBibiano Fernandes,Alex Martins, Carlos Diego Ferreira,Rodrigo PinheiroandCarlos “Esquisito” Holandato name a few. Full Name:Faustino Martins Neto",False
9404,Ffion Davies,Ffion,Davies,,ECJJ,https://www.bjjheroes.com/?p=9404,"Ffion Davies is a Welsh grappler and aBrazilian jiu-jitsu(BJJ) black belt underDarragh O’Conaill, who is widely regarded as one of the top featherweight competitors of her generation. A judo player for the Wales National Team during her junior years, Davies made a name for herself in the world of BJJ through her many important wins in the International Brazilian Jiu-Jitsu Federation (IBJJF) circuit, while representing the East Coast Jiu-Jitsu Academy (ECJJA). Full Name:Ffion Eira Davies",False
2056,Federico Tisi,Federico,Tisi,,,https://www.bjjheroes.com/?p=2056,"Federico Tisi is aBrazilian jiu jitsublack belt underCarlos “Escorrega” Lemos, being recognized as the first Italian black belt in this Brazilian grappling style. A true globetrotter of jiu jitsu, Federico Tisi found himself travelling all over the world in order to receive adequate grappling instruction in a time when the sport was unheard of in the European continent. Federico Tisi succeeded in his quest to reach the grade of black belt in 2005 and kept on developing the grappling art in his native country forming theUnione italiana Jiu Jitsuan Italian jiu jitsu federation which represents IBJJF (International Brazilian Jiu Jitsu Federation) in the Italian Republic. Full Name:Federico Tisi",False
7537,Felipe Bezerra,Felipe,Bezerra,,Checkmat,https://www.bjjheroes.com/?p=7537,"Felipe Bezerra is a high level Brazilian judo competitor and a black belt injiu jitsuunder Bruno Barreto ofCheckmat– RN (Rio Grande do Norte). Bezerra is one of the few athletes to compete in both grappling sports at the highest level, having conquered numerous medals at the Judo Nationals as well a IBJJF World and Pan American titles. Full Name:Felipe Augusto Farias Bezerra",False
1268,Felipe Cavalcante,Felipe,Cavalcante,,,https://www.bjjheroes.com/?p=1268,"Felipe Cavalcante Felipe Cavalcante is a Brazilian Jiu Jitsu black belt under the illustrious Fredson Alves (Gracie Humaita team), having also worked extensively with Marcus Aurelio (former Pride and UFC fighter) from Nova Uniao. Felipe has an long competitive record to which he also added international coaching experience having worked in both New Zealand and Australia.",False
4542,Felipe Cesar,Felipe,Cesar,Felipinho,Barbosa JJ,https://www.bjjheroes.com/?p=4542,"Felipe Cesar, also referenced as Felipe Silva or simply “Felipinho”, is aBrazilian jiu-jitsublack belt underMarco Barbosa, who represented the well-known São Paulo based team Barbosa Jiu-Jitsu team (B9), as well as NYC’s Unity JJ in the sport’s international circuit. Cesar gained notoriety while competing in the colored belt divisions of jiu-jitsu for his submission-oriented, crowd-pleasing style, a winning formula he carried through to his career as a professional black belt. Full Name:Felipe Cesar Silva",False
465,Felipe Costa,Felipe,Costa,,Brasa,https://www.bjjheroes.com/?p=465,"Felipe Costa is a former professional jiu-jitsu competitor, and one of his generation’s main figures in the roosterweight division, who conquered world titles in all three (3) major federations in the sport (IBJJF, UAEJJF, and CBJJO). A black belt underRodrigo Medeiros “Comprido”, Costa was most recognized for reaching the pinnacle of the sport as a black belt without having had much success at the highest level during his past colored belt career. This success he achieved in the pro-circuit was maintained throughout his career and spanned for 15 years in which Costa consistently maintained a top 3 rank in the division. Full Name:Felipe P. Costa e Silva",False
2416,Felipe Pena,Felipe,Pena,Preguiça,Gracie Barra,https://www.bjjheroes.com/?p=2416,"Felipe Pena, also known as Felipe “Preguiça” is aBrazilian Jiu-Jitsucompetitor and representative of theGracie Barra– Belo Horizonte academy, as well as a black belt underMarcelo Azevedo. Pena is widely regarded as one of the top jiu-jitsu competitors of his generation, a status cemented through his many wins in events such as the ADCC, Copa Pódio’s HW GP, Brazilian Nationals (Brasileiro), and Abu Dhabi Pro championship. Preguiça is also the younger brother of another well-known grappler: Augusto “Tio Chico” Carsalade. Full Name:Felipe Carsalade Pena",False
9309,Felipe Linhares,Felipe,Linhares,Felipinho,Alliance,https://www.bjjheroes.com/?p=9309,"Felipe Linhares Arruda is aBrazilian jiu-jitsublack belt underLucas Lepri, who also worked extensively with coachesRubens Charles(Cobrinha) and Luciano Nucci, being a representative of theAlliance Jiu Jitsuteam in this martial art’s sporting setting. Regarded as one of the top featherweight competitors of his generation, Linhares made his name while climbing the ranks of BJJ, by conquering medals at important tournaments on the International Brazilian Jiu-Jitsu Federation (IBJJF) schedule, such as the World, Pan, Brazilian National, São Paulo Open and more. Full Name:Felipe Linhares Arruda",False
5067,Felipe Neto,Felipe,Neto,Zicro,Alliance,https://www.bjjheroes.com/?p=5067,"Felipe Neto, also known as Felipe “Zicro”, is a historicalBrazilian jiu jitsufigure, being the longest runningAlliance Academyblack belt member (outside its founders), having taught at the team’s main location in Rio de Janeiro, while being also the first team member to move to the US atRomero Cavalcanti‘s request, to assist Master “Jacare” with the classes at the Alliance Atlanta headquarters; a highly prestigious job later taken on by legendary grapplers such asRoberto Traven,Rubens CharlesandLucas Lepri. Full Name:Luiz Felipe do N. F. Neto",False
6209,Felipe Mota,Felipe,Mota,Gargamel,Roger Gracie Academy,https://www.bjjheroes.com/?p=6209,"Felipe Mota, commonly known as “Gargamel”, is aBrazilian jiu jitsublack belt underOctávio “Ratinho” Coutoand Vinicius Campelo of the Akxe Academy in Rio de Janeiro. A former Rio International Open Champion and IBJJF World Championship silver medalist, Felipe Mota is also known as one of the jiu jitsu pioneers in Scandinavia, particularly Norway. Full Name:Felipe Mota Ananias Dias",False
6029,Felipe Silva,Felipe,Silva,Bocao,Infight,https://www.bjjheroes.com/?p=6029,"Felipe Silva, commonly known as “Bocão” is aBrazilian jiu jitsublack belt underRogério PoggioandPitoco Jordan, being known as one of the most active competitors of the Infight Jiu Jitsu Academy throughout the 2000’s & 2010 decade. Bocão also became one of the main coaches of the team, later joining the United Arab Emirates school system as a grappling coach. Full Name:Luiz Felipe da Silva",False
8514,Fellipe Andrew,Fellipe,Andrew,,,https://www.bjjheroes.com/?p=8514,"Fellipe Andrew Silva is aBrazilian jiu-jitsublack belt underRodrigo Cavaca, who represented the Zenith JJ academy in the sport/martial art’s international circuit for a number of years, where he gained notoriety. Fellipe Andrew made a name for himself while competing in the lower belt divisions of BJJ through his fan-pleasing grappling style as well as for his achievements, which included a second place at the Copa Podio Grand Prix (black/brown belt mixed class) as well as IBJJF World and Pan American titles. In 2020, Andrew left the Zenith team to join the Alliance affiliation. Full Name:Fellipe Andrew Leandro Silva",False
8686,Fellipe Trovo,Fellipe,Trovo,,Gracie Barra/ Ushirobira JJ,https://www.bjjheroes.com/?p=8686,"Fellipe Trovo is aBrazilian jiu-jitsublack belt underAndré Ushirobira, being also a representative ofRômulo Barraland his branch of theGracie Barrateam in this sport/martial art’s international circuit, a team he joined in 2018. Pointed out as one of the rising stars in São Paulo by BJJ Heroes (2017) Fellipe is widely regarded as one of the most talented BJJ competitors of his generation, a reputation he earned through his many important wins on the mats, particularly at the International Brazilian Jiu-Jitsu Federation (IBJJF) Pans and Brazilian Nationals as a brown belt. Full Name:Fellipe Ubaiz Trovo",False
12848,Frank Cespedes,Frank,Cespedes,,Alliance,https://www.bjjheroes.com/?p=12848,"Frank Cespedes is a professional grappler and a jiu-jitsu black belt under Hector Vasquez who represents teamAlliancein the sport’s international circuit. Cespedes became known as one of the rising stars of the roosterweight category during his colored belt career for his aggressive style and his gold medal performances in the International Brazilian Jiu-Jitsu Federation (IBJJF) World & Pan American No-Gi Championships as well as the gi Pan American tournament, later cementing his status as one of the top figures in his weight class in the pro-division of grappling. Full Name:Frank Cespedes",False
9760,Frank Rosenthal,Frank,Rosenthal,,Renzo Gracie Academy,https://www.bjjheroes.com/?p=9760,"Frank Rosenthal is aBrazilian jiu-jitsublack belt under Doug Pelinkovic, who also worked extensively withJohn Danaher,and Carl Massaro, being a product of the Renzo Gracie team network who also spend time with ADCC veteranRyan Hallat 50/50 Jiu-Jitsu Academy later in his career. Rosenthal made his name while competing in the no-gi, submission-only competitive circuit where he conquered well-respected events such as the RISE and Onnit Invitational tournaments. Full Name:Frank Rosenthal",False
437,Fernando Augusto Silva,Fernando Augusto,Silva,Terere,Alliance,https://www.bjjheroes.com/?p=437,"Fernando Augusto, commonly known by his nickname Tererê is one of the most talented and charismaticBrazilian jiu-jitsucompetitors to have ever stepped on a mat. This multiple time world medallist became a black belt world champion at the age of 20 and was regarded as aPound for Poundbest during the early 2000s. His impact in modern-day jiu-jitsu was felt in his development of positions such as theToreando, theLeg Drag, and many others while having great impact also as a coach, having helped raise the game of fighters such asAndré Galvao,Rubens Charles,Michael Langhi,Lucas Lepri, and mire; Diagnosed case of schizophrenia in 2005, an affliction that led him to drug addiction and away from jiu-jitsu. He reappeared in BJJ in 2010, but his recovery was erratic and followed with a few ups and downs. Terere returned to jiu-jitsu competition in Mexico in September 2012. Full name:Fernando Augusto da Silva",False
1403,Fernando Di Piero,Fernando,Di Piero,Soluço,Alliance,https://www.bjjheroes.com/?p=1403,"Fernando Di Piero, also known as “Soluço” is aBrazilian jiu jitsublack belt and an important figure for the Alliance Academy, having been the first instructor of the world champion team to establish a franchise in Ecuador. Soluço is also an accomplished athlete with medals at tournaments such as the IBJJF European Open and Pan American championships. Full Name:Fernando Di Piero",False
690,Fernando Marques,Fernando,Marques,Boi,Carlson Gracie,https://www.bjjheroes.com/?p=690,"Master Fernando “Pinduka” was one of BJJ’s most important fighters in the 1980’s golden era of Jiu Jitsu. A black belt under the lateCarlson Gracie, he defended the Gracie Jiu Jitsu name and honor for many years against those who challenged the martial art. He was also one of the people responsible for BJJ’s development at the Gama Filho University, where he lectured, that later becameGF Team. Pinduka received hiscoral beltfrom the hands ofMaster Robson Gracie, being widely considered one of the most important figures in the history of the sport. Full Name:Fernando de Mello Guimarães",False
1855,Fernando Guimaraes,Fernando,Guimaraes,Pinduka,Nova Uniao,https://www.bjjheroes.com/?p=1855,"One of the best heavyweight grapplers of his generation, Fernando “Boi” Marques is a black belt inBrazilian Jiu Jitsuunder MasterAndré Pederneirasand a former BJJWorld Champion(2001). Fernando Boi is also an accomplished freestyle and Greco Roman wrestler, having won national titles and been a part of the Brazilian national wrestling squad for the Pan Americans. Full Name:Fernando Marques Faustino",False
1411,Fernando Paradeda,Fernando,Paradeda,,,https://www.bjjheroes.com/?p=1411,"Fernando Monteiro Fernando Monteiro is a Brazilian Jiu Jitsu black belt under the great master Francisco Mansor. The former Niteroi league champion has trained BJJ since 1977, and is one of the most experienced members of the prestigious Brasil 021 team.",False
1916,Fernando Pontes,Fernando,Pontes,Margarida,,https://www.bjjheroes.com/?p=1916,"Fernando Paradeda is ajiu jitsublack belt under bothWalter Mattos&Ze Mario Sperrybeing one of the founding members ofSul Jiu Jitsu,Icon Jiu Jitsu (a world wide BJJ association) and Drill BJJ. Paradeda, who is a former black belt World Cup champion (2003), was also one of the main organisers of the Abu Dhabi World Pro Championship, a competition run by the United Arab Emirates Jiu Jitsu Federation. Full Name:Fernando Paradeda",False
86,Fernando Vieira,Fernando,Vieira,,,https://www.bjjheroes.com/?p=86,"Fernando Pontes, mostly known as “Margarida” within thejiu-jitsucommunity, is a former open weight world champion in the sport. Margarida’s aggressive and entertaining style made him one of the most revered grapplers in the early 2000’s, he was also known for his irreverence in and outside of the mats. His high-class technical abilities and his personality made him one of the more recognizable sporting figures of his generation in Brazil. Full Name:Fernando Pontes",False
2304,Fernando Aleluia,Fernando,Aleluia,,Brazil 021,https://www.bjjheroes.com/?p=2304,"Fernando Vieira is a talentedjiu jitsufighter from Manaus, Brazil, A city that is regarded as one of the biggest hives in the world for BJJ which has brought us fighters likeSauloandXande Ribeiro,Ronaldo Souza,Bibiano Fernandes,Jose Aldo,Kiki Meloand many others. Fernando Vieira graduated as a black belt underCristiano Carioca, and became a world champion in 2004, he has also won the World Pro Cup championship in 2012. Full Name:Luis Fernando Vieira",False
12719,Fernanda Cristo,Fernanda,Cristo,,Evox,https://www.bjjheroes.com/?p=12719,"Fernanda Yukari Makiyama Cristo, commonly known as Fernanda Cristo, is a grappling competitor and a black belt in jiu-jitsu under Rogério Cristo (her father) who represents the Evox Academy of Japan in the sport’s global circuit. Fernanda first made waves in the sport during her colored belt career for earning medals at the International Brazilian Jiu-Jitsu Federation (IBJJF) purple belt Pan American and World Championships as well as for winning the European Open title at 17-years-of-age, establishing herself as one of the hottest prospects in jiu-jitsu at the time, a claim she would cement as a black belt. Full Name:Fernanda Yukari Makiyama Cristo",False
9859,Firas Zahabi,Firas,Zahabi,,TriStar Gym,https://www.bjjheroes.com/?p=9859,"Firas Zahabi is a mixed martialarts(MMA) and grappling coach as well as a black belt inBrazilian jiu-jitsuunderJohn Danaher, being most known for his work as the leader of the TriStar Gym in Montreal, Québec, Canada. Among Zahabi’s most accomplished MMA students are athletes such as George Saint Piere, Miguel Torres, Denis Kang, and Rory McDonald, while in BJJ, Firas has helped develop a few of no-gi’s best, names such as Ethan Crelinsten, Oliver Taza and Pierre-Olivier Leclerc. Full Name:Firas Zahabi",False
1044,Flavio Almeida,Flavio,Almeida,Cachorrinho,Gracie Barra,https://www.bjjheroes.com/?p=1044,"Flávio Almeida, commonly known as “Cachorrinho” is aBrazilian jiu jitsublack belt underCarlos Gracie Junior, founder of theGracie Barra Academya team which Almeida has represented throughout his career. During the late 1990’s Flávio Almeida was widely regarded as one of the top athletes in the sport, though a premature retirement to pursue an academic career took him off the mats for many years. In 2006 Almeida returned to grappling after a successful run in the business world. His return was founded on him opening his own Gracie Barra franchise in the United States. Fábio Almeida is also the younger brother of UFC veteranRicardo Almeida. Full Name:Flavio Alves de Almeida",False
1495,Flavio Behring,Flavio,Behring,,,https://www.bjjheroes.com/?p=1495,"Flavio Behring is a Brazilian Jiu Jitsu Red Belt who was taught the martial art by bothHelio GracieandJoão Alberto Barreto. Apart from Flavio Behring’s personal contribute to BJJ, he also fathered two of the sport’s biggest stars in the 1980’s,SylvioandMarcelo Behring. Full Name:Flavio Behring",False
11456,Flavio Junqueira,Flavio,Junqueira,,Alliance,https://www.bjjheroes.com/?p=11456,"Flávio Junqueira is a jiu-jitsu black belt underFábio Gurgeland a representative of theAlliance Team. Junqueira became recognized as one of Brazil’s top prospects while competing in the colored belt divisions where he conquered important titles such as the Campeonato Brasileiro (gi and no-gi) and medals in the World Championships of the IBJJF (International Federation). In 2018 Flávio turned towards coaching, opening his own gym, a career that quickly delivered results by producing the team’s first world champion, Roberta Medeiros, in 2019. Full Name:Flávio Junqueira",False
11039,Flavio Vianna,Flavio,Vianna,,,https://www.bjjheroes.com/?p=11039,"Flavio Vianna is aBrazilian jiu-jitsublack belt under Wilson Féu and a former member of both the DDR Academy and the GF Team, which he represented for many years prior to his move to the United Arab Emirates (2017). Vianna made a name for himself while competing in the United Arab Emirates Jiu-Jitsu Federation (UAEJJF), also known as the AJP Tour, where he defeated numerous big names of the sport such asLachlan Giles, Pedro Veras, Adriano Araujo to name a few. Full Name:Flavio Alessandro Vianna",False
13842,Florian Bayili,Florian,Bayili,,,https://www.bjjheroes.com/?p=13842,"Florian Bayili is a professional jiu-jitsu player born in Burkina Faso who grew up in Belgium, where he earned his black belt from coach Dieter Truyen at the Brussels BJJ Academy (BBJJA). Bayili was recognized as one of the hottest prospects on the European circuit after his brilliant campaign as a brown belt (2021-2022) when he earned important medals in many tournaments of the International Brazilian Jiu-Jitsu (IBJJF) & Abu Dhabi Jiu-Jitsu Pro (AJP) associations, he would later cement that claim in the professional division. Full Name:Florian Bayili",False
12372,Francisco Cuneo,Francisco,Cuneo,,,https://www.bjjheroes.com/?p=12372,"Francisco Cuneo is an Argentinian grappler and a black belt in both judo and jiu-jitsu. Hailed as one of the top judo competitors in South America and a former member of Argentina’s National Judo Squad (2005-2014), Cuneo would later transition to BJJ, competing extensively in the International Brazilian Jiu-Jitsu Federation (IBJJF) circuit and earning a black belt under MasterRicardo De La Rivawhile working also withMurilo Santanaand Eduardo Santos. Full Name:Francisco Cuneo",False
714,Francisco Albuquerque,Francisco,Albuquerque,Toco,Nova Geracao,https://www.bjjheroes.com/?p=714,"Francisco “Toco” Albuquerque, aCarlson Gracie Srblack belt, is the co-founder of the prestigious “Nova Geracao” team. From his gym in Rio de Janeiro he has produced some of the best grappling talent in the world, fighters likeAlexandre “Pulga” PimentelandRoberto “Cyborg” Abreuwhile also using BJJ in the benefit of the Brazilian community with very lively social projects. Full Name:Francisco Albuquerque Neto",False
13076,Francisco Lo,Francisco,Lo,,PSLPB Cicero Costha,https://www.bjjheroes.com/?p=13076,"Francisco Lo, commonly known as “Chico” Lo, is a professional jiu-jitsu athlete and a representative of theCicero Costhateam in the sport’s global circuit. Lo made waves in grappling while climbing the ranks of this martial art, but it was as a black belt that the Manaus-born competitor became known to a mainstream audience after his big performances in 2022 at the São Paulo Open and Pan American No-Gi Championships of the International Brazilian Jiu-Jitsu Federation (IBJJF). Full Name:Francisco De Assis Lemos Lo",False
2040,Francisco Mansur,Francisco,Mansur,,Kioto,https://www.bjjheroes.com/?p=2040,"Master Francisco Mansor (sometimes mentioned as Mansur) is ajiu jitsured belt (9th degree)who was awarded his instructor’s degree by the late MasterHelio Gracie(one of only 6 men outside the Gracie family to receive the rank by Helio), being also regarded as one of the most respected men in the sport/martial art. Francisco Mansor founded the Kioto academy in 1965, one of the most traditional Brazilian jiu jitsu schools in the world,  a team strongly linked with the self defense aspect of BJJ. Master Mansor and his academy are known for having one of the biggest jiu jitsu academies for youngsters in Rio de Janeiro, from where he produced high end talent such as Alvaro Mansor (his nephew)Augusto “Tanquinho“,Carlos Henrique,Claudio França,Joe Moreiraand many others. Full Name:Francisco Jose Mansor",False
1081,Francisco Mendes,Francisco,Mendes,Chico,Checkmat,https://www.bjjheroes.com/?p=1081,"Chico Mendes is aBrazilian Jiu Jitsublack belt under the legendaryLeo Vieiraand a representative of theCheckmat Academyin the United Kingdom. Mendes has Checkmat flag halfway across the world delivering seminars in distant places such as the United States, Singapore, China, Denmark and many other places. Chico Mendes is also an accomplished BJJ competitor with wins in important tournaments such as the World Cup and the European No Gi Championships. Full Name:Francisco Ramos Mendes Neto",False
2091,Francisco Sa,Francisco,Sa,,SAS,https://www.bjjheroes.com/?p=2091,"Master Francisco Sá is ajiu jitsured belt and one of the main instigators for jiu jitsu in the region of Ceará, Brazil. Francisco Sá, who was graded as an instructor by Takeo Iano, established his academy in Fortaleza in the 1960’s, an academy that flourished with the combined effort of himself and his son Carlos Pinto Sá (also known as “Sazinho”) becoming a beacon of excellence in that Northern Brazilian state. Full Name:Francisco Carlos Pinto Sá",False
14207,Franco Diaz,Franco,Diaz,,Unity,https://www.bjjheroes.com/?p=14207,"Franco Manuel Diaz Palomino, commonly known as Franco Diaz, is a Peruvian grappler and professional Jiu-Jitsu player underMurilo Santana‘s Unity Jiu-Jitsu (NY, USA) who first made waves in this sport as a colored belt, particularly while competing on the International Brazilian Jiu-Jitsu Federation (IBJJF) circuit. Diaz would later confirm his talent as a major talent as a pro after he received his black belt in December 2024. Full Name:Franco Manuel Diaz Palomino",False
819,Fredson Paixao,Fredson,Paixao,,,https://www.bjjheroes.com/?p=819,"Fredson Paixão is aBrazilian jiu-jitsublack belt under masterOsvaldo Alves, and a former International Brazilian Jiu-Jitsu Federation (IBJJF) World Champion. Paixão was also well known for going from the purple belt rank straight to black belt without stopping at brown belt, one of the rare cases recorded of such a promotion in this sport/martial art. In 2005 Fredson’s career shifted towards mixed martial arts (MMA), going on to compete in important promotions such as Jungle Fight, WEC, and the UFC. After his retirement from competition, in December 2017, Fredson was accused of assaulting his student, Michael Stolin, and later forced to pay compensation for the assault. Full Name:Fredson Paixão Melo",False
9250,Gabriel Almeida,Gabriel,Almeida,Tod,Checkmat,https://www.bjjheroes.com/?p=9250,"Gabriel Almeida is a Brazilian jiu-jitsu black belt underRicardoandLeonardo Vieira, having also worked extensively with Eduardo Flexa while being a representative of theCheckmatteam in the sport’s international circuit. Almeida earned the reputation of being one of the top competitors of his generation by conquering medals in important events such as the International Brazilian Jiu-Jitsu Federation (IBJJF) World, Pans, and European Championships as well as United Arab Emirates Jiu-Jitsu Federation (UAEJJF) Abu Dhabi Pro. Full Name:Gabriel Salles Muniz Almeida",False
6071,Gabriel Arges,Gabriel,Arges,Frodo,Gracie Barra,https://www.bjjheroes.com/?p=6071,"Gabriel Arges is aBrazilian jiu-jitsublack belt underRomulo BarralandFelipe “Preguiça”, who also trained extensively withMarcelo “Uirapuru”, competing for theGracie Barra Academy. Arges made a name for himself in the lower belt divisions of the sport, particularly during his purple and brown belt campaigns (2013-2015) where he conquered important titles such as IBJJF World Champion (Gi/No-Gi), European Open Champion, as well as Pan America and American National Champion. Full Name:Gabriel Arges",False
13670,Gabriel Brod,Gabriel,Brod,,,https://www.bjjheroes.com/?p=13670,"Gabriel Brod is a jiu-jitsu athlete and a black belt underFelipe Pena (Preguiça)who first made waves in the sport while competing for Pena’s FP Gold Team under the Gracie Barra banner, where he won numerous important titles of the International Brazilian Jiu-Jitsu Federation (IBJJF) circuit. First, as a colored belt rank – which included a purple belt world title (2022) & a brown belt Brazilian National title (2023) – and later in the pro-division, cementing his claim as one of the top grapplers of his generation in the kimono ruleset and no-gi as well. Full Name:Gabriel Viebrantz Brod",False
11766,Gabriel Costa,Gabriel,Costa,Maranhao,Guigo JJ,https://www.bjjheroes.com/?p=11766,"Gabriel Costa, commonly known as “Maranhão”, is a jiu-jitsu black belt underLuiz Guilhermeand a member of the Guigo Jiu-Jitsu Team of São Paulo, one of the top international squads in the sport. Costa became widely recognized as one of Brazil’s rising grappling stars after his performances on the International Brazilian Jiu-Jitsu Federation’s (IBJJF) circuit, namely at the European Open, South American Championships, and Brazilian National Championships. Full Name:Gabriel Silva Costa",False
10232,Gabriel Figueiro,Gabriel,Figueiro,,,https://www.bjjheroes.com/?p=10232,"Gabriel Figueiró is aBrazilian jiu-jitsublack belt underFábio GurgelandMichael Langhiof theAlliance ‘Matiz’ Academy(team headquarters in São Paulo, Brazil), who also worked extensively with Diogo Valença, in Portugal, and is one of the top lightweight competitors of his generation. Figueiró made a name for himself while competing in the lower belt divisions of the International Brazilian Jiu-Jitsu Federation (IBJJF) circuit. Full Name:Gabriel Alves Figueiró",False
12487,Gabriel Gaudio,Gabriel,Gaudio,,GF Team,https://www.bjjheroes.com/?p=12487,"Gabriel Gaudio is a professional grappler and a black belt in judo (under Emerson Neves), and jiu-jitsu (underJúlio César Pereira), who represents the GF Team in the sport’s international circuit. Gaudio first made waves in jiu-jitsu with his 2016 blue belt world title with the IBJJF (International Brazilian Jiu-Jitsu Federation) and the Brazilian National Championships bronze medal. Full Name:Gabriel Vieira de Sá Bottino Gaudio",False
10430,Gabriel Gonzaga,Gabriel,Gonzaga,Napao,,https://www.bjjheroes.com/?p=10430,"Gabriel Gonzaga, commonly known as Napão, is aBrazilian jiu-jitsublack belt underWander Braga, and a former professional mixed martial arts (MMA) fighter who competed for the Ultimate Fighting Championship (UFC) heavyweight belt in 2007. As a grappler, Napão gained notoriety when representing the Macaco Gold Team Academy during the early to mid-2000s, a time when he conquered an International Brazilian Jiu-Jitsu Federation (IBJJF) World Championship title (2006) as well as a silver medal at the ADCC (Abu Dhabi Combat Club), two of the most prestigious tournaments in the sport. Full Name:Gabriel Gonzaga Santos Nogueira",False
1017,Gabriel Goulart,Gabriel,Goulart,,Alliance,https://www.bjjheroes.com/?p=1017,"Gabriel Goulart is a Brazilian Jiu Jitsu black belt from the Alliance team. A close friend ofLucas Lepri, Gabriel Goulart started training due to the influence of the 2007 BJJ lightweight world champion, and his talent has shined through on many occasions having been pointed out as one of the biggest up and comers by Jiu Jitsu’s media in 2010 being rewarded with his belt by his masterFabio Gurgelstill in 2010. Full Name:Gabriel Rodrigues Alves Goulart",False
10817,Gabriel Henrique Oliveira,Gabriel,Henrique Oliveira,,Alliance,https://www.bjjheroes.com/?p=10817,"Gabriel Henrique Oliveira is a professional grappler, representative of theAlliance Jiu-Jitsu Academy– Porto Alegre as well asBrazilian jiu-jitsublack belt underMario Reis, who worked extensively with Rodrigo Reis prior to his time with Reis. Gabriel is widely regarded as one of the top competitors of his generation, particularly with the gi (kimono), a reputation earned after his wins at the International Brazilian Jiu-Jitsu Federation (IBJJF) World and Pan American titles as a brown belt (2019). Full Name:Gabriel Henrique dos Santos Oliveira",False
8560,Gabriel Lucas,Gabriel,Lucas,Fedor,Checkmat,https://www.bjjheroes.com/?p=8560,"Gabriel Lucas, commonly known as “Fedor”, is aBrazilian jiu jitsublack belt under the legendaryEduardo “Jamelão” da Conceição. Regarded as one of the hottest prospects in the Super and Ultra Heavyweight divisions after winning the IBJJF World Jiu Jitsu Championship as a brown belt (2013), Lucas would cement this claim as a black belt by winning titles at the World, Brasileiro No-Gi and Pan-American No Gi Championship, to name a few. Full Name:Gabriel Lyrio Lucas",False
9746,Gabriel Kitober,Gabriel,Kitober,,,https://www.bjjheroes.com/?p=9746,"Gabriel Kitober is aBrazilian jiu-jitsublack belt under MasterOsvaldo Alves, and a formerFédération Internationale des Luttes Associées(FILA, today’s UWW) Grappling World champion, who also conquered numerous titles on the International Brazilian Jiu-Jitsu Federation (IBJJF) international circuit. A representative of theGF Team, Kitobel is known for his work as a grappling coach for the Israeli National Judo Squad and for his crowd-pleasing,agressivecompetitive style. Full Name:Gabriel Kitober Vieira",False
7698,Gabriel Marangoni,Gabriel,Marangoni,,Academia Marangoni,https://www.bjjheroes.com/?p=7698,"Gabriel Marangoni is aBrazilian jiu jitsublack belt under Rafael Marangoni and a co-founder of the Marangoni Academy, one of the most successful grappling gyms in the state of São Paulo – Brazil. Gabriel is also one of the top featherweight competitors of his generation, known for his many medals in important tournaments such as the ADCC Brazilian Trials, the IBJJF World No-Gi Championships, as well as the IBJJF European and São Paulo Opens. Full Name:Gabriel Marangoni de Oliveira",False
11917,Gabriel Marinho,Gabriel,Marinho,,GF Team,https://www.bjjheroes.com/?p=11917,"Gabriel Marinho is a jiu-jitsu black belt under the illustrious MasterJúlio César Pereiraas well as a member of theGrappling Fight Team (GFT)and the founder of the Pro Combat Academy in Rio de Janeiro’s West Zone. Although a competent competitor during his heyday, Gabriel is most recognized for his work as an instructor, being behind several high-level grapplers, includingPedro AlexandWallace Costa. Full Name:Gabriel Marinho Rodrigues",False
2401,Gabriel Moraes,Gabriel,Moraes,,,https://www.bjjheroes.com/?p=2401,"Gabriel Moraes, most commonly known as Gabrielzinho Moraes, is a historical figure forBrazilian Jiu Jitsu, having won the world championship on three separate occasions while being the first and only competitor to date to win BJJ’s most prestigious tournament consecutively as a blue belt (2003) and as a black belt the following year (2004), jumping two belt categories in the process. Gabriel Moraes is also one of the very selected group of competitors to have submittedCaio Terrain competition. Full Name:Gabriel Moraes",False
13021,Gabriel de Oliveira Haddad,Gabriel,de Oliveira Haddad,Biel,,https://www.bjjheroes.com/?p=13021,"Gabriel de Oliveira, commonly known as “Biel”, is a professional grappler and a jiu-jitsu black belt under Rodrigo Cândido, who represents team affiliation Lotus Jiu-Jitsu / Power Lotus on the sport’s international circuit. Biel Oliveira first made waves as a competitor in São Paulo, Brazil’s circuit, where he conquered numerous titles before making his mark as one of the top athletes in the International Brazilian Jiu-Jitsu Federation (IBJJF) league, in the early 2020s with medals at the American Nationals and Inter-State South Brazilian Championships. Full Name:Gabriel de Oliveira Haddad Duarte",False
5061,Gabriel Rollo,Gabriel,Rollo,Palito,Checkmat,https://www.bjjheroes.com/?p=5061,"Gabriel Rollo, also known as “Palito”, is aBrazilian jiu jitsublack belt underRodrigo Cavaca, being regarded as one of the top lightweight competitors of his generation, having conquered medals in the sport/martial art’s top grappling tournaments such as the South American Championship, the World Championship, the Pan American Championship as well as the European Open. Full Name:Gabriel Rollo da Silva Pontes",False
607,Gabriel Vella,Gabriel,Vella,,,https://www.bjjheroes.com/?p=607,"Gabriel Vella is a Brazilian jiu jitsu black belt underRyan Graciewho was one of the top competitors of his generation. Vella became a well known representative of the state of Sao Paulo (Brazil) during the late 1990’s, a decade when the sport was dominated by Rio de Janeiro. Gabriel Vella was linked to a few different BJJ academies, but particularly Ryan Gracie Academy and Alliance. Full Name:Gabriel Vella de Freitas",False
1563,Gabriel Rainho,Gabriel,Rainho,Biel,GF Team,https://www.bjjheroes.com/?p=1563,"Gabriel Rainho, also known as ‘Biel’ is a Judo andBrazilian Jiu Jitsublack belt from theGrappling Fight Teamof Rio de Janeiro, Brazil. A black belt graduated by MasterJulio Cesar PereiraGabriel became one of the top featherweights of the team having won the the Rio de Janeiro State Championships and the Brazilian National numerous times. Full Name:Gabriel Rainho Fontes",False
1586,Gabriel Ribeiro,Gabriel,Ribeiro,,Brazil 021,https://www.bjjheroes.com/?p=1586,"Gabriel Ribeiro is a Brazilian Jiu Jitsu black belt under MasterCarlos Henrique, under whom he graduated in 2010. A team member of the Brazil 021 academy, Gabriel has medalled in prestigious Rio de   Janeiro tournaments such as the Copa Conde Coma the Carlson Gracie Cup and the Gavazza Cup. Full Name:Gabriel Ribeiro de Farias",False
9051,Gabriel Sousa,Gabriel,Sousa,,ZR Team,https://www.bjjheroes.com/?p=9051,"João Gabriel Batista de Sousa, commonly known as Gabriel Sousa, is aBrazilian jiu-jitsublack belt underLucas Rocha, who is also one of the main representatives of the ZR Team in the sport’s international competitive circuit. Sousa is widely regarded as one of the main light-featherweight athletes of his generation, a reputation earned early in his career while conquering some of jiu-jitsu’s most respected tournaments, such as the International Brazilian Jiu-Jitsu Federation’s (IBJJF) World, Pan and European Open Championships in the colored belt divisions, a good form he carried through to the pro-divisions of the sport. Full Name:João Gabriel Batista de Sousa",False
13392,Gabriel Volante,Gabriel,Volante,,XCoach,https://www.bjjheroes.com/?p=13392,"Gabriel Arantes Volante is a jiu-jitsu black belt under the legendaryCelso Venicius(Celsinho) who represents the XCoach squad in the sport’s global circuit and is particularly active in the International Brazilian Jiu-Jitsu Federation (IBJJF) league (with the gi) where he defeated important names of the sport such as Lucas Alves, Fernando Reis, Harryson Pereira, to name a few. Full Name:Gabriel Arantes Volante",False
10091,Gabriel Willcox,Gabriel,Willcox,,,https://www.bjjheroes.com/?p=10091,"Gabriel Willlcox is aBrazilian jiu-jitsublack belt underMarcelo Alonso, and one of the main representatives of theCarlson Gracie Academyin the sport’s international circuit for 3 decades, from the 1990s to 2010s. Willcox made a name for himself as one of grappling’s foremost light-featherweight competitors through his numerous medals in important tournaments of the International Brazilian Jiu-Jitsu Federation (IBJJF), such as the World Masters, International Masters & Seniors, Brazilian Nationals, European Open and many more. Full Name:Gabriel Willlcox Furley",False
10153,Gabrieli Pessanha,Gabrieli,Pessanha,,InFight,https://www.bjjheroes.com/?p=10153,"Gabrieli Pessanha is aBrazilian jiu-jitsublack belt under Marcio de Deus and a representative of the InFight team in the sport / martial-arts professional circuit. Pessanha became widely recognized as one of jiu-jitsu’s most promising athletes during her mid-teens, competing in both the International Brazilian Jiu-Jitsu Federation (IBJJF) and the UAE Jiu-Jitsu Federation (UAEJJF) circuits, where she conquered numerous titles, including World, European, Pan American, and Brazilian National gold medals. She would go on to become the most accomplished female athlete in the history of the sport with multiple double gold medals and sequential IBJJF Grand Slam victories (E.N.: winning the IBJJF European, Brazilian National, Pan American, and World Championships in the same year). Full Name:Gabrieli Pessanha de Souza Marinho",False
11257,Gabrieli Procopio,Gabrieli,Procopio,,BTT,https://www.bjjheroes.com/?p=11257,"Gabriel Procópio Fonseca, commonly known as Timbó, is ajiu-jitsublack belt under the illustriousRicardo Marquesas well as a representative of the Brazilian Top Team (BTT) in the sport’s international circuit. Although well respected in Brazil, Procópio broke through to a world-wide audience after his move to the United States of America in 2017, a time when he started being a common face on the main podiums of the international BJJ tour. Full Name:Gabriel Procópio da Fonseca",False
12753,Gabriela Pereira,Gabriela,Pereira,,Vision,https://www.bjjheroes.com/?p=12753,"Gabriela Pereira is a professional grappler and a jiu-jitsu black belt under Carlos Durlin who represents the Vision Jiu-Jitsu Academy of Qatar in the sport’s international scene, with great success in the International Brazilian Jiu-Jitsu Federation (IBJJF) and Abu Dhabi Jiu-Jitsu Tour (AJP) circuits. Gabi Pereira first broke through in jiu-jitsu during her colored belt career by winning the IBJJF World Championships and South American Championships in her division. Full Name:Gabriela Andrelevicius Pereira",False
9241,Gabriela Fechter,Gabriela,Fechter,,Checkmat,https://www.bjjheroes.com/?p=9241,"Gabriela Fechter is aBrazilian jiu-jitsublack underRicardo Vieira, being one of the top competitors in the Checkmat team. Originally from São Paulo, Fechter moved to Rio de Janeiro as a purple belt, quickly becoming one of the most recognizable faces of the Fight Zone gym, an academy she would later lead as one of the head coaches, a position she pioneered at the time by becoming one of the first women to take charge of a major BJJ gym in Rio de Janeiro. Full Name:Gabriela Meireles Fechter",False
595,Gabrielle Garcia,Gabrielle,Garcia,Gabi,Alliance,https://www.bjjheroes.com/?p=595,"Gabrielle Garcia commonly known as Gabi Garcia is the most dominantBrazilian Jiu-Jitsucompetitor in the female division’s history, where she won the vast majority of important tournaments before receiving her black belt rank. The famousGaúcha(person from a southern region of Brazil) has since reached the degree of black belt under the illustriousFábio Gurgel, quickly becoming one of the brightest stars in theAlliance Academy, a camp that is regarded as the strongest in the sport. In 2014 Gabi Garcia failed a test for illegal substances by the USADA and was stripped of her 2013 IBJJF Pan American and World Titles. Full Name:Gabrielle Lemos Garcia",False
8991,Gabrielle McComb,Gabrielle,McComb,Gabi,Gracie Humaita,https://www.bjjheroes.com/?p=8991,"Gabrielle Lima, commonly known as Gabi McComb is aBrazilian jiu-jitsublack belt underLetícia RibeiroandFabrício Camões, being also one of the main representatives of the famousGracie Humaitáfemale team. McComb made waves in the sport’s lower belt ranks by winning some of the top tournaments in jiu-jitsu, including wins at the IBJJF World Championship, World No-Gi, Pans, South American, and the CBJJ Brazilian Nationals. Full Name:Gabrielle McComb Lima",False
1696,Garth Taylor,Garth,Taylor,,,https://www.bjjheroes.com/?p=1696,"Garth Taylor is an American grappler with an extensive list of competitive achievements including a gold medal at the World Jiu Jitsu Championships as a purple belt and a silver medal in the black belt division of the same tournament (in 2001). A black belt inBrazilian Jiu JitsuunderClaudio Franca, Garth Taylor is also the head instructor of the Kaijin MMA team in Santa Cruz,California. Full Name:Garth Taylor",False
5649,Gary Tonon,Gary,Tonon,,Renzo Gracie Academy,https://www.bjjheroes.com/?p=5649,"Garry Tonon is aBrazilian jiu-jitsublack belt underTom deBlassandRicardo Almeida, having earned important medals for his team (Renzo Gracie Academy – NJ/Ocean County), including titles at the IBJJF World and Pan American Championships. Known as a No-Gi specialist, Tonon earned his reputation through various accomplishments in prestigious grappling events, particularly in the submission-only format such as Metamoris,Polarisand Eddie Bravo Invitational (EBI). Garry Tonon also worked extensively with coachJohn Danaherat RGA – NYC, having shifted his focus to mixed martial arts (MMA) in 2018. Full Name:Garry Tonon",False
1408,Gastao Gracie,Gastao,Gracie,,Gracie JJ,https://www.bjjheroes.com/?p=1408,"Gastão Gracie Filho was one of the founding members of Gracie Jiu-Jitsu in the 1920’s. The brother ofCarlos,Oswaldo,GeorgeandHelio Gracie, Gastão Gracie is foreseen as the quieter of the founding members of the Gracie Jiu-Jitsu Academy, a man with strong spiritual beliefs who led an interesting life with great importance in the development of Brazilian Jiu-Jitsu at its embryonic stage. Full Name:Gastao Gracie Filho (Filho translates to Junior)",False
8583,Geny Rebelo,Geny,Rebelo,,Academia Serrana,https://www.bjjheroes.com/?p=8583,"Grand Master Geny Rebelo is aBrazilian jiu jitsured belt (9th degree) and a student ofHelio Gracie. Founder of the Serrana Academy (Academia Serrana) one of the most important grappling hubs in Brazil located in the mountainous region ofTeresópolis, Rebelo was responsible for the development of important BJJ figures such asAdmilson Bitta,Ailson “Jucão” BritesandHélio Sonecato name a few. Full Name:Geny Rebelo de Azevedo",False
8532,Gerard Labinski,Gerard,Labinski,,,https://www.bjjheroes.com/?p=8532,"Gerard Labinski is a Polish-bornBrazilian jiu-jitsublack belt underLeandro Lo, being a strong representative of the New School Brotherhood team in this sport/martial art’s international circuit. Labinski is also widely regarded as one of the top European grapplers of his generation, a reputation conquered through his important wins in the colored belt divisions and further cemented as a black belt. Full Name:Gerard Piotr Labinski",False
528,George Gracie,George,Gracie,Gato Ruivo,Gracie JJ,https://www.bjjheroes.com/?p=528,"George Gracie was an illustrious member of theGracie family, and the first champion developed by the Gracie Jiu-Jitsu system back in the 1920s and 1930s. George Gracie was taughtJiu-Jitsutechniques by his older brotherCarlos Gracieand carried the Gracie flag all over Brazil fighting in different styles such as Jiu-Jitsu, Luta Livre, Wrestling and Vale Tudo (No-Holds-Barred) having had one of the best unbeaten runs of his time. Full Name:George Gracie",False
3380,Geraldo Flores,Geraldo,Flores,,,https://www.bjjheroes.com/?p=3380,"Master Geraldo Flôres is aBrazilian Jiu Jitsured belt (9th degree)from theOswaldo Faddalineage, who was graded as a black belt by Master Aderbal Batista and is regarded as one of the main developers of Jiu Jitsu in the northern area of Rio de Janeiro. Flôres has also been involved in the development of BJJ figures such asWendell Alexander, Sergio Bastos and Ignácio Santos Silva. Full Name:Geraldo Flôres",False
1329,Gerardi Rinaldi,Gerardi,Rinaldi,Jerry,Renzo Gracie,https://www.bjjheroes.com/?p=1329,"Gerardi Rinaldi, commonly known as Jerry Rinaldi is a high calibre wrestler who successfully transitioned toBrazilian Jiu Jitsu, being a black belt underRenzo Gracieand the Silver Fox (Karel Pravec). A former 197 lbs Cornell University Wrestler Rinaldi achieved several important trophies during his grappling career, including two D1 NCAA All American titles and an important silver medal at the ADCC finals (2009), accomplished with only 18 months of formal jiu jitsu training. FullName:Gerardi Rinaldi",False
3479,Gezary Matuda,Gezary,Matuda,,American Top Team,https://www.bjjheroes.com/?p=3479,"Gezary Matuda is aBrazilian Jiu Jitsublack belt under the legendaryRicardo Libórioand one of the top competitors of her generation. Known for having what many have called “the most exciting style in BJJ” Gezary has also collected the accolades to go with, these include wins at the IBJJF World and Pans Championships at the black belt level. Full Name:Gezary Matuda Kubis Bandeira",False
11797,Giancarlo Bodoni,Giancarlo,Bodoni,,Alliance,https://www.bjjheroes.com/?p=11797,"Giancarlo Bodoni is a professional jiu-jitsu competitor and a black belt underLucas Lepri, who worked extensively withBernardo Fariaas well asRillion Gracie, and is best known for his success while representing theAlliance Teamin the early stages of his career, going on to joinJohn Danaher‘s New Wave team as a pro-athlete. Bodoni earned his reputation as one of the sport’s top athletes after his performances in the International Brazilian Jiu-Jitsu Federation (IBJJF) World Championships and Pan American Championships as a brown belt, a level of excellence he continued to display as a black belt. Full Name:Giancarlo Bodoni",False
4248,Gianni Grippo,Gianni,Grippo,,Alliance,https://www.bjjheroes.com/?p=4248,"Gianni Grippo is widely regarded as one of the leading figures of the ‘Berimbolo Generation‘ ofBrazilian Jiu-Jitsu, having built that reputation in the lower belt divisions of the sport where he conquered 6 world titles (4 with the gi and 2 in no-gi). Grippo competed underRenzo Gracie‘s New York City academy up until the brown belt rank, switching to the neighboringMarcelo GarciaAcademy (MGA-Alliance) who ultimately awarded Gianni his black belt in October 2013. Full Name:Gianni Paul Grippo",False
446,Gilbert Burns,Gilbert,Burns,Durinho,Atos,https://www.bjjheroes.com/?p=446,"Gilbert Burns, commonly known as “Durinho” is a jiu-jitsu black belt underRafael “Fofitio”while being also regarded as one of his generation’s top grappling competitors, a status he held before switching his career focus to mixed martial arts (MMA), a transition that occurred after Burns conquered the International Brazilian Jiu-Jitsu Federation (IBJJF)World titlein 2011. A former member of theOriênte Cluband theAtos Academyin the sport of BJJ, Durinho’s MMA career started with the help of veteran cage-fighter Vitor Belfort, who Gilbert helped in the capacity of Grappling Coach during the filming of the 2012 reality TV program, The Ultimate Fighter Brazil (TUF) – Belfort vs Silva, later becoming a UFC fighter himself, signing his contract on May 2014. Full Name:Gilbert Alexander Burns",False
7872,Gilson Nunes,Gilson,Nunes,Nenem,Checkmat,https://www.bjjheroes.com/?p=7872,"Gilson Nunes Neto, commonly known as “Nenem”, is aBrazilian jiu jitsublack belt under Ronaldo “Raspinha” Cruz and Paulo Ivano, being also one of the top featherweight athletes of his generation. Competing for teams such as Evolution andCheckmat, Nunes earned his reputation in the grappling circuit through wins over big names such asJoao Miyao,Osvaldo Moizinho,Isaque PaivaandIsaac Doederlein– to name a few. Full Name:Gilson Nunes de Oliveira Neto",False
13945,Giovanna Carneiro,Giovanna,Carneiro,,,https://www.bjjheroes.com/?p=13945,"Giovanna Carneiro is a professional grappler and a jiu-jitsu black belt under Itagiba Carneiro (her father). Giovanna earned her reputation as one of the most talented competitors of her generation when competing in the colored belt divisions, where she conquered numerous important titles of the International Brazilian Jiu-Jitsu Federation (IBJJF) circuit. A status she solidified in the pro-division. Full Name:Giovanna Xavier Carneiro",False
13016,Giovanna Jara,Giovanna,Jara,,,https://www.bjjheroes.com/?p=13016,"Giovanna Jara de Souza is a professional jiu-jitsu player and a black belt, a promotion earned from her own mother, Lucinha Jara. Giovanna first made waves in the sport in the juvenile division when she conquered two (2) Brazilian National titles before breaking through in the adult division where she improved on her past success. Jara also conquered a place at the 2022 ADCC World Championships after winning the Brazilian Qualifiers as a purple belt, an uncommon feat for a colored belt athlete at this level of competition. Full Name:Giovanna Jara de Souza",False
13167,Giulia Gregorut,Giulia,Gregorut,,,https://www.bjjheroes.com/?p=13167,"Giulia Gregorut is a jiu-jitsu black belt underRubens Charles “Cobrinha”and a longtime member of theAlliance Jiu-Jitsu team, who also worked extensively with coachesDimitrius Souza, andLucia Nucci “Casquinha”. Giulia Gregorut first made waves in the sport while competing in the lower belts of the International Brazilian Jiu-Jitsu Federation (IBJJF) circuit, where she earned many important medals, including gold at the World and Pan American Championships in the gi and no-gi rulesets. Full Name:Giulia Guimãraes Gregorut",False
6550,Gordon Ryan,Gordon,Ryan,,New Wave,https://www.bjjheroes.com/?p=6550,"Gordon Ryan is a New Jersey (USA) born grappler and member of the well-known group – Danaher Death Squad (DDS), known particularly injiu-jitsu‘s no-gi and submission-only circuit where he beat big names of the sport such asAlexandre Ribeiro,Romulo Barral, andGabriel Arges. A submission-orientated competitor and one of the leading jiu-jitsu figures of his generation, Gordon cemented his name as one of the top brown belts on the planet in 2015 by winning the Newaza Challenge and No-Gi World Championship, which led to his black belt promotion underGarry Tonon– this way becoming Tonon’s first-ever student to achieve the rank, a belt responsibility shared with another one of Gordon’s mentors,John Danaher. Gordon went on to become one of the most successful no-gi grapplers of all time by winning back-to-back ADCC World Championships and other unprecedented achievements in the promotion (see below). Full Name:Gordon F. Ryan III",False
11783,Grace Gundrum,Grace,Gundrum,,10th Planet,https://www.bjjheroes.com/?p=11783,"Grace Gundrum is a grappling athlete who specializes in the No-Gi Submission-Only ruleset. Widely regarded as one of her generation’s foremost talents, Gundrum was the youngest female American to earn the rank black belt in jiu-jitsu at the time of her promotion (July 2020), a rank she earned from coaches JM Holland,Zach Maslany, andEddie Bravoof the 10th Planet Bethlehem (PA) team. Grace is stated to have gone undefeated from the age of 12 on to the professional circuit where she conquered important titles such as the Fight 2 Win’s Strawweight belt, Quintet Team Invitational, and Finishers Sub-Only. Full Name:Grace Gundrum",False
13493,Greg Souders,Greg,Souders,,Standard JJ,https://www.bjjheroes.com/?p=13493,"Greg Souders is a jiu-jitsu black belt underDavid Jacobswho worked extensively withLloyd Irvinand is the founder of Standard Jiu-Jitsu, one of the top no-gi jiu-jitsu/submission wrestling gyms in the sport. Souders is known for his novel approach to grappling based on the Ecological branch of psychology, also known as Ecological Dynamics, a methodology he used to develop highly successful athletes such asDeandre Corbe, Gavin Corbe, andAlex Nguyen. Full Name:Greg Souders",False
1322,Gregor Gracie,Gregor,Gracie,,Renzo Gracie,https://www.bjjheroes.com/?p=1322,"Gregor Rangel, also known as Gregor “Gracie” is aBrazilian Jiu-Jitsublack belt underRenzo Gracieand a former world champion in the lower belt divisions who also successfully ventured into mixed martial arts (MMA). Gregor is not a member of theGracie familyby blood but is the half brother ofRollesand Igor Gracie, both sons of the legendaryRolls Gracie. Gregor has also competed in freestyle wrestling with a notable win over Darryl Christian, a highly accomplished wrestler. Full Name:Gregor Rangel",False
12563,Guilherme Bacha,Guilherme,Bacha,,Checkmat,https://www.bjjheroes.com/?p=12563,"Guilherme Bacha Guedes is a jiu-jitsu black belt underRicardo Vieira (Rico)andLeonardo Vieira (Leozinho)who represents theCheckmat squadin the sport’s international circuit. Bacha was a fundamental part ofCheckmat‘s first Team World Title with the International Brazilian Jiu-Jitsu Federation (IBJJF) in 2021, a championship greatly facilitated by Guilherme’s own unbeaten run in the tournament as a brown belt, a performance that won him global recognition as one of the top competitors in the ultra-heavyweight athletes in the sport. Full Name:Guilherme Bacha Guedes",False
1733,Guilherme Cascon,Guilherme,Cascon,,Brazil 021,https://www.bjjheroes.com/?p=1733,"A former tri-athlete, Guilherme Cascon is a Brazilian Jiu Jitsu black belt under the illustrious MasterCarlos Henrique, who coaches at the Brazil 021 team academy in Rio de Janeiro, Brazil. Guilherme has reached the podiums of important tournaments throughout his competitive career, such as theBrasileiroand theCopa Rolls Gracie. Full Name:Guilherme Cascon Martins",False
9361,Guilherme Cordiviola,Guilherme,Cordiviola,,GF Team,https://www.bjjheroes.com/?p=9361,"Guilherme Cordiviola is aBrazilian jiu-jitsublack belt under Sérgio Henrique Miranda, who also worked extensively with coachAlexandre Baraúnaand MasterJúlio César Pereira, being one of the top ultra-heavyweight representatives of theGFT academy, in the sport’s international circuit. Although a part-time athlete, living a busy professional life in the banking industry, Cordiviola managed to elbow his way in and find his place in the upper echelon of the pesadíssimo division. Full Name:Guilherme Wilson S. Cordiviola",False
13575,Guilherme Fernandes,Guilherme,Fernandes,,Dream Art,https://www.bjjheroes.com/?p=13575,"Guilherme Rodrigues Fernandes is a professional grappler and a jiu-jitsu black belt underIsaque Bahienseof the Dream Art team, who worked extensively with coachCicero Costha. Guilherme Rodrigues first made waves in the sport of BJJ as a colored belt, particularly as a brown belt, a time when he conquered 3 of the 4 major trophies of the IBJJF (International Brazilian Jiu-Jitsu Federation) tournament schedule, the Brazilian Nationals, Pan American and World Championships. Full Name:Guilherme Rodrigues Fernandes",False
415,Guilherme Mendes,Guilherme,Mendes,,AOJ,https://www.bjjheroes.com/?p=415,"Guilherme Mendes is aBrazilian jiu-jitsublack belt underRamon Lemosas well as one of the main figures in theAtos Jiu-Jitsuteam, being also one of the best “peso pluma” (64,00 kg / 141.5 lbs) competitors to have ever competed in the sport. As well as being the first Atos team member to achieve a gold medal at the International Brazilian Jiu-Jitsu Federation (IBJJF) World Championship (2009), Guilherme Mendes is also the co-founder of the Art of Jiu-Jitsu academy and the brother of another jiu-jitsu legend inRafael Mendes. Full Name:Guilherme Mendes Godoy",False
9635,Guilherme Rocha,Guilherme,Rocha,,ZR Team,https://www.bjjheroes.com/?p=9635,"Guilherme Rocha is aBrazilian jiu-jitsublack belt, a rank awarded by his fatherJosé Olimpio(also known as Zé Radiola). Widely regarded as one of his generation’s best feather/lightweight competitors, a reputation earned by conquering important titles on the International Brazilian Jiu-Jitsu Federation (IBJJF) calendar, Rocha is also one of the top representatives of the ZR Team in the sport’s worldwide circuit. Full Name:Guilherme Guimaraes Borges Olimpio da Rocha",False
1388,Gunnar Nelson,Gunnar,Nelson,,,https://www.bjjheroes.com/?p=1388,"Gunnar Nelson is a professional Jiu Jitsu BJJ) and Mixed Martial Arts (MMA) fighter from Iceland. One of the strongest competitors in the European grappling scene, Gunnar became a household name in the sport after placing fourth in the ADCC tournament (open weight division) in 2009. Gunnar Nelson has been one of the youngest Europeans to have received a BJJ black belt (he was 21 years old) and with only 4 years of training. Nickname:“Gunni” which is short for Gunnar.",False
8195,Gutemberg Pereira,Gutemberg,Pereira,,GF Team,https://www.bjjheroes.com/?p=8195,"Gutemberg Pereira is aBrazilian jiu-jitsublack belt under MasterJúlio César Pereira. He first made waves in the sport while representing theGF Teamin this sport/martial arts international competitive circuit, which he did for several years. Known for his crowd-pleasing grappling style, in late 2023 Gutemberg switched training camps and became a member of the Art Of Jiu-Jitsu (AOJ) squad under the guidance ofGuilherme Mendes. Full Name:Gutemberg de Jesus Santos Pereira",False
10199,Guthierry Barbosa,Guthierry,Barbosa,,PRM Team / Carlson Gracie Academy,https://www.bjjheroes.com/?p=10199,"Guthierry Barbosa is aBrazilian jiu-jitsublack belts underJuan Lopes da Silva, who worked extensively withDiego Bispo, Guthierry’s older brother. Barbosa is also one of the main representatives of the Prime Team (PRM) / Carlson Gracie Academy coalition and is widely regarded as one of the top middleweight competitors of his generation, a reputation Guthierry earned while competing in the top tournaments of the International Brazilian Jiu-Jitsu Federation (IBJJF) circuit. Full Name:Guthierry Barbosa Nascimento Conceição",False
108,Gustavo Campos,Gustavo,Campos,Guto,Atos,https://www.bjjheroes.com/?p=108,"Gustavo Campos, commonly known as Guto Campos,  is a co-founder of theAtos Academyone of the prime training camps in the world for the sport/martial art of Brazilian jiu-jitsu. A black belt under Walter Matos, Guto Campos was one of the main of his generation, with medals in important International Brazilian Jiu-Jitsu Federation (IBJJF) tournaments such as the European Open, the Pan Championships and World Championships. Full Name:Gustavo Ramos Campos",False
620,Gustavo Dantas,Gustavo,Dantas,,Nova Uniao,https://www.bjjheroes.com/?p=620,"Gustavo Dantas is a former World Jiu-Jitsu Champion from the famous Nova Uniao BJJ team in Rio de Janeiro – Brazil. Gustavo Dantas moved to the US in 1999, then teaching at the John Lewis’s academy in Las Vegas, later establishing himself in Arizona were founded his own BJJ school, promoted grappling events with the AZBJJF (Arizona Brazilian Jiu-Jitsu Federation), while also running the non-profit organization Live Jiu-Jitsu and his The BJJ Mental Coach Podcast. Full Name:Gustavo Henrique Lourenco Dantas",False
11543,Gustavo Maron,Gustavo,Maron,,Dream Art,https://www.bjjheroes.com/?p=11543,"Gustavo Machado is a grappling instructor, founder of the Gustavo Machado Brazilian Jiu-Jitsu Association, and a black belt underRoberto Corrêa (Gordo), who also worked extensively withJean Jacques MachadoandCarlos Gracie Junior. Gustavo had a successful competitive career as a colored belt in his native country of Brazil, later cementing his name in the professional circuit, in 2002 with a bronze medal at the International Brazilian Jiu-Jitsu Federation’s Pan American Championship. Full Name:Gustavo Pinheiro Machado",False
10932,Gustavo Machado,Gustavo,Machado,,,https://www.bjjheroes.com/?p=10932,"Gustavo Maron is aBrazilian jiu-jitsu(BJJ) black belt underFábio Gurgelwho represents theAlliance teamwhen competing in this sport’s international circuit. One of the top BJJ prospects of his generation, Gustavo was developed in the São Paulo State circuit and built his reputation while grappling in the colored belt divisions, later cementing that status with wins in the professional jiu-jitsu tour. Gustavo Maron is also one of the original members of theDream Art Project, an enterprise he helped design and worked with since its inception. Full Name:Gustavo Khouri Maron",False
8357,Gustavo Batista,Gustavo,Batista,Braguinha,Atos,https://www.bjjheroes.com/?p=8357,"Gustavo Batista, often referenced as ‘Braguinha’ is aBrazilian jiu-jitsublack belt underLeandro Loand a former representative of the New School Brotherhood academy in the sport’s international tour, later changing toAtos JJ(2018). Batista made a name for himself in the lower belt divisions of this martial art’s competitive circuit, particularly as a brown belt – a time when Braguinha conquered the #1 Ranking of the United Arab Emirates Jiu-Jitsu Federation (UAEJJF) beating several outstanding black belts in the process, includingAlexandre Ribeiro,José Júnior,John CombsandKevin Mahecha. Full Name:Gustavo Espindola Batista",False
4177,Gustavo Dias Elias,Gustavo,Dias Elias,,Gracie Humaita,https://www.bjjheroes.com/?p=4177,"Gustavo Dias Elias is aBrazilian Jiu Jitsublack belt underCristiano Marcelloand Ocimar Costa, who competes for theGracie Humaita team, Dias has a long list of accomplishments in some of the sports main competitions, including two World championship titles in the lower belt divisions and a gold medal at the South American championship, which had the specialized media naming Gustavo as one of the top grapplers of his generation. Full Name:Gustavo Dias Elias",False
5726,Gustavo Pires,Gustavo,Pires,Siri,Gracie Barra,https://www.bjjheroes.com/?p=5726,"Gustavo Pires, commonly known as “Siri”, is aBrazilian jiu jitsublack belt underCarlos Gracie Junior, and one of the topGracie Barracompetitors of is generation in the sport’s super-heavyweight division, with medals at the Pan American, No-Gi World, World Masters and Brazilian National Championships. Gustavo Siri is also known for his coaching abilities, having been crucial in the development of important grapplers such as André Campos and Bruno Rocha. Full Name:Gustavo dos Santos Pires",False
9338,Guybson Sa,Guybson,Sa,,SAS Team,https://www.bjjheroes.com/?p=9338,"Guybson Sá is a Brazilian jiu-jitsu black under his father, the lateMaster Francisco Sá(red belt), as well as his older brotherFrancisco “Sázinho”, being also a representative of the SAS team. Regarded as one of the top colored belts in Ceará – Brazil, a time when Sá held wins over athletes such asMarcus Almeida,Rodolfo Vieira, andCássio Francis, in 2009 Guybson moved to the United States, where he focussed on establishing the SAS brand in the northern hemisphere. Full Name:Guybson Costa e Sá",False
12338,Gyalisson Freitas,Gyalisson,Freitas,Hiago,GF Team,https://www.bjjheroes.com/?p=12338,"Gyalisson Freitas, commonly known as “Hiago”, is a jiu-jitsu black belt under Jose Luis Varella, Marcio Tubarão, andJulio Cesar Pereirawho representsGF Teamin the sport’s international circuit. Although successful during his colored belt career, Freitas gained notoriety at the pro-level through high-profile wins over big names of the sport such as Oliver Taza, John Combs, Damion Oranday, André Porfirio, to name a few. Full Name:Gialysson Adão Silva Freitas",False
11359,Heath Pedigo,Heath,Pedigo,,Pedigo Submission Fighting,https://www.bjjheroes.com/?p=11359,"Heath Pedigo is a jiu-jitsu black belt under Rodrigo Vaghi and the founder/head coach of the Pedigo Submission Fighting Academy (PSF), a gym set in an old “Daisy Fresh” laundromat in Mount Vernon, IL, United States. Although small in size and budget, the PSF became a highly prolific workgroup in the sport’s global circuit, particularly with the International Brazilian Jiu-Jitsu Federation league (IBJJF), winning the 2017 and 2019 IBJJF Pan Championship team trophy (novice division) and a Top 10 placement at the World No-Gi Championship (adult) while producing high-level athletes such as Andrew Wiltse, Chad Hawkins, Sathya Wiltse, Chris Heatherly, and Alejandro Wajner, to name a few. Full Name:Heath Pedigo",False
10926,Heather Raftery,Heather,Raftery,,Atos,https://www.bjjheroes.com/?p=10926,"Heather Raftery is an American grappler and a black belt inBrazilian jiu-jitsuunderAndré Galvão, who worked extensively with a variety of other respected instructors, namelyJosh Hinger,Roberto Abreu(Cyborg), Steve Hordinski and JJ Pugsley. A former world champion in the equestrian sport of Cutting, Raftery would later conquer this same prestigious nomenclature in no-gi jiu-jitsu, under the International Brazilian Jiu-Jitsu Federation (IBJJF), one of grappling’s toughest circuits. Full Name:Heather H. Raftery",False
258,Hanette Staack,Hanette,Staack,,Brazil 021,https://www.bjjheroes.com/?p=258,"Hannette Staack one of the most accomplished grapplers in the history of the femaleBrazilian jiu-jitsublack belt division, a rank she earned fromAndre Terêncio. Aside from her vast competitive resume, Staack is also one of the founding members of the Brazil 021 Team. Full Name:Hannette Quadros Staack",False
11215,Harryson Pereira,Harryson,Pereira,,Ataque Duplo,https://www.bjjheroes.com/?p=11215,"Harryson Pereira is ajiu-jitsublack belt under Elexsandro Silvestre Machado and a representative of the Ataque Duplo team in the sport. Harryson first made waves on at a global level as a brown belt, a time when he earned 2 silver medals at the International Brazilian Jiu-Jitsu Federation (IBJJF) World Championship, going on to further his career as a black belt. Pereira is also one of the few international competitors at the top tier level who is not a full-time professional. Full Name:Harryson Santana Pereira",False
13496,Helder Junior,Helder,Junior,Tropeco,Fratres,https://www.bjjheroes.com/?p=13496,"Helder Jose Rodrigues Júnior, commonly known as Helder “Tropeço” is a jiu-jitsu black belt underRider Zuchi& Daniel Affini, though he spent most of his formative years under the guidance ofPaulo Rezende. Helder “Tropeço” first made waves in the sport while competing in the colored belt divisions of the sport, particularly in the International Brazilian Jiu-Jitsu Federation (IBJJF) circuit, where he conquered important titles such as the World, European, & Brazilian Nationals, which led to his promotion to the pro-division (black belt) in 2023. Full Name:Helder Jose Rodrigues Júnior",False
11228,Helder Medeiros,Helder,Medeiros,SpongeBob,,https://www.bjjheroes.com/?p=11228,"Helder Medeiros, commonly known as Bob Esponja (SpongeBob) or Bobby, is a jiu-jitsu black belt underDemian Maia,Leonardo VieiraandRicardo Vieira, who is well known for both his athletic career and his success as a grappling coach, particularly his work with high-end athletes such asAlexander Tráns,Antônio “Cara de Sapato” JúniorandTarcisio Jardim, the U18 and U21 United Arab Emirates National Squad among other important positions. As a competitor Medeiros conquered multiple International Brazilian Jiu-Jitsu Federation (IBJJF) world titles in the colored belt divisions, while also earning medals as a black belt in important tournaments such as the South American, Brazilian Nationals and European Open. Full Name:Helder Medeiros da Silva",False
14004,Helena Crevar,Helena,Crevar,,New Wave,https://www.bjjheroes.com/?p=14004,"Helena Crevar is an American grappler and a student ofJohn Danaherwho represents the New Wave Team in the sport’s professional circuit. Crevar broke through in the professional division as a teenager and is regarded as one of the most precocious athletes ever recorded in jiu-jitsu’s elite competitive circuit, being the youngest ever ADCC World Championship podium placer at the time of her 2024 silver medal (17) and the first athlete to successfully finish an opponent with a heel hook submission in the ADCC’s female division, which also happened in 2024. Full Name:Helena Crevar",False
44,Helio Gracie,Helio,Gracie,,Gracie JJ,https://www.bjjheroes.com/?p=44,"Helio Gracie was a 9th degree red belt and arguably the most important figure inBrazilian Jiu Jitsu‘s history. One of the first Gracie Jiu Jitsu representatives in the 1930’s and 1940’s he was also the father and master of many fighters who carried the name of his family’s trade to martial arts’ mainstream in the early 1990’s, competitors such asRoyler,RicksonorRoyce Gracie. His lineage and legacy are among the strongest in Jiu Jitsu and he is regarded as one of the fathers of the Brazilian grappling art. Favorite Technique:Cross Choke.",False
655,Helio Moreira,Helio,Moreira,Soneca,,https://www.bjjheroes.com/?p=655,"Helio Moreira, commonly known as “Soneca”, is regarded by many as aBrazilian Jiu Jitsulegend. A black belt underCarlos Gracie Junior, Helio “Soneca” became one of BJJ’s top competitors in the late 1990’s decade, having also followed a short term career in mixed martial arts (MMA). Moreira was one of the first black belts produced by theGracie Barraacademy, having later become a well respected instructor in jiu jitsu and MMA. Full Name:Helio Pires Moreira",False
3129,Helio Vigio,Helio,Vigio,,Gracie Humaita,https://www.bjjheroes.com/?p=3129,"Helio Vigio is9th degree redbelt inBrazilian Jiu Jitsuand an important figure in this martial art’s history. A former instructor of theGracie Academyin the 1950’s, alongsideCarlson Gracie,Robson GracieandJoao Alberto Barreto, Helio Vigio defended the Gracie Jiu Jitsu name in several “Vale Tudo” (No Holds Barred) fights later turning into one of the best BJJ/NHB/MMA referees in the world, featuring in great events such as UFC 1 andOscar do Jiu Jitsu(Wallid IsmailxRoyce Gracie). Helio Vigio also had a son who earned the rank of coral belt in BJJ (Redley Vigio) while leading the life of a law man, becoming one of the most feared chiefs of police in Brazil, famed for his ruthless attitude towards criminals. Full Name:Hélio Vígio Gomes",False
7704,Helton Jose Junior,Helton,Jose Junior,,PSLPB Cícero Costha,https://www.bjjheroes.com/?p=7704,"Helton José Junior is aBrazilian jiu-jitsublack belt underCícero Costhaand a former member of the famousProjeto Social Lutando Pelo Bem(PSLPB) academy, an institution that developed big names of the sport such asLeandro Lo,Tiago Barros,PauloandJoão Miyaoas well asNathiely de Jesus, among many others. Originally from the state of Amazonas, Helton became one of the rising stars of BJJ while competing in São Paulo’s grappling circuit, from there being propelled onto a world stage through his wins in tournaments such as the IBJJF European Open, UAEJJF New York Pro, CBJJ’s Brazilian Nationals among many others. Full Name:Helton Jose Mendes da Silva Junior",False
671,Helvecio Penna,Helvecio,Penna,,De La Riva,https://www.bjjheroes.com/?p=671,"Helvécio Penna is an honorable member of theBrazilian jiu-jitsucommunity and a black belt under the legendary guard playerRicardo De La Riva. Helvécio Penna graduated as a BJJ black belt at the age of 42, quickly becoming one of the starts of the International Masters and Seniors tournament through his successive title runs at the prestigious IBJJF event. Helvecio Penna is also a judo black belt with an impressive resume, having been a part of the Brazilian national judo team in his youth. Full Name:Helvécio Augusto Penna Neto",False
9554,Henrique Cardoso,Henrique,Cardoso,,Ceconi JJ,https://www.bjjheroes.com/?p=9554,"José Henrique Cardoso, also known as Henrique “Ceconi” in the grappling world, is ajiu-jitsublack belt underAlexandro Ceconiand Richard Avila, who is one of the main representatives of the Ceconi Kmkz BJJ Academy in the sport’s international circuit. Cardoso first made waves while competing in the International Brazilian Jiu-Jitsu Federation (IBJJF) league, where he conquered important medals in events such as the South American No-Gi Open, Rio Open, London Open, Madrid Open, and Paris Fall Open. Full Name:José Henrique Cardoso",False
371,Henrique Machado,Henrique,Machado,,ASLE,https://www.bjjheroes.com/?p=371,"Henrique Machado, is a Judo black belt under the illustrious Master Georges Mehdi and Brazilian Jiu Jitsu black Belt under  9th degree red belt Osvaldo Alves as well as a Karate black belt. From his ASLE (Associação Sensei de Lutas Esportivas) academy in Manaus, Brazil, Henrique has produced some of the best grapplers on the planet, including the 2x world open weight champion:Ronaldo “Jacare” Souza. Full Name:Henrique Machado",False
8038,Hiago Gama,Hiago,Gama,,Alliance,https://www.bjjheroes.com/?p=8038,"Hiago Gama is aBrazilian jiu-jitsublack belt underAlexandre (Gigi) Paiva, and a member of theAllianceacademy for whom Hiago conquered numerous titles while competing in the rooster-weight (57,50 kg / 127.0 lbs) category of the sport. Regarded as one of the top prospects in jiu-jitsu since his IBJJF Grand Slam victory as a blue belt (2013), when he won the World, Pan American, Brasileiro, and European Open titles, Hiago Gama continued to cement that claim with world titles on every colored belt, being mentioned by BJJ Heroes as one of the ‘Most Likely to Succeed‘ roosters in BJJ (2017). Full Name:Hiago Gama Sousa",False
12241,Higor Lima,Higor,Lima,,Kahwage Fight Team,https://www.bjjheroes.com/?p=12241,"Higor Lima is a jiu-jitsu black belt from Belém do Pará, Brazil, a rank he earned from his instructor, Eduardo Kahwage. Higor Lima first made waves in the sport of grappling while competing in the IBJJF (International Brazilian Jiu-Jitsu Federation) and AJP (Abu Dhabi Jiu-Jitsu Pro) circuits, where he earned important medals such as the Brazilian Nationals, South American Championships, and Rio de Janeiro Pro. Full Name:Higor da Silva Lima",False
184,Hillary Williams,Hillary,Williams,Gringa,WSMMA,https://www.bjjheroes.com/?p=184,"Hillary Williams, also known as “Killary”, is an American grappler with numerous international titles, including a world championship (2010). Coming up the Brazilian jiu jitsu ranks, Hillary was famed for her athletic ability as much as her technique and constant drive to seek the best coaches in the sport, she was also one of the most accomplished North American jiu jitsu competitors of her generation. Full Name:Hillary Williams",False
13326,Hiryu Niwa,Hiryu,Niwa,,AOJ,https://www.bjjheroes.com/?p=13326,"Hiryu Niwa is a Japanese grappler who specializes in jiu-jitsu, a discipline where he holds the rank of black belt underGuilherme Mendes. Hiryu Niwa first gained notoriety in this discipline while competing on the International Brazilian Jiu-Jitsu Federation (IBJJF) circuit, representing the Art Of Jiu-Jitsu academy, a team led by the Mendes Brothers (Guilherme &Rafael). Hiryu Niwa is also the younger brother of another well-known jiu-jitsu competitor, Reon Niwa, and the two are often referred to as the Niwa Bros among fans and enthusiasts of the sport. Full Name:Hiryu Niwa",False
7399,Horlando Monteiro,Horlando,Monteiro,,Kimura/Nova União,https://www.bjjheroes.com/?p=7399,"Horlando Monteiro is a Brazilian jiu-jitsu black belt underJair Lourenço,Gustavo Dantas,Bruno ‘Alminha’ Moreno, and Marcelo ‘Caneta’ Pinheiro – being a representative of the Kimura/Nova União academy in the sport’s international circuit. Widely regarded as one of the most talented competitors of his generation, Monteiro earned his reputation in the lower belt divisions of jiu-jitsu with important wins at the IBJJF World Championship, UAEJJF World Pro Championship, European International Open, Pan American Championship, and many other important tournaments. Full Name:Horlando de Jesus Monteiro",False
973,Huanderson Pavao,Huanderson,Pavao,,GF Team,https://www.bjjheroes.com/?p=973,"Huanderson Pavao Huanderson Pavão is a Brazilian Jiu Jitsu 3rd degree black belt and Luta Livre master from the Grapple Fight Team (former Gama Filho). An important figure of the Grappling Fight Team roster, Pavao has a wealth of experience in many different branches of the fight game with wins in BJJ, Luta Livre and having fought at the bigger stages of MMA such as the Japanese organization, Shooto, where he fought Takanori Gomi.",False
8138,Hugo Marques,Hugo,Marques,,Soul Fighters,https://www.bjjheroes.com/?p=8138,"Hugo Marques is aBrazilian jiu-jitsu(BJJ) black belt under Alexandre Salgado andLeandro Escobar(Tatu) as well as a representative of theSoul Fightersteam in this sport/martial art’s international competitive circuit. Known for his aggressive and crowd-pleasing style, Hugo Marques made his reputation as one of the lightweight division’s most talented grapplers through his career in the colored belt categories of BJJ where he conquered 3 IBJJF World titles, going on to have an equally fruitful career on the main ranking category. Full Name:Hugo Doerzapff Marques",False
1174,Humberto Silveira,Humberto,Silveira,,Shiozawa,https://www.bjjheroes.com/?p=1174,"Humberto Silveira is a Judo and Jiu Jitsu black belt from one of the strongest grappling schools in Bahia (Brazil), theAcademia Schiozawa, an academy with a very distinct lineage in Brazilian Jiu Jitsu. Humberto is famous for his development of the “Contato Constante” (constant contact), a training method that helps the grappling aspect of fighting through a series of movements focused on core strength and hip mobility. Full Name:Humberto Silveira Braga",False
7332,Hunter Ewald,Hunter,Ewald,,,https://www.bjjheroes.com/?p=7332,"Hunter Ewald is a Hawaiian grappler of Brazilian descent who is widely regarded as one of the betterjiu-jitsucompetitors of his generation. Having earned the rank of black belt from his father Bruno Xavier Ewald, Hunter first gained recognition as a high-level athlete in this sport while competing forRoberto “Cyborg” Abreu‘s Fight Sports Academy in the lower belt divisions of the IBJJF circuit. There Ewald conquered important medals, including at the World (gi + no-gi) and Pan American (gi + no-gi) Championships. Full Name:Hunter Xavier Kainalu Ewald",False
9117,Hygor Brito,Hygor,Brito,,PSLPB,https://www.bjjheroes.com/?p=9117,"Hygor Brito da Silva is aBrazilian jiu-jitsublack belt under Nabil Abdel Aziz, having also worked extensively with coachCicero Costhaat theProjeto Social Lutando Pelo Bem(PSLPB) academy. Originally from Manaus, Hygor made a name for himself while competing in São Paulo’s BJJ circuit, where he conquered important titles such as the CBJJ Brazilian Nationals and IBJJF São Paulo International Open. Full Name:Hygor Brito da Silva",False
3279,Ian Behring,Ian,Behring,,,https://www.bjjheroes.com/?p=3279,"Ian Behring is aBrazilian Jiu Jitsublack belt who is part of one of the most traditional families in BJJ, the Behrings. Ian is the son ofSylvio Behringand grandson ofGrandmaster Flávio Behringwho earned his place in Jiu Jitsu as a respected coach through his own hard work, first coaching at the worldly renowned X-Gym in Rio de Janeiro, and later moving to the South of Brazil where he joined another big BJJ academy, theSul Jiu Jitsu. Full Name:Ian Rego Monteiro Behring",False
1750,Ian Mcpherson,Ian,Mcpherson,,Alliance,https://www.bjjheroes.com/?p=1750,"Ian Mcpherson is aBrazilian Jiu Jitsublack belt under MasterRomero “Jacaré” Cavalcanti, widely regarded as one of the top competitors ever produced by theAllianceteam headquarters in Atlanta – Georgia, USA. Mcpherson was a student of both Jacaré andRubens Charles “Cobrinha”who made a name for himself in the sport by winning the IBJJF World and the Pans Championship as a brown belt back in 2010, ranking as number 5 on Gracie Mag’ “Fighters to Keep Your Eye On” that same year. Full Name:Ian Mcpherson",False
9488,Ian Sanders,Ian,Sanders,,RFBJJ,https://www.bjjheroes.com/?p=9488,"Ian Sanders is aBrazilian jiu-jitsublack belt underRodrigo Freitas, being also one of the main representatives of the Rodrigo Freitas Brazilian Jiu-Jitsu (RFBJJ) team in the sport’s worldwide circuit. Although already regarded as a hot prospect, Sanders’ breakthrough performance took place at the International Brazilian Jiu-Jitsu Federation (IBJJF) No-Gi Pan of 2016, a tournament he won with flying colors. He would later repeat the deed (2018) further solidifying his name as one of the top American black belts of his generation. Full Name:Ian Phyllip Sanders",False
1655,Ida Hansson,Ida,Hansson,,Checkmat,https://www.bjjheroes.com/?p=1655,"The first Swedish female black belt inBrazilian Jiu Jitsu, Ida Hansson is also one of the top competitors of her generation, having fought throughout the world, medalling in some of the world’s most important grappling tournaments. Hansson fights out of theCheckmat teamin Denmark (Arte Suave) one of the top high level BJJ academies in Europe. Full Name:Ida Josefin Hansson",False
12554,Iasmin Casser,Iasmin,Casser,,AOJ,https://www.bjjheroes.com/?p=12554,"Iasmim Casser da Silva is a professional mixed martial arts (MMA) and jiu-jitsu athlete, who worked her grappling skills extensively withGuto Campos,Rafael Mendes, andGuilherme Mendeswhile representing the Art Of Jiu-Jitsu (AOJ) Academy in BJJ and the RVCA Training Centre in MMA. Iasmim Casser became one of the most recognizable faces in grappling while competing on the International Brazilian Jiu-Jitsu Federation (IBJJF) circuit in the colored belt divisions, where she earned World (gi and no-gi) as well as Pan American titles. Prior to her jiu-jitsu and MMA careers, Iasmim was also a revered Muay Thai fighter with a WMF juvenile world title. Full Name:Iasmim Casser da Silva",False
13962,Ighor Horta,Ighor,Horta,,,https://www.bjjheroes.com/?p=13962,"Ighor Horta is a jiu-jitsu black belt underRicardo Marqueswho was once a part of Marques’ very successful workgroup, Brazilian Top Team – Juiz de Fora, a squad that included big names such asBernardo Faria,Leonardo Saggioro,Leon Brito,Waldyr Filho,Gabriel Procópio, to name a few. After his work with Marques, Horta went on to open his own BTT-affiliated BJJ school in North America. Full Name:Ighor Luis Alvim Horta",False
12225,Igor Feliz,Igor,Feliz,,Future School Of Jiu-Jitsu,https://www.bjjheroes.com/?p=12225,"Igor Feliz is a professional grappler and a jiu-jitsu black belt under Thaisio Feliz (his father), who represents the Future School Of Jiu-Jitsu in the sport’s global circuit as well as the R1ING association. Feliz broke out as one of grappling’s top figures during his colored belt career, a time when he conquered important medals of the International Brazilian Jiu-Jitsu Federation (IBJJF) both in the gi and no-gi rulesets, in tournaments such as the World, Pan, and American Nationals. Full Name:Igor Nascimento da Costa Feliz",False
2013,Igor Rodrigues,Igor,Rodrigues,Baixinho,Checkmat,https://www.bjjheroes.com/?p=2013,"Igor Rodrigues, also known as “Baixinho”, is ajiu jitsuback belt under Marcos Chuck who trains and competes for theCheckmatacademy in Rio de Janeiro. Originally from the region of Buzios, Igor was a Capoeira master before turning to BJJ where he became one of the top fighters in therooster weight division. His biggest achievements to this date in grappling have been his world titles in the lower belt divisions and his win at black belt in the Brazilian nationals (2012). Full Name:Igor Rodrigues dos Santos",False
680,Igor Silva,Igor,Silva,,GF Team,https://www.bjjheroes.com/?p=680,"Igor Silva is one of the top players inBrazilian Jiu Jitsu‘sheavyweight division. A black belt underMuzio de Angelis, Igor Silva also trains withJulio Cesarat theGF TeamHQ. Igor is mostly known for his use of the closed guard, being regarded as one of the most dangerous closed guards in BJJ which has helped Silva win important tournaments such as the Mundials (World Championship), European Open, the Brazilian Nationals and the Rio Open. Full Name:Igor Silva",False
8477,Igor Paiva,Igor,Paiva,,Soul Fighters,https://www.bjjheroes.com/?p=8477,"Igor Paiva is aBrazilian jiu jitsublack belt underBruno Mendes(Tank) and a representative of theSoul Fighters academyin this sport/martial art’s international circuit. One of the most avid competitors of his generation, Paiva climbed the ranks of BJJ while conquering titles in important tournaments such as the IBJJF World Championship and CBJJ Brazilian National Championship both with gi and in no-gi. Full Name:Igor Matosinho de Paiva",False
6631,Igor Schneider,Igor,Schneider,Tigrao,New School Brotherhood,https://www.bjjheroes.com/?p=6631,"Igor Schneider, commonly known as “Tigrão” is aBrazilian jiu-jitsublack belt underCicero Costhaand a representative of the New School Brotherhood academy in the sport’s international circuit. Regarded as a hot prospect since he was a juvenile blue belt, Schneider cemented that claim by earning important medals across all belt levels, including a world title and numerous Brazilian National gold medals. Full Name:Igor Gregório Schneider",False
11145,Igor Tanabe,Igor,Tanabe,,Igloo BJJ,https://www.bjjheroes.com/?p=11145,"Igor Tanabe Guimarães is a Brazilian grappler and a jiu-jitsu black belt under Walter Lima Franco andEduardo Telles, as well as a representative of the Nine-Nine Academy in the sport’s international circuit. Although originally from Brazil, Tanabe grew up in Japan, where he developed as an athlete and became known as one of the leading talents in gi jiu-jitsu, a reputation he conquered during his colored belt career after his wins in many important tournaments of the International Brazilian Jiu-Jitsu Federation (IBJJF) circuit, such as the World, European and Asian Open tournaments. Full Name:Igor Tanabe Guimarães",False
8647,Igor Verissimo,Igor,Verissimo,,,https://www.bjjheroes.com/?p=8647,"Igor Veríssimo Chaves is aBrazilian jiu jitsublack belt underLeandro Lo, being also one of the brightest stars in the New School Brotherhood – São Paulo based camp. Igor Veríssimo broke out as one of the sport’s main figures during his colored belts career, a time when he won medals in important tournaments such as the International Brazilian Jiu Jitsu Federation’s (IBJJF) Brazilian Nationals, European Open, South American Championship and many more. Full Name:Igor Veríssimo de Oliveira Chaves",False
7743,Inacio Neto,Inacio,Neto,,Gracie Barra,https://www.bjjheroes.com/?p=7743,"Inacio Neto is aBrazilian jiu jitsublack belt under Marcelo Castro, being also one of the topGracie Barrarepresentatives in the medium-heavyweight division (88,30 kg / 195.0 lbs). As a competitor Inacio Neto has wins over well respected athletes such asMatheus Diniz,Manuel Ribamaror Mike Carbullido (to name a few), being a medallist in numerous International Brazilian Jiu Jitsu Federation (IBJJF) tournaments. Full Name:Inacio Ferreira Gomes Neto",False
13853,Inacio Santos,Inacio,Santos,,,https://www.bjjheroes.com/?p=13853,"Jose Inacio dos Santos is a jiu-jitsu black belt and a regular competitor in the male ultra-heavyweight category (+100,50 kg / +222.0 lbs) who – despite having had 3 heart surgeries – made waves in the sport in 2023 after his silver medal performance at the International Brazilian Jiu-Jitsu Federation (IBJJF) Pan American Championships in the no-gi ruleset. Inacio would, once again, prove his worth as one of the main forces in the division after his win at the 2024 ADCC Brazilian Qualifier. Inacio Santos has also competed in powerlifting. Full Name:Jose Inacio dos Santos",False
11929,Ingridd Alves,Ingridd,Alves,,,https://www.bjjheroes.com/?p=11929,"Ingridd Alves de Sousa is a jiu-jitsu black belt under Edilson Albuquerque who worked extensively with coach Eduardo Cunha. Ingridd became a familiar face in the sport’s international scene after her brown belt performances of 2020, a time when she conquered several important tournaments of the International Brazilian Jiu-Jitsu Federation (IBJJF) league, events such as the European Open and South American Championships. Name:Ingridd Alves de Sousa",False
10408,Israel Sousa,Israel,Sousa,,GF Team,https://www.bjjheroes.com/?p=10408,"Israel de Sousa Almeida, commonly known as Israel Sousa is aBrazilian jiu-jitsublack belt underJúlio César Pereira, who worked extensively with Elinor Batista (Israel’s father) and is a representative of theGF Team Academyin the sport’s international circuit. Israel gained notoriety as one of the sport’s hottest prospects in the colored belt divisions of BJJ after his incredible performances at the International Brazilian Jiu-Jitsu Federation (IBJJF) World and Pan Championships, in which he conquered gold medals. Full Name:Israel de Sousa Almeida",False
1542,Italo Lins,Italo,Lins,,GF Team,https://www.bjjheroes.com/?p=1542,"Italo Lins is a professionalBrazilian Jiu-Jitsucompetitor in the black belt division, having been taught by MasterJulio Cesar– leader and founder of theGrappling Fight Team. Lins is part of a very talented generation of fighters from the GFT camp of whichVinicius Marinho,Igor Silva,Rodolfo Vieira, andJake Mackenzie. Full Name:Italo silva lins de albuquerque",False
13660,Italo Lima Costa,Italo,Lima Costa,,Ares,https://www.bjjheroes.com/?p=13660,"Italo Lima Costa is a jiu-jitsu black belt underOsvaldo Moizinho (Queixinho)who also worked extensively with instructorSamir Chantre. Italo Lima Costa first made waves in the sport while competing under the gi (kimono) ruleset, representing the Ares Jiu-Jitsu Academy in the International Brazilian Jiu-Jitsu Federation (IBJJF) circuit where he held memorable wins over important names such as Adam Wardzinski and Pedro Machado at the adult black belt level, earning gold medals in numerous International Opens. Full Name:Italo Lima Costa",False
10295,Italo Moura,Italo,Moura,,Unity - PSLPB,https://www.bjjheroes.com/?p=10295,"Italo Moura is aBrazilian jiu-jitsu blackbelt underCicero CosthaandMurilo Santana, as well as a representative of the Cicero Costha (PSLPB) / Unity Academy coalition in the sport’s international circuit. Moura became widely recognized as one of his generation’s top lightweights both in the gi and nogi variables, after his numerous accolades in the International Brazilian Jiu-Jitsu Federation (IBJJF) circuit and in professional jiu-jitsu outlets such as Kasai Pro, Fight IQ. Full Name:Italo Moura de Azevedo",False
6379,Itallo Vilardo,Itallo,Vilardo,,,https://www.bjjheroes.com/?p=6379,"Ítallo Vilardo is aBrazilian jiu jitsublack belt under the illustriousLeonardo Castello Branco, well known in the grappling and mixed martial arts (MMA) circuits as one of the leading strength and conditioning experts in those fields. A former judo and jiu jitsu competitor who’s been around combat sports since the mid 1980s, Vilardo based his training methods on his own experiences as well as years of research, being behind the success of numerous contact sports figures such asFelipe Costa,Caio Terra,Queixinho,Luan Carvalho,João Gabriel Rocha,Rodrigo “Comprido” Medeiros,Raphael Abi-Rihan, to name a few. Full Name:Ítallo D’Antonio Fraga Vilardo",False
7552,Isaque Bahiense,Isaque,Bahiense,,Dream Art,https://www.bjjheroes.com/?p=7552,"Isaque Bahiense is aBrazilian jiu-jitsublack belt underFábio GurgelandMichael Langhiof TeamAlliance, having also worked extensively withFábio AndradeofNova União– Bangu. One of the most talented middleweights of his generation, Bahiense earned the reputation of being a talented guard passer in the lower belt divisions of the sport through his numerous World, Pan, and Brazilian titles. Isaque would later lead the Dream Art Project. This ambitious professional jiu-jitsu program focuses on scouting the best grappling talent from the colored belt divisions and building them into world champions at the highest level in this sport. Full Name:Isaque Bahiense Braz",False
9606,Iseong Jang,Iseong,Jang,,Wire JJ,https://www.bjjheroes.com/?p=9606,"Inseong Jang is a South Korean martial artist with black belts in judo, hapkido, taekwondo, andBrazilian jiu-jitsu, the latter of which earned while training under the tutelage of Choi Won Choi. Although training and competing mainly in South Korea, far from the spotlight of grappling, Jang earned worldwide recognition in BJJ after his outstanding performances at the Spyder Invitational back in 2018, a time when he defeated big names such as Rafael Domingos andAJ Agazarm. Full Name:Inseong Jang",False
12633,Ismael Santos,Ismael,Santos,,GF Team,https://www.bjjheroes.com/?p=12633,"Ismael dos Santos Lima, commonly known as Ismael Santos is a jiu-jitsu black belt under Elinor Batista who worked extensively withJulio Cesar Pereiraand Marcelo Ribeiro while representing GF Team in the sport’s international circuit. Ismael became well-known as one of the top featherweight athletes of his generation while competing in the colored belt divisions of the International Brazilian Jiu-Jitsu Federation (IBJJF) where he conquered a Pan American title as a brown belt (2021) and numerous International Open gold medals. Full Name:Ismael dos Santos Lima",False
2335,Ivan Gomes,Ivan,Gomes,,,https://www.bjjheroes.com/?p=2335,"Ivan Gomes was one of the most dominantjiu jitsuand vale-tudo (no-holds-bared) fighters of the past century, Gomes ruled Brazil’s combat scene during the 1960’s and 1970’s decades, fighting legends such asWaldemar Santana,Carlson Gracieand Euclides Pereira holding 86 confirmed NHB fights on his record and no losses. Gomes  was also invited by Antonio Inoki to fight in Japan where he lived for two years, competing and learning different fighting styles such as sumo wrestling. The importance of Ivan Gomes goes beyond his victories as he is also mentioned by many (including Carlson Gracie) as the first Brazilian to be knowledgeable in heel hooks (submissions). Full Name:Ivan Simão da Cunha",False
1874,Ivaniel Oliveira,Ivaniel,Oliveira,,Atos,https://www.bjjheroes.com/?p=1874,"Ivaniel Oliveira is one of the topBrazilian Jiu Jitsublack belts of his generation in therooster weight division. A pupil of the renownedCristiano Carioca, Ivaniel has won important tournaments such as the World Cup (WLPJJ & CBJJO) and the Rio International Open (CBJJ), though his difficulty in getting a visa to the USA prevented him to compete at the highest level (theMundial) for a long period of time. Full Name:Ivaniel Oliveira Cavalcante",False
11939,Jackson Douglas,Jackson,Douglas,,Checkmat,https://www.bjjheroes.com/?p=11939,"Jackson Douglas de Carvalho Batista, commonly known as Jackson Douglas, is a professional jiu-jitsu athlete and a black belt underLucas Leiteas well as a representative of the Checkmat Academy. Douglas worked extensively with coachesCicero Costhaand Junior Gabriel while climbing through the ranks of the sport, a time when he gained recognition as one of his generation’s foremost competitors after his wins on the International Brazilian Jiu-Jitsu Federation (IBJJF) circuit and Abu Dhabi Jiu-Jitsu (AJP) federation tour. Full Name:Jackson Douglas de Carvalho Batista",False
3200,Jackson Sousa,Jackson,Sousa,Jack,Checkmat,https://www.bjjheroes.com/?p=3200,"Jackson Sousa, also known as “Jack” or “Jackzinho”, is aBrazilian Jiu-Jitsublack belt underRico Vieira, a competitor out of the Fightzone academy in Rio de Janeiro –Checkmat Academyheadquarters, and another “child” of Vieira’s social project at the Cantagalo slums. For a number of years, Sousa remained in relative obscurity in mainstream Jiu-Jitsu due to his longtime struggle to obtain the US visa which allowed him to compete at the International Brazilian Jiu-Jitsu Federation (IBJJF) Pan and World Championship. This important passport stamp came in 2013 and with it came also consecutive wins at the Mundial (World Championship), No-Gi World Championship, and Pro League, all of which cemented Jackson Sousa’s status as one of the top Jiu-Jitsu athletes of his generation. Full Name:Jackson Sousa dos Santos",False
11208,Jackson Nagai,Jackson,Nagai,,Checkmat,https://www.bjjheroes.com/?p=11208,"Jackson Nagai is a Brazilian grappler, raised in Japan, and a black belt in jiu-jitsu underLucas Leitewho represents theCheckmatteam in the sport’s international circuit. A late bloomer, Nagai broke out as one of the top prospects in the game as a brown belt, after he started competing in the United States with stellar performances at the International Brazilian Jiu-Jitsu Federation (IBJJF) global league and the Royal Invitational. Jackson is the older brother of Samuel Nagai, another well-known athlete with international accolades. Full Name:Jackson Nagai Hatchwell Junior",False
13162,Jacob Couch,Jacob,Couch,,,https://www.bjjheroes.com/?p=13162,"Jacob Couch, commonly known as The Hillbilly Hammer, is a professional grappler and a jiu-jitsu black belt underHeath Pedigoof the Pedigo Submission Fighting team, a squad also labeled as The Daisy Fresh. Couch first made waves in the sport as a colored belt, competing against veteran names of the sport, successfully, in submission-grappling’s professional events while also conquering numerous gold medals on the International Brazilian Jiu-Jitsu Federation (IBJJF) and the Abu Dhabi Jiu-Jitsu Pro circuits. Full Name:Jacob Lee Couch",False
8168,Jaqueline Amorim,Jaqueline,Amorim,,Checkmat,https://www.bjjheroes.com/?p=8168,"Jaqueline Amorim is aBrazilian jiu jitsublack belt underFaustino Neto(also known as Mestre Pina) who represented theCheckmatteam in this sport’s international competitive circuit prior to shifting her career to mixed martial arts (MMA). Amorim is widely recognized as one of the top female BJJ competitors of her generation, a reputation earned through important wins at tournaments such as the IBJJF World and No-Gi World Championship as well as UAEJJF’s Abu Dhabi World Pro. Full Name:Jaqueline de Moraes Amorim",False
14017,Jaine Fragoso,Jaine,Fragoso,,,https://www.bjjheroes.com/?p=14017,"Jaine Fragoso is a professional grappler and a black belt in jiu-jitsu underDavi Ramos, who has also worked extensively withCaio Terra. Although Fragoso was regarded as a hot prospect in the sport since her 2019 gold medal performance at the Brazilian Nationals as a blue belt, Jaine’s black belt breakthrough performance took place in 2023 at the International Brazilian Jiu-Jitsu Federation (IBJJF) Pan Championship in the No-Gi ruleset, her first gold medal at a major tournament in the pro circuit. Full Name:Jaine da Silva Fragoso",False
1813,Jair Lourenco,Jair,Lourenco,,Nova Uniao- Kimura,https://www.bjjheroes.com/?p=1813,"Jair Lourenço is one of the topBrazilian Jiu Jitsu& MMA coaches in the world, having brought to the limelight a legion of incredible fighters suchRenan Barão, Gleison Tibau, Michele Tavares, Jussier “Formiga”,Arlisson “Kiki”, Marcelo “Caneta”, Ronny Markes, Claudia Gadelha to name a few, helping to put the northeast region of Brazil on the BJJ map. Full Name:Jair Lourenço Medeiros",False
8756,Jake Ferrara,Jake,Ferrara,,GF Team,https://www.bjjheroes.com/?p=8756,"Jake Ferrara is aBrazilian jiu-jitsublack belt underAJ Sousaand a representative of theGrappling Fight Team(GFT) in the sport’s international circuit. A former medal placer in important tournaments such as the International Brazilian jiu-jitsu Federation (IBJJF) World No-Gi and Pan American Championship, Jake and his brotherAdam Ferraraare regarded among the top competitors of their generation. Jake is also a well-respected wrestler and a former “All American”. Full Name:Jacob Michael Ferrara",False
1014,Jake Mackenzie,Jake,Mackenzie,,,https://www.bjjheroes.com/?p=1014,"Jacob Mackenzie, commonly known as Jake Mackenzie,  is a Canadian-bornjiu-jitsublack belt underRoberto “Cyborg” Abreuwho became well-known on the international grappling circuit for his prolific use of thedeep half guardposition. Despite being from the Northern Hemisphere, Mackenzie competed extensively in Brazil, where he established a family in the early 2010s. While in South America Jake Mackenzie joinedGFTeamand became known as one of the top figures in the legendary Rio de Janeiro-based gym. Full Name:Jacob Williams Mackenzie",False
10240,Jake Watson,Jake,Watson,,Maracaba BJJ,https://www.bjjheroes.com/?p=10240,"Jake Watson is aBrazilian jiu-jitsublack belt underAndré Maracaba, who is widely regarded as one of the top grapplers of his generation, referenced byFloGrappling.comin their ‘Prospect of the Year’ Award Nominees list (2017) for his purple-brown belt runs on the international BJJ circuit that year. Watson is also an accomplished martial artist in other areas of combat sports, where he holds a black belt in Tae Kwon Do, a USMTA National Muay Thai title and an Arizona State Golden Gloves title in boxing. Full Name:Jake Michael Watson",False
10986,Jakub Zajkowski,Jakub,Zajkowski,,,https://www.bjjheroes.com/?p=10986,"Jakub Zajkowski is a Polish grappler and ajiu-jitsublack belt underBraulio Estima, who worked extensively with Marek Pietrzak of Copacabana BJJ (Poland) before joining theGracie Barraaffiliation (2017). Marked as one of the rising prospects in European Jiu-Jitsu by BJJ Heroes in 2016 (see article here), Jakub Zajkowski went on to cement his reputation as one of the Old Continent’s finest gi players through his outstanding performances in the International Brazilian Jiu-Jitsu Federation (IBJJF) circuit. Full Name:Jakub Zajkowski",False
1526,James Brasco,James,Brasco,,BJJ Center,https://www.bjjheroes.com/?p=1526,"James Brasco is an elite wrestler with a black belt in Brazilian Jiu-Jitsu and experience at top-level grappling tournaments such as the ADCC and the World No-Gi Championships. A BJJ black belt underPablo Popovitch, Brasco has defeated several big names in the grappling scene, such asClark Gracie,Gunnar Nelson, Marcelo Salazar, Steve Gable, and many others. Full Name:James Richard Brasco",False
1768,James Harbison,James,Harbison,Jah,Lloyd Irvin,https://www.bjjheroes.com/?p=1768,"James Harbison, commonly known as Jimmy Harbison or as “Jah” is aBrazilian Jiu-Jitsublack belt underLloyd Irvinwho gained notoriety in the grappling circuit after winning 3 of the major tournaments in the International Brazilian Jiu-Jitsu Federation (IBJJF) circuit, namely the European Open, Pan American and World Championship. Full Name:James Harbison",False
1827,James Puopolo,James,Puopolo,,Gracie Humaita,https://www.bjjheroes.com/?p=1827,"James Puopolo is aBrazilian Jiu-Jitsublack belt underRafael Lovato Juniorwho trained extensively with the Ribeiro Brothers (Alexandre and Saulo) and is widely regarded as one of the top North American submission grapplers of his generation. While competing in jiu-jitsu’s international level circuit, Puopolo earned medals in important events such as the ADCC Trials, International Brazilian Jiu-Jitsu Federation (IBJJF) World and Pan Championships. Full Name:James Puopolo",False
4107,Janni Larsson,Janni,Larsson,,Checkmat,https://www.bjjheroes.com/?p=4107,"Janni Larsson is aBrazilian Jiu Jitsublack belt under the illustrious instructor Shimon Mochizuki of the Arte Suave Academy (Checkmataffiliate) in Copenhagen, Denmark. A native of Sweden, Larsson is one of the most accomplished European black belts, and the first Swedish black belt world champion (2014), having also been honoured by the Swedish Martial Arts Federation with the ‘Swedish Martial Artist Role Model of the Year’ award (2014). Full Name:Janni Margareta Larsson",False
13064,Janaina Lebre,Janaina,Lebre,,Gracie Humaita,https://www.bjjheroes.com/?p=13064,"Janaina Maia de Menezes Lebre, (formerly known by her Maia surname and, currently, mostly referenced as Janaina Lebre) is a jiu-jitsu black belt underRégis Lebre(husband) and a former representative of theGracie Humaitáteam in the sport’s international circuit who later became one of the main figures of the Art Of Jiu-Jitsu (AOJ) female squad. Janaina Maia Lebre is widely regarded as one of the top lightweight competitors of her generation with medals in all the major of the International Brazilian Jiu-Jitsu Federation (IBJJF), she is also a part of a small number of athletes to conquer the IBJJF Grand Slam, which consists of conquering gold medals in the Big-Four tournaments of the league in one single year, namely the European, Brazilian Nationals, Pan-American, and World Championships, a feat earned in 2025. Full Name:Janaina Maia de Menezes Lebre",False
12506,Jansen Gomes,Jansen,Gomes,Nenego,Checkmat,https://www.bjjheroes.com/?p=12506,"Jansen Gomes Ramos, also known as “Nenego” is a grappler and a jiu-jitsu black belt under Antônio Carlos “Bode” (Jansen’s father),Ricardo “Ricardinho” Vieira, andLeonardo Vieira, who developed as an athlete at the Fightzone Academy program in Rio de Janeiro while representing theCheckmat Teamin the sport’s professional circuit. Gomes first made waves in the BJJ as a colored belt while competing on the International Brazilian Jiu-Jitsu Federation (IBJJF) circuit, where Jansen conquered World, Pan, European, and Brazilian National Championships. Jansen Gomes is also the younger brother of another highly proficient jiu-jitsu player,Jonata Gomes. Full Name:Jansen Gomes Ramos",False
13132,Jasmine Rocha,Jasmine,Rocha,,Vagner Rocha MA,https://www.bjjheroes.com/?p=13132,"Jasmine Rocha is a professional grappler and a jiu-jitsu black belt underVagner Rocha, her father, who represents the Vagner Rocha Martial Arts association and team Fight Sports Miami in the sport’s international circuit. Rocha is particularly active in the no-gi jiu-jitsu ruleset where she conquered important medals of the International Brazilian Jiu-Jitsu Federation (IBJJF) and Abu Dhabi Combat Club (ADCC) leagues. Full Name:Jasmine Rocha",False
10759,Jason Rau,Jason,Rau,,Team Serra,https://www.bjjheroes.com/?p=10759,"Jason Rau is a professional grappler and a black belt in jiu-jitsu underMatt Serra, who also worked extensively withJohn Danaherat the famous Blue Basement training facility (Renzo Gracie Academy NYC). Rau gained notoriety in the sport while competing mainly in the American East Coast submission-only circuit, with notable wins overPJ Barch, Josh Hayden,Victor Silvério,Mansher Kheraand more. Full Name:Jason P Rau",False
4706,Javier Vazquez,Javier,Vazquez,Showtime,,https://www.bjjheroes.com/?p=4706,"Javier Vazquez, also known as “Showtime”, is aBrazilian jiu jitsublack belt underRodrigo Medeiros, a rank he achieved in 2003, making him most likely the first Cuban black belt in the Brazilian grappling style. Javier is also a wrestler and a retired mixed martial artist with a successful career having competed at some of the top promotions in the world such as KOTC, WEC and the UFC . Javier Vazquez is also married to Rose Gracie, daughter of 9th degreejiu jitsu red beltRorion Gracie, with whom he runs the “Gracie Tournaments” organization. Full Name:Javier Vazquez",False
13624,Javier Barter,Javier,Barter,,F Moya JJ,https://www.bjjheroes.com/?p=13624,"Javier Barter is a jiu-jitsu athlete from Panama and a regular face in grappling’s professional circuit. Barter first made waves in the sport as a brown belt, a time when he conquered several important medals from the International Brazilian Jiu-Jitsu Federation (IBJJF) league, including at the World, Pan-American, & European Championships, while playing a crowd-friendly game with which he earned many fans. He maintained this level of gamesmanship as a pro, becoming widely regarded as one of the most fun competitors to follow in the sport. Full Name:Javier Arturo Barter",False
13680,Javier Zaruski,Javier,Zaruski,,Atos,https://www.bjjheroes.com/?p=13680,"Javier Zaruski is a professional grappler from Uruguay who holds the rank of black belt in jiu-jitsu underAndré Galvão, having worked extensively with coach Andres Angelero. Zaruski first made waves outside of his native country’s circuit as a purple and a brown belt, when he conquered the International Brazilian Jiu-Jitsu Federation (IBJJF) World No-Gi Championship. A deed he repeated also as a black belt in the pro-division, cementing his name as one of the best competitors of his generation. Full Name:Javier Zaruski Saul",False
13926,Jacob Rodriguez,Jacob,Rodriguez,Jay,B Team,https://www.bjjheroes.com/?p=13926,"Jacob Rodriguez, commonly known as Jay-Rod, is a professional grappler and former folkstyle/scholastic wrestler who first gained notoriety in the sport of Submission-Grappling/No-Gi Jiu-Jitsu after his performance at the ADCC (Abu Dhabi Combat Club) United States Qualifier in 2022, a tournament he won while holding the rank of blue belt in BJJ, a rare achievement also accomplished by his older brother,Nick Rodriguez(2019). Full Name:Jacob Rodriguez",False
13996,Jeferson Fagundes,Jeferson,Fagundes,,,https://www.bjjheroes.com/?p=13996,"Jefferson Fagundes is a professional jiu-jitsu athlete, a black belt in this martial art under coachCicero Costha, and one of the few top-level competitors in this sport from the Brazilian state of Tocantins. Fagundes first made waves while competing in the colored belt ranks at the AJP Tour (Abu Dhabi Jiu-Jitsu Pro) where he conquered a World title as a brown belt (2022) and several Grand Slam events before his promotion to the pro level in 2023. Full Name:Jefferson Veloso Fagundes",False
10506,Jeferson Guaresi,Jeferson,Guaresi,,Unity JJ,https://www.bjjheroes.com/?p=10506,"Jeferson Guaresi is a Brazilian jiu-jitsu black belt underCicero CosthaandMurilo Santana, who is one of the main representatives of the PSLPB and Unity Jiu-Jitsu Academies in the sport’s international circuit. Guaresi made his name while competing in a variety of grappling tournaments and rulesets, though is notorious for his achievements in the International Brazilian Jiu-Jitsu Federation (IBJJF) circuit. Full Name:Jeferson Guaresi",False
13955,Jefferson Goteu,Jefferson,Goteu,,,https://www.bjjheroes.com/?p=13955,"Jefferson Goteu is a professional jiu-jitsu athlete and a black belt under the Barreto Brothers (Thiagoand Bruno Barreto) who first gained notoriety in this sport while competing in the lower belt ranks as a representative of the Commando Group, a time when he earned the title of #1 ranked pound-for-pound brown belt on the AJP circuit. Goteu competes mostly in the gi ruleset in circuits such as the Abu Dhabi Jiu-Jitsu Pro (AJP) Tour and International Brazilian Jiu-Jitsu Federation (IBJJF), where he conquered important titles Full Name:Jefferson Alves Goteu",False
1214,Jefferson Moura,Jefferson,Moura,,Gracie Barra,https://www.bjjheroes.com/?p=1214,"Jefferson Moura is one of the most prestigious representatives of theGracie Barrafamily. An extremely accomplished Jiu Jitsu athlete with wins at the Mundial and the Brazilian Nationals, Jefferson took over the mammoth task of replacingCarlos Gracie JuniorandMarcio Feitosaat the helm of the Gracie Barra headquarters in Rio de Janeiro, after the famous coaches moved to the United States. Full Name:Jefferson Moura C. e Silva Junior",False
1031,Jake Shields,Jake,Shields,,Gracie Elite,https://www.bjjheroes.com/?p=1031,"Jake Shields is well known for his career as a professional mixed martial arts (MMA) fighter, an occupation he built with a style strongly reliant on his  Brazilian Jiu-Jitsu (BJJ) and Wrestling skills, a combination Shields labeled: “American Jiu-Jitsu”. ACesar Gracieblack belt in BJJ, Shields achieved numerous medals in grappling before turning his career focus towards cage-fighting, having achieved a gold medal at the Pan American Championship as well as a bronze medal at the ADCC, defeating the famousLeonardo Santosfor 3rd place. In MMA Jake Shields fought in two different weight classes, defeating legends such as Hayato Sakurai and Dan Henderson on his way to the Strikeforce middleweight title. Lineage:Mitsuyo Maeda >Carlos Gracie Sr.>Robson Gracie>Cesar Gracie> Jake Shields",False
88,Jean Jacques Machado,Jean Jacques,Machado,,Machado JJ,https://www.bjjheroes.com/?p=88,"Jean Jacques Machado is a legendaryBrazilian Jiu-Jitsu(BJJ) competitor and instructor. Regarded as one ofCarlos Gracie Junior‘s top students in the 1980’s, a status cemented with his wins over several important grapplers of his generation, including grappling and mixed martial arts (MMA) superstarWallid Ismailat the Copa Atlantica tournament in Brazil. Jean Jacques Machado continued his good form after he moved to the United States to open his own academy, winning years later theAbu Dhabi Combat Club(ADCC). Full Name:Jean Jacques Machado",False
235,Jean Kleber,Jean,Kleber,,Kimura,https://www.bjjheroes.com/?p=235,"Jean Kleber is the head coach of the Kimurajiu jitsuteam in Boston, Massachussets, considered to be one of the best Brazilian Jiu Jitsu black belts to have come out of the Kimura/Nova Uniao camp in Natal-RN, Brazil, a team that has raised grapplers such as Gleison Tibau, Renan Barao, Jussier Formiga, Jair Lourenco and many others. Jean has had a fantastic career as a competitor, but it was as a coach that he made a bigger name for himself, teaching in 3 different continents (Brazil, Europe and the USA), earning several team titles in the US. Name:Jean Kleber Maranhao de Freitas",False
610,Jeff Glover,Jeff,Glover,Pipelayer,Paragon,https://www.bjjheroes.com/?p=610,"Jeff Glover is an American grappler and representative of the Paragon Academy as well as a jiu jitsu black belt underRicardo “Franjinha” Miller. Known for his developments in positions such as the deep half and donkey guard, Jeff also gained notoriety through his series of episodes named “Glover’s Travels” where he travelled through the United States interviewing and training with some of the best coaches in the country. Full Name:Jeffrey Dean Glover",False
364,Jeff Joslin,Jeff,Joslin,,,https://www.bjjheroes.com/?p=364,"Jeff Joslin is a Canadian born Brazilian jiu jitsu black belt, a rank awarded by the legendaryRomero Cavalcantiof the Alliance academy. Joslin is a pioneer for this grappling style in Canada, and a highly acomplished athlete, having medalled in some of the sport’s toughest tournaments in the lower belt divisions before focusing his career towards mixed martial arts (MMA). In MMA Joslin reached the sport’s prime organization, the Ultimate Fighting Championship (UFC). Full Name:Jeffrey Lee Joslin",False
8223,Jena Bishop,Jena,Bishop,,Gracie Humaita,https://www.bjjheroes.com/?p=8223,"Jena Bishop is aBrazilian jiu jitsublack belt under JW Wright being also one of the most important female competitors of her generation. With an array of accomplishments in the International Brazilian Jiu-Jitsu Federation (IBJJF) circuit, including World, World Masters, Pan American and European Open champion, Bishop is widely regarded as one of the most accomplished grapplers ever produced by the state of Missouri – USA, reiterating in the process the strength ofGracie Humaitá‘s female team in this sport, a team she represented prior to her move to Alliance (2019). Jena is also married to another jiu jitsu black belt and popular grappling sports commentator Tyler Bishop. Full Name:Jena Rae Bishop",False
1423,Jeremy Arel,Jeremy,Arel,Gerbil,,https://www.bjjheroes.com/?p=1423,"Jeremy Arel - Gerbil Jeremy Arel, also known as “The Gerbil”, is aBJJblack belt under the legendaryRoberto “Gordo” Correaand a well known name amongst Jiu Jitsu’s internet community, through his several online instructionals and his active participation in some of the most important grappling forums on the web.",False
9440,Jeremy Jackson,Jeremy,Jackson,,CTA,https://www.bjjheroes.com/?p=9440,"Jeremy Jackson is aBrazilian jiu-jitsu(BJJ) black belt underCaio TerraandAlan Marques(Gumby), being also one of the main representatives of the Caio Terra Association in BJJ’s lightweight division. Regarded as a promising athlete since his blue belt days – a time when he conquered his first International Brazilian Jiu-Jitsu Federation (IBJJF) Pan Championship (2013), Jackson would later cement his reputation as one of the sport’s top competitors with numerous titles in global sized events. Full Name:Jeremy S. Jackson",False
12259,Jeremy Skinner,Jeremy,Skinner,,Absolute MMA,https://www.bjjheroes.com/?p=12259,"Jeremy Skinner is a professional grappler from Australia and a jiu-jitsu black belt underLachlan Gileswho represents the Absolute MMA Academy in the sport’s international circuit. Skinner first gained global notoriety in submission grappling during the colored belt stages of his career, after solid performances at pro-events such as the Polaris Invitational, and GrappleFest. Full Name:Jeremy Paul Skinner",False
11690,Jessa Khan,Jessa,Khan,,AOJ,https://www.bjjheroes.com/?p=11690,"Jessamine Khan, commonly known as Jessa Khan, is ajiu-jitsublack belt underGuilherme Mendes, who also worked extensively withRafael Mendeswhile representing the Art Of Jiu-Jitsu (AOJ) Academy in the sport’s professional circuit. Jessa Khan became widely regarded as one of the sport’s hottest prospects as a teenager, a time when she broke through as an athlete by winning several important tournaments of the International Brazilian Jiu-Jitsu Federation (IBJJF). Full Name:Jessamine Jada Khan",False
7608,Jesse Urholin,Jesse,Urholin,,Alliance,https://www.bjjheroes.com/?p=7608,"Jesse Urholin is an accomplished Finnish grappler and one of the top competitors ever produced by the Arctic country. ABrazilian jiu jitsublack belt under Markku Juntunen, Jesse Urholin made a name for himself in the European circuit by conquering medals in tournaments such as the IBJJF European Open, Crest Pro Fighting and the ADCC Trials, while also proving his worth in international events such as the IBJJF World Championship – both in gi and no-gi. Full Name:Jesse Juhani Urholin",False
11314,Jessica Caroline,Jessica,Caroline,,PAX JJ,https://www.bjjheroes.com/?p=11314,"Jessica Caroline Dantas is a jiu-jitsu black belt under Alessandro Nunes as well as one of the main representatives of the PAX Jiu-Jitsu Academy and Alessandro BJJ teams, although also known for representing the Brasa / Caio Terra Association on the international circuit. Caroline became widely regarded as one of the top rooster/light-featherweight competitors of her generation after her outstanding performances as a colored belt, particularly her 2019 brown belt campaign in which she conquered both the World and the Pan Championships of the International Brazilian Jiu-Jitsu Federation (IBJJF). Full Name:Jessica Caroline Coelho Dantas",False
9202,Jessica Cristina Santos,Jessica Cristina,Santos,,Elite BJJ,https://www.bjjheroes.com/?p=9202,"Jessica Cristina Santos is aBrazilianjiu jitsu black belt under Anderson Silva, having also worked extensively withLuanna Alzuguirand Miriam Cardoso Cerqueira. As an athlete, Santos defended the colors of the Equipe Miquinho and Elite Brazilian Jiu Jitsu teams, becoming one of the top athletes of her division through her wins at the International Brazilian Jiu Jitsu Federation (IBJJF) European and Pan American No-Gi Champions, to name a few. Full Name:Jessica Cristina C. A. dos Santos",False
7817,Jessica Flowers,Jessica,Flowers,Oliveira,Gracie Barra,https://www.bjjheroes.com/?p=7817,"Jessica Flowers (formerly Jessica Oliveira) is aBrazilian jiu jitsublack belt underHenrique Machado– founder of the A.S.L.E. academy (Gracie BarraAmazonas), being also one of the top female athletes in the medium-heavyweight division. Jessica made a name for herself in the lower belt divisions of the sport, particularly as a brown belt, a time when she conquered important medals such as IBJJF World, No-Gi World, Panamerican, European and Brazilian titles – as well as an ADCC finals 2nd place, shocking the world by defeating 7x world championGabi Garciain the semi-final. Full Name:Jessica da Silva Flowers (formerly Jessica da Silva Oliveira)",False
9096,Jessica Swanson,Jessica,Swanson,,Soul Fighters,https://www.bjjheroes.com/?p=9096,"Jessica Swanson is aBrazilian jiu jitsublack belt underRafael “Formiga” Barbosaand a representative of theSoul Fightersteam in the sport/martial art’s international competitive circuit. Widely regarded as one of the top middleweights of her generation, Swanson’s reputation was earned while battling in in the lower belt divisions of the sport, particularly as a brown belt, a time when Jessica earned titles in the International Brazilian Jiu Jitsu Federation (IBJJF) World and Pan American Championships as well as a silver medal at the European Open. Full Name:Jessica Constance Swanson",False
12551,Jhenifer Aquino,Jhenifer,Aquino,,Atos,https://www.bjjheroes.com/?p=12551,"Jhenifer Aquino Gonzaga is a jiu-jitsu black belt underAndré Galvãoand a representative of theAtos Jiu-Jitsu Academy, who’s worked extensively withBernardo Fariaand André Ricardo (Garapa). Aquino started making a name in the sport as a colored belt after excellent performances on the International Brazilian Jiu-Jitsu Federation (IBJJF) circuit, namely through her wins at the World and Pan American tournaments. Jhenifer Aquino is also the twin sister of a top-tier BJJ athlete,Thamires Aquino, and is the wife of a prolific jiu-jitsu black belt,Matheus Gonzaga. Full Name:Jhenifer Aquino Gonzaga",False
644,Joao Assis,Joao,Assis,,Checkmat,https://www.bjjheroes.com/?p=644,"João Assis is an accomplished grappler having won important titles in the sport of Brazilian jiu jitsu, including the ADCC and World No-Gi Championship. ACheckmatblack belt underLeonardo VieiraJoão turned a few heads his way for the first time on June 2010, after his submission wins over Jeff Monson, (a 2x ADCC Champion who had not been tapped in competition for over 10 years) at UFC 114’s Fan Expo (Grapplers Quest). Full Name:Joao Francisco de Moraes Assis",False
14255,Joao Assonitis,Joao,Assonitis,,,https://www.bjjheroes.com/?p=14255,"João Assonitis is a professional grappler and a jiu-jitsu black belt underRafael “Formiga” Barbosaand Darwin Falcão, representing the Double Five team in the sport’s international circuit. Originally from Rio de Janeiro, Brazil, Assonitis broke through globally while competing in the colored belt divisions of the International Brazilian Jiu-Jitsu Federation (IBJJF). Full Name:João Matheus de Melo Assonitis",False
11960,Joao Cizeski,Joao,Cizeski,,FP Team,https://www.bjjheroes.com/?p=11960,"João Felipe Cizeski is a professional jiu-jitsu athlete and a black belt underFelipe Pena(Preguiça), who represents the FP Team in the sport’s international circuit – an affiliate of theGracie Barra Academy. João Cizeski first gained notoriety after his purple belt campaigns when he won several important tournaments on of the International Brazilian Jiu-Jitsu Federation (IBJJF) league, including 5 Brazilian National titles. Full Name:João Felipe Pacheco Cizeski",False
12178,Joao Costa,Joao,Costa,,Fight Sports,https://www.bjjheroes.com/?p=12178,"João Costa is a professional grappler and a jiu-jitsu black belt under Roberto Abreu (Cyborg) of Fight Sports Miami, who worked extensively with Gustavo Saraiva (Gustavinho) at the Caveirinha Jiu-Jitsu Academy in Minas Gerais. A late bloomer, Costa only started prioritizing his grappling career as a brown belt, causing an immediate impact in the sport through his 3 gold medals at the International Brazilian Jiu-Jitsu Federation (IBJJF) Pan American No-Gi Championships (2020 & 2021 [weight and absolute]), which earned him his black belt in June 2021. Full Name:João Araújo Silva da Costa",False
1500,Joao Faria,Joao,Faria,Johnny,Gracie Humaita,https://www.bjjheroes.com/?p=1500,"João Faria, also known as “Johnny” Faria, is a Judo and Brazilian Jiu Jitsu black belt under the illustriousFlavio Behring. One of the toughest competitors of his generation, “Johnny” had some of his best performances in the No Gi Jiu Jitsu circuit, winning a double gold (weight and absolute/open weight) at the 2010 world championships in the master division. Full Name:João Paulo Faria",False
9074,Joao Mendes,Joao,Mendes,Bisnaga,Atos,https://www.bjjheroes.com/?p=9074,"João Mendes, often referenced as João “Bisnaga”, is ajiu-jitsublack belt underAndré Galvão, being also one of the main representatives of theAtos Jiu-Jitsu Academyin this sport/martial art’s international competitive circuit. Bisnaga is also one of the top grapplers of the featherweight division (70,00 kg / 154.5 lbs), a status conquered after several important wins in the International Brazilian Jiu-Jitsu Federation (IBJJF) tour. Full Name:João Pedro Bueno Mendes",False
2997,Joao Miyao,Joao,Miyao,,PSLPB,https://www.bjjheroes.com/?p=2997,"João Miyao is aBrazilian Jiu-Jitsublack belt underCicero Costhawho competes for the PSLPB academy (Projeto Social Lutando Pelo Bem) and Unity Jiu-Jitsu in this sport/martial-arts international circuit. Considered a prodigy of BJJ since his teens, João and his twin brotherPaulo Miyao(commonly known as the Miyao Brothers) have piled up medals in the globe’s most important tournaments, both being among the very best competitors of their generation. Full name:João Ricardo Bordignon Miyao",False
14010,Joao Nicolite Rocha,Joao,Nicolite Rocha,,,https://www.bjjheroes.com/?p=14010,"João Pedro Nicolite Rocha, commonly known as João Nicolite, is a jiu-jitsu athlete who earned the rank of black belt fromDavi Ramoswhile working with other instructors such as Igor Rodrigues, andCaio Terra. Nicolite first made waves in the sport as a colored belt, competing in the International Brazilian Jiu-Jitsu Federation (IBJJF) circuit where he conquered important medals and earned #1 end-of-year ranking in the brown belt heavyweight division (2023). Full Name:João Pedro Nicolite Rocha",False
14078,Joao Gabriel Galvao,Joao Gabriel,Galvao,,Fratres,https://www.bjjheroes.com/?p=14078,"João Gabriel Galvão da Silva, or simply Gabriel Galvão, also often referenced as Caboja, is a professional jiu-jitsu athlete and a black belt under Meyram Maquine who first gained notoriety in the sport in the colored belt divisions of the International Brazilian Jiu-Jitsu Federation (IBJJF) while representing teams such as Marcos Matos, Dream Art, and Fratres, under which he conquered many important titles. Full Name:João Gabriel Galvão da Silva",False
2403,Joao Gabriel Rocha,Joao Gabriel,Rocha,,Double Five,https://www.bjjheroes.com/?p=2403,"João Gabriel Rocha is a black belt inBrazilian Jiu-Jitsu(BJJ), a rank he earned fromRafael “Formiga” BarbosaandLeandro Escobar. Before reaching the black belt division (on January 2013), João Gabriel Rocha was already regarded as one of the top brown belts in the world, after winning every important competition on the BJJ calendar. Well known for his successful battle with cancer during the start of his black belt career, Rocha has since become one of the top contenders of the ultra-heavyweight division. Full Name:João Gabriel de Oliveira e Silva Rocha",False
8351,Joao Paulo Neto,Joao Paulo,Neto,,Alliance,https://www.bjjheroes.com/?p=8351,"João Paulo Neto (also sometimes referenced as Joao Goncalves) is aBrazilian jiu-jitsublack belt underMário ReisandMoacir Mendes Júnior, as well as a former representative of theAlliance Academyin this sport’s international competitive circuit, later changing his allegiance to the Atos shield. Widely regarded as one of the top featherweights of his generation, Neto earned his reputation while competing in the lower belt ranks of the sport by conquering medals at the International Brazilian Jiu-Jitsu Federation (IBJJF) World, Brazilian Nationals, Pan American, and Abu Dhabi Federation (AJP / UAEJJF) Grand Slam Championships. Full Name:João Paulo Gonçalves Neto",False
14178,Joao Pedro Menezes,Joao Pedro,Menezes,Mano Brown,,https://www.bjjheroes.com/?p=14178,"João Pedro Menezes de Barros, commonly known as João Menezes or by the nickname “Mano Brown”, is a jiu-jitsu black belt under Josyclay Gomes &Isaque Bahiensewho competes in the professional circuit both in the gi and no-gi. Menezes first made waves in the sport as a colored belt while representing team Dream Art in the International Brazilian Jiu-Jitsu Federation (IBJJF) league, where he conquered many important titles. Full Name:João Pedro Menezes de Barros",False
952,Joao Roque,Joao,Roque,,Nova Uniao,https://www.bjjheroes.com/?p=952,"João Roque is a formerBrazilian Jiu Jitsublack belt World Champion (in the super featherweight division) and MMA professional fighter – Shooto Japan title contender. Roque was also born in Angola, more than likely the first African native to earn a black belt in Jiu Jitsu (João received his in 1993). As a coach, João Roque has also produced several important competitors from his gym in Brasilia. Lineage:Mitsuyo Maeda >Carlos Gracie>Carlson Gracie>Andre Pederneiras> Joao Roque",False
521,Joao Zeferino,Joao,Zeferino,,Gracie Floripa,https://www.bjjheroes.com/?p=521,"João Zeferino is a Brazilian jiu jitsu black belt underAlexandre de Souzaof the Gracie Floripa academy, being an accomplished competitor with medals at tournaments such as the CBJJE world champioships, the Brazilian Nationals as well as theSul Brasileiro.Zeferino also competed in mixed martial arts (MMA) Lineage:Mitsuyo Maeda >Carlos Gracie>Helio Gracie>Rolls Gracie> Crolin Gracie >Alexandre de Souza> Joao Zeferino",False
1719,Joao Alberto Barreto,Joao Alberto,Barreto,,,https://www.bjjheroes.com/?p=1719,"Joao Alberto Barreto is one of the most important figures in thejiu jitsucommunity. A red belt underHelio Gracie, Joao Alberto Barreto is famed for his unbeaten competitive record in the 1950’s. He was also the Vice President of the first Jiu Jitsu Federation, having helped develop the rules of BJJ at a time when Jiu Jitsu as a sport was at ground zero. Joao Alberto Barreto is also a Law and Psychology graduate; an expert in sports psychology having worked with teams such asFluminenseand published important books on the subject in his native Brazil. Full Name:Joao Alberto de Melo Barreto",False
3366,Joao Paulo Oliveira,Joao Paulo,Oliveira,Jones,Strauch Jiu Jitsu,https://www.bjjheroes.com/?p=3366,"João Paulo Oliveira , also known as ‘Jones’, is the coordinator of the competition team ofStrauch Jiu Jitsu academy. Considered the by many as MasterPaulo Maurício Strauch‘s ‘right hand man’, Jones became a regular competitor in the Rio de Janeiro BJJ circuit, having won many titles such as State Champion and America’s Cup Champion. Full Name:João Paulo Oliveira da Silva Marques",False
11114,Joe Baize,Joe,Baize,,Ocean County BJJ,https://www.bjjheroes.com/?p=11114,"Joe Baize is an American grappler, former mixed martial arts fighter and a black belt Brazilian jiu-jitsu, who also earned a level 5 certification (instructor) in Hayastan under Gokor Chivichyan. Baize is widely regarded as a pioneer in using lower limb joint lock submissions in the sport of sub-only (submission wrestling) and no-gi jiu-jitsu. During his evolution as a coach and athlete, Joe Baize worked with a number of prestigious coaches such as Josh Johnson, Luiz Palhares, Roli Delgado, Max Bishop, Erik Paulson, Josh Hayden, Tom DeBlass, Warren Brooks and Gokor Chivichyan. Full Name:Joseph Baize",False
566,Joe Moreira,Joe,Moreira,,,https://www.bjjheroes.com/?p=566,"Joe Moreira was one of the first ‘non Gracie’ Jiu Jitsu black belts to move to the United States, beforeRoyce Graciebrought the martial art to the limelight of the combat sports world, with his win at UFC 1-4. Moreira is also famed as an event organizer and for having handed one of the most controversial black belts in the history of the sport, to Marco Ruas who to many, a sworn enemy of Jiu Jitsu at the time. Full Name:José Carlos Moreira",False
8369,Joel Gingery,Joel,Gingery,,Memphis Judo + BJJ,https://www.bjjheroes.com/?p=8369,"Joel Gingery was one of the top competitors in jiu-jitsu’s Masters Division during the 2010 decade when he conquered numerous tournaments of the International Brazilian Jiu-Jitsu Federation (IBJJF), after an illustrious career in judo. In BJJ, Gingery beat legends of the sport such asJúlio César Pereira,Egan Inoue,‘Megaton’ Dias, orNelson Monteiro. Full Name:Joel T. Gingery",False
11894,Joel Tudor,Joel,Tudor,,,https://www.bjjheroes.com/?p=11894,"Joel Tudor is an accomplished surfer with an extensive career in professional longboarding, a successful entrepreneur, and a jiu-jitsu black belt underRodrigo Medeirosas well as a former representative of theCarlson Gracie Academy– BJJ Revolution Team. Tudor was particularly active in jiu-jitsu at a competitive level during the late 2000s and early 2010s decades, a time when he conquered important medals on the International Brazilian Jiu-Jitsu Federation (IBJJF) circuit such as the American National Championship, competing also in the ADCC World Championships. Full Name:Joel Tudor",False
8938,Jorge Britto,Jorge,Britto,,Jiu-Jitsu For Life Team,https://www.bjjheroes.com/?p=8938,"Jorge Britto is aBrazilian jiu jitsublack belt underSaulo RibeiroandVini Aietaas well as the founder of the Jiu-Jitsu For Life grappling team, a project started together with Josh Rapport in 2016. Britto’s many accomplishments in the sport range from his work as an athlete and coach, particularly since settling in Canada (2007). Full Name:Jorge Britto Lima Filho",False
720,Jorge Patino,Jorge,Patino,Macaco,Macaco Gold Team,https://www.bjjheroes.com/?p=720,"Jorge Patino, also known as “Macaco”, is a Brazilian jiu jitsu black belt underWaldomiro Perez Junior, being an important figure for jiu jitsu during the 2000’s decade, particularly in the Sao Paulo area. Jorge Patino was also one of the most controversial competitors of the sport, a reputation earned from his bitter rivalries withRoberto Godoi, Eduardo Pamplona and Ryan Gracie. Jorge Macaco was also one of the first grapplers from Sao Paulo to successfully transition from jiu jitsu to mixed martial arts (MMA) where he has defeated big names such asRonaldo Souza,Gabriel Vellaand Gustavo “Ximu”. Full Name:Jorge Luis Patino",False
623,John Danaher,John,Danaher,,New Wave,https://www.bjjheroes.com/?p=623,"John Danaher is aBrazilian Jiu-Jitsu(BJJ) black belt underRenzo Gracieand who is widely regarded by the grappling community as one of the best coaches his generation produced. Praised by some of the prime figures in combat sports such as mixed martial arts (MMA) guru Greg Jackson and jiu-jitsu legendVinícius Draculinofor his knowledge and teaching capabilities, Danaher is best known for his work with athletes such as George Saint Pierre (GSP),Garry Tonon,Gordon Ryan,andEddie Cummingsa sporting workgroup fans labeled as the Danaher Death Squad (DDS). Full Name:John Danaher",False
6836,John Combs,John,Combs,,Easton Training Centre,https://www.bjjheroes.com/?p=6836,"John Combs is an American-bornBrazilian jiu-jitsublack belt under the illustriousAmal Easton, being one of the top athletes produced inside the Easton Training Centre in Colorado. A former collegiate wrestler, Combs started making an impact in jiu-jitsu as a purple belt by conquering medals in important tournaments such as the IBJJF World and Pan American Championships. A standard he maintained as he progressed through the ranks of the sport. Full Name:John Taylor Combs",False
3286,John Crouch,John,Crouch,,MMA Lab,https://www.bjjheroes.com/?p=3286,"John Crouch is aBrazilian Jiu Jitsublack belt under the legendaryGracie Jiu Jitsufighter,Royce Gracie. Crouch learned his BJJ skill from theGracie familyhaving used his knowledge as a coach, teaching both MMA (mixed martial arts) and BJJ at the world famous martial arts academy, MMA Lab (in Glendale, AZ), to some of the prime fighters in the world such as Alvin Robinson, TUF season 9 winner Efrain Escudero and “Smooth” Ben Henderson. Full Name:John Crouch",False
11195,John Kavanagh,John,Kavanagh,,SBG,https://www.bjjheroes.com/?p=11195,"John Kavanagh is an Irish mixed martial arts (MMA) and grappling instructor, as well as a black belt in jiu-jitsu under Matt Thornton, holding this same rank in kenpo karate. A former International Brazilian Jiu-Jitsu Federation (IBJJF) European Open champion as a purple belt (2005), Kavanaugh became revered as one of MMA’s leading coaches through his work with UFC fighters such as Conor McGregor and Gunnar Nelson. Coach Kavanaugh is also widely regarded as Ireland’s first BJJ black belt. Full Name:John Raymond Kavanagh",False
1569,John Frankl,John,Frankl,,Straight Blast Gym,https://www.bjjheroes.com/?p=1569,"John Frankl is a martial artist with a background in several different styles including Karate, Kuk Sool Won, Serrada Eskrima and Thai boxing (Muay Thai). Frankl is also a Brazilian Jiu Jitsu black belt under Roberto Maia and a pioneer in bringing the sport of BJJ to South Korea having opened possibly the very first legitimate Brazilian Jiu Jitsu academy in the country (in 1999). Full Name:John Mark Frankl",False
3220,John Lewis,John,Lewis,,Nova Uniao,https://www.bjjheroes.com/?p=3220,"John Lewis is a martial artist and a former MMA professional fighter who holds black belts in a variety of fighting styles, including a black belt in judo awarded by the legendary Gene LeBell and a black belt inBrazilian Jiu Jitsuunder MasterAndré Pederneiras, having been mentioned by many as one of the first true mixed martial artists in MMA, considering he mastered many different styles in a time when only style specialists were fighting MMA. Lewis was of tremendous importance when bringing theNova Uniãoacademy to the United States, having the first of this team’s academies in American soil. John Lewis has also been an important Jiu Jitsu and MMA coach, having helped raise the game of numerous fighters such as Chuck Liddell, Randy Couture, Egan Inoue, Enson Inoue, Ricco Rodriguez,BJ Penn,Marc Laimon,Robert Drysdaleand many others. Full Name:John Lewis",False
10531,John Salter,John,Salter,,Salty Dog JJ,https://www.bjjheroes.com/?p=10531,"John Salter is aBrazilian jiu-jitsublack belt under Shawn Hammonds, founder of the Salty Dog Jiu-Jitsu Academy as well as a professional mixed martial arts (MMA) fighter with a vast wrestling career. As a professional MMA fighter Salterfought for the Ultimate Fighting Championship (UFC), Strikeforce, Bellator, King of the Cage, and the AFC, while as a grappler, Salter has competed in important tournaments such as the ADCC World Championship. Full Name:John Salter",False
705,John Will,John,Will,,,https://www.bjjheroes.com/?p=705,"John Will is one of Australia’s most prestigiousBrazilian jiu-jitsublack belts, who many believe is part of the famous “Dirty Dozen” group – the first 12 non-Brazilians to receive a black belt in BJJ, having in fact coined the term in an interview. John Will was a pioneer in the Australasia region, having paved the way for many of the newer generations of grapplers in the area. Will has also awarded some of the most recognizable black belts in the Australian continent, competitors such as George Sotiropoulos, Elvis Sinosic, and Anthony Perosh. Full Name:John Will",False
12095,Johnif Rocha,Johnif,Rocha,,Cicero Costha,https://www.bjjheroes.com/?p=12095,"Johnif de Oliveira Rocha, commonly known as Johnif Rocha, is a jiu-jitsu black belt underCícero Costhaand a member of the PSLPB squad, who is widely regarded as one of his generation’s top rooster-weights, a reputation earned during his colored belt career, when he conquered World, Pan American, and European titles in the International Brazilian Jiu-Jitsu Federation (IBJJF) circuit. Originally from the state of Amazonas, Rocha belongs to a fruitful harvest of Amazonas grapplers produced by Costha from his São Paulo-based academy which includes athletes such asDiego “Pato”,Yuri Hendrex,Thalison Soares,Hygor Brito, to name a few. Full Name:Johnif de Oliveira Rocha",False
7664,Johnny Tama,Johnny,Tama,,Studio 76,https://www.bjjheroes.com/?p=7664,"Johnny Tama is an Equatorian grappler and ajiu-jitsublack belt underJuan Miguel Iturraldeof theAlliance Academy. Tama earned his reputation as one of the top athletes of his generation after conquering medals at the International Brazilian Jiu-Jitsu Federation (IBJJF) Pan American Championship (gi and no-gi) and World Championships (also gi and no-gi) in both the purple and brown belt categories. Later, in December 2019, Johnny Tama became the first Hispanic athlete to conquer an IBJJF world title in the adult black belt division of this sport. Full Name:Johnny Joachin Tama Apolinario",False
10588,Jon Blank,Jon,Blank,,10th Planet,https://www.bjjheroes.com/?p=10588,"Jon Blank is a grappling competitor and a black belt under the 10th Planet Academy system, a rank attributed by coaches JM Holland andZach Maslanyat the team’s Bethlehem, PA, gym. Jon earned recognition the recognition of his peers in the submission-only circuit while competing in events such as the Ultimate Mat Warriors, Finishers Only and Fight 2 Win, though his breakthrough tournament performance took place at the Combat EBI middleweight Invitational, a title conquered by Blank in 2018. Full Name:Jonathan Morris Blank",False
11248,Jonata Gomes,Jonata,Gomes,Be,Checkmat,https://www.bjjheroes.com/?p=11248,Jonata Gomes is a jiu-jitsu black belt underRicardo Vieiraas well as a representative of theCheckmat Teamin the sport’s global circuit. Jonata became widely recognized as one of BJJs rising Brazilian athletes after his performances in the colored belt divisions where he earned important medals in events such as the World and Pans Championships as well as the Brazilian Nationals and European Open with the International Brazilian Jiu-Jitsu Federation (IBJJF). Jonatas Gomes is also the son of Antonio Carlos (instructor at Fightzone – Rio de Janeiro) and the older brother of Jansen Gomes (international BJJ athlete). Full Name:Jonata Gomes Ramos,False
10085,Jonatha Alves,Jonatha,Alves,,Atos,https://www.bjjheroes.com/?p=10085,"Johnatha Alves is aBrazilian jiu-jitsublack belt underGuilherme Mendes, who is also a product of the Believe & Achieve grappling scholarship, being the grappling program’s very first athlete to reach the prestigious rank. Alves is widely recognized as one of the top BJJ athletes of his generation, a reputation earned while competing for the Atos Jiu-Jitsu team in the lower belt divisions of the sport, a time when Guilherme Mendes’ Art Of Jiu-Jitsu team was linked with the San Diego based squad. Full Name:Johnatha Barbosa Alves",False
8767,Jonathan Calestine,Jonathan,Calestine,Jon,Renzo Gracie Academy,https://www.bjjheroes.com/?p=8767,"Jon Calestine is ajiu-jitsublack belt under Daisuke Yamaji of the Renzo Gracie Fight Academy, having also worked extensively with Tony B,Eddie Cummings, andJohn Danaher. Widely regarded as one of the top 145 pound grapplers of his generation in the submission only professional grappling circuit, Calestine is best known for his wins at the Eddie Bravo Invitational, Onnit Invitational, Sapateiro Invitational, and Finishers Sub-Only. Full name:Jonathan calestine",False
9367,Jonathan Thomas,Jonathan,Thomas,,Valhalla BJJ,https://www.bjjheroes.com/?p=9367,"Jonathan Thomas, often referenced as Jon Thomas, is aBrazilian jiu-jitsublack belt under MasterRomero Cavalcanti(Jacaré) andLucas Lepri, who also worked extensively withRubens Charles(Cobrinha) and Rodrigo Vaghi. Thomas gained notoriety while competing in the lower ranks of BJJ’s international sporting circuit, after repeated wins at the International Brazilian Jiu-Jitsu Federation (IBJJF) World and Pan American Championships. Jonathan would later lead a successful competitive career as a black belt athlete and as a coach for the Swedish grappling academy, Valhalla Jiu-Jitsu. Full Name:Jonathan Paul Thomas",False
975,Jonatas Gurgel,Jonatas,Gurgel,Tagarela,American Top Team,https://www.bjjheroes.com/?p=975,"Jonatas Gurgel, also known as “Tagarela” is one of the top Jiu Jitsu fighters in the famous American Top Team (ATT). With an amazing grappling record in which you can add up World Cup, Pan American and Brazilian National BJJ titles, “Tagarela”, (who is an instructor at the ATT academy) has also added an MMA curriculum which he develops in Jiu Jitsu’s off season. Full Name:Jonatas Sampaio Gurgel",False
10293,Jonas Andrade,Jonas,Andrade,,PSLPB,https://www.bjjheroes.com/?p=10293,"Francisco Jonas Borges Andrade, commonly known as Jonas Andrade, is aBrazilian jiu-jitsu blackbelt underCicero CosthaandMurilo Santana, as well as a representative of the Cicero Costha (PSLPB) / Unity Academy coalition in the sport’s international circuit. Jonas Andrade became widely recognized as one of his generation’s best competitors after his numerous accolades in the International Brazilian Jiu-Jitsu Federation (IBJJF) and UAE Jiu-Jitsu Federation (UAEJJF) tournament scene. Full Name:Francisco Jonas Borges Andrade",False
11084,Jonatas Novaes,Jonatas,Novaes,,Channel Islands JJ,https://www.bjjheroes.com/?p=11084,"Jonatas Novaes is a former mixed martial arts (MMA) fighter and ajiu-jitsublack belt under de legendaryEduardo Jamelão, who also worked extensively with names such asRobert DrysdaleandRodrigo Medeiros(Comprido). In the grappling world, Jonatas Novaes is well recognized for his creative use of the half-guard position (flat half-guard) as well as for his numerous international titles in the International Brazilian Jiu-Jitsu Federation (IBJJF) and United Arab Emirates Jiu-Jitsu Federation (UAEJJF). Full Name:Jonatas Novaes do Nascimento",False
10103,Jonnatas Gracie,Jonnatas,Gracie,,Atos,https://www.bjjheroes.com/?p=10103,"Jonnatas Gracie is aBrazilian jiu-jitsublack belt underAndré Galvão, who also worked extensively withLuiz Guilherme(Guigo), prior to joining theAtos JJ Team. Gracie first made waves in this sport back in 2015, as a blue belt, when he reached the semi-finals of the ADCC Brazil Trials, arguably the toughest no-gi grappling tournament in the country. Jonnatas would go on to conquer numerous titles within the International Brazilian Jiu-Jitsu Federation (IBJJF), including World, European, and Pan-American gold medals. Full Name:Jonnatas Gracie Araujo da Silva",False
12247,Jordan Vaisman,Jordan,Vaisman,,Art Of Jiu-Jitsu,https://www.bjjheroes.com/?p=12247,"Jordan Vaisman is a jiu-jitsu black belt under Vinícius “Villeem” Coelho and a representative of the Art Of Jiu-Jitsu Team (AOJ) formerly withGracie Barra Teamin the sport’s global circuit. Vaisman worked extensively with other coaches of the Team GB franchise, includingVinicius “Draculino,Lucas Valente,Andressa Cintra,Flávio Almeida, and Alex Costa, while climbing the ranks of BJJ and conquering numerous important titles of the IBJJF league (International Brazilian Jiu-Jitsu Federation) such as the World No-Gi Championships, the Pan No-Gi Championships, American Nationals, to name a few but switched to AOJ in August 2022 to further advance his competitive career. Full Name:Jordan Vaisman N. Teodosio Silva",False
754,Jose Aldo,Jose,Aldo,Juninho,Nova Uniao,https://www.bjjheroes.com/?p=754,"José Aldo, or simply Junior as he is called by hisNova Uniaopeers, is a famous mixed martial arts (MMA) fighter from Manáus and a black belt inBrazilian jiu jitsuunder MasterAndré Pederneiras, a sport in which he excelled in the early 2000’s prior to his prize-fighting career. José Aldo conquered numerous titles in jiu jitsu’s lower belt divisions, having two wins over grappling legendRubens Charlesin the brown belt division. Full Name:José Aldo Junior",False
7693,Jose Carlos Granja,Jose,Carlos Granja,,Kimura /Nova Uniao,https://www.bjjheroes.com/?p=7693,"Jose Carlos is aBrazilian jiu jitsublack belt underJair Lourençoand a member of the Kimura /Nova União(K/NU) academy, being the team’s settler in Scandinavia. From his K/NU gym in Gjøvik, Norway Jose Carlos developed some of the top European grappling competitors, including big names in the world IBJJF circuit such as Espen Mathiesen andTommy Lilleskog Langaker. Full Name:José Carlos Hissa Granja",False
7931,Jose Carlos Sousa,Jose,Carlos Sousa,,GF Team,https://www.bjjheroes.com/?p=7931,"Jose Carlos Sousa is aBrazilian jiu jitsublack belt underJulio César Pereira, as well as a former student ofJuarez Soaresand a member of theGF Team. At the turn of the 2010 decade Jose Carlos was regarded as one of the top grappling prospects in the world, a career that came to a halt due to Sousa’ inability to earn a living from the sport. Sousa returned to jiu jitsu’s international spotlight in 2017, in time to reestablish himself as a key player in the lightweight division. Full Name:José Carlos Sousa da Silva",False
2241,Jose Leao Teixeira,Jose,Leao Teixeira,Ze Beleza,Escola de Jiu Jitsu,https://www.bjjheroes.com/?p=2241,"José Leão Teixeira, also known by his nickname: “Zé Beleza”, is an important figure injiu-jitsu’s history as he was one of the founding members of theGracie Barraacademy and theEscola de Jiu-Jitsu Leão Teixeiraa prime BJJ academy in Rio de Janeiro which is renowned for its work with children. Leão Teixeira (who trained extensively with the legendaryRolls Gracie) was also closely connected with the creation of CBJJ/IBJJF, jiu-jitsu’s most established governing body. Full Name:José Henrique Leao Teixeira Filho",False
14148,Jose Jurema,Jose,Jurema,,Checkmat,https://www.bjjheroes.com/?p=14148,"Jose Jurema Nascimento de Carvalho, commonly referred to as Jose Jurema or Jose Carvalho, is a jiu-jitsu black belt underTarcicio JardimandEndres Barbosa, who also worked with Key Pessoa &Cicero Costhaduring his time as a blue belt. Jurema represented the Checkmat team for most of his competitive career in which he conquered numerous important medals, particularly in the International Brazilian Jiu-Jitsu Federation (IBJJF) circuit. Full Name:Jose Jurema Nascimento de Carvalho",False
1548,Jose Junior,Jose,Junior,,,https://www.bjjheroes.com/?p=1548,"Jose Junior is an accomplished Brazilian Jiu Jitsu black belt who managed to slip under the radar of many BJJ enthusiasts until he submitted one of BJJ’s top players,Bernardo Faria, on the World Pro Jiu Jitsu Cup tournament in 2011. A student of master Juarez Soares for many years, Jose Junior moved to the United Arab Emirates to be part of the BJJ schooling program there, where he became a grappling coach. Full Name:Jose Ferreira da Silva Junior",False
12401,Jose Marcello,Jose,Marcello,Ze,Icon JJ,https://www.bjjheroes.com/?p=12401,"José Marcello Rodrigues, commonly known as Zé Marcello, is a well-respected jiu-jitsu black belt underSérgio “Bolão” Souzaand the co-founder of the Icon Team, one of the largest grappling affiliations in the European continent with over 100 gym affiliates. During the late 1990s and early 2000s, Zé Marcello was also one of the top competitors in the sport with medals at the International Brazilian Jiu-Jitsu Federation (IBJJF) World Championships and Brazilian Nationals. Full Name:José Marcello Rodrigues",False
3357,Jose Mario Queiroga,Jose Mario,Queiroga,Esfiha,,https://www.bjjheroes.com/?p=3357,"José Mario Queiroga, more commonly known in theBrazilian Jiu Jitsucommunity as Zé Mario Esfiha, is a BJJ 4th degree black belt underRoberto Traven, and a World, Pan American and Brazilian National medallist who is also known as one of the founders of theBrasa Jiu Jitsu academy. Full Name:Jose Mario MacCord Queiroga",False
232,Jose Mario Sperry,Jose Mario,Sperry,"Ze, Zen Machine, Ze Maquina",Brazilian Top Team,https://www.bjjheroes.com/?p=232,"One of the main competitors in bothJiu Jitsuand Mixed Martial Arts (MMA) in the late 1990’s and early 2000’s, José Mário Sperry, also known as Zé Mário or Zé Maquina, was a big figure of the Pride Fc organization in Japan. Though he was awarded his black belt by the late MasterCarlson Gracie, Sperry left theCarlson Gracie Academyat the turn of the century, to form and lead the Brazilian Top Team (BTT), a controversial move at the time that turned him into apersona non gratain his masters circle. BTT would become one of the most successful MMA gyms in the world for most of that decade an achievement highly influenced by Sperry’s presence. Full Name:Jose Mario Sperry",False
1633,Jose Olimpio,Jose,Olimpio,Ze Radiola,Gracie Barra,https://www.bjjheroes.com/?p=1633,"José Olimpio, commonly known as “Zé Radiola”, is a former professional surfer who became a pioneering figure for Brazilian Jiu Jitsu in the state of Pernambuco – Brazil, having developed the most fruitful grappling academy in the region. A black belt underCarlos Gracie Junior, Ze Radiola became the leader of theGracie BarraPernambuco academy from which he spawned numerous jiu jitsu standouts includingBraulio Estima,Victor EstimaandOtavio Sousa. In 2016 Radiola left Gracie Barra to form his own academy: ZR Team. Full Name:José Olímpio da Rocha",False
650,Josef Manuel,Josef,Manuel,Ze Cobra,Nova Uniao,https://www.bjjheroes.com/?p=650,"Josef Manuel Junior, mostly known by his “war name” of “Zé Cobra”, is a martial artist with over 20 years experience in the fight game. He is also a Brazilian Jiu Jitsu black belt under one of the legends in the sport, the honourableRobson Moura. Full Name:Josef Manuel Junior",False
13763,Jozef Chen,Jozef,Chen,,B Team,https://www.bjjheroes.com/?p=13763,"Jozef Chen is a Taiwanese-German grappler and jiu-jitsu competitor who often represents the B-Team in the sport’s international circuit. Chen had a meteoric rise in the Abu Dhabi Combat Club (ADCC) platform where he earned a medal in the promotion’s Asia & Oceania Qualifier (2022) with only 4 years of training, a good form he maintained and improved upon after that first breakthrough, cementing his name as one of the biggest talents of his generation in no-gi jiu-jitsu/submission-grappling. Full Name:Jozef Chen",False
12378,Joseph Dierkhising,Joseph,Dierkhising,Joe,,https://www.bjjheroes.com/?p=12378,"Joe Dierkhising is a professional geophysicist as well as a part-time grappler who competes regularly and successfully in the sport’s pro-circuit. A jiu-jitsu black belt under Jeff Messina of BJJ Revolution, Dierkhising first made waves in BJJ as an athlete in 2021 through his medal winning performances at the International Brazilian Jiu-Jitsu Federation (IBJJF) World No-Gi Championships and Pan No-Gi Championships. Dierkhising is also linked with the B-Team workgroup of Austin, Texas, with whom he trains regularly. Full Name:Joseph Othmar Dierkhising",False
2095,Josh Griffiths,Josh,Griffiths,,Clockwork JJ,https://www.bjjheroes.com/?p=2095,"Josh Griffiths is ajiu-jitsublack belt under former UFC fighter Kenny Florian, and the main instructor of the Clockwork Jiu-Jitsu Academy. Josh Griffiths started his career in jiu-jitsu underFabio ClementeofAlliance, and trained extensively withMarcelo Garciabefore he severed his ties with the Brazilian duo in a case that ended in a lawsuit against Garcia & Clemente (later dismissed), an affair that shook the BJJ community back in 2007. Josh Griffiths was also one of the top competitors in the New York grappling scene with wins at the Pan American Championship as a brown belt and multiple Abu Dhabi World Pro trials wins. Full Name:Joshua Griffiths",False
7096,Josh Hinger,Josh,Hinger,,Atos,https://www.bjjheroes.com/?p=7096,"Josh Hinger is an American bornBrazilian Jiu-Jitsublack belt, a rank earned fromAndré Galvaoat theAtos Jiu-Jitsu academyin San Diego, California. A specialist in both the Gi and No-Gi aspects of jiu-jitsu, Hinger won many important trophies as a middleweight (82kg/181lbs) competitor in the sport’s international circuit, including titles in the American No-Gi Nationals, Chicago International Open (Spring and Summer), Seattle International Open, Gracie Worlds as well as a 2nd place in EBI’s welterweight tournament. Full Name:Joshua Roy Hinger",False
11568,Joshua Cisneros,Joshua,Cisneros,,Cleber JJ / Elite Team,https://www.bjjheroes.com/?p=11568,"Joshua Anthony Cisneros, commonly as Josh Cisneros is an American jiu-jitsu athlete and a black belt under Tom Knox, who represents the Elite Team Visalia in Visalia, CA, an affiliate of the Cleber Jiu-Jitsu Association. Cisneros became widely recognized as one of the sport’s rising stars while competing in the colored belt divisions of the sport, a time when he conquered medals in important tournaments of the IBJJF circuit (International Brazilian Jiu-Jitsu Federation). Josh is also the brother of another well known BJJ athlete, Jacob Cisneros. Full Name:Joshua Anthony Cisneros",False
3313,Juan Caio Kamezawa,Juan Caio,Kamezawa,,Alliance,https://www.bjjheroes.com/?p=3313,"A Brazilian native of Japanese descent, Juan Caio Kamezawa, was regarded by the end of 2012 as one of the hottestJiu Jitsuprospects in the world, since then theFábio Gurgeland Luciano Nucci (Casquinha) black belt from theAlliance academyhas confirmed this status with several podium spots at the sport’s toughest tournaments, including a gold medal at the Brazilian Nationals in 2013. Full Name:Juan Caio Kamezawa da Silva",False
8555,Juan Miguel Iturralde,Juan Miguel,Iturralde,,Alliance,https://www.bjjheroes.com/?p=8555,Juan Miguel Iturralde is aBrazilian jiu jitsublack belt underFernando Di Piero(Soluço) and a former member of theAlliance Academy(later with Globetrotters BJJ) being also a pioneer for this martial art in the country of Ecuador. Iturralde is widely regarded as a pivotal figure in the development of high-end Ecuadorian competitors such asFrancisco Iturralde(Sinistro) andJohnny Tama. Full Name:Juan Miguel Iturralde,False
7757,Juan Lopes da Silva,Juan,Lopes da Silva,,Prime Team,https://www.bjjheroes.com/?p=7757,"Juan Lopes da Silva is aBrazilian jiu jitsublack belt under Victor Hugo, being also the head coach of Prime Team – a grappling association in Duque de Caxias – Rio de Janeiro. A successful competitor in both the adult and master divisions of our sport’s tournament circuit, Lopes’ many victories inside the mats earned him a placement on BJJ Heroes’2016 End of Year Rankingof jiu jitsu’s top athletes. Full Name:Juan Lopes da Silva",False
13775,Julian Espinosa,Julian,Espinosa,,Renzo Gracie Academy,https://www.bjjheroes.com/?p=13775,"José Julián Espinosa Flores, commonly known as Julián Espinosa is a professional grappler from Costa Rica and a jiu-jitsu black belt under Arturo Wesson andRolles Graciewho broke through as one of the most promising athletes in the sport back in 2022 as a brown belt when he conquered two important medals of the International Brazilian Jiu-Jitsu Federation (IBJJF) league, the European No-Gi (gold) & World No-Gi (silver) Championships. Espinosa would maintain his good form in his debut year as a black belt (2023), cementing his status as an important figure on the global circuit. Full Name:José Julián Espinosa Flores",False
7006,Julio dos Anjos Junior,Julio,dos Anjos Junior,,,https://www.bjjheroes.com/?p=7006,"Júlio dos Anjos is aBrazilian jiu jitsublack belt under MasterJúlio César Pereira, being one of the topGrappling Fight Team(GFT) representatives in the sport’s lightweight division (76kg – 168lbs). A former student of Jorge Trovão (RIP), dos Anjos made a name for himself competing for GFT in the brown belt division, where he conquered numerous important titles before being promoted to black belt (2016). Full Name:Júlio Cezar dos Anjos Junior",False
203,Julio Cesar,Julio,Cesar,,GF Team,https://www.bjjheroes.com/?p=203,"Master Julio Cesar Pereira is a highly regarded grappling instructor and a coral belt in jiu jitsu, a rank awarded by the International Brazilian Jiu-Jitsu Federation (IBJJF). Master Julio is well known for his work as a head coach of GF Team (Grappling Fight Team), formerly known as Gama Filho Jiu Jitsu Academy – a team he co-founded and where he developed important athletes such asRodolfo Vieira,Vitor Henrique Oliveira,Ricardo Evangelista,Igor Silva, and many others. Full Name:Julio Cesar Pereira",False
4507,Julio Fernandez,Julio,Fernandez,Foca,BJJ Revolution,https://www.bjjheroes.com/?p=4507,"Julio Fernandez, also known as “Foca” (Seal) is aBrazilian jiu jitsu6th degree black belt, graded by the illustriousMaster Carlson Gracie. Julio “Foca” was also one of the first Brazilians to move to the United States (1989) where he helped spread his country’s grappling style, Julio was also a co-founder of of BJJ Revolution Team. Full Name:Julio César Fernandez Nunes",False
4411,Julius Park,Julius,Park,,Crazy 88,https://www.bjjheroes.com/?p=4411,"Julius Park is aBrazilian jiu jitsublack belt and the founder of the Crazy 88 academy, a highly organized Baltimore (Maryland, US) academy that in its short existence has managed to produce some of the toughest American competitors to date, people such asTim Spriggs, Tye Murphy, Devon Delbrugge and many others. Full Name:Julius Kyung Soo Park",False
12785,Julia Alves,Julia,Alves,,GF Team,https://www.bjjheroes.com/?p=12785,"Júlia Alves is a jiu-jitsu black belt underJúlio César Pereiraand a professional grappler who represents GF Team in the sport’s international circuit. Alves first made waves in the sport as a colored belt while competing in the sport’s global circuit where she conquered numerous big events, including in mixed black belt & colored belt divisions of the Abu Dhabi Jiu-Jitsu Pro Tour league (AJP) where beat well-established pro-athletes such as Margo Ciccarelli, Nathalie Ribeiro, Gabriela Fechter, to name a few. Full Name:Júlia de Jesus Alves",False
10370,Julia Boscher,Julia,Boscher,,,https://www.bjjheroes.com/?p=10370,"Julia Boscher is a Brazilian jiu-jitsu black belt underHugo Marquesand Alexandre Salgado, who is one of the main representatives of theSoul Fighters Academyin the sport/martial art’s international competitive circuit. Boscher gained notoriety while grappling in the International Brazilian Jiu-Jitsu Federation (IBJJF) and UAE Jiu-Jitsu Federation (UAEJJF) as a colored belt, where she conquered World, Pan, and Brazilian National titles, this while being a loud voice for female activism in this sport, campaigning for more female representation in jiu-jitsu. Full Name:Julia Boscher Seixas Pinto",False
14094,Julia Maele,Julia,Maele,,OXY Gym,https://www.bjjheroes.com/?p=14094,"Julia Maele is a Norwegian grappler and a black belt in jiu-jitsu underFelipe “Gargamel” Motawho represents the country’s OXY Gym. Maele is widely recognized as one of her generation’s top European grapplers, a reputation achieved through her many medal-winning performances in the sport’s international circuit, including multiple European No-Gi titles with the International Brazilian Jiu-Jitsu Federation (IBJJF). Full Name:Julia Maele",False
11401,Juliana Borges,Juliana,Borges,,,https://www.bjjheroes.com/?p=11401,"Juliana Vieira Borges is a judo and jiu-jitsu black belt as well as a former freestyle wrestler who made history in both BJJ and wrestling during the 2000s decade, as a competitor, by being the first woman to win double gold medals at the ADCC World Championships (2005) in the process earning also the title of first female open weight champion in the prestigious grappling tournament. This while also earning a gold medal in the freestyle wrestling Pan American Championships, being the first Brazilian woman to achieve the podium in this event. During her athletic career, Juliana Borges excelled in all three sports, being particularly successful in jiu-jitsu after earning world titles across 3 organizations in both the Gi and No-Gi disciplines. Full Name:Juliana Vieira Borges",False
9711,Jurandir Conceicao,Jurandir,Conceicao,,G13,https://www.bjjheroes.com/?p=9711,"Jurandir Conceição is aBrazilian jiu-jitsublack belt underRoberto Godoy, being one of the main representatives of the G13 team in the sport/martial art’s international circuit while also owning a successful academy of his own in São Paulo, Brazil (Academia Rock Fight). One of the most exciting guard players of his generation, Conceição earned important medals in tournaments such as the South American Championship, São Paulo Open, Miami Open and many more. Full Name:Jurandir Vieira da Conceição",False
1377,Jurandir Moura,Jurandir,Moura,,,https://www.bjjheroes.com/?p=1377,"Jurandir Moura Jurandir Moura is an Important figure in the Jiu Jitsu and Vale Tudo (no holds barred) history of Brazil, specially in the Northeast region of the country. Having passed away on January 2010, Jurandir Moura was an 8th Degree Instructor (Coral Belt) and the man responsible for the tuition of several important fighters in the 1950’s and 1960’s era.",False
13801,Justin Ordinario,Justin,Ordinario,,,https://www.bjjheroes.com/?p=13801,"Justin Masaichi Ordinario is an American grappler from Texas and a jiu-jitsu black belt under Roy Davis who also worked extensively with coaches Alvis Solis and Pablo Silva. Ordinario made his name in this sport, mostly, while competing in the Masters division of the International Brazilian Jiu-Jitsu Federation (IBJJF) where he conquered world titles in the Gi (kimono) and no-gi ruleset as well as the Pan American Championship. Justin has a twin brother, Dustin, and a older brother Davin Ordinario, all three are accomplished BJJ black belts. Full Name:Justin Masaichi Ordinario",False
1398,Justin Rader,Justin,Rader,,,https://www.bjjheroes.com/?p=1398,"Justin Rader is an American born,Brazilian Jiu Jitsublack belt under the illustriousRafael Lovato Jr. A former wrestler, Rader adapted his skills to BJJ, becoming one of the top competitors of his generation by reaching the podium of important tournaments such as the world championships (purple belt gold), world nogi championships (black belt gold), the ADCC (bronze) and Grapplers Quest (Pro Division). Full Name:Justin S. Rader",False
9114,JW Wright,JW,Wright,,Gracie Humaita,https://www.bjjheroes.com/?p=9114,"JW Wright is aBrazilianJiu Jitsu black belt under David Adiv andRoyler Gracie, being also a pioneer for this sport/martial art in USA’s Midwest region. Known for his work as a coach at theGracie HumaitaSt Louis, Missouri, a gym where Wright helped develop well-known athletes such as Jena Bishop and Nick Schrock, JW has also been involved in developing the regional tournament scene through the FUJI BJJ tournament franchise. A venture he founded in partnership with Vince Anzelone, Jimmy Pedro and Lia Hatashita which quickly gained countrywide proportions. Full Name:Joe Wayne Wright Jr.",False
967,Jonathan Torres,Jonathan,Torres,JT,Atos,https://www.bjjheroes.com/?p=967,"Jonathan Torres, commonly known as JT Torres is aBrazilian Jiu-Jitsublack belt underLloyd Irvin, who worked extensively withAndré Galvãobefore opening his own academy, Essential BJJ. One of the most accomplished lightweight grapplers of his generation, Torres made waves as a competitor with a crowd-pleasing style and a wealth of accomplishments at the highest level, including titles in the Abu Dhabi Combat Club (ADCC) and International Brazilian Jiu-Jitsu Federation (IBJJF) circuits. Full Name:Jonathan Torres",False
13028,Kacie Tan,Kacie,Tan,,Fortitude BJJ,https://www.bjjheroes.com/?p=13028,"Kacie Pechrada Tan, commonly known as KC, is a Thailandese born Jiu-Jitsu black belt who competes at the pro level of the sport where she represents the Cicero Costa Association. KC Tan is also one of the most successful Thai athletes to have competed in BJJ with consecutive Abu Dhabi Jiu-Jitsu Pro (AJP) Grand Slam titles, and a World Pro title, as well as a gold medal in the International Brazilian Jiu-Jitsu Federation (IBJJF) Masters World Championships in the lower belt divisions, prior to her successful professional career. Kacie Tan was also the first home-grown female blackbelt from Thailand. Full name:Kacie Pechrada Tan",False
13834,Kaua Gabriel,Kaua,Gabriel,,Escola Melqui Galvao,https://www.bjjheroes.com/?p=13834,"Kauã Gabriel Barbosa (note that the “ã” in Kauã represents a nasalization at the end of the syllable used in the Portuguese language. e.g. sounds somewhat similar to “hunt” but without the “nt” being pronounced.) commonly known as Kauã Gabriel is a jiu-jitsu black belt underMelqui Galvãowho first broke out in the sport back in 2022 after he made the final of the ADCC Brazilian Qualifier in São Paulo as an 18yo purple belt. He would cement his claim as one of the hottest prospects in the sport in the years that followed, particularly in the no-gi circuit. Full Name:Kauã Gabriel De Araujo Barbosa",False
11465,Kauan Barboza,Kauan,Barboza,,Checkmat,https://www.bjjheroes.com/?p=11465,"Kauan Barboza is a jiu-jitsu black belt under André “Alemão” Vasconcelos, who worked extensively with coaches Ari “Galo” andLeonardo Vieira, having represented theCarlson Gracie Academyin the past and, later, theCheckmatteam. Barboza became widely recognized as one of the sport’s rising stars during his colored belt career, a time when he earned medals in the IBJJF (International Brazilian Jiu-Jitsu Federation) World Championships and Brazilian Nationals. He would later cement that status with an outstanding career on the professional circuit. Full Name:Kauan Argimon Barboza",False
3009,Keenan Cornelius,Keenan,Cornelius,,Atos,https://www.bjjheroes.com/?p=3009,"Keenan Cornelius is a Hawaii born professional athlete in the sport/martial art ofBrazilian Jiu-Jitsuwho competes as a free agent, having previously represented theAtosas well as Lloyd Irvin’s team. His career gathered worldwide recognition through his early wins in the lower belt divisions, a time when Cornelius conquered the “Jiu-Jitsu Grand Slam” (IBJJF World, Pans, European and Brazilian National titles), then raising his status as the Most Accomplished Brown Belt Of All Time. The talented grappler received his black belt fromAndré Galvãoin September 2013, later, in April 2019, leaving the Atos team to open his own affiliation, Legion. Full Name:Keenan Kai-James Cornelius",False
12491,Keith Krikorian,Keith,Krikorian,,10th Planet,https://www.bjjheroes.com/?p=12491,"Keith Krikorian is a professional grappler and a back belt in jiu-jitsu underRichie “Boogeyman” Martinezof the 10th Planet Team. An experienced athlete under the submission-only and EBI ruleset, Krikorian first made waves in the sport while competing at the ADCC United States Trials as a colored belt, where he conquered 2 second places (2018 & 2019), performances that earned Keith an invitation for the ADCC World Championships of 2019. Keith would later earn the rank of black belt and continue to prove his worth on the professional circuit. Full Name:Keith Krikorian",False
1068,Keith McKenzie,Keith,McKenzie,,Checkmat,https://www.bjjheroes.com/?p=1068,Keith McKenzie is a Brazilian Jiu Jitsu black belt underMarco Canhafrom Checkmat. Mckenzie is one of the very first Scottish Nationals to have been awarded the grade of black belt (the 3rd) an honour he achieved after winning the European Championships for the 2nd time in a row in the brown belt middleweight division (2010 and 2011) Full Name:Keith Michael McKenzie,False
2504,Gerry Costa,Gerry,Costa,Kid Pelligro,,https://www.bjjheroes.com/?p=2504,"Gerry Costa, commonly known by his nickname “Kid Peligro”, is a Brazilian Jiu Jitsu black belt underRoyler Graciewho was one of the firstBrazilian Jiu Jitsurelated bloggers, being an inspiration for the hundreds of BJJ blogs that spawned since he started back in 1998. As well as being a blogger and a published author, Kid Peligro is famed for his passion for other sports such as Surfing, and “Ginastica Natural”, having been instructed in this form of Brazilian gymnastics by the creator of the style, Alvaro Romano. Full Name:Geraldo (Gerry) Costa",False
12005,Kade Ruotolo,Kade,Ruotolo,,Atos,https://www.bjjheroes.com/?p=12005,"Kade Ruotolo is a professional jiu-jitsu athlete and a representative of theAtos Academyin the sport’s international circuit. Kade broke out as one of the hottest prospects in grappling during his childhood, a reputation earned alongside his twin brother,Tye Ruotolo, both of whom became well-known as the Ruotolo Twins, jiu-jitsu’s first child-stars. During his development as a top-tier grappler, Kade Ruotolo worked with a variety of revered instructors, which included such asCleber Luciano, Guilherme Mendes, andAndré Galvão– the latter responsible for Kade’s blue, purple, brown, and black belt promotions. Full Name:Kade Ruotolo",False
11725,Kaiser Girao,Kaiser,Girao,,Checkmat,https://www.bjjheroes.com/?p=11725,"Keiser Girão is a jiu-jitsu black belt underRigan Machado, who worked extensively with the rest of the Machado brothers,Ryan Gracie,Nogueira brothers, andAmaury Bitetti. Girão is known for his work as a grappling coach in Dallas, Texas, USA, where he developed one of the main jiu-jitsu schools in the world under theCheckmat Teambanner (Mezger Martial Arts), being behind big names of the sport such asMatheus GabrielandSam Nagai. Full Name:Keiser Antonio Esteves Girão",False
8173,Karel Pravec,Karel,Pravec,Silver Fox,Renzo Gracie Academy,https://www.bjjheroes.com/?p=8173,"Karel Pravec, commonly known as the Silver Fox is aBrazilian jiu-jitsublack belt of Czechoslovakian descent, who earned his rank throughRenzo Gracie, being one of the Gracie’s very first students in the United States. Pravec is also recognized as one of the top instructors in the New Jersey area, being behind accomplished competitors such as 2009 ADCC Runner-upJerry Rinaldi,EBI 12champion Erin Blanchfield, mixed martial arts (MMA) fighter Sergio DeBari, Frank Roberts, Enrique Galarza & Juan Galarza and many others. The Silver Fox is also known for the BJJ programs he developed for online use such as his 2016 book ‘Fluid BJJ‘. Full Name:Karel Pravec",False
13473,Kauane Silva,Kauane,Silva,,Fight Sports,https://www.bjjheroes.com/?p=13473,"Kauane Ramos da Silva is a jiu-jitsu black belt underRoberto Abreu (Cyborg)who represents the Fight Sports Miami team in grappling’s global circuit, having previously worked extensively with coachesSebastian Lalli& Letícia Lalli in Curitiba, Brazil. Kauane Ramos Da Silva first made waves in the sport while competing in the International Brazilian Jiu-Jitsu Federation (IBJJF) league where she conquered numerous titles. Full Name:Kauane Ramos Da Silva",False
8974,Kaynan Duarte,Kaynan,Duarte,,Atos,https://www.bjjheroes.com/?p=8974,"Kaynan Duarte is aBrazilian jiu-jitsublack belt underAndré Galvão, having also worked extensively with coaches José Luis and Paulo Ledesma, being one of the main competitors of theAtos Jiu-Jitsu Academyduring the late 2010s and early 2020s. Duarte first made an appearance on BJJ’s mainstream media after his win at the 2017 ADCC Rio de Janeiro trials, an outstanding achievement conquered as a purple belt. He went on to cement his status as one of his generation’s top competitors in the years that followed with multiple world titles with the IBJJF and the ADCC. Full Name:Kaynan Casemiro Duarte",False
10885,Kendall Reusing,Kendall,Reusing,,Gracie Barra,https://www.bjjheroes.com/?p=10885,"Kendall Reusing is a grappler and ajiu-jitsublack belt under Tom Reusing (father), widely regarded as one of the top competitors of her generation. After a successful career as a freestyle wrestler, 5’9 (175cm) Reusing dominated the super-heavyweight division as a colored belt, before joining the black belt brackets in July 2019. During her first 6 months in BJJ’s professional division, Kendall conquered the International Brazilian Jiu-Jitsu Federation (IBJJF) World No-Gi Championship in both her weight and the absolute division (open weight), cementing her status as one of the top tier athletes in the sport. Full Name:Kendall Marie Reusing",False
14239,Kennedy Franklin,Kennedy,Franklin,,Inicio JJ,https://www.bjjheroes.com/?p=14239,"Kennedy Franklin is an American grappler and a jiu-jitsu black belt underErick Raposo, who first made her name in the sport while competing on the International Brazilian Jiu-Jitsu Federation (IBJJF) circuit where she conquered numerous important medals in the Gi and No-Gi rulesets. Full Name:Kennedy Paige Franklin",False
9031,Kennedy Maciel,Kennedy,Maciel,Cobrinha Junior,Alliance,https://www.bjjheroes.com/?p=9031,"Kennedy Maciel is aBrazilian jiu-jitsu(BJJ) black belt, a promotion awarded by his father – legendary grapplerRubens Charles(also known as Cobrinha). Widely regarded as one of the top competitors of his generation, Kennedy Maciel started making waves in this sport during his colored belt campaigns. A time when he earned world titles at both the International Brazilian Jiu-Jitsu Federation (IBJJF) and the United Arab Emirates Jiu-Jitsu Federation (UAEJJF), two of BJJ’s most prestigious leagues. Full Name:Kennedy Leonardo Maciel",False
13678,Kenta Iwamoto,Kenta,Iwamoto,,,https://www.bjjheroes.com/?p=13678,"Kenta Iwamoto is a Japanese grappler as well as a judo and jiu-jitsu black belt in jiu-jitsu underYusuke Honmawho often represents B-Team (USA) on the international circuit. Iwamoto first made waves in the sport when he conquered the ADCC (Abu Dhabi Combat Club) Asian Trials in 2019, a deed he repeated several times, being a veteran in the promotion’s World Championships. Full Name:Kenta Iwamoto",False
11889,Keven Carrasco,Keven,Carrasco,,Ares,https://www.bjjheroes.com/?p=11889,"Keven Carrasco is a professional jiu-jitsu athlete and black belt underOsvaldo Moizinho (Queixinho)of the Ares Academy, who also worked extensively with coachesSamir ChantreandAndré Glodzinski. Carrasco became widely regarded as one of the top competitors in the light-featherweight division after his wins as a purple and brown belt in the International Brazilian Jiu-Jitsu Federation’s (IBJJF) World and Pan American Championships back in 2019 and 2020 respectively. Full Name:Keven Carrasco",False
13507,Kevin Gabriel Alencar,Kevin,Gabriel Alencar,,Dream Art,https://www.bjjheroes.com/?p=13507,"Kevin Gabriel Mascarenhas Alencar, commonly known as Kevin Gabriel is a professional jiu-jitsu athlete and a black belt underIsaque Bahiense, who represents team Dream Art in the sport’s global circuit. Kevin Gabriel first made waves in the sport while competing in the International Brazilian Jiu-Jitsu Federation (IBJJF) league as a colored belt, where he earned his first world title (2023 brown belt division). Full Name:Kevin Gabriel Mascarenhas Alencar",False
6368,Kevin Mahecha,Kevin,Mahecha,,ATT,https://www.bjjheroes.com/?p=6368,"Kevin Mahecha is a respectedjiu-jitsublack belt underJonatas Gurgel, who is well known for his technical grappling style, one heavily reliant on modern techniques such as the berimbolo and crab-ride – a style he shares with his twin brother, the equally successful,Brian Mahecha. Although born in New York, Kevin is mostly known as one of Florida’s foremost grapplers, the state he adopted during his adulthood. Kevin has defeated many of jiu-jitsu’s top athletes, includingTim Spriggs,Michael Liera Jr,Rodrigo Freitas. Full Name:Kevin Javier Mahecha",False
13515,Khaled Alshehi,Khaled,Alshehi,,,https://www.bjjheroes.com/?p=13515,"Khaled Alshehi is a jiu-jitsu black belt under Zayed Alkaabi and Iuri Alves and a member of the Al Ain Club, who represents the United Arab Emirates (UAE) in the sport’s international circuit. Khaled Alshehi first made waves as a juvenile & adult colored belt athlete competing in the Abu Dhabi Jiu-Jitsu Pro (AJP) league, where he conquered the World Pro Championship as well as several Grand Slam Tour events before earning his professional rank (black belt) where he continued his good form. Full Name:Khaled Mohammed Alshehi",False
12115,Kieran Kichuk,Kieran,Kichuk,,Team Lloyd Irvin,https://www.bjjheroes.com/?p=12115,"Kieran Kichuk is a Canadian grappler and a jiu-jitsu black belt under Fernando Zulick (Gringo), who also worked extensively with Steve Lin andLloyd Irvin. Kieran Kichuk made waves in the sport due to his submission-oriented jiu-jitsu style and for his success in important tournaments such as the International Brazilian Jiu-Jitsu Federation (IBJJF) Pan American No-Gi Championships. Full Name:Kieran Robert Kichuk",False
9758,Kit Dale,Kit,Dale,,,https://www.bjjheroes.com/?p=9758,"Kit Dale is an Australian grappler and aBrazilian jiu-jitsublack belt underYuri Simões, who also worked with coaches: Bernie Jenkins and Peter De Been. Widely recognized as one of the best jiu-jitsu competitors developed in Australia, a reputation conquered while competing on the lower belt divisions of the sport – a time when Dale conquered 4 United Arab Emirates Jiu-Jitsu Federation (UAEJJF) world titles, Kit competed in important, mainstream, professional grappling events such as Polaris Invitational, Metamoris, ADCC, Copa Podio and more. Full Name:Kit James Dale",False
12010,Kira Sung,Kira,Sung,,Seorae JJ,https://www.bjjheroes.com/?p=12010,"Kira Sung is a professional jiu-jitsu athlete and a black belt under Hyuk-il Kwon of the Seorae Academy in Seoul, South Korea. Although already successful on the international grappling circuit, Sung’s first major breakthrough performance took place at the International Brazilian Jiu-Jitsu Federation (IBJJF) World Championship in 2018, a tournament Kira won, then becoming the first Korean competitor to conquer world title in this sport. Full Name:Kira Sung",False
13241,Kjetil Lydvo,Kjetil,Lydvo,,Frontline,https://www.bjjheroes.com/?p=13241,"Kjetil Lydvo (pronounced Sh-eh-till Leed-vdo) is a Norwegian grappler and a jiu-jitsu black belt under Eduardo Rios (Teta), who represents team Frontline in the sport’s international circuit. Lyvdo first made himself noticed as a competitor in the colored belt divisions of the International Brazilian Jiu-Jitsu Federation (IBJJF) league, where he conquered numerous important titles such as World & European champion. Once he transitioned to the professional division (black belt), in 2023, Kjetil Lydvo immediately made his mark by earning a silver medal in one of the top tournaments of the sport, the European Open. Full Name:Kjetil Lydvo",False
11049,Kody Steele,Kody,Steele,,Checkmat,https://www.bjjheroes.com/?p=11049,"Kody Steele is an American athlete and a professional grappling competitor as well as ajiu-jitsublack belt underRodrigo Cabral(Brucutu), who represents the Texas-based team — Brazilian Fight Factory (affiliated with Checkmat). A former wrestling standout, Steele became a well-recognized figure in BJJs pro circuit as a brown belt (2018-2019), a time when he conquered the Eddie Bravo Invitational (EBI) Combat Tournament, also beating former 2x black belt world champion DJ Jackson that year at Third Coast Grappling, among other important medals on the International Brazilian Jiu-Jitsu Federation (IBJJF) amateur league. Full Name:Kody Steele",False
1919,Koji Shibamoto,Koji,Shibamoto,,Tri Force,https://www.bjjheroes.com/?p=1919,"Koji Shibamoto is a judo and Brazilian jiu-jitsu black belt underMitsuyoshi Hayakawa, widely regarded as one of the main competitors of his generation’s roosterweight division. A former athlete for the Tokai University judo team during his early adulthood, while also representing the country of Japan in international judo tournaments, Koji Shibamoto turned his focus to grappling during the mid-2000s, quickly becoming the most acknowledged Japanese competitor of his time. Full Name:Koji Shibamoto",False
674,Kyra Gracie,Kyra,Gracie,,,https://www.bjjheroes.com/?p=674,"Kyra Gracie is ajiu-jitsublack belt underCarlos Gracie Juniorand the first female member of the famous Gracie family to achieve worldwide notoriety as an accomplished grappler. A true phenomenon inside the sport, Kyra Gracie was already considered one of the best jiu-jitsu competitors in the world in her early 20s, a status cemented by her wins at important tournaments such as theWorld Jiu-Jitsu Championships, Pan American Jiu-Jitsu Championships, and the ADCC (Abu Dhabi Combat Club). Kyra Gracie is also an important ambassador of the sport, and one of the most televised jiu-jitsu practitioners with appearances in famous Brazilian TV shows such asPrograma do Jo(with Jo Soares) and Sensei SporTv. Full Name:Kyra Gracie Guimarães",False
8981,Kristen Martin,Kristen,Martin,,Brazil 021,https://www.bjjheroes.com/?p=8981,"Kristen Martin is aBrazilian Jiu Jitsublack belt underHannette StaackandAndré Terêncio, being one of the main figures of the Brazil 021 School of Jiu-Jitsu competition team. Martin made waves in the lower belt divisions of the sport, a time when she first brought the attention of mainstream media to her performances, particularly after winning IBJJF World and Pans titles as a brown belt. Kristen has since cemented their status one of the top grapplers of her generation. Full Name:Kristen Martin",False
8893,Kristin Mikkelson,Kristin,Mikkelson,,Brazil 021,https://www.bjjheroes.com/?p=8893,"Kristin Mikkelson is aBrazilian jiu jitsublack belt underHannette Staackhaving also worked extensively withAndré Terêncio, being a top representative of the Brazil 021 Team, one of Chicago, IL – USA top grappling academies. Kristin Mikkelson made a name for herself as a leading figure in the lightweight division during her colored belts campaigns, where she earned two IBJJF world titles (gi + nogi) and several other important medals. Full Name:Kristin Mikkelson",False
788,Kron Gracie,Kron,Gracie,,,https://www.bjjheroes.com/?p=788,"Kron Gracie is the son ofjiu-jitsulegendRickson Gracie, and a top contestant in the sport’s black belt division with medals in the International Brazilian Jiu-Jitsu Federation (IBJJF) World Jiu-Jitsu Championship and an ADCC title (2013). A fierce competitor since his early teenage years,  Kron Gracie made a name for himself in the grappling scene at the lower belt divisions through an incredible run in some of the sport’s most important tournaments, where he managed to establish a 51 straight submission win streak. Kron Gracie is also known by his “fundamentals” based jiu-jitsu style and for his exciting submission orientated grappling game, a style he used to transition to mixed martial arts (MMA). In MMA Kron Gracie has competed for important promotions such as RIZIN (Japan) and the Ultimate Fighting Championship (UFC). Full Name:Kron Gracie",False
12842,Kristof Szucs,Kristof,Szucs,,Gracie Barra,https://www.bjjheroes.com/?p=12842,"Kristóf Szucs is a Hungarian grappler and a black belt in jiu-jitsu underRômulo Barral, who worked extensively with other instructors such asMax CarvalhoandLucas Rochawhile representing teamGracie Barra‘s “Red Shield” in the sport’s international circuit. Szucs was also one of the first athletes from Hungary to gain world wide notoriety in jiu-jitsu after his gold medal performances at some of the International Brazilian Jiu-Jitsu Federation (IBJJF) top tournaments as a colored belt. Full Name:Kristóf Szucs",False
901,Kayron Gracie,Kayron,Gracie,,Gracie Barra,https://www.bjjheroes.com/?p=901,"Kayron Gracie the grandson of Gracie jiu jitsu founderCarlos Gracie Senior. He is also the son ofCarlos Gracie Juniorand an important BJJ competitor of his own merit, having won prestigious tournaments such as the Pan American championship and the world championship. A member of theGracie Barra academy(which his father founded), Kayron Gracie is a continuation of the Gracie Family’s dominance in the sport of jiu jitsu. Full Name:Kayron Gracie",False
2475,Kurt Osiander,Kurt,Osiander,,Ralph Gracie,https://www.bjjheroes.com/?p=2475,"Kurt Osiander is aBrazilian Jiu Jitsublack belt, a grade he achieved training underRalph Gracie‘s tutelage. Osiander is one of the cult heroes in BJJ’s community,  having been an active competitor since the mid 1990’s. Kurt Osiander’s straight forward personality and witty comments expressed in his video blog (Kurt Osiander’s Move of the Week) have given us well recognized phrases such as “shut up and train” and “you f****d up a long time ago”, which turned the Ralph Gracie Academy head instructor into one of the most beloved personalities in the sport especially within the YouTube generation. Full Name:Kurt Johann Osiander",False
10705,Kyle Boehm,Kyle,Boehm,,10th Planet,https://www.bjjheroes.com/?p=10705,"Kyle Boehm is a professional grappler, a black belt under the 10th Planet system and a student of John Botello, leader of the team’s Phoenix, AZ affiliate. Boehm also worked extensively withGeoandRichie Martinezof 10th Planet Oceanside while making a name for himself, competing in the North American submission-only tournament circuit where Kyle conquered numerous titles, beating big names of the sport such asKaynan Duarte,Dan Borovic,Tex Johnsonto name a few. Full Name:Kyle Boehm",False
8399,Kleber Oliveira,Kleber,Oliveira,Buiu,Gracie Barra,https://www.bjjheroes.com/?p=8399,"Kleber de Oliveira Paulino, commonly known as Kleber ‘Buiú’ is aBrazilian jiu jitsublack belt underCarlos Gracie Junior, and a representative of theGracie Barra Academy(GB). A former CBJJ Brazilian National Champion and a medalist at the IBJJF World Jiu Jitsu Championship, Buiú has also served as one of the head instructors at GB’s headquarters, before opening his own franchise of the team in Parque Olímpico – Rio de Janeiro. Full Name:Kleber de Oliveira Paulino",False
8682,Lachlan Giles,Lachlan,Giles,,Absolute MMA,https://www.bjjheroes.com/?p=8682,"Lachlan Giles is an Australian grappler and black belt inBrazilian jiu-jitsublack belt under John Simon, having also worked extensively with Tyrone Crosse as well as Thiago Stefanutti. Known as one of the top Aussie competitors of his generation – a reputation earned through podium placements in prestigious tournaments which include the IBJJF World No-Gi Championship, Pan Pacific Championship, Boa Super 8 and Eddie Bravo Invitational, Lachlan Giles is also revered for his work as a grappling coach, aiding athletes such asLivia GluchowskaandCraig Jones. Full Name:Lachlan Sven McDonald Giles",False
9477,Larissa Campos,Larissa,Campos,,Gracie Humaita,https://www.bjjheroes.com/?p=9477,"Larissa Campos Carvalho, commonly known as Lari Campos, is aBrazilian jiu-jitsublack belt under Thiago de Guimarães, who became one of the top female athletes in the sport while representing the Gracie Reunion Academy in the international BJJ circuit – a team located in the remote Reunion Island, off the coast of Africa. Lari Campos would later relocate to the United States, where she joined the AOJ squad while maintaining her status as one of the best light-featherweight competitors of her generation. Full Name:Larissa Campos Carvalho",False
12508,Larissa Dias,Larissa,Dias,,,https://www.bjjheroes.com/?p=12508,"Larissa Dias de Almeida, commonly known as Larissa Dias, is a jiu-jitsu black belt underVinícius Marinhowho worked extensively with coachesIsaque BahienseandMelqui Galvãowhile climbing the ranks of the sport. Dias first made waves in grappling during her colored belt career, a time when Larissa conquered World, Pan, and South American titles on the International Brazilian Jiu-Jitsu Federation (IBJJF) circuit. Larissa went on to become one of the top heavyweights of her generation with multiple world titles to her credit. Full Name:Larissa Dias de Almeida",False
9938,Larissa Paes,Larissa,Paes,,Gordo JJ,https://www.bjjheroes.com/?p=9938,"Larissa Paes is aBrazilian jiu-jitsublack belt under Paulo Avolio, and one of the main representatives of the Gordo JJ Association, a team she represents in the sport’s international circuit. Paes first made waves in grappling competing in the purple belt division, when she conquered every tournament she entered – with the sole exception of the International Brazilian Jiu-Jitsu Federation (IBJJF) World Championship. Larissa Paes is also an active coach in the United Arab Emirates (UAE), and one of the top athletes on the UAE Jiu-Jitsu Federation tour. Full Name:Larissa Paes da Silva",False
1041,Laercio Fernandes,Laercio,Fernandes,,Team Oyama,https://www.bjjheroes.com/?p=1041,"Laercio Fernandes is one of the topjiu jitsucompetitors in thePluma weight division(under 64kg/141lbs). A black belt under Givanildo Santana, this fighter from the state of Sao Paulo raised a few eyebrows in 2010 after he defeated the heavy favouriteCaio Terraon his way to the top spot at the podium of the US Nationals. Full Name:Laercio Lima Fernandes",False
11071,Laura Barker,Laura,Barker,,Gracie Barra,https://www.bjjheroes.com/?p=11071,"Laura Barker is an English grappler and a black belt in jiu-jitsu underBraulio Estima, who also worked extensively withVictor Estimaand Bradley Hill while representing theGracie Barra Academyin the sport’s international competitive circuit. Barker earned her reputation as one of the leading athletes of her generation while battling in the purple and brown belt divisions of the International Brazilian Jiu-Jitsu Federation (IBJJF) league, a status she would later cement as a black belt. Full Name:Laura Barker",False
1840,Laurence Cousin Fouillat,Laurence,Cousin Fouillat,,,https://www.bjjheroes.com/?p=1840,"The French Laurence Cousin Fouillat is regarded as the first European female black belt inBrazilian Jiu Jitsu(2005). An incredibly accomplished grappler with wins at the FILA World Championships and the World Cup, Laurence was also the 2ndnon Brazilian to win a gold medal at theMundial de Jiu Jitsuin the black belt division (2007 same year asRafael Lovato Jr). Full Name:Laurence Cousin Fouillat",False
3028,Leandro Escobar,Leandro,Escobar,Tatu,,https://www.bjjheroes.com/?p=3028,"Leandro Escobar, also known as ‘Tatu’, is aBrazilian Jiu-Jitsublack belt under“Dedeco” Almeida, being also one of the founding members of the Soul Fighters academy, and later of the Double Five team. Tatu has competed in Jiu-Jitsu, Boxing (trains under coach Cláudio Coelho), Wrestling, and in MMA (mixed martial arts) having fought against big names such as Zach Makovski. Full Name:Leandro Lopes Escobar",False
13458,Leandro Lima,Leandro,Lima,Rounaud,Fratres,https://www.bjjheroes.com/?p=13458,"Leandro Lima de Souza, mostly known simply as Leandro Lima or by the nickname Leandro “Rounaud” is a jiu-jitsu athlete from Manaus, Brazil, who worked extensively with internationally renowned coaches such asMaster Pina (Faustino Neto)&Cicero Costha. Rounaud made his name in the sport while competing on the Brazilian circuit where he conquered numerous important medals and became known for his aggressive competing style. Full Name:Leandro Lima de Souza",False
1188,Leandro Lo,Leandro,Lo,,NS Brotherhood,https://www.bjjheroes.com/?p=1188,"Leandro Lo was one of the most accomplishedBrazilian jiu-jitsuathletes to have ever competed in the gi class (kimono) and a record holder for most IBJJF World titles in different weight classes (5) — light, middle, medium-heavy, heavy and open weight, a 20-year-old record broken in 2020 (more details here). A former student ofCicero Costha, Leandro Lo’s first steps towards grappling stardom were taken in April 2011 when he defeatedMichael Langhi(who had been unbeaten for 3 years), on his way to the top of the podium of the UAEJJF World Pro. Since that win, Leandro Lo cemented himself as one of the best “Pound for Pound” grapplers to have ever graced a mat, with repeated wins at the World Championships, the prestigiousCopa Pódio,and Pan American Championships. Lo was shot and killed at a public event in August 2022 at the age of 33 (see below for details). Full Name:Leandro Lo Pereira do Nascimento",False
1730,Leandro Lora,Leandro,Lora,,Brazil 021,https://www.bjjheroes.com/?p=1730,"Leandro Lora Leandro Lora is a representative of the Brazil 021 Jiu Jitsu team. A former Kioto team member, Leandro has earned his black belt from the prestigious MasterCarlos Henriqueon July 2010.",False
1799,Leandro Martins,Leandro,Martins,Leu,Checkmat,https://www.bjjheroes.com/?p=1799,"Leandro Martins, mostly known as “Leu” is a black belt inBrazilian Jiu Jitsubeing one of the most highly regarded super featherweights in the sport. A former member of the famed “TT” team, with a lengthy list of achievements in Jiu Jitsu, Martins is also the cousin of the legendaryFernando “Terere”, a man Martins helped overcome drug dependence and the man who awarded him his black belt. Full Name:Leandro Martins da Silva",False
1662,Leandro Nyza,Leandro,Nyza,,Nova Uniao,https://www.bjjheroes.com/?p=1662,"Leandro Nyza is a Brazilian Jiu Jitsu black belt under MasterWendell Alexander, who was brought to Hawaii by former UFC Lightweight & Welterweight ChampionBJ Penn. Nyza has since established himself and his academy as one of the strongest in the region. Full Name:Leandro Moreira Nyza",False
12243,Leon Brito,Leon,Brito,,BTT,https://www.bjjheroes.com/?p=12243,"Leon Brito is a jiu-jitsu black belt underRicardo Marquesand a representative of the Brazilian Top Team gym in Juiz de Fora, Minas Gerais, Brazil, one of the most fruitful grappling academies in the sport, having produced top-end talents such asBernardo Faria,Leonardo Saggioro,Gabriel Procópio, and more. Brito broke through in the sport while competing in the IBJJF (International Brazilian Jiu-Jitsu Federation) circuit, where he conquered numerous important medals. Full Name:Leon Denny Zambelli Brito",False
11132,Leon Larman,Leon,Larman,,CTA,https://www.bjjheroes.com/?p=11132,"Leon Larman is a French grappler and a black belt in jiu-jitsu under Julien Gaillard, who worked extensively with other instructors such as David Touzet, Julien Castanier, andCaio Terrawhile representing the Caio Terra Association in this sport’s international circuit. Larman earned the reputation of being one of the top competitors in Europe through his consistent wins in the Old Continent, particularly with the International Brazilian Jiu-Jitsu Federation’s league. Full Name:Léon Taffa Loic Larman",False
14200,Leon Mendonca,Leon,Mendonca,Geladeira,Clube Feijão,https://www.bjjheroes.com/?p=14200,"Leon Mendonça is a professional jiu-jitsu athlete and a black belt under Rodrigo Feijão, who worked extensively with Vinícius Gimenes. Mendonça first made waves in the sport at the colored belt level, the amateur circuit, while representing Clube de Jiu-Jitsu Rodrigo Feijão, particularly with the International Brazilian Jiu-Jitsu Federation (IBJJF) where he conquered numerous important medals including multiple World, Pan American, and Brazilian National titles in the purple and brown belt divisions. Full Name:Leon da Silva Mendonça",False
9014,Levi Jones-Leary,Levi,Jones-Leary,"Xanadu, Levizao",Unity JJ,https://www.bjjheroes.com/?p=9014,"Born in Sydney, Australia Levi Jones-Leary is aBrazilian jiu-jitsublack belt underMurilo Santana. Widely recognized as one of the top competitors of his generation, Jones-Leary is also part of the first batch of high-level athletes produced by the Unity JJ academy of New York – USA, a label earned after important wins in the colored belt divisions such as at the International Brazilian Jiu-Jitsu Federation (IBJJF) World (brown belt), Pan American (brown + purple belt) and European Open (brown belt) titles. Full Name:Levi Jones-Leary",False
7981,Livia Gluchowska,Livia,Gluchowska,,Maromba,https://www.bjjheroes.com/?p=7981,"Livia Gluchowska (also Liwia Gluchowska) is a Polish-Australian grappler, and a black belt inBrazilian jiu jitsuunderLachlan Gilesand Thiago Stefanutti. Competitive by nature, Gluchowska practised both gymnastics and cycling at a high level before finding jiu jitsu – a sport in which Livia thrived, winning important tournaments such as the IBJJF World Champion (gi and no-gi) as well as the IBJJF Asian International Open. Full Name:Liwia Gluchowska",False
9044,Livio Ribeiro,Livio,Ribeiro,Galinho,Ares JJ,https://www.bjjheroes.com/?p=9044,"Cícero Lívio Ribeiro Paiva, commonly known as Lívio Ribeiro or “Galinho”, is aBrazilian jiu jitsublack belt underOsvaldo Moizinhoof the Ares Jiu Jitsu Academy, having also trained extensively with Luiz “Major” and Helder Mourão at the Projeto Social QG da Luta. A Brazilian National Champion in every belt level, Lívio Ribeiro became recognized as one of the top roosterweights of his generation after his wins at the International Brazilian Jiu Jitsu Federation’s Pan and World Championships (2018) as a brown belt, a status he later cemented as a black belt. Full Name:Cícero Lívio Ribeiro Saldanha Paiva",False
7082,Luca Anacoreta,Luca,Anacoreta,,Aeterna Jiu Jitsu,https://www.bjjheroes.com/?p=7082,"Luca Anacoreta is an Italian bornBrazilian jiu jitsublack belt, founder of Aeterna Jiu Jitsu Academy in Rome – IT. Luca Anacoreta is known as one of the first Italian black belts to achieve success at the highest level in the sport, particularly in the International Brazilian Jiu Jitsu Federation (IBJJF) circuit, where he conquered important medals in tournaments such as the European Open (Gi and No-Gi), London Open, Madrid Open and numerous others. Full Name:Luca Anacoreta",False
10780,Laurah Hallock,Laurah,Hallock,,GF Team,https://www.bjjheroes.com/?p=10780,"Laurah Hallock is aBrazilian jiu-jitsublack belt underVitor Henrique Oliveiraand a member of theGF Team(Ohio) in jiu-jitsu’s sporting circuit, who also briefly worked withRafaelandGuilherme Mendesat the AOJ gym. Regarded as one of the best athletes of her generation, Hallock earned her reputation by earning medals in the top gi tournaments of the International Brazilian Jiu-Jitsu Federation (IBJJF) circuit, particularly at the World and Pan Championships, while also competing in bodybuilding’s bikini division. Full Name:Laurah Elizabeth Hallock",False
14256,Laura Sieradzan,Laura,Sieradzan,,Checkmat,https://www.bjjheroes.com/?p=14256,"Laura Sieradzan is a Polish grappler and a jiu-jitsu black belt under Marco Canha who represents Fightzone London & Team Checkmat in the sport’s international circuit. Sieradzan first made waves in the sport for her creative use of the Lapel Guard in the International Brazilian Jiu-Jitsu Federation (IBJJF) at the colored belt level, where she conquered two world titles and an European Championship gold medal, before her success at the pro-level. Full Name:Laura Liwia Sieradzan",False
1624,Leonardo Arruda,Leonardo,Arruda,,Guigo JJ,https://www.bjjheroes.com/?p=1624,"Leo Arruda Leo Arruda is a Brazilian Jiu Jitsu black belt under the former world BJJ champion,Luis GuilhermeAKA “Guigo”. Leo Arruda (who is also a black belt in Aikido) has won several important tournaments all over the world, including the World Cup on two occasions (by the Confederação Brasileira de Jiu Jitsu Esportivo – CBJJE) and the Pan Pacific, one of the biggest inter continental tournaments in the world.",False
935,Leonardo Castello Branco,Leonardo,Castello Branco,,Brasa,https://www.bjjheroes.com/?p=935,"Leonardo Castello Branco is a legendaryBrazilian jiu-jitsublack belt underMaster Fernando Pinduka, being one of the most important figures in the sport during the 1990’s decade, with matches that are regarded today as some of the most important battles in BJJ’s history. Castello Branco was also an important figure inAlliance‘s team as a coach, and in the break-up that preceded the birth of theBrasa Clube de Jiu-Jitsu, a team he presided for many years. Full Name:n/a",False
3443,Leonardo Davila,Leonardo,Davila,,Atos,https://www.bjjheroes.com/?p=3443,"Leo D’avila, is a Black Belt 3rd degree under Master Benevenuto Antunes (Clube Condor de Jiu-Jitsu). An accomplished grappler with medals at the highest level of the sport (IBJJF: American Nationals, Brazilian Nationals, Pan American Championship and World Championship), D’avila also worked as one of the main professors of the world-class team: Atos Jiu-Jitsu, being professor for years of the Atos Academy HQ in San Diego, California. Leo later left San Diego to form his own Atos affiliate in Miami, Florida (Atos Miami BJJ). Leo D’avila has also worked as a cornerman, coaching several of Atos’ top athletes such asAndré Galvão,Keenan Cornelius,GuilhermeandRafael Mendesin their grappling competitions. Name:Leonardo D’avila",False
14080,Leonardo Ferreira,Leonardo,Ferreira,,Alliance,https://www.bjjheroes.com/?p=14080,"Leonardo Silveira Ferreira, commonly known as Leo Ferreira, is a jiu-jitsu black belt underMario Reis, who is regarded as one of the top heavyweight competitors of his generation. This reputation stemmed from his colored belt career when Ferreira conquered 3 world titles (blue & brown) with the International Brazilian Jiu-Jitsu Federation (IBJJF) and other important trophies. This good form was translated to his black belt career (pro-division) immediately as Leo Ferreira went on to beat some of the top-ranked athletes in the world in his rookie year (2024), names likeLuis Cantareira,Leonardo Lara,Vinicius Liberati, to name a few. Full Name:Leonardo Silveira Ferreira",False
9067,Leonardo Lara,Leonardo,Lara,,Almeida JJ /Atos,https://www.bjjheroes.com/?p=9067,"Leonardo Lara, often referenced as Leo Lara, is aBrazilian jiu jitsublack belt underCaio Almeidabeing also one of the top representatives of the JFC Almeida JJ São Paulo academy, one of the main affiliates of the Atos Jiu Jitsu team in Brazil. Lara made a name for himself while competing in the lower belt divisions of the sport by conquering important tournaments such as the IBJJF World, Pan American and South American titles. He would cement his status as an elite grappler immediately after earning the black belt rank, by conquering the ACBJJ world title (2018). Full Name:Leonardo Teixeira Lara",False
886,Leonardo Leite,Leonardo,Leite,,Alliance,https://www.bjjheroes.com/?p=886,"Leonardo Leite, also known as Léo, is possibly the most successful Judoka to have entered the world ofBrazilian Jiu Jitsu. The Brazilian National Judo Team representative is also a BJJ black belt underAlexandre “Gigi” Paivafrom theAllianceRio de Janeiro academy having won 2 world BJJ championships and 3 Brazilian Jiu Jitsu National gold medals. Leo Leite also competed in mixed martial arts (MMA), having debuted in 2013 with a submission victory over Alessandro Macedo. Full Name:Leonardo Gergis F. Leite",False
1272,Leonardo Nogueira,Leonardo,Nogueira,,Alliance,https://www.bjjheroes.com/?p=1272,"Leonardo Nogueira is one of the many aces fromAlliance’s Jiu Jitsu camp. A BJJ black belt underFabio Gurgel, Mr Leo Nogueira has an extensive competitive record with many important trophies on his cabinet, his first big mark in the black belt division came as he won a gold medal at the Brazilian Nationals in the open weight division (2011), he has since won gold in the most prestigious ofjiu jitsuevents, the World BJJ Championships (2011 & 2012). Full Name:Leonardo Pires Nogueira",False
13062,Leonardo Mario,Leonardo,Mario,,PSLPB Cicero Costha,https://www.bjjheroes.com/?p=13062,"Leonardo Mário Pereira Júnior, commonly known as Leonardo Mario, is a professional jiu-jitsu athlete and a black belt underCicero Costha, who is widely recognized as one of the top light-featherweights in the sport, a reputation earned during his brown belt campaign when he received an AJP Tour award for Most Valuable Player (MVP) in the league (2021) after his World Pro, Grand Slam, and Brazilian Nationals titles. Leo Mario went on to cement his claim as one of the sport’s top grapplers in his first year as a black belt with wins at the South American Championships and Brazilian Nationals. Full Name:Leonardo Mário Pereira Júnior",False
10339,Leonardo Pecanha,Leonardo,Pecanha,,,https://www.bjjheroes.com/?p=10339,"Leonardo Peçanha is aBrazilian jiu-jitsublack belt under MasterWendell Alexander Cavalcante Lago(Dell) and the founder of the Kronos BJJ team. Widely regarded as one of the top athletes of theNova Uniãofight camp during the early 2000s in grappling, Peçanha would later transition to mixed martial arts (MMA), while also finding equal success as a jiu-jitsu instructor, a role he settled into while living in the United States. Full Name:Leonardo de Souza Ayres Peçanha",False
8231,Leonardo Saggioro,Leonardo,Saggioro,Cascao,BTT,https://www.bjjheroes.com/?p=8231,"Leonardo Saggioro, often referenced as Leo Saggioro or simply by his nickname ‘Cascão’ is aBrazilian jiu-jitsublack belt underRicardo Marques, being also a representative of the Brazilian Top Team (BTT) affiliation in this sport/martial art’s competitive circuit. Leo Saggioro is also widely recognized as one of the best featherweights of his generation, with a very distinctive style of grappling based on grinding pressure and a forward-movinghalf-guard. Full Name:Leonardo Fernandes Saggioro",False
292,Leonardo Santos,Leonardo,Santos,,Nova Uniao,https://www.bjjheroes.com/?p=292,"Leonardo Santos is a Brazilian Jiu-Jitsu black belt from theNova Uniaoteam, being one of the most important fighters for BJJ in the early 2000s. With numerous titles in his grappling career, Leo Santos was regarded by many as the best lightweight fighter of his generation, having victories over several great fighters such asLeo VieiraandTiago Alvesamongst many others. in 2006 Leo Santos ended his career with the kimono to follow his brother’s footsteps (Wagnney Fabiano) towards MMA fighter, and in 2013 Leonardo Santos was part of the cast of theTUF Brazil 2reality show, a program produced by the UFC with the intention of seeking high-end Mixed Martial Arts talent in the South American country. Full Name:Leonardo Silva dos Santos",False
10352,Leonardo Silva,Leonardo,Silva,,GF Team,https://www.bjjheroes.com/?p=10352,"Leonardo Silva Guimarães, commonly known as Leo Silva is a Brazilian jiu-jitsu black belt underGutemberg PereiraandDante Leon, who trained extensively with MasterJulio César Pereira. One of the top representatives of theGF Teamin the sport’s international circuit, Silva gained notoriety while competing in the lower belt divisions of the International Brazilian Jiu-Jitsu Federation (IBJJF) circuit, where he conquered important medals, particularly at the World and Pan Championships. Full Name:Leonardo da Silva Guimarães",False
14167,Leonardo Souza Oliveira,Leonardo,Souza Oliveira,Leleu,We Flow,https://www.bjjheroes.com/?p=14167,"Leonardo Souza Oliveira is a professional jiu-jitsu athlete and a black belt underPedro Maia, who also worked extensively with Rodolfo Sales in Brazil’s Distrito Federal. Although an accomplished athlete during his colored belt career, Leonardo Souza Oliveira became a fan favorite after his gold medal run at the International Brazilian Jiu-Jitsu Federation (IBJJF) European Championship of 2025, where, despite his underdog status, Souza won all his matches via submission. Full Name:Leonardo Souza Oliveira",False
419,Leonardo Vieira,Leonardo,Vieira,Leozinho,Checkmat,https://www.bjjheroes.com/?p=419,"Leonardo Vieira, also known asLeozinhoor simply Leo Vieira, is aBrazilian Jiu-Jitsublack belt underRomero Cavalcanti, being famous for combining one of the most crowd-pleasing games in BJJ with an amazing track record. Leo Vieira was also the co-founder of important teams such asBrasa Clube de Jiu-JitsuandCheckmat BJJ, becoming in the process one of grappling’s most important coaches by developing athletes such asMarcus Almeida ‘Buchecha’,Lucas Leite,João Assis, and many others. Leozinho is also one of theTop BJJ Competitors of All Timeby BJJ Heroes. Full Name:Leonardo Alcantara Vieira",False
903,Leticia Ribeiro,Leticia,Ribeiro,,Gracie Humaita,https://www.bjjheroes.com/?p=903,"A historical figure inBrazilian Jiu Jitsu, Letícia Ribeiro has collected medals in world grappling events for years on end, being considered one of the top 10 best female fighters of all time having been distinguished with a mention in theIBJJF Hall of Fame. Letícia Ribeiro is also the leader of one of the best female BJJ teams, theGracie Humaitá, an organization teeming with talent, such asPenny Thomas,Bia Mesquita,Mackenzie Dernamongst many others. Full Name:Letícia Ribeiro dos Santos",False
1307,Lloyd Irvin,Lloyd,Irvin,,Lloyd Irvin,https://www.bjjheroes.com/?p=1307,"Lloyd Irvin is the head coach of one of the most successful Brazilian Jiu-Jitsu schools in the United States. Through an “in your face” marketing strategy, which gave us lines such as: “The Grappling Blueprint” and “Get your BJJ Black Belt In 3 And A Half Years”, Irvin became a popular figure in the BJJ community, yet somewhat of an outcast during the early stages of his coaching career. With time, however, his methodology proved to be one of the best in the grappling world with many successful competitors coming out of the TLI academy, names such asJT Torres,James Harbison, andMike Fowler. Lloyd’s team has also earned medals in some of the most established tournaments in the Jiu-Jitsu world, being the first American academy in BJJ history to truly and consistently make a mark in the sport. Full Name:Lloyd Irvin",False
512,Luana Alzuguir,Luana,Alzuguir,,Alliance,https://www.bjjheroes.com/?p=512,"Luanna Alzuguir is one of the main figures inwomen’s jiu-jitsu history, being arguably the most dominant lightweight competitor of her generation, having conquered several International Brazilian Jiu-Jitsu Federation (IBJJF) world titles as well as on Abu Dhabi Combat Club (ADCC) gold medal. Alzuguir is a BJJ black belt under instructorMarco Barbosaand a former member of the Barbosa Jiu-Jitsu (B9) team, although Luanna is mostly known for her time spent competing under theAlliance academyshield. Full Name:Luanna Alzuguir Marton Moraes",False
12323,Luan Andrei,Luan,Andrei,,R1ng,https://www.bjjheroes.com/?p=12323,"Luan Andrei Albuquerque is a professional grappler and a jiu-jitsu black belt underRoberto “Gordo” CorrêaandMárcio “Pé de Pano” Cruz, who represents the R1NG team coalition in the sport’s international circuit. Luan gained notoriety during his colored belt career, a time when he won important tournaments of the International Brazilian Jiu-Jitsu Federation (IBJJF) and Abu Dhabi Jiu-Jitsu Pro Tour (AJP), going on to confirm his talent during his debut year in the professional division with a gold medal at the IBJJF American National No-Gi Championships (2021). Full Name:Luan Andrei Barros de Albuquerque",False
10741,Luan Azevedo,Luan,Azevedo,,PSLPB,https://www.bjjheroes.com/?p=10741,"Luan Azevedo Lima, commonly known as Luan Azevedo, is ajiu-jitsublack belt underJosé Tiago BarrosandCicero Costhaas well as a member of the PSLPB (Projeto Social Lutando Pelo Bem) team in the sport’s international circuit. Originally from Minas Gerais (Brazil) Luan gained notoriety during his colored belt run while competing in the São Paulo State tour, where he conquered numerous titles, while also winning on a national level, where he achieved 2 national titles and 1 South American Championship before earning his black belt on August 2019. Full Name:Luan Azevedo Lima",False
5078,Luan Carvalho,Luan,Carvalho,,Nova Uniao,https://www.bjjheroes.com/?p=5078,"Luan Carvalho is aBrazilian jiu jitsublack belt under Master Cláudio Joanino of theNova Uniãoacademy inMacaé. One of the rare examples of a competitor who reached success at black belt, having gone through his coloured belt career in obscurity, Luan turned a few heads his way after his2015 Pan American Championshipperformance where he defeated the decorated veteranRodrigo Caporal. Carvalho would carry on in good form that year winning theRio Fall Openand at theBrazilian Nationals, defeating two former champions,Michael LanghiandJuan Caio Kamezawawhile cementing his name as one of the top lightweights of his generation. Full Name:Luan de Carvalho Alves",False
1419,Louie Cercedez,Louie,Cercedez,,Ronin BJJ,https://www.bjjheroes.com/?p=1419,"Louie Cercedez Louie Cercedez is a Brazilian Jiu Jitsu black belt under the famous Roy Harris (one of the first American BJJ black belts). With an extensive Martial Arts background, Cercedez also ventured into the early stages of Mixed Martial Arts, having fought on shows at a time when MMA was still in its embryo stage against fighters such as Javier Vazquez and Yves Edwards.",False
10669,Lucas Alves,Lucas,Alves,,Alliance,https://www.bjjheroes.com/?p=10669,"Lucas Jose Alves de Oliveira, commonly known as Lucas Alves is a Brazilian jiu-jitsu black belt under Luciano Nucci,Michael LanghiandFábio Gurgel, who one of the top athletes of theAlliance Academysquad in the sport’s international circuit. A well-known competitor on the São Paulo State circuit (Brazil) during his colored belt career, Lucas’ recognition grew to a worldwide audience after his first year as a black belt, a time when he conquered his first International Brazilian Jiu-Jitsu Federation (IBJJF) European title as well as numerous open tournaments. Full Name:Lucas Jose Alves de Oliveira",False
14263,Lucas Castro,Lucas,Castro,Lukinha,Gracie Barra,https://www.bjjheroes.com/?p=14263,"Lucas de Souza Castro is a Brazilian grappler and a black belt under Paulo Eduardo “Piu” who represents the Gracie Barra team in the sport’s global circuit. Castro, also known as “Lukinha” made waves in the amateur categories of BJJ (colored belts) when competing in the International Brazilian Jiu-Jitsu Federation (IBJJF) league, going on to mimic that success in his rookie year as a professional (2023) with a medal at the World No-Gi Championships, a deed he would repeat after this period as well. Full Name:Lucas de Souza Castro",False
11658,Lucas Gualberto,Lucas,Gualberto,Simba,Dream Art,https://www.bjjheroes.com/?p=11658,"Lucas Gualberto Nascimento, also known as “Simba” or “Piauí”, is ajiu-jitsublack belt underIsaque BahienseandGabriel Figueiró, who worked extensively withMário Reis,Michael Langhi,Fábio Gurgel, and Everton “Babu” Eduardo while representing both theAlliance Academyand theDream Art Projectin the sport’s international circuit. Lucas Gualberto first gained notoriety in the sport while competing in the colored belt divisions of jiu-jitsu where he conquered World, Pan, South American, Brazilian and European titles, prior to his black belt promotion. Full Name:Lucas Gualberto Gomes Nascimento",False
358,Lucas Lepri,Lucas,Lepri,,Alliance,https://www.bjjheroes.com/?p=358,"Lucas Lepri is aBrazilian jiu-jitsublack belt under the illustriousElan Santiago, being one of the most successful competitors in the history of the sport’s lightweight division. Training out of theAllianceteam, this stand-out from Minas Gerais – Brazil won some of the biggest tournaments in the world, including the IBJJF World Championship (gi and no gi) the UAEJJF World Pro Championship as well as Brazilian and Pan American titles. Full Name:Lucas Alves Lepri",False
13432,Luccas Lira,Luccas,Lira,,,https://www.bjjheroes.com/?p=13432,"Luccas Lira is a professional grappler and a jiu-jitsu black belt who represents the Atos team in the sport’s international circuit. Lira first made waves as a young athlete in grappling’s gi and no-gi circuits by successfully competing in a broad range of rulesets, including the International Brazilian Jiu-Jitsu Federation (IBJJF), Abu Dhabi Jiu-Jitsu Pro Tour (AJP), and the Abu Dhabi Combat Club (ADCC) where he conquered numerous important medals with a stronger emphasis in no-gi events at the pro level. Full Name:Luccas Lira Costa",False
875,Lucas Leite,Lucas,Leite,,Checkmat,https://www.bjjheroes.com/?p=875,"Lucas Leite is a highly decoratedBrazilian jiu-jitsucompetitor, famous for hishalf guardskills, who fights for theCheckmat Academy. Since Lucas Leite was graded as a black belt byLeonardo Vieira, he has been a regular presence in BJJ and submission grappling podiums around the world competing sometimes as a heavyweight (under 94kg/221lbs), two weight categories above his natural weight (around 78-80kg). In 2007 Lucas Leite moved from his native Brazil to the United States where he formed one of the strongest Checkmat academy camps in the USA. Full Name:Lucas Jonas Gomes Leite",False
13031,Lucas Lisboa,Lucas,Lisboa,,Fight Sports,https://www.bjjheroes.com/?p=13031,"Lucas Lisboa Alves is a professional grappler and a jiu-jitsu black belt underCícero Costha.Although he was a representative of Team Cícero Costha while climbing the ranks of the sport, much of Lisboa’s skillset is also attributed to other coaches such as Gilvan Junior and Isaque Pereira, who followed Lucas’ development in the early stages of his career. Full Name:Lucas Lisboa Alves",False
5660,Lucas Rocha,Lucas,Rocha,,ZR Team,https://www.bjjheroes.com/?p=5660,"Lucas Rocha is a black belt in Brazilian jiu-jitsu under “Zé Radiola“, being one of the most well respected competitors to have come out of the ZR Team – Recife academy (formerlyGracie BarraRecife), a school that has produced several elite grapplers such asOtávio Sousa,Bruno Alves,BraulioandVictor Estima, to name a few. After a stellar campaign in the lower belt divisions, where Lucas earned World, Pan American, and Brazilian National titles, Rocha moved to the United States, establishing himself as the head coach of Gracie Barra Arcadia in California, while still competing at the highest level. Full Name:Lucas Rocha de Freitas",False
5655,Lucas Daniel Barbosa,Lucas,Daniel Barbosa,Hulk,Atos,https://www.bjjheroes.com/?p=5655,"Lucas Barbosa, commonly known as Lucas “Hulk”, is aBrazilian jiu-jitsublack belt under André Fabiano, who became known among the mainstream grappling community competing forMárcio Rodrigues‘ team. Lucas Hulk’s breakthrough in the sport occurred in 2014 after his dominating performances throughout the “THE TEAM” episodes, a web-based show produced by Copa Pódio in which he participated as a member ofLeandro Lo‘s squad. Lucas Barbosa’s talent was later cemented with wins at the IBJJF’s World Championships and Brazilian Nationals in the brown belt division. Full Name:Lucas Daniel Silva Barbosa",False
14150,Lucas Montalvao,Lucas,Montalvao,,,https://www.bjjheroes.com/?p=14150,"Lucas Montalvão is a jiu-jitsu black belt under Cristiano Alves andJulio Cesar Pereira. He represented the GF Team throughout his competitive career, from white to black belt, later joining the Ground Control squad. Although a successful athlete in the sport’s International Brazilian Jiu-Jitsu Federation (IBJJF) circuit as a colored belt, Montalvão gained worldwide notoriety in the grappling community during the 2024 season, a time when he won both the World & Pan American No-Gi Championships in the professional division. Full Name:Lucas Valentim Alves Montalvão",False
6043,Lucas Pinheiro,Lucas,Pinheiro,Bad Boy,Checkmat,https://www.bjjheroes.com/?p=6043,"Lucas Pinheiro, also known as “Bad Boy” is ajiu-jitsuathlete of Brazilian Indigenous descent, who was awarded the rank of black belt byCarlos Holanda(Esquisito). Lucas is also a former student ofFaustino Neto(Mestre Pina) as well asCícero Costha,who earned the reputation of being one of the most prolific athletes in the sport while competing in the lower belt categories of the sport, particularly after a fruitful 2015 brown belt campaign, when he earned important medals at the Brazilian Nationals and World Championship. Lucas Pinheiro would later cement his status as one of the top light-featherweight black belt competitors of his generation. Full Name:Lucas dos Santos Pinheiro",False
12348,Lucas Protasio,Lucas,Protasio,,Checkmat,https://www.bjjheroes.com/?p=12348,"Lucas Protásio is the son of grappling veteran Clóvis Protásio and one of the main jiu-jitsu figures of his generation, holding the rank of black belt under Bruno andThiago Barretoof Team Checkmat. Protásio made a name for himself in this sport during the early stages of his career as a blue and purple belt where he conquered the most important title available in those divisions, the World Championships with the International Brazilian Jiu-Jitsu Federation (IBJJF). Unable to compete during his brown belt year due to the restrictions set by the COVID-19 pandemic of 2020-2021, Lucas reappeared on the global stage as a black belt, immediately making his mark in the division with impressive debut performances at the Copa Podio Grand Prix and Abu-Dhabi Jiu-Jitsu Pro (AJP) league. Full Name:Lucas André Galvão Protásio",False
13093,Lucas Rodrigues,Lucas,Rodrigues,,,https://www.bjjheroes.com/?p=13093,"Lucas Rodrigues is a professional grappler from Brazil and a jiu-jitsu black belt underGuilherme Mendes(Art Of Jiu-Jitsu [AOJ], Costa Mesa, California, USA) who also worked extensively withAlan do Nascimento “Finfou”at the Allstars Training Center (Stockholm, Sweden). Rodrigues first gained notoriety in the colored belt divisions of the sport where he conquered the International Brazilian Jiu-Jitsu Federation (IBJJF) World titles in the blue and purple belt divisions, a good form he carried through to the pro division. Lucas is also the older brother of another jiu-jitsu ace,Mateus Rodrigues. Full Name:Lucas Batista Rodrigues",False
12267,Lucas Norat,Lucas,Norat,,Gracie Barra,https://www.bjjheroes.com/?p=12267,"Lucas Norat is a jiu-jitsu black belt underFlávio Almeida, and a representative of theGracie Barrateam in the sport’s international circuit, who worked extensively with Villem Coelho at the franchise’s Jacarepaguá training center in Rio de Janeiro. Norat was one of the first big names produced by Team GB’s Ambassadors Program, a scouting project within the organization’s network aimed at pushing talented grapplers through fully paid scholarships. Full Name:Lucas Norat Lopes",False
8516,Lucas Valente,Lucas,Valente,,Gracie Barra,https://www.bjjheroes.com/?p=8516,"Lucas Valente Tobias is aBrazilian jiu-jitsublack belt underVinicius ‘Draculino’ MagalhãesandMarcelo ‘Uirapuru’ Azevedo, being also one of the main representatives of theGracie Barrateam. Valente made a name for himself while competing in the lower ranks of jiu jitsu’s international competitive circuit, where he earned the reputation of being one of the most entertaining grapplers in the sport while conquering important titles such as the IBJJF Pans No-Gi American National and Brazilian National Championships. Full Name:Lucas Sette C. Valente Tobias",False
11812,Lucas Sachs,Lucas,Sachs,,,https://www.bjjheroes.com/?p=11812,"Lucas Sachs is a jiu-jitsu black belt underWalter Mattos,José Mario Sperry, andFernando Paradedaas well as a former representative of the Sul Jiu-Jitsu Academy, one of the most iconic grappling teams from the Brazilian State of Rio Grande do Sul. Sachs was the president of his state’s federation, the FGJJ (Federação Gaúcha de Jiu-Jitsu) for 5 years (2013-2017) and was later praised for his work as a grappling coach for some of Australia’s biggest mixed martial arts fighters, namely Robert Whittaker, Jacob Malkoun and Isi Fitikefu. Full Name:Lucas Sachs",False
13269,Lucas Souza,Lucas,Souza,Foguinho,Atos,https://www.bjjheroes.com/?p=13269,"Lucas Souza, commonly known by the nickname Foguinho (pronounced Fog-ee-ño), is a jiu-jitsu black belt under Guto Campos, and a representative of the Guetho Academy & Atos team coalition. Foguinho first made waves in the sport as a colored belt, through his wins in the International Brazilian Jiu-Jitsu Federation (IBJJF) circuit, a good form he would carry through to his debut year as a black belt (2022-2023), further cementing his name as one of the top players in the middleweight division (82,30 kg / 181.5 lbs). Full Name:Lucas Tres Arena de Souza",False
11512,Lucas Silva,Lucas,Silva,Lukete,Cassao Team /Gracie Barra,https://www.bjjheroes.com/?p=11512,"Lucas Silva, commonly known as Lukete, is a jiu-jitsu black belt underCássio Francis(Cassão) and a representative of theGracie Barrateam. Lukete became widely recognized as one of the top light-featherweights in the sport while competing in the lower belt ranks of the sport, where he earned medals in many important tournaments such as the World and Pan American Jiu-Jitsu Championships, later cementing his reputation at the professional level. Full Name:Lucas Emanuel da Silva",False
11701,Luciano Nucci,Luciano,Nucci,Casquinha,Alliance,https://www.bjjheroes.com/?p=11701,"Luciano Nucci, commonly known as “Casquinha” is a jiu-jitsu black belt underRyan Gracieand one of the most well-known producers of high-level talent in the sport (disambiguation: forMaster César “Casquinha” click here). A key member of the Ryan Gracie team, in São Paulo, Brazil, during the 2000s decade, Nucci later became a part of theAlliance Academycoaching team during the following 2010s and 2020s, when he developed some of the biggest names in the multiple time World Champion team from his affiliate in Mooca, SP. Names such asDimitrius Souza,Marcus Vinicius Ribeiro,André Góis,Emilly Alves Vasconcelos, to name a few. Full Name:Luciano Nunes Nucci",False
1263,Lucio Rodrigues,Lucio,Rodrigues,Lagarto,Gracie Barra,https://www.bjjheroes.com/?p=1263,"Often regarded as the Lance Armstrong of Brazilian Jiu-Jitsu, Lucio Rodrigues also known as “Lagarto”, is a decorated Brazilian Jiu-Jitsu black belt underCarlos Gracie Juniorfrom Gracie Barra who has victoriously battled with cancer, returning to BJJ after his recovery to conquer some of the most important titles in his career, such as the European Open and the World Pro Cup finals in Abu Dhabi. Full Name:Lucio Furtado Rodrigues",False
809,Luis Carlos Dias,Luis Carlos,Dias,Manimal,Manimal,https://www.bjjheroes.com/?p=809,"Luís Carlos, also known as “Manimal” is a famous jiu jitsu black belt under the late MasterCarlson Gracie, who followed a career in coaching, having produced high level talent such as Raphael Abi-Rihan or “Guga” Campos. a true “casca grossa” (old school tough guy) Manimal lived with Master Carlson for several years having, being one of the Master’s best friends. Full Name:Luís Carlos Mateus Dias",False
3245,Luis Heredia,Luis,Heredia,Limao,Maui Jiu Jitsu,https://www.bjjheroes.com/?p=3245,"Luis Herédia, also known by his nickname ‘Limão’, is aBrazilian Jiu Jitsublack belt a rank  he earned training underRickson Gracie‘s guidance. Herédia is a historical figure in the development of the gentle art in Hawaii, especially in the island of Maui, the second-largest of the Hawaiian Islands, from where Luis Herédia has formed several world class grapplers. Full Name:Luis Herédia",False
1395,Luis Lima,Luis,Lima,Guga,,https://www.bjjheroes.com/?p=1395,"Luis Gustavo Campos, also known as ‘Guga’ Campos is an accomplishedBrazilian jiu-jitsublack belt underRicardo Vieira. Guga Campos started his career with theManimalteam but moved to theCheckmatcamp where he had the most success winning the World Cup and the Rio International Open as well as a world title with the IBJJF in the brown belt division. Guga also spent time at the Alliance Academy in Rio de Janeiro andGFTeam. Full Name:Luis Gustavo Campos Lima",False
1675,Luis Roberto Duarte,Luis Roberto,Duarte,Bebeo,Brazilian Top Team,https://www.bjjheroes.com/?p=1675,"Luis Roberto Duarte “Bebeo” is a prestigious Brazilian Jiu Jitsu black belt under the lateCarlson Graciewho was one of the leaders and founding members of the Brazilian Top Team (BTT) academy in the early 2000’s. “Bebeo” also became a coach, promoter, fighter manager and an entrepreneur in the fight business. Full Name:Luis Roberto de Morais Duarte",False
10403,Luis Marques,Luis,Marques,,,https://www.bjjheroes.com/?p=10403,"Luis Carlos Marques Damasceno, commonly known as Luis Marques is aBrazilian jiu-jitsublack belt under André Pinheiro (Motoca), who worked extensively withEduardo Santôro(Português) and Bruno Barrette. Founder of the LR Extreme Academy, Luis Marques had been known inside São Paulo’s grappling circuit as one of the state’s finest competitors for years before he broke out into the mainstream of the sport, after his wins at the professional Sub-Stars Grappling event and through his win at the International Brazilian Jiu-Jitsu Federation (IBJJF) Masters World Championship (2019). Full Name:Luis Carlos Marques Damasceno",False
13053,Luis Oliveira,Luis,Oliveira,Cantareira,Frates JJ,https://www.bjjheroes.com/?p=13053,"Luis Fernando Oliveira, commonly known as “Cantareira” is a professional grappler and a jiu-jitsu black belt under Cléber Crispim who worked extensively with Leandro Lo and the New School Brotherhood workgroup. Oliveira first made waves in the sport at an international level as a brown belt through his wins in the CBJJ’s Brazilian Nationals, cementing his claim as one of the rising stars of the sport in Brazil, a status he maintained in the professional division. Full Name:Luis Fernando de Oliveira",False
1722,Luis Roman,Luis,Roman,,,https://www.bjjheroes.com/?p=1722,"Luis Roman Luis Sergio Roman is a Puerto Rican national who holds the rank of 2nd degree black belt in Brazilian Jiu Jitsu under James Boran. Originaly a Sambo athlete, Luis Roman turned to BJJ in the 1990’s and became a black belt in 2003.",False
2560,Luiz Dias,Luiz,Dias,,GAS,https://www.bjjheroes.com/?p=2560,"Luiz Dias is aBrazilian Jiu Jitsublack belt under Leoni Nascimento, who founded the GAS team (Geração Arte Suave), an academy with strong ramifications in Rio de Janeiro where it’s headquarters are located. Luiz Dias is also an acclaimed columnist for the famous Brazilian martial arts magazine,Tatame. Full Name:Luiz Vitor Dias",False
2443,Luiz Franca,Luiz,Franca,,,https://www.bjjheroes.com/?p=2443,"A former student of Soishiro Satake and allegedly Mitsuyo Maeda, Luiz França was the founder of the most successful non Gracie lineage inBrazilian Jiu Jitsu, one that was carried on especially through the work performed by França’s most prominent and skilled student MasterOswaldo Fadda. Luiz França’s influence in BJJ can still be seen in the main competitions of Jiu Jitsu and MMA through teams such asNova UniãoandGF Team. Full Name:Luiz França Filho",False
693,Luiz Guilherme,Luiz,Guilherme,Guigo,Guigo JJ,https://www.bjjheroes.com/?p=693,"Luiz Guilherme, commonly known as “Guigo” is aBrazilian jiu jitsublack belt underJorge Pereirawho himself was a well respected student ofRickson Gracie. Guigo was regarded as one of the top ultra heavyweights of his generation, having conquered a world title in 1997. Since then Guigo has become a well respected coach at his gym, theEquipe Guigo Jiu Jitsuin Sao Paulo – Brazil. Full Name:Luiz Guilherme de Jesus",False
1426,Luiz Abdo,Luiz,Abdo,Tom,,https://www.bjjheroes.com/?p=1426,"Luiz Renato “Tom” Abdo is a Brazilian Jiu Jitsu black belt under former world BJJ Champion Luiz Guilherme “Guigo”. Though not a regular competitor, Tom Abdo has also achieved great success in tournaments with several titles in the Sao Paulo State Championships and even a Silver Medal at the International Masters & Seniors. Full Name:Luiz Renato do Nascimento Gonçalves Abdo",False
2404,Luiz Ribeiro,Luiz,Ribeiro,Manxinha,Checkmat,https://www.bjjheroes.com/?p=2404,"Luiz Ribeiro, also known as “Manxinha” or “Manxa” is aBrazilian Jiu Jitsu black beltunderRicardo Vieirafrom theCheckmat academy. Luiz Ribeiro is also the founder and owner of London Fight Factory, one of the main Jiu Jitsu academies in London, England, with which he has helped the development of the sport in the country. Full Name:Luiz Ribeiro",False
3122,Luiz Panza,Luiz,Panza,,Barbosa JJ,https://www.bjjheroes.com/?p=3122,"Luiz Panza is aBrazilian Jiu-Jitsublack belt underMarco Barbosa, who also worked extensively with Leonardo Vieira at theCheckmatHQ academy. A former professional model, Luiz Panza traded the catwalk for Jiu Jitsu, turning professional in 2013. After earning his black belt rank, Luiz quickly made a name for himself by piling up medals at the International Brazilian Jiu-Jitsu Federation’s (IBJJF) Mundial, Pan American (gi and no gi) and Brazilian Nationals (gi and no gi). Full Name:Luiz Fernando de Azevedo Panza",False
11872,Luiz Paulo,Luiz,Paulo,,,https://www.bjjheroes.com/?p=11872,"Luiz Paulo Carneiro Medeiros, commonly known in the grappling world as Luiz Paulo, is a jiu-jitsu black belt underMelqui Galvãoand one of the main representatives of the Dream Art Project (Manaus branch) in the sport’s international circuit. Luiz Paulo made his reputation as one of his generation’s top athletes during the colored belt stages of his career, a time when he conquered important titles such as the Brazilian Nationals, South American Championships, and Abu Dhabi Grand Slam. Full Name:Luiz Paulo Carneiro Medeiros",False
14052,Luiz Felipe Santos,Luiz Felipe,Santos,,,https://www.bjjheroes.com/?p=14052,"Luiz Felipe Assis dos Santos, commonly known as Felipe Santos or by his nickname Filipinho, is a jiu-jitsu athlete and a black belt in this martial art under Rodrigo Thiago, who worked extensively with Douglas Rufino and Sandro Vieira while climbing the ranks of the International Brazilian Jiu-Jitsu Federation (IBJJF). Felipe Santos is also another successful athlete from the Favela do Cantagalo, a Rio de Janeiro slum famous in the BJJ world for its production of many well-known competitors, namelyFernando Terere,Natan Chueng,Alan Finfou, to name a few. Full Name:Luiz Felipe Assis dos Santos",False
14104,Luiz Henrique Betta da Silva,Luiz Henrique,Betta da Silva,,Clube Feijao,https://www.bjjheroes.com/?p=14104,"Luiz Henrique Betta da Silva, commonly known as Henrique Betta, is a professional grappler and a black belt in jiu-jitsu underRodrigo Feijãowho made a name for himself in the sport while competing in the Gi circuit, particularly in the Abu Dhabi Jiu-Jitsu Pro (AJP) league where he conquered numerous Grand Slam Tour medals in his black belt rookie year (2024). The same season when he won his first Brazilian National title under the International Brazilian Jiu-Jitsu Federation (IBJJF / CBJJ). Full Name:Luiz Henrique Betta da Silva",False
5263,Luiza Monteiro,Luiza,Monteiro,,Atos,https://www.bjjheroes.com/?p=5263,"Luiza Monteiro is aBrazilian jiu-jitsublack belt underRodrigo Cavaca, whose career in the sport is commonly associated with theProjecto Social Lutando Pelo Bemteam ofCicero Costha(PSLPB). Since achieving her black belt on December 2010, Monteiro quickly established herself as one of the top athletes in jiu-jitsu of her generation, a competitor that has conquered numerous medals in a variety of weight classes, from featherweight to medium-heavy. Having represented Checkmat and PSLPB, Luiza went on to join the New School Brotherhood (2015-2018) and Atos (2018-). Full Name:Luiza Monteiro Moura da Costa",False
2627,Luzia Fernandes,Luzia,Fernandes,,Gracie Barra,https://www.bjjheroes.com/?p=2627,"Luzia Fernandes, also known as Lulu or Luka Fernandes, is a Judo andBrazilian Jiu Jitsu(3rd degree) black belt underMarcio Feitosa, who has been a part of the national Brazilian Judo squad and has conquered numerous titles in BJJ, including 4 world titles the first of which she achieved at the age of 13, making her mark in the sport as the youngest person ever to win an adult world title in Jiu Jitsu. Full Name:Luzia Carmem Santana P. Fernandes",False
13733,Luke Griffith,Luke,Griffith,,New Wave,https://www.bjjheroes.com/?p=13733,"Luke Griffith is a South African professional submission grappler and a student ofJohn Danaher,Gordon Ryan, andGarry Tononwho represents team New Wave in the sport’s international circuit. Griffith made waves in the sport back in 2022 when he won the ADCC European & African Trials and represented his country at the World Championships in Las Vegas, USA. Griffith also conquered many important gold medals in the no-gi jiu-jitsu ruleset, including the International Brazilian Jiu-Jitsu Federation (IBJJF) World title in his weight class and the open (absolute) as a brown belt. Full Name:Luke Michael Griffith",False
13902,Luke Harris,Luke,Harris,,Hayabusa TC,https://www.bjjheroes.com/?p=13902,"Luke Harris is a Canadian judo and jiu-jitsu black belt as well as a retired mixed martial arts (MMA) fighter and founder of the Hayabusa MMA apparel brand. Harris was an avid competitor in Canada’s judo circuit in the late 1990s and early 2000s who turned to competitive BJJ in the late 2010s where he became one of the most decorated Masters (+30yo) athletes in the sport, particularly in the International Brazilian Jiu-Jitsu Federation (IBJJF) circuit where he won world titles in the division. Full Name:Luke Harris",False
2444,Mackenzie Dern,Mackenzie,Dern,,Gracie Humaita,https://www.bjjheroes.com/?p=2444,"Mackenzie Dern is an accomplishedBrazilian jiu-jitsublack belt and mixed martial arts (MMA) fighter who is regarded as one of the top female grapplers of her generation. Dern is also known in jiu jitsu’s circuit as the daughter of the legendaryWellington “Megaton” Diasand stepdaughter to“Luka” Dias, two respected members of the community and accomplished athletes in their own right. Mackenzie Dern started competing in BJJ’s adult division at the age of 14, winning several important trophies as a teenager. Her grappling tuition has been closely followed by her father as well asRoyler GracieandLetícia Ribeirobefore her transition to cage fighting. Full Name:Mackenzie Lynne Dern",False
10895,Maggie Grindatti,Maggie,Grindatti,,Fight Sports,https://www.bjjheroes.com/?p=10895,"Maggie Grindatti is aBrazilian jiu-jitsublack belt underRoberto “Cyborg” Abreuand a representative of the Fight Sports Team in grappling’s global circuit. Grindatti earned the reputation of being one of the top competitors in the medium-heavyweight class (71,50 kg) after her numerous titles of the international calendar, particularly in the International Brazilian Jiu-Jitsu Federation (IBJJF) league, where she conquered consecutive World Championship gold medals in all colored belt levels, both in the gi and in no-gi. Full Name:Margaret Rose Grindatti",False
10155,Malachi Edmond,Malachi,Edmond,,Team Lloyd Irvin,https://www.bjjheroes.com/?p=10155,"Malachi Edmond is aBrazilian jiu-jitsublack belt underLloyd Irvinwho worked extensively with coachDonnie Achnickwhile representing Team Lloyd Irvin in the sport’s international circuit. Living the life of a professional grappler since his blue belt days, Edmond conquered his space in the sport and gain notoriety as one of the best jiu-jitsu players of his generation through numerous wins in the International Brazilian Jiu-Jitsu Federation’s (IBJJF) calendar, arguably the most prestigious league in the sport. Full Name:Malachi James C. Edmond",False
7543,Manuel Pontes,Manuel,Pontes,Nelton,Gracie Barra,https://www.bjjheroes.com/?p=7543,"Manuel António Pontes, commonly known as “Nelton” Pontes is a Portuguese grappler and aBrazilian jiu jitsublack belt under Alex Machado ofGracie Barra– Lisbon. One of the top competitors in Europe, Nelton has conquered titles in important jiu jitsu events such as the Abu Dhabi World Pro and the European International Open, having also podium placed at the prestigiousCopa Pódio’s Heavyweight Grand Prix. Full Name:Manuel António Ambrósio S. T. Pontes",False
13953,Mateus Moraes,Mateus,Moraes,,CTA,https://www.bjjheroes.com/?p=13953,"Mateus de Moraes Coelho, commonly known as Mateus Moraes, is a professional jiu-jitsu athlete from Manaus, Brazil, and a black belt under Caio Terra, who has represented teams such as Caio Terra Association (CTA), Dream Art, and Amazonas Top Team (AMTT). Mateus Moraes first made waves in this sport while competing in the lower belt divisions where he conquered numerous important medals, mostly in the International Brazilian Jiu-Jitsu Federation (IBJJF) circuit and Abu Dhabi Jiu-Jitsu Pro (AJP) Tour. Full Name:Mateus de Moraes Coelho",False
12544,Mateus Rodrigues,Mateus,Rodrigues,,AOJ,https://www.bjjheroes.com/?p=12544,"Mateus Rodrigues de Souza is a professional jiu-jitsu athlete and a black belt underGuilherme Mendeswho represents the Art Of Jiu-Jitsu (AOJ) Academy in the sport’s international circuit. Mateus Rodrigues became one of the most recognizable faces in grappling while competing on the International Brazilian Jiu-Jitsu Federation (IBJJF) circuit in the colored belt divisions, where he earned World (gi and no-gi) as well as Pan American titles. Rodrigues is also the son of former NHB fighter Silvio Rodrigues and the younger brother of another prolific jiu-jitsu athlete, Lucas Rodrigues. Full Name:Mateus Rodrigues de Souza",False
13916,Mateusz Szczecinski,Mateusz,Szczecinski,,,https://www.bjjheroes.com/?p=13916,"Mateusz Szczeciński is a Polish grappler and a jiu-jitsu black belt under Sylwester Dziekanowski of the Gorila Team, who specializes in no-gi BJJ, also called submission-wrestling. Szczeciński is one of the most celebrated grapplers of his generation due to his submission-hunting style and for having medaled at the ADCC Europe, Africa & Middle East Trials and won the Polaris Invitational title while also earning medals in the International Brazilian Jiu-Jitsu Federation (IBJJF) circuit. Full Name:Mateusz Michal Szczecinski",False
8112,Matheus Costa,Matheus,Costa,,GF Team,https://www.bjjheroes.com/?p=8112,"Matheus Costa is aBrazilian jiu-jitsublack belt under Guto Vicente and a representative ofJulio César‘sGF Team. Well known within Brazil’s national grappling circuit, Matheus is revered for his aggressive style and finishing accuracy attributes that helped him earn medals at important tournaments such as the CBJJ Brazilian Nationals (Brasileiro) with and without the gi (NOGI), as well as IBJJF’s Rio International Open, Curitiba International Open and several other prestigious events. Full Name:Matheus Guilherme da Costa",False
5423,Matheus Diniz,Matheus,Diniz,Gorilla,Alliance,https://www.bjjheroes.com/?p=5423,"Matheus Diniz is aBrazilian jiu-jitsublack belt under the illustriousMarcelo Garcia, being part of an incredible generation of athletes produced by the respected grappling coach, a generation that included competitors such asDillon Danis,Dominika Obelenyte,Jonathan Satava,Marcus Tinoco, andMansher Khera. Diniz made a name for himself in the sport, competing in the brown belt division, where he conquered important titles such as the World No-Gi and Pan American. Full Name:Matheus Oliveira Diniz",False
9230,Matheus Felipe,Matheus,Felipe,Ta Danado,Checkmat,https://www.bjjheroes.com/?p=9230,"Matheus Felipe Xavier, commonly referenced as Matheus “Tá Danado”, is aBrazilian jiu-jitsublack belt under Bruno Barreto,Thiago Barreto, andLeonardo Vieira, being also a member of the Checkmat grappling team. A respected athlete in the international competitive circuit, Xavier earned his esteem through an incredible run as a brown belt competitor, a time when Matheus Felipe conquered an International Brazilian Jiu-Jitsu Federation (IBJJF) World title and the #1 Ranking of the United Arab Emirates Jiu-Jitsu Federation (UAEJJF), the two most prestigious governing bodies in this sport. Full Name:Matheus Felipe da Silva Xavier",False
9002,Matheus Gabriel Barros,Matheus,Gabriel Barros,,Checkmat,https://www.bjjheroes.com/?p=9002,"Matheus Gabriel Barros is aBrazilian jiu-jitsublack belt underKeiser Girãoand a representative of theCheckmatteam in this sport/martial art’s international competitive circuit. Widely regarded as one of the top featherweight (70,00 kg / 154.5 lbs) athletes of his generation, Matheus Gabriel also worked extensively with coaches Alcenor Alves, Sammi Dias, Diogo Dutra andMárcio Rodrigues, earning his reputation early in his career through outstanding performances in the colored belt divisions – particularly at brown belt where he conquered two IBJJF world titles (gi + no-gi) and achieved a 33-1 record with a 70% submission ratio. Full Name:Matheus Gabriel Pinheiro Barros",False
10698,Matheus Godoy,Matheus,Godoy,,Alliance,https://www.bjjheroes.com/?p=10698,"Matheus Godoy Romero is ajiu-jitsuathlete from Brazil’s “swampland” of Pantanal and a black belt under Alan Régis (Tatuapú), also known as one of the top representatives of theAlliance Team. As a competitor, Godoy gained notoriety while competing with the gi, and winning important tournaments of the International Brazilian Jiu-Jitsu Federation (IBJJF), United Arab Emirates Jiu-Jitsu Federation (UAEJJF), Abu Dhabi Jiu-Jitsu Pro Tour (AJP) and Spyder Korea Invitational. Full Name:Matheus Godoy Romero",False
8800,Matheus Gonzaga,Matheus,Gonzaga,,,https://www.bjjheroes.com/?p=8800,"Matheus Gonzaga is aBrazilian jiu-jitsublack belt under Daniel Gazoni and a representative of the Atos Academy, formerly with theAlliance Academy(Bernardo Fariabranch) and MasterJulio César Pereira‘s GF Team. Matheus became widely recognized as one of the rising stars of BJJ while competing in the lower belt divisions of the sport where he conquered an International Brazilian Jiu-Jitsu (IBJJF) world title and several Rio de Janeiro state championships, a status he would solidify as a black belt. Full Name:Matheus Evangelista Gonzaga",False
7047,Matheus Spirandeli,Matheus,Spirandeli,,,https://www.bjjheroes.com/?p=7047,"Matheus Spirandeli is aBrazilian jiu-jitsublack belt underLeandro Lo, who is also one of the top heavyweights of his generation, with wins in important International Brazilian Jiu-Jitsu Federation (IBJJF) tournaments such as the South American, Rio Fall, and Curitiba Open to name a few. Spirandeli gained recognition in this sport/martial art while representing the New School Brotherhood, though he spent his formative years competing for Lótus Clube, underFábio Negão. In December 2018 Matheus switched to theAllianceteam, training out of the academy’s headquarters in São Paulo. Full Name:Matheus Spirandeli Souza",False
13111,Matheus Lima,Matheus,Lima,,White House JJS,https://www.bjjheroes.com/?p=13111,"Matheus Lima, commonly known by the nickname, Japa, is a jiu-jitsu black belt under coachCarlos Holanda, and a representative of the city of Manaus, Brazil, in the sport’s international circuit. Lima has competed for different teams throughout his grappling career and is well-known for his submission-hunting style of fighting. A style he has used to win several important events in the International Brazilian Jiu-Jitsu Federation (IBJJF), Confederação Brasileira de Jiu-Jitsu (CBJJ), and Abu Dhabi Jiu-Jitsu Pro (AJP) circuits. Full Name:Matheus Rodrigues de Lima",False
10658,Matheus Luna,Matheus,Luna,,Checkmat,https://www.bjjheroes.com/?p=10658,"José Matheus Macedo de Lira Luna, commonly known as Matheus Luna, is aBrazilian jiu-jitsublack belt underRicardo Feliciano(Pantcho) andLucas Leiteof theCheckmat Team, who worked extensively at the Barreto Brothers Academy in Natal, RN – Brazil, namely with Bruno andThiago Barreto. Matheus and his twin brotherMathias Lunaascended to the top of jiu-jitsu’s competitive rankings as purple and brown belts, cementing that status during their very first year competing in the professional circuit. Full Name:José Matheus Macedo de Lira Luna",False
10909,Matheus Lutes,Matheus,Lutes,,Alliance,https://www.bjjheroes.com/?p=10909,"Matheus Lutes is a Brazilian jiu-jitsu black belt underMarcelo Garcia, who also worked extensively withMurilo Santanaand Rodrigo Pena. Lutes became widely recognized as one of the top middleweight (82,30 kg) competitors of his generation while representing theAlliance team(New York City branch) in several of the International Brazilian Jiu-Jitsu Federation (IBJJF) main tournaments as well as professional promotions such as Kasai Pro and Polaris Invitational. Full Name:Matheus Francisco Lutes",False
13438,Matheus Menezes,Matheus,Menezes,Teteu,Atos,https://www.bjjheroes.com/?p=13438,"Matheus de Menezes Ferreira Marely, commonly known as Matheus Menezes or simply by the nickname Teteu, is a jiu-jitsu black belt underAndré Galvãoand a representative of Atos Jiu Jitsu HQ Academy. Menezes first made waves in the colored belt divisions of the sport as an ultra-heavyweight by conquering numerous important medals of the International Brazilian Jiu-Jitsu Federation (IBJJF) circuit, including Pan American (purple & brown belt ranks) and World Championship (blue belt rank) titles. Full Name:Matheus de Menezes Ferreira Marely",False
14216,Matheus Vetoraci,Matheus,Vetoraci,,,https://www.bjjheroes.com/?p=14216,"Matheus Vetoraci is a professional grappler and a Jiu-Jitsu black belt under Leonel Menezes (his father) and Alexandre Carrera (his cousin). Vetoraci first made waves in the sport as a colored belt, particularly after winning the Brazilian Nationals as a brown belt (2021), he would cement his status as one of the top talents of his generation in the professional division of the International Brazilian Jiu-Jitsu Federation (IBJJF) in 2025, where he conquered the European title by closing the division with his twin brother,Davi Vetoraci. Full Name:Matheus Vetoraci de Menezes",False
12689,Matias Estevez,Matias,Estevez,,,https://www.bjjheroes.com/?p=12689,"Matias Estévez is an Argentinian grappler and a jiu-jitsu black belt under Eduardo Duarte (Dudu) ofNova União Argentina. Despite competing mostly at a national level, Estévez made waves in 2022 as he joined the global circuit of the International Brazilian Jiu-Jitsu Federation (IBJJF) – after an absence from competition due to the COVID-19 pandemic – where he beat some of the world’s toughest competitors while earning gold medals in important tournaments in the United States. Full Name:Matías Daniel Estévez",False
8729,Matthew Leighton,Matthew,Leighton,,Bonsai,https://www.bjjheroes.com/?p=8729,"Matthew Leighton or Matt Leighton is aBrazilian jiu-jitsublack belt under Mark Vives (New Breed Training Centre) and a representative ofJared Weiner‘s TAC team when competing internationally. Leighton made his name as one of grappling’s rising stars while climbing the ranks of jiu-jitsu, by conquering important titles such as the IBJJF World No-Gi Champion (2016) and IBJJF European Open Champion (2016), a status he later cemented as a black belt with repeated podium placements in jiu-jitsu’s international circuit. Full Name:Matthew W Leighton",False
2322,Marc Laimon,Marc,Laimon,,Cobra Kai,https://www.bjjheroes.com/?p=2322,"Marc Laimon is a renowned grappling coach who holds the rank of black belt inBrazillian jiu jitsu, being also the founder of the Cobra Kai BJJ academy. Marc Laimon has worked on the ground games of several MMA fighters, including Bas Rutten, Oleg Tatakrov, Mark Kerr, Johny Hendricks and many more while producing well-known jiu-jitsu black belts such asSim Goand Chris Holdsworth. Marc Laimon was also an instructor on the famous mixed martial arts show – TUF (The Ultimate Fighter). Full Name:Marc Laimon",False
1382,Marcel Louzado,Marcel,Louzado,,,https://www.bjjheroes.com/?p=1382,"Marcel Louzado is a former Brazilian National Judo Champion and a black belt in Brazilian Jiu-Jitsu underRoberto Godoi, having also worked with teams such as Brasa and Checkmat. As a competitor Marcel Louzado medalled in most important grappling tournaments in the jiu-jitsu circuit, a success he carried with him as a coach. Full Name:Marcel Louzado",False
570,Marcelino Freitas,Marcelino,Freitas,Telino,Nova Uniao,https://www.bjjheroes.com/?p=570,"Marcelino Freitas is a Brazilian jiu jitsu black belt under Nova Uniao co-founderAndré Pederneiras, being also an accomplished grappler with several important title wins during his competitive career. Marcelino has trained with some of the best grapplers of all time at the Nova Uniao headquarters, having also coached and trained all around the world. Full name:Marcelino Bernardo de Freitas",False
2985,Marcelo Azevedo,Marcelo,Azevedo,Uirapuru,Gracie Barra,https://www.bjjheroes.com/?p=2985,"Marcelo Azevedo, also known by his nickname “Uirapuru” is aBrazilian Jiu Jitsublack belt under the illustriousVinicius Draculino, who filled in Draculino’s boots as head coach ofGracie BarraBelo Horizonte head quarters after the departure of the famous instructor to the United States. Marcelo Uirapuru is an accomplished grappler with wins in important Jiu Jitsu tournaments such as the IBJJFMundialand World No Gi Championships, having also vast experience in MMA. Full Name:Marcelo Santos Azevedo",False
739,Marcelo Behring,Marcelo,Behring,,,https://www.bjjheroes.com/?p=739,"Marcelo Behring is widely considered one of the most importantBrazilian jiu jitsufigures in the 1980’s. A black belt underRickson Gracie, Marcelo Behring was often praised by Rickson Gracie as his best student and was said to be, by the sport’s media in Brazil, the number two fighter in the World (Rickson being #1) at that time. His charisma and prowess helped raise awareness to jiu jitsu in the state of Sao Paulo – Brazil, though his thirst for life led him to extreme highs and lows, the lowest being his drug addiction that led to his death in 1995. Full Name:Marcelo Behring",False
8361,Marcelo Cohen,Marcelo,Cohen,,The Armoury,https://www.bjjheroes.com/?p=8361,"Marcelo Cohen is aBrazilian jiu-jitsublack belt underMarcelo Saporitoas well as a former member of theCarlson Gracie Academy. An IBJJF Pan American and American National champion (No-Gi), Cohen is also known for his work as a grappling instructor, recognition conquered while working at The Armory, a Florida (USA) based academy. Full Name:Marcelo Cohen",False
16,Marcelo Garcia,Marcelo,Garcia,Marcelinho,Alliance,https://www.bjjheroes.com/?p=16,"Marcelo Garcia, commonly known as ‘Marcelinho’, is aBrazilian Jiu-Jitsublack belt underMaster Fabio Gurgel, who competes for theAlliance BJJ academy. Having won 5world jiu-jitsu tournamentsand 4 times the ADCC (two of the most important tournaments in jiu-jitsu), Garcia is widely considered one of the best grapplers in the world, while his general demeanor made him one of the most beloved athletes by the BJJ community. Marcelo Garcia has also been featured inBJJHeroestop 10Best Grapplers of All Timelist. Full Name:Marcelo Garcia",False
10644,Marcelo Gomide,Marcelo,Gomide,,Gracie Barra,https://www.bjjheroes.com/?p=10644,"Marcelo Gomide is a Brazilian jiu-jitsu black belt underErik Wanderley, who also worked extensively with coachesSergio BeniniandCláudio Mattos(Caloquinha). One of the top representatives of theGracie Barra Academy, Gomide’s breakthrough tournament in the pro-division was the International Brazilian Jiu-Jitsu Federation (IBJJF) European No-Gi Open of 2019, Marcelo’s international black belt debut. An event where the Team GB athlete conquered an open-weight gold medal, taking out big names of the sport such as Murilo Santana, Adam Wardzinski, and Devhonte Johnson. Full Name:Marcelo Gomide Oliveira",False
10405,Marcelo Nunes,Marcelo,Nunes,,Zenith JJ,https://www.bjjheroes.com/?p=10405,"Marcelo Nunes is aBrazilian jiu-jitsublack belt underRobert Drysdaleand a representative of the Zenith JJ Academy, who worked extensively with Master Takeyoshi. Although a high-level athlete for over a decade, Nunes turned plenty of heads his way in the Masters Division of the sport after his brilliant performances in the International Brazilian Jiu-Jitsu Federation (IBJJF) performances of 2018 and 2019 at the Masters World and Pan Championships. Marcelo Nunes also ran successful, albeit shorter, careers in mixed martial arts (MMA) and Muay Thai. Full Name:Marcelo Florenço Nunes",False
1090,Marcelo Machado,Marcelo,Machado,,Gracie Humaita,https://www.bjjheroes.com/?p=1090,"Marcelo Machado is an illustrious Brazilian Jiu Jitsu black belt underRoyler Gracie. He was responsible for building one of the strongest and most prestigious BJJ academies in Rio de Janeiro, Gracie Tijuca, a club that has brought to the world champions such as Leticia Ribeiro andVinny Magalhaes. Marcelo is also responsible for launching one of Jiu Jitsu’s pioneer kimono brands, theMachado Kimonos, recognizable as the “M” Kimonos. Lineage:Mitsuyo Maeda >Carlos Gracie>Helio Gracie>Royler Gracie> Marcelo Machado",False
9706,Marcelo Mafra,Marcelo,Mafra,Lapela,Checkmat,https://www.bjjheroes.com/?p=9706,"Marcelo Mafra, commonly known as ‘Lapela’, is aBrazilian jiu-jitsublack belt underDemian Maia, having worked extensively with other well-known instructors such asEverdan Olegário(Mestre Dan),Fernando Tererê,Lucas LeiteandLeonardo Vieira. Mafra is well known for his achievements as a competitor on the International Brazilian Jiu-Jitsu Federation (IBJJF) circuit, with medals at the Brazilian, Pan, World NoGi and World Masters championships. Full Name:Marcelo França Mafra",False
8337,Marcelo Martins,Marcelo,Martins,Capo,Checkmat,https://www.bjjheroes.com/?p=8337,"Marcelo Capo Martins is aBrazilian jiu jitsublack belt under Élcio Figueiredo, and a former member of the Integração Jiu Jitsu team. An active competitor in this sport’s Masters international circuit, particularly within the International Brazilian Jiu Jitsu Federation (IBJJF), Capo Martins conquered important titles including at the South American, Rio International and San Diego International Open. Full Name:Marcelo Rodrigues Capociama Baladi Martins",False
1253,Marcelo Ribeiro,Marcelo,Ribeiro,,Gracie Barra,https://www.bjjheroes.com/?p=1253,"Having taught Brazilian Jiu Jitsu since he was a blue belt, Marcelo Ribeiro became a JJ black belt under Carlos Gracie Junior, after which he migrated to the United States of America where he became the head coach of the Gracie Barra franchise in Austin, Texas. Marcelo Ribeiro is also a highly regarded BJJ referee, having judged some of the most important competitions in the IBJJF roster. Full Name:Marcelo Ribeiro",False
13628,Marcelo Pereira,Marcelo,Pereira,,,https://www.bjjheroes.com/?p=13628,"Marcelo Pereira is a jiu-jitsu black belt underWendell Alexander&Andre Pederneiraswho was part of the revered Nova Uniao lightweight squad of the late 1990s and early 2000s, a time when he conquered an International Brazilian Jiu-Jitsu Federation (IBJJF) World title as well as repeated Brazilian Nationals gold medals before relocating to the United States in 2006 where he started his academy, Marcelo Pereira Jiu-Jitsu. Full Name:Marcelo da Silva Pereira",False
205,Marcelo Salazar,Marcelo,Salazar,,,https://www.bjjheroes.com/?p=205,Marcello Salazar is a Brazilian jiu jitsu black belt underMurilo Bustamantewho adhered to mixed martial arts (MMA) having a fruitful career in the cage. Full Name:Marcello Salazar Bergo,False
943,Marcelo Saporito,Marcelo,Saporito,,Carlson Gracie,https://www.bjjheroes.com/?p=943,"Master Marcelo Saporito is a coach at arguably the most iconic Brazilian Jiu Jitsu academy in the world, the “Academia Carlson Gracie” in Rua Figueiredo Magalhaes, Copacabana – Rio de Janeiro, an academy that produced some of the biggest starts in jiu jitsu and MMA. Saporito took the mammoth task of replacing the late MasterCarlson Gracieat the helm of the gym, which he did to perfection with over 200 team titles. Lineage:Mitsuyo Maeda >Carlos Gracie>Carlson Gracie> Marcelo Saporito",False
4163,Marcio Andre Barbosa Junior,Marcio Andre,Barbosa Junior,,Nova Uniao,https://www.bjjheroes.com/?p=4163,"Marcio André is aBrazilian Jiu-Jitsublack belt underFábio Andradewho is regarded as one of the top grapplers of his generation. A great story of success through jiu-jitsu, Marcio André almost succumbed to the grooming of criminality, turning his back on this path through coach Andrade and his academy in Bangú, whose work with underprivileged kids has helped numerous others, includingIsaque Bahience, Kaué Damasceno, Ronaldo de Jesus to name a few. Full Name:Márcio André Costa Barbosa Júnior",False
9,Marcio Cruz,Marcio,Cruz,Pé de Pano,,https://www.bjjheroes.com/?p=9,"Marcio Cruz, also known by his nickname “Pe de Pano” is aBrazilian Jiu-Jitsublack belt underCarlos Gracie Juniorwho is regarded by many as one of the best ultra-heavyweight competitors in the history of the sport. During his heyday, in the early 2000s, Mario Cruz was one of the biggest stars of theGracie Barra Academy, conquering numerous titles on the International Brazilian Jiu-Jitsu Federation (IBJJF) circuit, including world titles in 2002 and 2003. Pe de Pano fought also in mixed martial arts, reaching the pinnacle of cage fighting by competing in the UFC. Full Name:Márcio Ribeiro da Cruz",False
3099,Marcio Corleta,Marcio,Corleta,,Winner BJJ,https://www.bjjheroes.com/?p=3099,"Marcio Corleta is aBrazilian Jiu Jitsublack belt under Maurício andSylvio Behring, who is considered one of the topultra heavyweightsof his generation in the sport. Through his excellent sporting career Corleta brought awareness to the quality of Jiu Jitsu practiced in the south of Brazil, a region that has since produced several important BJJ players such asFabricio Werdum,Mario Reisamong many others. Full Name:Márcio Carvalho Corleta",False
4135,Marcio dos Santos,Marcio,dos Santos,,Carlson Gracie,https://www.bjjheroes.com/?p=4135,"Marcio Dos Santos iscoral beltinBrazilian Jiu Jitsu, and a leading figure of the sport during the 1980s decade, being directly involved in the development ofOsvaldo Alves‘ andCarlson Gracie‘s teams, two of the most dominant academies in Jiu Jitsu during that era. Marcio was also involved in the creation of one of the sport’s most influential positions, theclosed guard. Full Name:Marcio dos Santos",False
687,Marcio Feitosa,Marcio,Feitosa,,Gracie Barra,https://www.bjjheroes.com/?p=687,"Marcio Feitosa, one of the biggest names inBrazilian Jiu-Jitsu, is a black belt underCarlos Gracie Junior, being also his master’s right-hand man in relation toGracie Barra‘s affairs.  A true ambassador of the sport, Marcio Feitosa conquered the World Jiu-Jitsu Championship on multiple occasions as well as the ADCC (Abu Dhabi Combat Club), the world’s most prestigious Submission Wrestling event. When Gracie Barra moved its headquarters to the United States, Marcio Feitosa did the same, being made the international team’s main coach and frontman. Full Name:Marcio Feitosa",False
3090,Marcio Stambowsky,Marcio,Stambowsky,Macarrao,,https://www.bjjheroes.com/?p=3090,"Marcio Stambowsky, also known asMacarrão, is a Judo brown belt and aBrazilian Jiu-Jitsured and white belt (8th degree), who is one of the famous 5 men to have been graded as a black belt by the legendaryRolls Gracie, often referenced as the “Famous Five”. Stambowsky, who was one of the top competitors in the 1980s, is also the father of a prolific grappling competitor, Neiman Gracie Stambowsky. Full Name:n/a",False
492,Marco Barbosa,Marco,Barbosa,"Barba, Barbosinha",Barbosa,https://www.bjjheroes.com/?p=492,"Marco Barbosa, kindly nicknamed “Barbosinha” or “Barba” by the fans and friends in the Jiu Jitsu community, is a Judo andBrazilian Jiu Jitsublack belt who is regarded as one of the best instructors in BJJ. His academy in Sao Paulo, Barbosa Jiu Jitsu, is a top of the line grappling, Jiu Jitsu & MMA facility from where Marco Barbosa has produced several high level competitors. Full Name:Marco Barbosa",False
405,Marco Canha,Marco,Canha,Xassi,Checkmat,https://www.bjjheroes.com/?p=405,"Marco Canha is aBrazilian Jiu-Jitsublack belt, graduated under the legendaryRicardo Vieiraat the Fightzone academy (Checkmatheadquarters in Rio de Janeiro). Born in the “Mecca” of jiu-jitsu, Marco Canha made a name for himself as one of the hottest new prospects to come out of the Checkmat Academy, he has since moved to Europe, where he opened up his own affiliate of Fightzone in London (checkFightzone Londonwebsite). Full name:Marco Aurelio Oliveira Canha",False
1218,Marco Vilella,Marco,Vilella,Gigante,,https://www.bjjheroes.com/?p=1218,"Marco Vilella Marco Vilella, also known as “Gigante” is a Brazilian Jiu Jitsu black belt underCarlos Gracie Juniorwith a fantastic competitive record, having won important trophies such as the “Brasileiro”, the Pan American Championship and even the Mundial in the “pesadissimo” weight division.",False
1161,Marcos Barreto,Marcos,Barreto,,,https://www.bjjheroes.com/?p=1161,"Marcos Barreto made history as the very first worldBrazilian Jiu Jitsuchampion in the “Galo” weight division, back in 1996. A black belt under another historical figure inMonir Salomão(from theOswaldo Faddalineage), Barreto – aka “Juruna” – abandoned competitive Jiu Jitsu almost completely after his master’s death. Nickname:Juruna is the name of an Indian tribe that inhabits the Mato Grosso area of Brazil. It is not clear why Marcos is called Juruna. It might be because he had fringed hair at the time the name was given to him (that style of hair and is usually associated with the nickname).",False
1182,Marcos da Matta,Marcos,da Matta,Parrumpinha,American Top Team,https://www.bjjheroes.com/?p=1182,"Marcos da Matta, also known as ‘Parrumpinha’ or ‘Parrumpa’, was one of the topBrazilian jiu-jitsusuper featherweightsof the late 1990’s/early 2000’s having medalled in the world championship. ThisCarlson Gracieblack belt would join the American Top Team at a later stage and become one of the world’s most prestigious grappling coaches. Full Name:Marcos da Matta",False
1124,Marcos Escobar,Marcos,Escobar,,,https://www.bjjheroes.com/?p=1124,"Marcos Escobar is aBrazilian Jiu Jitsublack belt underLeonardo Castello Branco, having competed and medalled in several important tournaments such as the Pan American, the Brazilian National Teams championship and the Brazilian Cup. He has also been one of the propellers of BJJ in the Asian Continent since 2005. Full Name:Marcos Escobar Saad",False
617,Marcos Cerqueira,Marcos,Cerqueira,,,https://www.bjjheroes.com/?p=617,"Marcos Cerqueira is a Jiu Jitsu black belt underAndré “Negao” Terencio. Born in Rio de Janeiro, Brazil, he moved to the United States in 2008 and today he teaches in Houston – Texas at the Heights BJJ School. Full Name:Marcos Antonio Cerqueira Batista",False
1848,Marcos de Souza,Marcos,de Souza,,Bonsai,https://www.bjjheroes.com/?p=1848,"Marcos de Souza is an accomplishedBrazilian Jiu Jitsublack belt under his father, Adilson de Souza. Marcos comes from a family of competitors including his father Master Adilson (RIP) and his brothers Mauricio Dai Souza,Roberto Satoshiand Cristiane Yukari de Souza. Originally from São Paulo, Brazil, Marcos moved to Japan in 2007 where he opened a BJJ academy together with his brothers. Full Name:Marcos Yoshio de Souza",False
2385,Marcos Galvao,Marcos,Galvao,Loro,Nova Uniao,https://www.bjjheroes.com/?p=2385,"Marcos Galvão, also known as Marcos “Lôro”, is a professional mixed martial arts (MMA) fighter and a Bellator tournament champion (2012) who fights out of theNova Uniãocamp. With a solid background inBrazilian Jiu Jitsu, being a black belt under the illustriousAndre Pederneiras, Marcos Galvao has won important grappling competitions such as the world championships and the Brazilian teams nationals in the lower belts, as well as several Amazonas state championships in the sport of BJJ. Full Name:Marcos Aurelio Galvao Pereira",False
14261,Marcos Gomes Guedes,Marcos,Gomes Guedes,,,https://www.bjjheroes.com/?p=14261,"Marcos Antonio Gomes Guedes, commonly known as Marcos Gomes, is a professional grappler and jiu-jitsu black belt underGuilherme Mendes, who worked with an array of coaches during his path towards the top rankings of the sport. Marcos Gomes first made waves in jiu-jitsu during his colored belt career while competing in the International Brazilian Jiu-Jitsu Federation (IBJJF), representing teams such as Spirit Fight, Cicero Costha, Dream Art, and Art Of Jiu-Jitsu (AOJ). Full Name:Marcos Antonio Gomes Guedes",False
9573,Marcos Martins,Marcos,Martins,Petcho,B9,https://www.bjjheroes.com/?p=9573,"Marcos Vinicius Martins, often referenced as Marcos “Petcho”, is aBrazilian jiu-jitsublack belt underMarco Barbosaand Diego Martins, as well a representative of São Paulo Brazil-based team, B9. Martins became widely recognized as one of the top athletes of his generation after his wins at big events of the International Brazilian Jiu-Jitsu Federation (IBJJF) and Confederação Brasileira de Jiu-Jitsu (CBJJ) calendar, the sport’s most competitive circuit. Full Name:Marcos Vinicius de Oliveira Martins",False
13487,Marco Mendes,Marco,Mendes,,Dream Art,https://www.bjjheroes.com/?p=13487,"Marco Vinicius Mendes Brito, commonly known as Marco Mendes, is a professional jiu-jitsu athlete and a black belt under Javier Gomez andIsaque Bahiense, who also worked extensively with Livio Ribeiro. Despite being Brazilian, Marco Mendes first made waves in the sport while competing in the North American competitive circuit, particularly in the International Brazilian Jiu-Jitsu Federation circuit (IBJJF), where he conquered numerous titles. Full Name:Marco Vinicius Mendes Brito",False
6577,Marcos Santana,Marcos,Santana,Ratinho,,https://www.bjjheroes.com/?p=6577,"Antônio Marcos Santana, commonly known as Marcos “Ratinho” is aBrazilian jiu jitsublack belt underRicardo Vieiraand Fabricio “Bicudo” Medeiros. An accomplished athlete with important wins in jiu jitsu as well as mixed martial arts (MMA) – under ONE FC’s promotion, Ratinho is also a true jiu jitsu globetrotter, having trained and coached in places such as Brazil, Dubai, Abu Dhabi or Singapore. Full Name:Antônio Marcos da Fonseca Santana",False
2290,Marcos Torregrosa,Marcos,Torregrosa,Yamaso,,https://www.bjjheroes.com/?p=2290,"Marcos Torregrosa, also known as Marcos “Yemaso”, is ajiu jitsublack belt underCassio Werneck. Originally from Puerto Rico, Marcos Torregrosa made a name for himself in the grappling world competing mainly in the United States where he conquered several important tournaments such as the American National, Grapplers Quest, the US Open an many other trophies. Full Name:Marcos Alejandro Pagliere-Torregrosa",False
984,Marcus Almeida,Marcus,Almeida,Buchecha,Checkmat,https://www.bjjheroes.com/?p=984,"Marcus Almeida, also known as “Buchecha” (or Bochecha), is aBrazilian Jiu-Jitsublack belt underRodrigo Cavacaand a member of theCheckmat academy, being widely regarded as the greatest grappler of his generation and arguably of all time in the sport of BJJ. His reputation is backed by his 6 IBJJF World Championship open weight titles, being the record holder of absolute gold medals at the ‘Mundial’ after breakingRoger Gracie‘s previous record (3) back in2016. Full Name:Marcos Vinicius Oliveira de Almeida",False
12303,Marcus Beddor,Marcus,Beddor,,M-Theory,https://www.bjjheroes.com/?p=12303,"Marcus Beddor is a Minnesota-based professional grappler and a jiu-jitsu black belt under Ishmael Bentley, as well as a member of the M-Theory Martial Arts Academy. Beddor broke through as one of the sport’s top light-featherweights while competing in the upper echelon of the sport, the pro-division, where he beat big jiu-jitsu names such as Richar Nogueira, Emilio Hernandez, Brian Mahecha, to name a few, while earning gold medals in numerous tournaments of the International Brazilian Jiu-Jitsu Federation’s circuit. Full Name:Marcus Beddor",False
1619,Marcus Bello,Marcus,Bello,,GF Team,https://www.bjjheroes.com/?p=1619,"Marcus Bello is a Judo andBrazilian Jiu Jitsublack belt, being also one of the most important figures in theGFTeam. Bello is famed for his exquisite top game with which he defeated many big names of the sport, including legends likeTererêandMarcelinho Garcia. Full Name:Marcus Vinicius de Souza Bello",False
1785,Marcus Norat,Marcus,Norat,,,https://www.bjjheroes.com/?p=1785,"Marcus Norat is a formerBrazilian Jiu Jitsublack beltWorld Champion(2002) and a representative of the illustriousGracie Humaitain the early 2000’s. The man from Belem do Pará, Brazil also became the founder of Norfight, a successful academy in the region, while serving several mandates as the president of Parana’s Jiu Jitsu Federation. Full Name:Marcus Norat",False
11187,Marcus Phelan,Marcus,Phelan,,ECBJJA,https://www.bjjheroes.com/?p=11187,"Marcus Phelan is a professional Irish grappler and a black belt in jiu-jitsu underDarragh O’Conaill, representing the East Coast Jiu-Jitsu team in the sport’s international circuit. Phelan became widely recognized as one of Europe’s top lightweights while competing in the International Brazilian Jiu-Jitsu Federation (IBJJF) tour, where he conquered numerous important gold medals in events such as the Dublin, Berlin, and London Opens. Full Name:Marcus John Phelan",False
10130,Marcus Vinicius Ribeiro,Marcus Vinicius,Ribeiro,Scooby,Alliance,https://www.bjjheroes.com/?p=10130,"Marcus Vinicius Ribeiro is a Brazilian jiu-jitsu black belt under Luciano Nucci (Casquinha), who also worked extensively with coachesJuan Caio KamezawaandRodrigo Siqueiraat theAlliance Academy(Mooca). Marcus Ribeiro is widely recognized as one of the top super-heavyweight competitors of his generation, a reputation he earned while grappling in the colored belt divisions of this sport/martial art, a time when he conquered numerous important titles of the International Brazilian Jiu-Jitsu Federation (IBJJF) circuit. Full Name:Marcus Vinicius Ribeiro de Siqueira",False
12744,Mariana Rolszt,Mariana,Rolszt,,,https://www.bjjheroes.com/?p=12744,"Mariana Rolszt is a professional grappler who represents theGracie Humaitásquad in the sport’s global circuit and holds the rank of black belt in jiu-jitsu under the tutelage ofLetícia Ribeiro. Mariana is also one of the main roosterweight athletes (48,5kg / 107.0 lbs) of her generation, a reputation earned through her Brazilian Nationals (Brasileiro) and South American titles both with the International Brazilian Jiu-Jitsu Federation (IBJJF) and the Abu Dhabi Jiu-Jitsu Pro Tour (AJP), the two most established promotions in the sport. Full Name:Mariana Cabral Rolszt",False
12233,Margot Ciccarelli,Margot,Ciccarelli,,Unity JJ,https://www.bjjheroes.com/?p=12233,"Margot Ciccarelli is a jiu-jitsu black belt underMurilo Santanawho worked extensively with other coaches such asRodrigo Caporal, Jude Samuel, andGuilherme Mendes. Ciccarelli gained notoriety early in her career not only due to her extensive medal tally, but also thanks to her innovative jiu-jitsu style, heavily reliant on positions such as theBerimbolo,Crab-Ride,Lapel-Guard(s), Leg-Drag, and other more recent technical advancements. Her dedication and study of body movement and spatial awareness have also led Margo to co-create Jitz-Jamming, an art form closely connected to her grappling background (more info here). Full Name:Margot Ciccarelli",False
12201,Maria Eduarda Tozoni,Maria,Eduarda Tozoni,Duda,The Match Champ,https://www.bjjheroes.com/?p=12201,"Maria Eduarda Tozoni Ono, commonly known in the sport of jiu-jitsu as Duda Tozoni, is a professional grappler and a representative of Marcos Cunha’s, The Match Champ Academy in the sport’s international circuit. Tozoni first made waves as a colored belt, competing in the roosterweight division (48,50 kg / 107.0 lbs) when she conquered a European Open and South Brazilian Championships of the International Brazilian Jiu-Jitsu Championship (IBJJF). Full Name:Maria Eduarda Tozoni Ono",False
13505,Maria Luiza,Maria,Luiza,,Almeida JJ,https://www.bjjheroes.com/?p=13505,"Maria Luiza Nunes Pinto, commonly known as Maria Luiza, is a jiu-jitsu black belt underCaio Almeidaand a member of the Almeida Jiu-Jitsu team who often represents the Atos Association in international events due to the affiliation between AJJ and Atos. Maria Luiza first made waves in the sport as a juvenile but it was as a brown belt that she truly broke through as one of the top competitors of her generation through her wins in the International Brazilian Jiu-Jitsu Federation (IBJJF) World & Brazilian National Championships. Full Name:Maria Luiza Nunes Pinto",False
13983,Maria Luiza Delahaye,Maria,Luiza Delahaye,,GF Team,https://www.bjjheroes.com/?p=13983,"Maria Luisa Delahaye Amorim, commonly known as Maria Delahaye is a jiu-jitsu black belt under Richard “Tio Ricky” Neves and Renato Verás who represents the Grappling Fight Team (GFT) in the sport’s international circuit. Delahaye first made waves in the sport while competing in the Abu Dhabi Jiu-Jitsu Pro (AJP) league’s mixed division (black & brown) where she earned a #2 overall ranking in 2024, competing as a brown belt. Full Name:Maria Luisa Delahaye Amorim",False
8759,Maria Malyjasiak,Maria,Malyjasiak,,,https://www.bjjheroes.com/?p=8759,"Maria Malyjasiak, often referred to as “Marysia” Malyjasiak is a Polish-bornBrazilian jiu-jitsublack belt underAbmar Barbosa, and a Pan American champion in the sport, having also an extensive curriculum in judo where Malyjasiak served as a National Polish Team Squad member. Maria is widely regarded as one of the top super-heavyweight competitors of her generation in jiu-jitsu. Full Name:Maria Malyjasiak",False
13809,Maria Ruffatto,Maria,Ruffatto,,BTT,https://www.bjjheroes.com/?p=13809,"Maria Ruffatto is a jiu-jitsu athlete who holds the rank of black belt under Gustavo Bessa and Ighor Horta. Ruffato first made waves on the global grappling scene as a colored belt when she won important titles in the International Brazilian Jiu-Jitsu Federation (IBJJF), she would later cement her status as one of the top athletes in the sport, breaking through in the professional circuit, by conquering the South American (Brazil) ADCC Trials in 2024. Full Name:Maria Vitória Gonçalves Ruffatto",False
13586,Maria Carolina Vicentini,Maria Carolina,Vicentini,,Dream Art,https://www.bjjheroes.com/?p=13586,"Maria Carolina Vicentini, commonly known as “Maca” Vicentini, is a jiu-jitsu black belt underLucas Gualbertowho worked extensively withMarco Barbosa(B9) throughout her kids, teen, juvenile, and colored belt career. Maca started making waves in the sport in the lower belt ranks of the sport where she conquered numerous important events, but it was as a brown belt that Vicentini truly broke through as one of the hottest prospects in the sport, a time when she conquered the three major tournaments on the International Brazilian Jiu-Jitsu Federation (IBJJF) schedule, meaning the World, Pan American, and Brazilian National Championships. Full Name:Maria Carolina Barón Vicentini",False
1810,Marina Ribeiro,Marina,Ribeiro,,Checkmat,https://www.bjjheroes.com/?p=1810,"Marina Ribeiro is a topBrazilian Jiu Jitsucompetitor from theCheckmatteam out of Rio de Janeiro, Brazil. A proof of just how talented Marina is was her meteoric rise to black belt, which took her only 4 years, training under the legendary and former BJJ World ChampionRicardo Vieira. Full Name:Marina Soares de Araújo Ribeiro",False
3546,Mario Claudio Tallarico,Mario Claudio,Tallarico,,,https://www.bjjheroes.com/?p=3546,"Mario Claudio Tallarico was an important figure in 1970sBrazilian Jiu Jitsu, being the 2nd black belt awarded by the lateRolls Gracie, a deed he achieved at only 19 years of age. Tallarico is often mentioned as one of the top guard players produced by Rolls, having later influenced the development of great figures of the sport such asRilion Gracie,Luis Herédiaor‘Pitoco’ Jordan. Full Name:Mario Claudio Tallarico",False
790,Mario Reis,Mario,Reis,,Alliance,https://www.bjjheroes.com/?p=790,"Mario Reis is a topBrazilian Jiu Jitsucompetitor in the featherweight division. This fighter from the South of Brazil has won numerous competitions such as the World Championship, the World Cup and many other important tourneys. Reis is also famed for his aggressive style either playing guard or passing and is seen as one of the most entertaining fighters of the division. Full Name:Mario Sergio Names Reis",False
1226,Mario Yokoyama,Mario,Yokoyama,,Ryan Gracie,https://www.bjjheroes.com/?p=1226,"Mario Sergio Yokoyama Mario Sergio Yokoyama is a Brazilian Jiu Jitsu black belt under the late Ryan Gracie, who also holds the rank of black belt in Judo. Having competed in Mixed Martial Arts as well, Yokoyama moved to Australia in 2004 where he opened a Ryan Gracie affiliate school, being the main representative of the prestigious school in Oceania.",False
2111,Mariusz Linke,Mariusz,Linke,,Macaco Gold Team,https://www.bjjheroes.com/?p=2111,"Mariusz Linke, also known as “Manolo”, is a 4th dan judo black belt and the first Polish national to earn a black belt inBrazilian jiu jitsu. Mariusz Linke is one of the main instigators for jiu jitsu in Poland, where he leads the successful Linke Gold Team (an affiliate of Macaco Gold Team), holding different franchises around Poland. Mariusz Linke has also participated in several MMA bouts having competed internationally in countries such as Brazil and the US. Full Name:Mariusz Linke",False
1774,Mark Ramos,Mark,Ramos,,,https://www.bjjheroes.com/?p=1774,"Mark Ramos is an accomplished American grappler who holds a black belt in Judo and Brazilian Jiu Jitsu under Edson Carvalho. Born and raised in New Jersey though of Portuguese descent, Ramos is a testament of perseverance in the sport having become a very successful competitor while working full time, earning his black belt in an astonishing 5 and ½ years and winning such prestigious tournaments as the World Nogi Championships (twice), the Pan American Championship and the American Nationals. Full Name:Mark Daniel Ramos",False
367,Marlon Sandro,Marlon,Sandro,,Nova Uniao,https://www.bjjheroes.com/?p=367,"Marlon Sandro is a former professional mixed martial arts prize fighter who was one of the main figures of team Nova União’s MMA squad at the turn of the 20th century, a workgroup that was placed at the forefront of the sport at the time. Sandro is also a Brazilian jiu-jitsu black belt under André Pederneiras, a skillset he used extensively inside the cage while becoming a symbol for overcoming adversities through combat sports, due to his being born and raised in one of the most notorious slums (favelas) of Rio de Janeiro, de Morro de Santo Amaro, a place he returned to after retiring from cage-fighting. Lineage:Carlos Gracie>Helio Gracie>Carlson Gracie>André Pederneiras> Marlon Sandro",False
7645,Masahiro Iwasaki,Masahiro,Iwasaki,,Carpe Diem,https://www.bjjheroes.com/?p=7645,"Masahiro Iwasaki is aBrazilian jiu-jitsublack belt underMarco Barbosa(as well as a former student of Yasuhiro Miyamoto) who is regarded as one of the top Japanese grappling competitors of his generation; known also as a member of the prestigious Tokyo based academy Carpe Diem. As a black belt Masahiro Iwasaki conquered medals in the IBJJF European International Open, IBJJF Asian Open as well as at the ASJJF All Japan Championship. Full Name:Masahiro Iwasaki",False
11789,Mason Fowler,Mason,Fowler,,CTA,https://www.bjjheroes.com/?p=11789,"Mason Fowler is a professional grappler and a representative of the Caio Terra Association (CTA) in jiu-jitsu’s professional circuit, who holds the rank of black belt. A student ofCaio Terra, who worked extensively withGabriel Procópio, Fowler became a familiar face in the sport’s international circuit after his dominant performance at the ADCC West Coast Trials back in 2019, a good form he continued to display in the years that followed, which earned the California native several wins over some of jiu-jitsu’s most well-respected competitors. Full Name:Mason Fowler",False
10509,Mathias Luna,Mathias,Luna,,Checkmat,https://www.bjjheroes.com/?p=10509,"Jose Mathias Macedo de Lira Luna, commonly known as Mathias Luna, is a Brazilian jiu-jitsu black belt underRicardo Feliciano(Pantcho) andLucas Leiteof theCheckmat Team, who worked extensively at the Barreto Brothers Academy in Natal, RN – Brazil, namely with Bruno andThiago Barreto. Mathias and his twin brother Matheus Luna ascended to the top of jiu-jitsu’s competitive rankings as purple belts a status they further cemented on their path to black belt. Full Name:Jose Mathias Macedo de Lira Luna",False
11874,Matt Thornton,Matt,Thornton,,SBG,https://www.bjjheroes.com/?p=11874,"Matt Thornton is the founder of the Straight Blast Gym (SBG), one of the most respected martial arts academies in the world with affiliations spreading across 5 continents. Thornton is alsoChris Haueter‘s first jiu-jitsu black belt, a martial art that Matt trained extensively with Hauater and Rickson Gracie, two men whose teachings helped Thornton become a well respected grappling instructor himself. As a coach, Thornton is known for his work, developing the games of numerous top-tier athletes in the combat sports world, a list of students that includes former UFC champions Randy Couture and Forrest Griffin, as well as MMA coachJohn Kavanagh. Full Name:Mathew Thornton",False
1858,Matt Serra,Matt,Serra,,Renzo Gracie,https://www.bjjheroes.com/?p=1858,"A former UFC welterweight champion, Matt Serra was also the very first American to receive his black belt inBrazilian Jiu-Jitsufrom the hands ofRenzo Gracie. Well know for his historic upset in MMA, when he won his UFC welterweight title by TKO’ing heavy favorite, George Saint Pierre; Matt Serra is also an accomplished grappler with medals in important tournaments such as theMundial de Jiu-Jitsuand the ADCC, having wins over submission artists such asJean Jacques MachadoandLeo Santos. Full Name:Mathew John Serra",False
10094,Mauricio Antunes,Mauricio,Antunes,,Checkmat,https://www.bjjheroes.com/?p=10094,"Mauricio Antunes, commonly known as “Tarja”, is aBrazilian jiu-jitsublack belt underCicero Costha, who worked extensively withAlexandre de Souza. One of the top competitors of his generation, Antunes made his mark, particularly in the Masters (over 30) division, where he conquered important trophies such as the #1 Ranked Athlete in the United Arab Emirates Jiu-Jitsu Federation (UAEJJF) in 2019, having also earned important medals in the International Brazilian Jiu-Jitsu Federation (IBJJF) circuit, namely at the World Masters, European Open and Pan American Championship. Full Name:Mauricio Togni Antunes",False
1185,Mauricio Gomes,Mauricio,Gomes,,,https://www.bjjheroes.com/?p=1185,"Maurício Gomes, also known asMaurição, was a famousBrazilian Jiu Jitsucompetitor, active during the 1970’s and 1980’s decades, who belongs to the elite group of black belts given the rank by the lateRolls Gracie, one of the legendary figures of this Brazilian style of grappling. On top of his long list of trophies in the sport, Maurício was the founder of the firstGracie Barrafranchise in the United Kingdom, one of the very first academies to be established in British soil. Maurício Gomes is also the father ofRoger Gracie, the most achieved grappler of his generation. Full Name:Maucicio Motta Gomes",False
931,Mauricio Mariano,Mauricio,Mariano,Tinguinha,,https://www.bjjheroes.com/?p=931,"Mauricio Mariano, commonly known as ‘Tinguinha’, is a historical figure inBrazilian Jiu Jitsu, having won important trophies such as the Brazilian Nationals. Tinguinha was a revolutionary ofthe open guardin the early 1990s, having created several techniques from that position, Mauricio Mariano was also one of the first members ofGracie Barrato travel to the United States, later building his own enterprise: Tinguinha BJJ Academy. Full Name:Maurício Mariano dos Santos",False
8996,Mauricio Oliveira Neto,Mauricio,Oliveira Neto,,GF Team,https://www.bjjheroes.com/?p=8996,"Maurício Oliveira Neto is aBrazilian jiu-jitsublack belt underJúlio César Pereirawho represented theGFT academyin the sport’s international circuit during the early stages of his career, later switching to the Dream Art Project team in São Paulo, Brazil. Maurício Oliveira made a name for himself as one of the sport’s biggest stars after sequential International Brazilian Jiu-Jitsu Federation (IBJJF) World titles in the blue, purple and brown belt divisions (2016, 2017, 2018) becoming instantly recognized as one of the top grapplers of his generation. Full Name:Maurício de Oliveira Santos Neto",False
960,Mauro Chueng,Mauro,Chueng,,Rio Grappling Club,https://www.bjjheroes.com/?p=960,"Mauro Chueng is a Brazilian Jiu Jitsu black belt under the legendarySérgio Bolãoand one of the top instructors teaching in the southern region of Portugal, the Algarve – Albufeira. Chueng is also one of the founding members of the Rio Grappling Club, a strong BJJ team with affiliates all over Europe, a team which is led by Mr Chueng andRoberto “Risada” Atalla. Full Name:Mauro Sergio Chueng da Silva",False
9106,Mauro Pacifico,Mauro,Pacifico,,Equipe Bushido,https://www.bjjheroes.com/?p=9106,"Mauro Pacífico is aBrazilian jiu jitsuunderOctávio de Almeida Senior, having also worked extensively with Romeu Bertho while holding this same rank in judo, awarded by the São Paulo Judo Federation (FPJ). Pacífico is known as the co-founder of “Equipe Bushido”, a jiu jitsu team from which he developed some of the top competitors in the world, athletes such asRubens Charles(Cobrinha), the Langhi Brothers (MichaelandMichel) as well as former UFC light-heavyweight Thiago Silva, to name a few. Full Name:Mauro Pacífico",False
11926,Mayara Custodio,Mayara,Custodio,,Checkmat,https://www.bjjheroes.com/?p=11926,"Mayara Custódio is a jiu-jitsu black belt underSebastian Lalli, who worked extensively withLeonardo Vieiraand Norival Diego Rossi. A former arm-wrestling champion, Custódio first made waves in grappling during her colored belt career in the International Brazilian Jiu-Jitsu Federation (IBJJF) circuit, a time when Mayara conquered World, European, Brazilian, and American National titles. Full Name:Mayara Monteiro Custódio",False
8218,Mayko Araujo,Mayko,Araujo,,Checkmat,https://www.bjjheroes.com/?p=8218,"Mayko Araújo is aBrazilian jiu jitsublack belt underLeonardo Vieira, being also one of the top representatives of theCheckmatteam in the United States. A medallist in tournaments such as the IBJJF World No-Gi and Pan American No-Gi Championship, Mayko has also worked as an instructor at the Checkmat Headquarters in California, USA later going on to become the co-founder of the team’s main affiliation in Idaho together with his wifeKaren Antunes. Full Name:Mayko de Araujo Girotto Borges",False
9271,Mayssa Bastos,Mayssa,Bastos,,GF Team,https://www.bjjheroes.com/?p=9271,"Mayssa Bastos is aBrazilian jiu-jitsublack belt underJúlio César Pereiraand Jair Court of theGF Team, who also worked extensively withMurilo Santanaat Unity JJ. Mayssa became one of the most talked-about names in the female light-feather weight class while climbing the ranks of the sport, through her wins in important International Brazilian Jiu-Jitsu Federation (IBJJF) and United Arab Emirates Jiu-Jitsu Federation (UAEJJF) tournaments. She would later cement her status as one of her generation’s top competitors in the pro division. Full Name:Mayssa Caldas Pereira Bastos",False
8308,Max Lindblad,Max,Lindblad,,Checkmat,https://www.bjjheroes.com/?p=8308,"Max Lindblad is a Swedish bornBrazilian jiu jitsublack belt under Kent Hammarström and one of the top European grappling competitors, particularly with the gi, a genre in which Lindblad conquered important titles such as the International Brazilian Jiu Jitsu Federation’s (IBJJF) European Open as well as the United Arab Emirates Jiu Jitsu Federation (UAEJJF) World Pro and Abu Dhabi Grand Slam in London. Full Name:Max Leonard Lindblad",False
8714,Maximiliano Carvalho,Maximiliano,Carvalho,,ZR Team,https://www.bjjheroes.com/?p=8714,"Maximiliano Carvalho, commonly known as Max Carvalho is aBrazilian jiu jitsublack belt underJosé Olímpio(Zé Radiola) and a member of ZR Team’s international grappling association. A podium achiever in important tournaments such as the International Brazilian Jiu Jitsu Federation (IBJJF) European Masters, London International and European No-Gi Open, Carvalho was also one of BJJ’s pioneers in Central Europe. Particularly Hungary, a country in which he settled back in 2004. Full Name:Maximiliano de Figueiredo Carvalho",False
13804,Maximilian Hanson,Maximilian,Hanson,,Adamas,https://www.bjjheroes.com/?p=13804,"Maximilian John Anthony Hanson, commonly known as Max Hanson, is a Canadian grappler and a black belt in jiu-jitsu underDante Leonwho often represents Pedigo Submission Fighting and team Adamas in the sport’s North American circuit. Hanson broke through in the sport, particularly in the no-gi ruleset, through his performances in professional events such as the Enigma and Sapateiro Invitationals. Full Name:Maximilian John Anthony Hanson",False
872,Maximiliano Trombini,Maximiliano,Trombini,,Cia Paulista,https://www.bjjheroes.com/?p=872,"Maximiliano Trombini is a Judo and Brazilian Jiu Jitsu black belt famous amongst the grappling community for having been the coach of the Brazilian Judo Federation’s Newaza (ground fighting) department, he has also worked with the Japanese Judo Federation in that department, a work that has been praised by some of the main figures in Judo such as Tadahiro Nomura (Olympic Champion) and Hitoshi Saito (Japanese National Judo Team coach). Full Name:Milton Maximiliano Trombini",False
11620,Maxine Thylin,Maxine,Thylin,,,https://www.bjjheroes.com/?p=11620,"Maxine Thylin is ajiu-jitsublack belt competitor from Sweden who earned her rank fromLetícia Ribeiroof theGracie Humaitáteam, having also worked extensively with Ricard Carneborn, Ralf Carneborn, and Marcelo Yogui. Thylin is well known in the International Brazilian Jiu-Jitsu Federation (IBJJF) circuit, where she competed extensively, earning important medals in events such as the World, Pan American, and European Championships. Full Name:Emilie Maxine M. H. Thylin",False
10088,Melqui Galvao,Melqui,Galvao,,Escola Melqui Galvão,https://www.bjjheroes.com/?p=10088,"Melquisedeque Galvão, commonly known as Melqui Galvão, is aBrazilian jiu-jitsublack belt under Ronnie Melo, who is one of the main assets of theAlliance Jiu-Jitsuteam in the region of Amazonas, Brazil. A renowned grappling instructor, Melqui helped in the development of a number of high-end athletes, including Thalison Soares, Fabricio Andrey, Brenda Larissa, Diogo Reis as well as Micael Galvão (son) and Sammi Galvão (daughter). Melquisedeque is also a former Chief Investigator for the special kidnapping unit in the Elite Group of the Manaus Police Department. Full Name:Melquisedeque S. de Lima Galvão",False
10451,Melissa Cueto,Melissa,Cueto,,,https://www.bjjheroes.com/?p=10451,"Melissa Cueto is aBrazilian jiu-jitsublack belt under Leo Morosetti, having also worked extensively with Diego Unfer, who represented the Unfer BJJ Academy in the sport’s international circuit for many years, later joining the Gracie Humaitá team as well as the Alliance Academy. Widely regarded as one of the top grappling athletes of her generation, Melissa’s notoriety was conquered while competing in the International Brazilian Jiu-Jitsu Federation (IBJJF) international circuit, particularly after her World Championships title (2021). Full Name:Melissa Stricker Cueto",False
11423,Meyram Maquine,Meyram,Maquine,,Guigo JJ,https://www.bjjheroes.com/?p=11423,"Meyram Maquine Alves is a jiu-jitsu black belt underLuiz “Guigo” Guilherme, who also worked extensively underLloyd Irvinand Alcenor Alves’ tuition. Originally from Manaus, Brazil, Meyram made a name for himself as a colored belt while representing the São Paulo based team Guigo JJ, with whom Maquine conquered important titles in the International Brazilian Jiu-Jitsu Federation (IBJJF) and the United Arab Emirates Jiu-Jitsu Federation (UAEJJF) circuits, such as the World, Pan, and South American Championships, Brazilian Nationals, as well as the Abu Dhabi Grand Slam Tour. Meyram would become one of the biggest names of his generation by conquering multiple world titles with the IBJJF and matching Royler Gracie’s 27-year-old record as the lightest athlete to medal in the open weight of the federation’s World Championship open class with his 2024 performance in the division as a featherweight competitor. Full Name:Meyram Maquiné Alves",False
14270,Mia Funegra,Mia,Funegra,,AOJ,https://www.bjjheroes.com/?p=14270,"Mia Funegra is an American grappler who specializes in the jiu-jitsu ruleset and representsGuilherme Mendes‘ Art Of Jiu-Jitsu (AOJ) Academy in the sport’s global circuit. Mia and her sisters (Ashlee [twin], and Natalee) are three of the most successful athletes produced by the renowned AOJ Kids program, a reputation earned while competing on the International Brazilian Jiu-Jitsu Federation (IBJJF) tournament scene, first in the junior divisions and later as adults. Full Name:Mia Funegra",False
12122,Micael Galvao,Micael,Galvao,,Escola Melqui Galvão,https://www.bjjheroes.com/?p=12122,"Micael Ferreira Galvão, commonly known as Mica Galvão, is a professional grappler who holds the rank of black belt in jiu-jitsu under his father, coachMelqui Galvão, as well as a black belt in Luta Livre Esportiva (Brazilian catch-wrestling) under Master Totonho Aleixo. Although well known for his achievements in jiu-jitsu’s international tour, a circuit Galvão dominated from the teen, junior, and juvenile age groups, on to the adult divisions his first major break towards worldwide notoriety happened back in January 2019, shortly after earning his blue belt, a time when (then) 15YO Micabeat IBJJF Manaus Open adult black belt champion Leandro Rounaudvia submission at a super-fight in Copa Podio’s Orange League. In 2024, Mica Galvão also achieved the sport’s Super Grand Slam (honorary title) by winning all 4 major tournaments of the International Jiu-Jitsu Federation (IBJJF) and the ADCC in one season, the World, Pan, European, Brazilian Nationals, and ADCC World Championship. He was only the second athlete in the history of jiu-jitsu to achieve this deed in one single year. Full Name:Micael Ferreira Galvão",False
122,Michael Langhi,Michael,Langhi,,Alliance,https://www.bjjheroes.com/?p=122,"Michael Langhi is aBrazilian Jiu-Jitsublack belt under the legendaryRubens Charles “Cobrinha”and widely regarded as one of the top lightweight competitors of his generation. Known for his very technical guard, Langhi’s sporting accolades earned him the title of “BJJ Fighter of the year” by the press in 2009, his second year as a black belt, Langhi would later become the head coach of theAllianceHeadquarters Academy in Brazil. Michael is also the older brother of another former grappling star,Michel Langhiwho was awarded his black belt in 2011. Full Name:Michael Alexandre Langhi",False
8427,Michael Perez,Michael,Perez,Mike,Atos,https://www.bjjheroes.com/?p=8427,"Michael Perez, commonly known as Mike Perez is aBrazilian jiu-jitsublack belt underAndré Galvaoand a representative of theAtos JJ Academyin the sport’s international circuit. Perez earned his reputation as one of the top US competitors of his generation through his wins in important tournaments such as the ADCC US Trials and International Brazilian Jiu-Jitsu Federation (IBJJF) World and Pan American No-Gi Championships. Full Name:Michael Anthony Perez",False
9253,Michael Trasso,Michael,Trasso,,Gracie Humaita,https://www.bjjheroes.com/?p=9253,"Michael Trasso is aBrazilian jiu-jitsublack belt underRegis Lebre, and a member of theGracie HumaitáSan Diego camp, who also worked extensively with coaches Mike MrKulic (RIP) and Jerry Jones. A former child prodigy of grappling with a feature in the Kids Sports Illustrated Magazine (2003), and a teen award at the Grappling’s Hall of Fame gala (NAGA 2005), Trasso is also known for his scholastic wrestling career for Rhode Island College (Providence, RI), where Michael earned 4 NEWA Conference Medals (New England). Full Name:Michael Ray Trasso",False
12455,Michael Zenga,Michael,Zenga,,,https://www.bjjheroes.com/?p=12455,"Michael Zenga is a jiu-jitsu and judo black belt who worked extensively with revered coaches such as Travis Stevens, Daniel Gazoni, João Amaral, Jimmy Pedro, andBernardo Faria. Although with a fruitful career in judo and jiu-jitsu’s Masters divisions, where he conquered a Pan American title (BJJ), World bronze medal (BJJ), a Pan-Am bronze medal (Judo), and a Massachusetts State title (judo), Michael Zenga is also well-known for his entrepreneurial achievements, particularly his work with BJJ Fanatics, the largest jiu-jitsu instructionals platform in the industry, a company Zenga co-founded with Bernardo Faria and Michael Reardon. Full Name:Michael Zenga",False
13947,Michael Jalen Fonacier,Michael Jalen,Fonacier,,Alliance,https://www.bjjheroes.com/?p=13947,"Michael Jalen Fonacier is a professional jiu-jitsu athlete from the United States and a black belt in this discipline underRubens Charles Maciel(Cobrinha). Fonacier first made waves in this sport while competing in the lower belts as a juvenile, where he conquered important titles of the International Brazilian Jiu-Jitsu Federation (IBJJF) circuit, such as the World and Pan American Championships a deed he would repeat in his rookie year at the professional level, making his black belt debut one of the most successful on record. Full Name:Michael Jalen B. Fonacier",False
1747,Michel Langhi,Michel,Langhi,,Alliance,https://www.bjjheroes.com/?p=1747,"Michel Langhi is aBrazilian Jiu Jitsublack belt under the legendaryRubens Charles “Cobrinha”and was once one of the rising stars in the sport/martial art’s featherweight division. Being the brother of lightweight world championMichael Langhi, Michel (often regarded as “Langhinho”) became a star on his own merit after successive wins in the lower ranks of jiu jitsu’s competitive scene, where he won tournaments such as the World Championships, the Pan American and theBrasileiro. Full Name:Michel Langhi",False
823,Michelle Nicolini,Michelle,Nicolini,,Checkmat,https://www.bjjheroes.com/?p=823,"Michelle Nicolini is one of the elite fighters in women’sjiu-jitsu. An 8x jiu-jitsu world champion, ADCC champion and World Pro Cup Champion, Michelle Nicolini is also a black belt under ADCC 2007 absolute championRobert Drysdaleand one of the main stars in theCheckmat BJJ team. Michele Nicolini’s rampant competitive career has had its shiniest moments since 2010 when she started training underRodrigo Cavacaat his Santos academy, an academy she left in October 2013 due to some differences regarding the leadership of professor Cavaca. Full Name:Michelle Zonato Nicolini",False
1583,Mike Fowler,Mike,Fowler,,,https://www.bjjheroes.com/?p=1583,"Mike Fowler is a jiu-jitsu black belt who gained recognition for his unique leopard print hairstyle and his fast rise to the top of grappling’s competitive scene, achieving his black belt under coachLloyd Irvinin 3.5 years – the first athlete to complete the curriculum of Irvin’s highly marketed “Grappling Blue Print” program. Although Fowler was once Irvin’s star pupil winning against many big names of the sport, Fowler left the team in 2012, going on to train at Atos Headquarters in San Diego, and later settling in Hawaii. Full Name:Michael Lee Fowler",False
7917,Milton Bastos,Milton,Bastos,,Ares JJ,https://www.bjjheroes.com/?p=7917,"Milton Bastos is aBrazilian jiu jitsublack belt underRicardo “Franjinha” Millerand a former freestyle wrestler, a sport Milton competed in extensively while in his native country of Brazil. During 2009 Bastos moved to the United States where he started more avidly pursuing a career in jiu jitsu, conquering important titles such as IBJJF World Championship (gi and no-gi). Milton Bastos is also the co-founder of Ares BJJ a well respected jiu jitsu association. Full Name:Milton Carlos Bastos P. do Nascimento",False
2231,Milton Regis,Milton,Regis,,Kioto,https://www.bjjheroes.com/?p=2231,"Milton Regis is a Brazilian jiu jitsu black belt underGreat Master Francisco Mansur,being also one of the top Kioto Academy instructors, leading the Sayville, NY, branch of the organization. An accomplished black belt with medals at the Pan American (Gi and Nogi) as well as the NAGA and the Brazilian National Championships, Milton Reg was also the co-creator and promoter the Long Island PRIDE, a BJJ competition that has been successfully running since 2007. Full Name:Milton Regis de Almeida",False
1882,Mitsuyoshi Hayakawa,Mitsuyoshi,Hayakawa,,Tri Force,https://www.bjjheroes.com/?p=1882,"Considered to be one of the top grappling coaches in Japan, Mitsuyoshi Hayakawa is aBrazilian Jiu Jitsublack belt under MasterAlexandre Paiva, an achievement accomplished in 2002. Mitsuyoshi Hayakawa is also the leader of the famous Tri-Force academy in Tokyo, Japan, an academy he founded in 2004. Full Name:Mitsuyoshi Hayakawa",False
8444,Moacir Mendes Junior,Moacir,Mendes Junior,,Alliance,https://www.bjjheroes.com/?p=8444,"Moacir Mendes Júnior is one of the most successful judo players of his generation, with Junior titles at the IJF World (1999) and Pan American Championships (1998) as well as CBJ’s Brazilian Nationals (2002, 2004, 2005, 2006) among many other important medals which earned him the honorary title of ‘Best Newaza Athlete in Judo’ back in 2012. Moacir Mendes is also a black belt inBrazilian jiu jitsuunderMário Reis, another sport in which he excelled competitively. As an instructor Moacir Mendes Júnior has worked on improving the ground game of the Brazilian Olympic Team (newaza coach) and the stand-up for BJJ atAlliancePorto Alegre and Los Angeles. Full Name:Moacir Mendes Jr",False
1005,Moises Murad,Moises,Murad,,Lotus,https://www.bjjheroes.com/?p=1005,"Moises Muradi is an important figure in the development ofBrazilian Jiu Jitsuin the state of Sao Paulo. Having earned his black belt rank training underOctávio de Almeida(Senior), Moises Muradi was the main organizer behind the two first Sao Paulo State Federations (FPJJ and FESP), both institutions which he also presided. Moises also became the President of the CBJJE (Confederação Brasileira de Jiu-Jitsu Esportivo), a federation that offers an alternative to the IBJJF (Brazilian Jiu Jitsu’s most powerful governing body). Muradi, now acoral belt in Jiu Jitsuwas also one of the founding members of the Lotus academy. Full Name:Moises Muradi",False
2206,Monica Vanessa Silva,Monica Vanessa,Silva,,2 Brothers,https://www.bjjheroes.com/?p=2206,"Monica Silva is a pioneering figure forwomen’s jiu-jitsu, being the first Portuguese female to achieve the rank of black belt in this sport/martial art. As a competitor Silva conquered important titles such as world champion, European Champion, and Abu Dhabi World Pro qualifiers winner. Full Name:Mónica Vanessa Fonseca Da Silva",False
7903,Monique Ricardo,Monique,Ricardo,,Checkmat,https://www.bjjheroes.com/?p=7903,"Monique Ricardo is aBrazilian jiu jitsublack belt under Eddie Ricardo, as well as a pro bikini athlete and International Federation of Bodybuilding (IFBB) competitor. In the sport of jiu jitsu Ricardo conquered several important titles, particularly in the International Brazilian Jiu Jitsu Federation (IBJJF) circuit, such as World No-Gi, European Open No-Gi and Pan American Championships – to name a few. Full Name:Monique Ricardo Carvalho",False
3416,Monir Salomao,Monir,Salomao,,,https://www.bjjheroes.com/?p=3416,Monir Salomão was aBrazilian Jiu Jitsucoach and founder of theAcademia Monir de Jiu-Jitsuin the Vila da Penha neighbourhood (North Zone of Rio de Janeiro) where he developed several high class black belts such as world championMarcos BarretoandGF TeamleaderJulio César Pereiraas well as Juarez Soares. Full Name:Monir Salomão,False
13594,Morgan Black,Morgan,Black,,Tabula Rasa JJ,https://www.bjjheroes.com/?p=13594,"Morgan Black, commonly known as Mo Black, is a jiu-jitsu black belt and a regular contender to the sport’s top tournaments, particularly in the no-gi circuit where Morgan medaled at numerous important events in the Abu Dhabi Combat Club (ADCC) & the International Brazilian Jiu-Jitsu Federation (IBJJF) leagues. This included the ADCC East Coast Trials (2023), the IBJJF Jiu-Jitsu Con (2023), World No-Gi Championships (2022 brown belt) as well as the Pan American No-Gi Championships (2021 & 2022 brown belt). Full Name:Morgan Leigh Black",False
9486,Murilo Amaral,Murilo,Amaral,,Alliance,https://www.bjjheroes.com/?p=9486,"Murilo Amaral is aBrazilian jiu-jitsublack belt underMario Reisand Jeferson Adam, being also one of the main representatives of theAlliance Porto AlegreAcademy in the sport’s international circuit. Murilo broke out as one of the hottest prospects in the sport during his purple and brown belt campaigns in the International Brazilian Jiu-Jitsu Federation (IBJJF) global circuit where he conquered World, Pan, and Brazilian Nationals podium placements. Full Name:Murilo Guimarães do Amaral",False
627,Murilo Bustamante,Murilo,Bustamante,,Brazilian Top Team,https://www.bjjheroes.com/?p=627,"Many sportsmen dream of one day becoming a legend in their sport, Murilo Bustamante achieved this status in two of the most demanding sports in the world,jiu jitsu(BJJ) and Mixed Martial Arts (MMA). At one point Murilo was one of the stars of the famousCarlson Gracie team, arguably the best BJJ team of all time. He then moved on to Mixed Martial Arts and formed one of the stronguest MMA teams the world had ever seen, BTT (Brazilian Top Team), a team he leads to this date. Full Name:Murilo Bustamante",False
484,Murilo Santana,Murilo,Santana,,Unity,https://www.bjjheroes.com/?p=484,"Murilo Santana is aBrazilian Jiu Jitsublack belt under Mario Yamasaki (Ultimate Fighting Championship [UFC] referee), who also worked extensively with coachMarco Barbosain São Paulo, Brazil. One of the main figures in the sport during the 2000s and early 2010’s decades, Santana would later become known for his work as the head-coach of Unity Jiu-Jitsu, a New York City-based BJJ academy. Full Name:Murilo Silva Ferreira Santana",False
702,Muzio de Angelis,Muzio,de Angelis,,Brasa,https://www.bjjheroes.com/?p=702,"Muzio de Angelis is a respected Jiu Jitsu black belt and one of the most recognized referee’s inside the International Brazilian Jiu Jitsu Federation (CBJJ/IBJJ). Muzio is also one of the leaders of theBrasa Clube de Jiu Jitu, one of the top academies in the sport, being a successful instructor with tens of black belts under his guidance. Full Name:Muzio Bruno de Angelis",False
11245,Nabil Aziz,Nabil,Aziz,,Nabil JJ,https://www.bjjheroes.com/?p=11245,"Nabil Aziz, commonly known as “Mestre Nabil”, is a 4th-degree jiu-jitsu black belt, a rank earned underOmar Salumin 2004. Nabil is well known for his work in the Amazonas region (Manaus) as one of the greatest producers of grappling talent in the sport from his academy Nabil Jiu-Jitsu, having worked with numerous high-end athletes such asDiego “Pato” Oliveira,Hygor Brito,Alex Sodré, Diego Sodré, Pedro “Bolo” Silva, Ronaldo Silva, Gabriel Mendes. Full Name:Nabil Lelis de O. Abdel Aziz",False
14186,Nadia Frankland,Nadia,Frankland,,,https://www.bjjheroes.com/?p=14186,"Nadia Frankland is an Australian grappler and a jiu-jitsu black belt under Jeroen Lynders of Peninsula MMA. Frankland first made waves in the sport at an international level after her silver medal at the ADCC Asia & Oceania Qualifiers in 2022 as a purple belt, going on to win the International Brazilian Jiu-Jitsu Federation (IBJJF) World No-Gi Championship, at brown belt later that year, cementing her reputation as one of the sport’s hottest prospects. A reputation she would uphold as a black belt with many important wins on the IBJJF circuit. Full Name:Nadia Frankland",False
11986,Natasha Quiza,Natasha,Quiza,,Fight Sports,https://www.bjjheroes.com/?p=11986,"Natasha Quiza is a jiu-jitsu black belt underRoberto “Cyborg” Abreuand Igor Almeida, as well as a representative of the Fight Sports team on the international circuit while being also the co-owner of the Palm Beach Gardens Martial Arts, a gym with one of the most well-respected kids curriculums in the Florida area. As an athlete, Quiza earned high praise for her performances at the International Brazilian Jiu-Jitsu Federation (IBJJF) World Masters, Pan American, and Brazilian National Championships. Full Name:Natasha Aileen Quiza",False
9227,Nathalie Ribeiro,Nathalie,Ribeiro,,Checkmat,https://www.bjjheroes.com/?p=9227,"Nathalie Ribeiro, commonly referenced as Tata Ribeiro, is aBrazilianjiu-jitsublack belt underLucas Leite, having also worked extensively with coaches João and Aloísio Silva, as well as MasterSylvio Behring. As a representative of teamCheckmat(La Habra), Nathalie cemented her status as one of the sport’s main female figures, particularly after her wins at important tournaments such as the UAEJJF Grand Slam – Los Angeles, IBJJF Worlds, and Pans Championships. Full Name:Nathalie Wan Soares Veras Ribeiro",False
10216,Natan Chueng,Natan,Chueng,,,https://www.bjjheroes.com/?p=10216,"Natan Chueng is a Brazilian jiu-jitsu black belt underCícero Costha, who worked extensively with Douglas Rufino (Trator), Sandro Vieira, andPaulo Maurício Strauch. Natan’s name recognition gained traction while competing in the lower belt divisions of the sport, where he conquered European and Brazilian National titles on the International Brazilian Jiu-Jitsu Federation’s (IBJJF) circuit. A native of jiu-jitsu’s most famous Brazilian ‘favela’, the Cantagalo slum, Natan is also the nephew of this area’s first black belt, the accomplished Mauro Chueng. Full Name:Natan Chueng Freitas",False
13475,Nathan Caroll,Nathan,Caroll,,Valor Martial Arts,https://www.bjjheroes.com/?p=13475,"Nathan Carroll, often referred to as “Panda” is a jiu-jitsu black belt under Marcio Navarro &Robert Drysdalewho represents the Zenith Association in the sport’s North American circuit. Carroll first made waves in the sport while competing in the colored belt ranks, particularly in the International Brazilian Jiu-Jitsu Federation (IBJJF) league, where he conquered many important medals, including in big Grand Slam events such as the Pan American Championships in 2021, 2022, and 2023 as a purple and brown belt. Full Name:Nathan Scott Carroll",False
8081,Nathan Mendelsohn,Nathan,Mendelsohn,,,https://www.bjjheroes.com/?p=8081,"Nathan Mendelsohn is aBrazilian jiu-jitsublack belt underCláudio Françaand a representative of the Coalition 95 BJJ, a team based in Santa Cruz, CA. One of the top American grapplers of his generation, Mendelsohn is known not only for his tremendous list of achievements but also for his open-minded attitude towards training – often breaking strict team taboos to practice with the best in this martial art/sport. Full Name:Nathan Albrecht Mendelsohn",False
12729,Nathannael Fernandes,Nathannael,Fernandes,,Escola Melqui Galvão,https://www.bjjheroes.com/?p=12729,"Nathannael Fernandes is a professional jiu-jitsu athlete and a black belt under Melqui Galvão, who is part of a well-known generation of top-tier grapplers developed by coach Galvão from his academy in Manaus, Brazil, a team that built names such as Mica Galvão, Fabricio Andrey, and Diogo Reis. Fernandes had a fruitful career as a colored belt, though he first made big waves in the sport during his black belt debut, at the 2021 Abu Dhabi World Pro tournament where he beat big names of the sport such as Pan & European champion Thalison Soares and European and Brazilian Nationals gold medalist Rodnei Barbosa. Full Name:Nathannael Jackson Fernandes",False
2602,Nahum Rabay,Nahum,Rabay,,,https://www.bjjheroes.com/?p=2602,"Nahum Rabay is aBrazilian Jiu Jitsured belt (9th degree) and a student of one of theGracie Jiu Jitsu founders,George Gracie. Aside from being an important musician and a highly regarded figure in Sao Paulo’s BJJ, Nahum Rabay, curiously, was directly involved in the first case of “creontagem” in Jiu Jitsu (a student leaving an instructor or team for a direct rival), wich happened in 1954, when theHelio Graciestudent, Guanair Vial, decided to abandon the Gracie Academy to move to George Gracie’s camp after being dominated by the smaller Nahum Rabay at an important Jiu Jitsu challenge. Full Name:Nahum Luiz Rabay",False
2247,Nelson Monteiro,Nelson,Monteiro,,,https://www.bjjheroes.com/?p=2247,"Nelson Monteiro is ajiu-jitsublack belt underCarlos Gracie Juniorand a coach of the illustriousGracie Barra academy. A veteran of the sport, Nelson Monteiro established his first Gracie Barra franchise in the United States back in 1990, prior to the post-UFC BJJ boom. Monteiro also taught the famous Sheik Tahnoon Bin Zayed Al Nayan, (a prince of the U.A.E.) and was closely involved with the creation of the biggest submission wrestling tournament in the world, the ADCC (Abu Dhabi Combat Club). Full Name:Nelson Monteiro",False
14244,Nia Blackman,Nia,Blackman,,Royal JJ,https://www.bjjheroes.com/?p=14244,"Nia Blackman is a British grappler and a jiu-jitsu black belt under Marco Canha, who first gained notoriety in the sport while competing in the junior & juvenile divisions of the International Brazilian Jiu-Jitsu Federation (IBJJF), where she conquered many important titles. Her good form translated to the adult category, where she became one of the top athletes in the pro-circuit with medals at the Abu Dhabi Combat Club (ADCC), Abu Dhabi Jiu-Jitsu Pro (AJP), and the IBJJF as mentioned above. Full Name:Nia Vivienne Blackman",False
7914,Nicholas Calvanese,Nicholas,Calvanese,Nick,TAC Team / BJJ United,https://www.bjjheroes.com/?p=7914,"Nick Calvanese is aBrazilian jiu jitsublack belt underJared Weinerand a member of the BJJ United / TAC Team in the sport’s international circuit. A former wrestling stand-out from the East Coast of the United States, Calvanese made a name in jiu jitsu through his victories in important tournaments such as the IBJJF New York Spring Open, World and Pan American No-Gi Championships. Full Name:Nicholas Patrick Calvanese",False
7507,Nicholas Meregali,Nicholas,Meregali,,New Wave,https://www.bjjheroes.com/?p=7507,"Nicholas Meregali is aBrazilian jiu-jitsublack belt underMario Reisand Jeferson Adan, as well as a former representative of theAlliance Academyin the sport’s competitive circuit, being widely regarded as one of the best competitors to have ever graced the sport, a status earned through his multiple world titles in the International Brazilian Jiu-Jitsu Federation (IBJJF) at the professional level. In December 2016 Nicholas was also highlighted by BJJ Heroes as the#1 New Black Belt Prospectfor 2017. Meregali also worked withJohn DanaherandGordon Ryan, a relationship that was initiated in 2022. Full Name:Nicholas de Barcellos Meregali",False
13463,Nicholas Maglicic,Nicholas,Maglicic,Nico,Atos,https://www.bjjheroes.com/?p=13463,"Nicholas Maglicic, commonly known as “Nico” Maglicic, is an Australian grappler and a black belt in jiu-jitsu underAndré Galvãowho represents the Atos Jiu-Jitsu Headquarters Academy (in San Diego, California) in the global circuit. Maglicic made his name in this sport while competing in the super-heavyweight division Super Pesado (100,50 kg / 222.0 lbs) where he conquered numerous medals on the International Brazilian Jiu-Jitsu Federation (IBJJF) league. Full Name:Nicholas Maglicic",False
2297,Nicolas Gregoriades,Nicolas,Gregoriades,,JJ Brotherhood,https://www.bjjheroes.com/?p=2297,"Nicolas Gregoriades is a South African grappler who was the firstjiu jitsupractitioner to have been promoted to black belt by the legendaryRoger Gracie. Gregoriades is an accomplished competitor in the sport of BJJ, being also one of the founders of the “Jiu Jitsu Brotherhood”, a community/association with affiliates all around the globe. As well as the aforementioned achievements, Nicolas Gregoriades was also part of “London Real” a successful online podcast, having since left LR to join Digital Communion. Full Name:Nicolas Alexander Gregoriades",False
9823,Nicole Sullivan,Nicole,Sullivan,Nikki,Atos,https://www.bjjheroes.com/?p=9823,"Nicole Sullivan, commonly known as Nikki Sullivan, is aBrazilian jiu-jitsublack belt underAndré Galvão, being one of the main athletes in theAtos Jiu-Jitsu Teamfemale squad. Well known for her unorthodox grappling style, heavily founded on Sullivan’s trademark “Panda Guard” (inverted guard), Nikki became known to mainstream jiu-jitsu fans after her performances at the ADCC US West Coast Trials, EBI as well as the International Brazilian Jiu-Jitsu Federation (IBJJF) World, Pan and Masters World Championship. Full Name:Nicole Sullivan",False
12110,Nick Rodriguez,Nick,Rodriguez,Nicky Rod,B Team,https://www.bjjheroes.com/?p=12110,"Nick Rodriguez, commonly known as Nicky Rod, is a professional grappler – no-gi jiu-jitsu specialist – and former amateur wrestler who worked extensively with coaches Jay Regalbuto as well asJohn Danaherwhile representing the Renzo Gracie Academy-Danaher Death Squad team(s) early in his career and later helped form B-Team, a workgroup he co-founded with a few of his DDS colleagues. Rodriguez first made waves in the sport as a blue belt, a time when he conquered a silver medal at the ADCC World Championships (2019), arguably the toughest submission-grappling event in the sport, a privilege only achieved by a handful of athletes before him. Full Name:Nicholas Pete Rodriguez",False
12102,Nick Salles,Nick,Salles,,Movement Art,https://www.bjjheroes.com/?p=12102,"Nick Salles is a professional jiu-jitsu competitor and a black belt underMikey Musumeci, who worked extensively with other illustrious coaches such asMarcelo Garcia, Jason Scully, and Kurt Pellegrino. Salles is also one of the faces behind the Movement Art Academy, a Philadelphia-based gym Nick co-founded with fellow black beltDaniel Maira. Full Name:Nicholas S Salles",False
7922,Nick Schrock,Nick,Schrock,,Gracie Humaita,https://www.bjjheroes.com/?p=7922,"Nick Schrock, also known as “Moose” is aBrazilian jiu-jitsublack belt under JW Wright, having also worked extensively on his grappling skills withSauloandAlexandre Ribeiro. Schrock earned his reputation as one of the top BJJ competitors of his generation in the lower belt divisions of this sport/martial art, where he conquered important titles such as IBJJF World champion and Pan American (gi and no-gi) Champion. Full Name:Nick Schrock",False
11735,Nicky Ryan,Nicky,Ryan,,Renzo Gracie Academy,https://www.bjjheroes.com/?p=11735,"Nicky Ryan is a jiu-jitsu black belt underJohn Danaherwho was once regarded as one of the main representatives of the Renzo Gracie Academy – New York, workgroup also known as the Danaher Death Squad (DDS). Ryan first made waves in the sport when competing as a 13-year-old, a time when he was already winning adult tournaments. His precociousness continued to develop in the professional circuit where Ryan became the youngest athlete (16) to ever compete at the ADCC World Championships at the time (2017). Nicky would leave the DDS team in 2021 allegedly due to a family dispute with his brother, Gordon Ryan. Ryan would go on to form a squad with other training partners who also broke from Danaher that year and formed the B-Team. Full Name:Nick Ryan",False
13560,Nikki Lloyd-Griffiths,Nikki,Lloyd-Griffiths,,Immersion MMA,https://www.bjjheroes.com/?p=13560,"Nikki Lloyd-Griffiths is an Australian grappler and a black belt in jiu-jitsu under Dave Marinakis and Lee Ting, who represents the Immersion Mixed Martial Arts team in the sport’s global circuit. Lloyd-Griffiths made waves in the sport with successful runs in the International Brazilian Jiu-Jitsu Federation (IBJJF), Abu Dhabi Combat Club (ADCC), and Abu Dhabi Jiu-Jitsu Pro (AJP) leagues where she earned important trophies such as the ADCC Trials and World Masters. Full Name:Nikki Lloyd-Griffiths",False
10468,Nisar Loynab,Nisar,Loynab,,Atos,https://www.bjjheroes.com/?p=10468,"Nisar Loynab is aBrazilian Jiu-Jitsublack belt underAndré Galvão, who worked extensively withSauloandAlexandre Ribeiroand is one of the top medium-heavyweight grapplers of his generation, a status he achieved while competing for theAtos Academy(San Diego, California). Among Nisar’s top competitive achievements are wins over important athletes such as Yago Souza, Gabriel Almeida, Alec Baulding to name a few, while conquering significant tournaments of the International Brazilian Jiu-Jitsu Federation (IBJJF) circuit. Full Name:Nisar Amin Loynab",False
1604,Nivaldo Oliveira,Nivaldo,Oliveira,Nil,Checkmat,https://www.bjjheroes.com/?p=1604,"Nivaldo Oliveira became one of the top medium heavyweight fighters injiu jitsuunderRodrigo Cavaca‘s coaching, a position he achieved with wins over stand-outs such asAugusto Ferrari,Leandro LoandLeonardo Nogueira. Nivaldo, also known as “Nil”, was graded as a black belt byLeo Vieiraafter winning the World Jiu Jitsu Championship and the World Jiu Jitsu Cup as a brown belt in 2007. Full Name:Nivaldo de Oliveira Lima",False
8585,Nivia Moura,Nivia,Moura,Nina,Gracie Gym,https://www.bjjheroes.com/?p=8585,"Nívia Moura, commonly known as Nina Moura is aBrazilian jiu jitsublack belt under Adalberto Ventura (Betinho) in Brasília well as a representative of the US Gracie Gym team in this sport/martial art’s international circuit, for whom she conquered important titles – particularly in the International Brazilian Jiu-Jitsu Federation league, including that of Brazilian National Champion. Full Name:Nívia de Souza Moura",False
9502,Nobuhiro Sawada,Nobuhiro,Sawada,,Tri-Force,https://www.bjjheroes.com/?p=9502,"Nobuhiro Sawada is a Japanese born black belt inBrazilian jiu-jitsuunderMitsuyoshi Hayakawa, being also one of the main representatives of the Tri-Force Academy in the sport/martial art’s international circuit. Sawada made a name for himself as one of Japan’s brightest grapplers after his many podium placements in important tournaments such as the International Brazilian Jiu-Jitsu Federation (IBJJF) World No-Gi and American National Championships. Full Name:Nobuhiro Sawada",False
13737,Nolan Stuart,Nolan,Stuart,,Brea JJ,https://www.bjjheroes.com/?p=13737,"Nolan Stuart is a Jiu-Jitsu black belt under Dan Lukehart and a representative of the Brea Jiu-Jitsu Academy. Stuart won important titles in the kids and juvenile divisions of the sport but it was as an adult colored belt competitor that he truly broke through as one of the top athletes in the sport, earning several important medals from the International Brazilian Jiu-Jitsu Federation (IBJJF) circuit and conquering the #1 brown belt in America ranking of the federation before being promoted to the pro-level. Full Name:Nolan Patrick Braga Stuart",False
10172,Nuno Martins,Nuno,Martins,,,https://www.bjjheroes.com/?p=10172,"Nuno Martins is aBrazilian jiu-jitsublack belt under Arnaldo Alves of Portuguese nationality, who worked extensively with a number of coaches from around the world, notablyAndré Galvão,Marco Barbosa,Mário Reis,Marcelo Garcia,Lloyd Irvin, andRicardo Vieira. Regarded as one of the top European grapplers of his generation, Martins built his reputation while competing in the International Brazilian Jiu-Jitsu Federation (IBJJF) circuit, where he conquered numerous titles, including in the Pan-American, European, and Brazilian Nationals. Full Name:Nuno Manuel N. Fragoso Martins",False
8278,Nyjah Rollins,Nyjah,Rollins,,Team Lloyd Irvin,https://www.bjjheroes.com/?p=8278,"Nyjah Rollins, often referenced as Nyjah Easton is aBrazilian jiu jitsublack belt underLloyd Irvin. Part of the first generation of female BJJ competitors from the United States, Nyjah helped pave the way for many more American competitors through her accomplishments on the mats – particularly in the International Brazilian Jiu Jitsu Federation (IBJJF) circuit where she conquered World, Pan American and European titles. Full Name:Nyjah Michea Rollins (formerly Nyjah Michea Easton)",False
579,Octavio Couto,Octavio,Couto,Ratinho,Brasa,https://www.bjjheroes.com/?p=579,"Octavio Couto, also known as “Ratinho”, was a highly regarded grappling coach and ajiu jitsublack belt underRomero Cavalcantiwho was a part of – what many call – the Golden Era of Alliance. Ratinho was also a leading figure in the break-up of the Alliance workgroup of the early 2000s and one of the founders of theBrasa Team, being involved in the development of world-class athletes such asFernando Terere, theVieira brothers,Felipe Costaamongst many others. Full Name:Octavio Couto Junior",False
11340,Odsuren Bold-Erdene,Odsuren,Bold-Erdene,,,https://www.bjjheroes.com/?p=11340,"Bold-Erdene Odsuren is a retired international judo player for Mongolia, as well as a folkstyle wrestler (Falcon title) and the first Mongolian to achieve the rank of black belt in jiu-jitsu, a promotion undertaken byAlex Paz, although Odsuren also worked extensively in this grappling style with coaches David Clahan and Eduardo Fraga. In 2007 Bold-Erdene Odsuren founded the Mongolian Jiu-Jitsu Association, with which he helped spread this ruleset in his home country. Full Name:Bold-Erdene Odsuren",False
2216,Octavio de Almeida,Octavio,de Almeida,,,https://www.bjjheroes.com/?p=2216,"Octavio de Almeida was a crucial figure for jiu jitsu in the state of São Paulo, Brazil during the 1950’s, 1960’s and 1970’s era, long before the BJJ boom that occurred in the late 1980’s after the arrival ofFlavioandMarcelo Behringto the state. Octavio de Almeida was a certified instructor by the Ono brothers (Yassuitchi and his younger brother Naotchi Ono) in judo and byGeorge Graciein “Gracie jiu jitsu”, he also had a son, Octavio de Almeida Junior who is acoral beltin BJJ and who presided the Sao Paulo Jiu Jitsu Federation (FPJJ). Full Name:Octavio de Almeida",False
11615,Olavo Abreu,Olavo,Abreu,,PTT,https://www.bjjheroes.com/?p=11615,"Olavo Abreu is a jiu-jitsu black belt underRicardo Libório, who worked extensively with Marcelo Alonso, Carlson Gracie Junior, Murilo Bustamante, Zé Mario Sperry, and many other members of both the Carlson Gracie Academy and the Brazilian Top Team – where he worked as an instructor. Abreu was an important figure in the development of this martial art on the Eastern side of the planet, having helped in UAE’s national grappling school program for 8 years and been the head coach of Phuket Top Team, a well-respected martial arts hub in Thailand. Full Name:Olavo Abreu",False
256,Oliver Geddes,Oliver,Geddes,Oli,Roger Gracie,https://www.bjjheroes.com/?p=256,"Oliver Geddes, commonly known as “Oli” Geddes, is a Brazilian Jiu Jitsu black belt under the legendaryRoger Gracie. Born in from London – England, who became well known in the BJJ scene as one of the most avid competitors in the United Kingdom, and even Europe. Oli is also recognized for his use of the half guard game, as well as for being one of the black belts produced by 3x open weight world champion Roger Gracie. Full name:Oliver Leys Geddes",False
11707,Oliver Taza,Oliver,Taza,,New Wave,https://www.bjjheroes.com/?p=11707,"Oliver Taza is a Lebanese-Canadian jiu-jitsu athlete who represented teams such as the Trystar Gym, Renzo Gracie Academy, and New Wave Jiu-Jitsu in the sport’s international circuit. Guided by coachesFiras ZahabiandJohn Danaher, Oliver Taza first made waves in the sport in 2016, a time when he placed second at the ADCC East Coast Trails – one of grappling’s foremost tournaments – with only two years of training. During the years that followed, Taza consistently proved to be at the top of jiu-jitsu’s ladder by placing in the podiums of numerous pro events such as the BJJ Fanatics Grand Prix, the ADCC USA Trials, ADCC European Trials, and Jitz King Invitational. Full Name:Oliver Taza",False
14191,Omar AlSuwaidi,Omar,AlSuwaidi,,,https://www.bjjheroes.com/?p=14191,"Omar AlSuwaidi is a professional jiu-jitsu player from the United Arab Emirates (UAE) and a black belt in this martial art underHelder Medeiros. Omar Alsuwaidi first made waves in this sport while representing the Al Wada Club on the Abu Dhabi Jiu-Jitsu Pro (AJP) circuit where he conquered numerous important tour medals. Omar is also the brother of another well-known grappler, Mohamed AlSuwaidi. Full Name:Omar AlSuwaidi",False
831,Omar Salum,Omar,Salum,,,https://www.bjjheroes.com/?p=831,"Born in Manaus, Brazil, Omar Salum is a black belt injiu-jitsuunderRoyler Gracie, who also worked extensively with theBinho Monteirowhile representing theGracie Humaitáand Associação Monteiro before forming his own academy, Companhia (Cia) Athletica. As an athlete, Omar Salum is widely regarded as one of the best rooster-weight grapplers of all time, a reputation he achieved after conquering two International Brazilian Jiu-Jitsu Federation (IBJJF) world titles, setting the record for the division in 2000. The record would be broken byBruno Malfacine10 years later. Full Name:Omar Antonio Lima Salum Junior",False
1071,Otavio Almeida,Otavio,Almeida,Peixotinho,Carlson Gracie,https://www.bjjheroes.com/?p=1071,"Otavio Oliveira, commonly known inBrazilian Jiu Jitsuas Otavio Peixotinho, is a BJJ black belt who was part of the famousCarlson Gracie Teamof the 1980’s decade who became one of the most respected jiu jitsu masters in Brazil. Famed for his spectacular fights against the sporting legends,RoylerandRickson Gracie, “Peixotinho” together with a small group of people, defined BJJ in the 1980’s. Peixotinho is also the brother of another prolificCarlson Gracieblack belt, Mr Marco Aurélio Kühner. Full Name:Otavio Augusto Santos de Oliveira",False
2107,Otavio Sousa,Otavio,Sousa,,Gracie Barra,https://www.bjjheroes.com/?p=2107,"Otavio Sousa is a jiu-jitsu black belt under Carlos Gracie Junior, who worked extensively with professorZé Radiolain his hometown of Recife, Brazil, prior to his move to the United States. While representing theGracie Barrateam, Otavio became widely regarded as one of the best middleweight competitors in the sport, a reputation earned after his dominant wins at important tournaments such as the International Brazilian Jiu-Jitsu Federation’s (IBJJF) World and Pan American Championships. Full Name:Otávio Ferreira de Sousa",False
2452,Orlando Sanchez,Orlando,Sanchez,,Gracie Barra,https://www.bjjheroes.com/?p=2452,"Orlando Sanchez, commonly known as The Cuban Tree Stump or as The Big O, was an American-bornjiu-jitsublack belt under José “Zé Radiola” Olímpio who first gained notoriety while competing in the lower belt ranks of the sport and. He would conquer an ADCC World title at a later stage (2015), further cementing his status as one of the top ultra-heavyweights in grappling at the time. Orlando Sanchez was also praised for his life experience, particularly for overcoming his drug dependence through jiu-jitsu, a martial art in which he earned the rank of black belt in 4 years, one of the fastest promotions in American history. Full Name:Orlando Mario Sanchez",False
12615,Osamah Almarwai,Osamah,Almarwai,,Atos,https://www.bjjheroes.com/?p=12615,"Osamah Almarwai, commonly known as Osa, is a jiu-jitsu black belt underAndré Galvãoand a representative of the Atos Academy in the sport’s global circuit. Osamah Almarwai is also the first BJJ black belt from the Republic of Yemen, and the first Yemen citizen to win an International Brazilian Jiu-Jitsu Federation (IBJJF) World title, which Osa conquered in 2021 in the brown belt roosterweight division. Full Name:Osamah Ali Almarwai",False
524,Osvaldo Alves,Osvaldo,Alves,,,https://www.bjjheroes.com/?p=524,"Osvaldo Alves is aBrazilian Jiu Jitsuexpert who reached the degree ofred relt(nono grau/9th degree) in the gentle art. A true legend of the sport of BJJ, many believe he was one of the revolutionaries of jiu jitsu in the1970’s, bringing new positions and a new philosophy to the sport, having coached many of the sport’s greatest athletes such asRolls Gracie,Paulo Filho,Amaury Bitetti,Fredson Paixaoand many others. Osvaldo Alves is also the IBJJF (International Brazilian Jiu Jitsu Federation) technical director and the worlds most senior BJJ instructor. Full Name:Osvaldo Alves de Albuquerque",False
527,Oswaldo Fadda,Oswaldo,Fadda,,,https://www.bjjheroes.com/?p=527,"Oswaldo Fadda was an important figure in the development ofjiu jitsuin Brazil, being also the main alternative lineage of the Brazilian grappling style toGracie family, and one of the few men that achieved the rank ofred belt(9th degree/nono grau). Oswaldo Fadda became an influential figure for the growth of jiu jitsu working from the outskirts of Rio de Janeiro, where he set his own academy in the 1950’s. In recent times, the main academies developed under the Oswaldo Fadda lineage areNova UniaoandGFTeam. Full Name:Oswaldo Baptista Fadda",False
1405,Oswaldo Gracie,Oswaldo,Gracie,,Gracie JJ,https://www.bjjheroes.com/?p=1405,"Oswaldo Gracie is one of the most important figures in modern day jiu jitsu, being one of the founding members of the first Gracie Jiu Jitsu academy in 1925. Oswaldo Gracie was taught the martial art style by his older brotherCarlos Gracie, and together with his younger brothersGastão,GeorgeandHelio, he fought and defended the name and ofjiu jitsuin the 1920’s and 1930’s in several no-holds-barred (vale tudo) type events. Oswaldo Gracie was also the developer of the family’s trade in the state of Minas Gerais in Brazil, and may have helped the development ofluta livre esportiva, another form of Brazilian grappling based on concepts of jiu jitsu and catch wrestling. Full Name:Oswaldo Gracie",False
532,Oswaldo da Rosa,Oswaldo,da Rosa,Paquetá,Carlson Gracie,https://www.bjjheroes.com/?p=532,"Oswaldo Rosa, commonly known as ‘Paquetá’, was one ofjiu jitsu‘s most recognizable figures and a true pioneer of the sport, famed for having the largest archive of jiu jitsu and mixed martial arts (MMA) tapes in the world as well as for beingGreat Master Carlson Gracie’sbest friend. A former bodybuilder during the 1950s and 1960’s Paquetá was also a fierceGracie Academycompetitor and a judo man with legendary strength which he was famed for in Rio de Janeiro. Ared belt in jiu jitsu(9th degree), Master Paquetá passed away on August 3rd, 2012. Full Name:Oswaldo Gomes da Rosa",False
14164,Owen Jones,Owen,Jones,,Apex JJ,https://www.bjjheroes.com/?p=14164,"Owen Jones is a professional jiu-jitsu athlete from England, UK, who broke out on the pro-grappling circuit in 2023 after his win at the ADCC European Qualifier in the 66-kilo / 145.5 lb as a purple belt, later earning a 4th Place at the main ADCC tournament (2024). A member of the Apex Jiu-Jitsu Academy in North London, Jones has also worked with other well-known clubs such as B-Team (Austin, TX, USA) and Los Bandidos (London, UK). Full Name:Owen Anthony Jones",False
1259,Patricia Lage,Patricia,Lage,,Barbosa,https://www.bjjheroes.com/?p=1259,"Patricia Lage is a jiu-jitsu black belt under Roberto Lage (her father), a rank she earned a few days after her 18th birthday, making her one of the youngest competitive jiu-jitsu black belts ever promoted in the sport. A highly decorated BJJ practitioner with over 30 years of experience in the sport, Lage is also wrongly mentioned asthe first female jiu-jitsu black belt (check 1st female BJJ black belt here). Full Name:Patricia de Oliveira Lage",False
8658,Patrick Bittan,Patrick,Bittan,,,https://www.bjjheroes.com/?p=8658,"Patrick Bittan is aBrazilian jiu jitsu(BJJ) black belt underFlavio Behringhaving also worked extensively withRickson Gracie. Although an expert in judo and krav maga, Patrick Bittan made history in BJJ as one of its pioneering figures in France and Europe, being the very first French native to earn the rank of black belt as well as the first to medal at an International Brazilian Jiu Jitsu Federation event (IBJJF Pans 1999). Full Name:Patrick Bittan",False
11015,Pablo Lavaselli,Pablo,Lavaselli,,,https://www.bjjheroes.com/?p=11015,"Pablo Lavaselli is an Argentinian grappler who competes in the black belt division of the sport’s international black belt circuit – a rank awarded to him by Eduardo Duarte. Widely regarded as one of his generation’s top lightweights, a reputation earned while battling in the International Brazilian Jiu-Jitsu Federation (IBJJF) and Abu-Dhabi Jiu-Jitsu Pro (AJP) tours, one of Lavaselli’s most impressive achievements has been his training methodology, considering that most of Pablo’s development in the sport occurred under no coaching supervision as the Buenos Aires native trained mainly from his residence, with friends, from blue to black belt. Full Name:Pablo Lavaselli",False
8069,Pablo Mantovani,Pablo,Mantovani,,Atos,https://www.bjjheroes.com/?p=8069,"Pablo Mantovani Dutra is aBrazilian jiu jitsublack belt under Guilherme andGuto Campos, as well as a representative of theAtos Jiu-JitsuAcademy, having also worked extensively with coachAndré Galvãoat the team’s headquarters in San Diego, California. Mantovani is regarded as one of the top light-featherweight (64,00 kg / 141.5 lbs) athletes of his generation, having titles in important tournaments such as the IBJJF World Championships, Pan American Championships, and ADCC Trials. Full Name:Pablo Mantovani Dutra",False
919,Pablo Popovitch,Pablo,Popovitch,,,https://www.bjjheroes.com/?p=919,"Pablo Popovitch is a Brazilian Jiu Jitsu black belt and one of the most successful submission wrestlers in the world. An ADCC (Abu Dhabi Combat Club) Champion in 2009, Popovitch is also a World Nogi Champion (2010) and though mostly regarded as a no-gi orientated competitor, Pablo has also medalled with the gi. Pablo Popovitch also runs a successful career as a coach with several black belts under his guidance. In 2010 Pablo was awarded the ‘BJJ Fighter of the Year’ award by Gracie Mag – A magazine specialized in Brazilian Jiu Jitsu. Full Name:Pablo Popovitch",False
938,Pablo Silva,Pablo,Silva,,Gracie Barra,https://www.bjjheroes.com/?p=938,"Pablo Silva is aBrazilian Jiu Jitsublack belt underMarcelo Azevedo, and a former Gracie Barra – Belo Horizonte team representative (now with ZR Team). Pablo is also a top competitor in the Pluma weight division, having reached the top of that division on his second year as a black belt (2010) by winning the World Championship Full Name:Pablo da Silva Santos",False
9717,Pamela Boveda Aguirre,Pamela,Boveda Aguirre,,Nova Uniao,https://www.bjjheroes.com/?p=9717,"Pámela Bóveda Aguirre is aBrazilian jiu-jitsublack belt under Eduardo Duarte, and the first female from Paraguay to conquer the rank in this sport/martial art (2018), being also one of the main representatives of theNova União Academyin Argentina, a country in which she resided throughout her adulthood. An accomplished competitor with medals at important tournaments of the International Brazilian Jiu-Jitsu Federation (IBJJF) and United Arab Emirates Jiu-Jitsu Federation (UAEJJF), Bóveda Aguirre is also the first Paraguayan woman to complete a full engineering degree in aeronautics (2014). Full Name:Pámela Carolina Bóveda Aguirre",False
9646,Paul Barch,Paul,Barch,PJ,10th Planet,https://www.bjjheroes.com/?p=9646,"Paul Schreiner is aBrazilian jiu-jitsublack belt underClaudio Françawho worked extensively withGarth Taylor,Marcelo Garcia,Dave Camarilloamong others. Co-founder of the Kaijin Academy in Santa Cruz, California, Schreiner also gained notoriety in BJJs community as a coach at the Marcelo Garcia Academy –AllianceNew York, where he helped develop the games of several high-end athletes produced by this prestigious training ground. Full Name:Paul E. Schreiner",False
9344,Paul Schreiner,Paul,Schreiner,,Alliance,https://www.bjjheroes.com/?p=9344,"Paul Jacob Barch, commonly known as PJ Barch, is ajiu-jitsublack belt underRichie MartinezandEddie Bravo, being one of the main representatives of the 10th Planet Team in this sport. A former All-American wrestling standout, Barch made the transition to grappling, gaining recognition, particularly in the submission-only circuit after important wins at events such as the Onnit Invitational, Quintet Grappling Team Survival Match, and Sapateiro invitational. Full Name:Paul Jacob Barch",False
1870,Paulo Filho,Paulo,Filho,,,https://www.bjjheroes.com/?p=1870,"Paulo Filho is aBrazilian jiu jitsublack belt under the legendaryMaster Carlson Gracieand a formerworld championin the sport. Filho is also a judo black belt as well as a former professional MMA fighter, considered at one point in his career as the number 2 “Pound for Pound” fighter in MMA’s middleweight division. At the end of the 2000’s decade Paulo Filho, then WEC champion, fell victim to an acute case of depression which led to rumours of drug dependence, start jumping the end of a very prosperous MMA career. Full Name:Paulo Fernando de Souza Leite Filho",False
1743,Paulo Gazze Junior,Paulo,Gazze Junior,,Cia Paulista,https://www.bjjheroes.com/?p=1743,"Paulo Gazze Jr One of the most prestigious figures in theCia Paulistaacademy, Brazilian Jiu Jitsu black belt Paulo Gazze Junior holds an extensive list of achievements in BJJ having defeated fighters such asDean Lister(2x ADCC Champion),BJ Penn(World BJJ Champion/ UFC Champion),Fabio Leopoldo(World BJJ Champion) and in MMA where Gazze Junior has won against significant athletes such as Chris Leben (UFC fighter) and Dwayne Ortiz (Former Olympian for USA’ Wrestling team).",False
3016,Paulo Mauricio Strauch,Paulo,Mauricio Strauch,,Strauch Jiu Jitsu,https://www.bjjheroes.com/?p=3016,"Paulo Mauricio Strauch is aBrazilian Jiu JitsuMaster (9th degree red belt) who trained under Master Reylson Gracie before founding his own academy in 1984. From his academy in Copacabana Master Paulo Mauricio Strauch has taught numerous champions such as the world famousCaio Terra, Alexandre Vieira and many others. Full Name:Paulo Mauricio Strauch",False
10220,Paulo Gabriel Martins,Paulo,Gabriel Martins,,Gracie Humaita,https://www.bjjheroes.com/?p=10220,"Paulo Gabriel Martins da Costa, commonly known as Paulo Gabriel, is aBrazilian jiu-jitsublack belt underLetícia RibeiroandFabrício Camões(Morango), who worked extensively with Severino Soares “Dida” (RIP), and is one of the top representatives of theGracie Humaita Associationin the sport / martial art’s international circuit. Paulo Gabriel first gained notoriety while competing in the colored belt divisions of the International Brazilian Jiu-Jitsu Federation (IBJJF) circuit, where he conquered important medals. Full Name:Paulo Gabriel Martins da Costa",False
2999,Paulo Miyao,Paulo,Miyao,,PSLPB,https://www.bjjheroes.com/?p=2999,"Paulo Miyao is a black belt inJiu-JitsuunderCicero Costha. Considered a phenomenon of the sport since his teens, Paulo and his twin brotherJoão Miyao, conquered all major titles in this sport while climbing its ranks, including a gold medal in the open weight division of the IBJJF World Championship (2013 brown belt), an amazing accomplishment for a light featherweight competitor (64kg/141lbs). Full name:Paulo Henrique Bordignon Miyao",False
14196,Paulo Merlin,Paulo,Merlin,,Gracie Barra,https://www.bjjheroes.com/?p=14196,"Paulo Merlin is a professional jiu-jitsu athlete and a black belt in this martial art underAna Laura Cordeiroand Rafael Pinto, although he worked extensively with Edvaldo Martins Franco Dedé throughout the course of his career. Merlin first made waves in the sport at the colored belt level, while representing the sport’s “Red Shield” of Gracie Barra, particularly on the International Brazilian Jiu-Jitsu Federation (IBJJF) where he conquered numerous important medals. Full Name:Paulo Henrique Merlin",False
11862,Pedro Alex,Pedro,Alex,Bombom,GF Team,https://www.bjjheroes.com/?p=11862,"Pedro Alex, often referred to as Pedro Pimenta or Pedro “Bombom”, is a jiu-jitsu black belt under Gabriel Marinho and a representative of the GF Team in the sport’s international circuit. One of the top ultra-heavyweight athletes of his generation, Pedro Alex first gained notoriety competing in the colored belt divisions of the sport, particularly in the International Brazilian Jiu-Jitsu Federation (IBJJF) league, where he conquered the Brazilian National Championship title (GI and NOGI) and multiple at the World Championships medals, a good form he carried over to the black belt division. Full Name:Pedro Alex dos Santos Pimenta",False
12277,Pedro Agrizzi,Pedro,Agrizzi,,Striker JJ,https://www.bjjheroes.com/?p=12277,"Pedro Agrizzi is a professional grappler and a jiu-jitsu black belt under coach Thiago Oliveira Dutra of the Sriker Academy, an academy located in Guarapari, ES-BR. Agrizzi gained notoriety in the sport as one of the top talents out of the state of Espirito Santo, Brazil, through his numerous victories on the International Brazilian Jiu-Jitsu Federation (IBJJF) circuit, which included gold medal performances at the South American Championships, Rio International Open, Belo Horizonte International Open, to name a few. Full Name:Pedro Paulo Campi Agrizzi",False
10263,Pedro Crixel,Pedro,Crixel,,PSLPB,https://www.bjjheroes.com/?p=10263,"Pedro Crixel is aBrazilian jiu-jitsublack belt underCicero Costha, who worked extensively with Guilherme andGuto Campos, as well asAndré Galvãoand Pedro Marocco. One of the main representatives of the PSLPB Academy in the sport’s international circuit, Crixel gained notoriety in the rooster weight division (57.5Kg – 127.0 lbs) after his wins at the International Brazilian Jiu-Jitsu Federation (IBJJF) World Championships (gi and nogi) in the colored belt divisions. Full Name:Pedro Iahnke de Oliveira Crixel",False
8305,Pedro Dias,Pedro,Dias,,CTA,https://www.bjjheroes.com/?p=8305,"Pedro Dias Clementino is aBrazilian jiu-jitsublack belt under Douglas Rufino (Trator) and a former studentJosé Leão Teixeira(Zé Beleza) who became recognized as one of the top light-featherweight competitors of his generation after a series of good placements at the International Brazilian Jiu-Jitsu Federation (IBJJF) global circuit. Although raised in the Santa Maria Favela (slum) in Rio de Janeiro, Pedrinho is also a representative of the Cantagalo Social Project a work-group that produced numerous high-level BJJ competitors since its inception in 1997. Full Name:Pedro Paulo Dias Clementino",False
9741,Pedro Elias,Pedro,Elias,Chupeta,,https://www.bjjheroes.com/?p=9741,"Pedro Elias, also known as Chupeta, is aBrazilian jiu-jitsublack belt underAugusto Ferrariwho is one of the main representatives of the New School Brotherhood in this sport/martial art competitive circuit. Elias’s reputation as one of the top heavyweights of his generation started being built while competing in the lower belt divisions of BJJ, a time when Pedro conquered important titles such as the United Arab Emirates Jiu-Jitsu Federation’s (UAEJJF) Grand Slams in Rio de Janeiro and London, as well as the Abu Dhabi World Pro. Full Name:Pedro Henrique de Lima Elias",False
1980,Pedro Hemeterio,Pedro,Hemeterio,Homem Quiabo,Gracie JJ,https://www.bjjheroes.com/?p=1980,"Pedro Hemetéro was the first non Gracie to achieve the rank of red belt injiu jitsu. Born and raised in the remote state of Ceará, Hemetério became one of Gracie jiu jitsu’s top fighters in the 1940’s and 1950’s era, much like a gatekeeper to the main family champion,Carlson Gracie. He passed away on the 11th of October 2009 at the age of 86, leaving a great void in jiu jitsu. Full Name:Pedro Hemetério de Araújo",False
13339,Pedro Lucas,Pedro,Lucas,,,https://www.bjjheroes.com/?p=13339,"Pedro Lucas Soares Ribeiro, commonly known as Pedro Lucas, is a jiu-jitsu black belt under Rodrigo Ribeiro (his father) and Honorio Filho, who also worked extensively with coachesDavi Ramosand Alexandre Carreira. Although a representative of the Atos team (via the Rio de Janeiro, Brazil branch) in the sport’s international circuit, Pedro Lucas is also a member of the Garagem Jiu-Jitsu club and of Campo de Treino Honorio (CT Honorio). Pedro Lucas first made waves in the sport at a global level after he conquered the Copa Podio Heavyweight Grand Prix (2021) as a brown belt, where he defeated several well-known figures of the black belt division. Full Name:Pedro Lucas Soares Ribeiro",False
12537,Pedro Machado,Pedro,Machado,,Gordo JJ / R1ng,https://www.bjjheroes.com/?p=12537,"Pedro Henrique Pinheiro Machado de Souza, commonly known as Pedro Machado, is a jiu-jitsu black belt under Paulo Perrota “Rabicó”, who represented the 4:30 Rabicó School, Gordo Jiu-Jitsu, and R1NG Associations in the sport’s international circuit during his colored belt career, a time when he gained notoriety in International Brazilian Jiu-Jitsu Federation (IBJJF) circuit. Machado would later change to the Atos Academy in California, for whom he competed extensively as a black belt. Full Name:Pedro Henrique Pinheiro Machado de Souza",False
12287,Pedro Maia,Pedro,Maia,,,https://www.bjjheroes.com/?p=12287,"Pedro Henrique Maia Costa, commonly known as Pedro Maia, is a jiu-jitsu black belt under Felipe Rair and the founder of the We Flow BJJ School located in Brasília, Brazil, who is also a representative of the Ribeiro Jiu-Jitsu team in the sport’s international circuit. Maia made his mark early in his jiu-jitsu career, as a teen and juvenile athlete by conquering important events such as the World, South American, and Brazilian National Championships (to name a few). He continued to impress as he progressed through the grappling ranks while working with well-known coaches such asSaulo Ribeiroand Cláudio Careca. Full Name:Pedro Henrique Maia Costa",False
11991,Pedro Marinho,Pedro,Marinho,,Gracie Barra,https://www.bjjheroes.com/?p=11991,"Pedro Marinho is one of the main representatives of theGracie-Barra Academyin jiu-jitsu’s professional circuit, who worked extensively with coachesUlpiano Malachias,Felipe Pena(Preguiça), and Reinaldo Fernandes. Marinho first made waves in the sport as a purple belt, a time when he beat several top-ranked black belts while competing and winning professional no-gi events such as Elite Grappling and Jitz King. Full Name:Pedro Fillipe Serra Marinho",False
7760,Pedro Mello,Pedro,Mello,,Atos,https://www.bjjheroes.com/?p=7760,"Pedro Mello is aBrazilian jiu jitsublack belt underPaulo Sérgio Santos, and one of the most accomplished athletes to emerge from the Brazilian state of Santa Catarina. A highly accomplished medium-heavyweight competitor, Pedro Mello excelled also as a grappling instructor, having helped produce high level athletes such asRafael Mansur, Gabriela Franzoni,Jan Buatimto name a few. Full Name:Pedro Régis da Cunha Mello",False
1087,Pedro Pacheco Fernandes,Pedro,Pacheco Fernandes,,Tu Kaha JJ,https://www.bjjheroes.com/?p=1087,Pedro Pacheco Fernandes Full Name:Pedro Carneiro da Cunha Pacheco Fernandes,False
14223,Pedro Pessoa Bisneto,Pedro,Pessoa Bisneto,,ZR Team,https://www.bjjheroes.com/?p=14223,"Pedro José Pessoa de Melo Bisneto, commonly known as Big Mac, is a Brazilian grappler and a black belt in jiu-jitsu underDiego Ramalho, who worked extensively withJosé Olimpio (Zé Radiola). Pedro Pessoa Bisneto started making waves in jiu-jitsu as a colored belt, particularly at the brown belt rank where he won an International Brazilian Jiu-Jitsu Federation (IBJJF) World title. Full Name:Pedro José Pessoa de Melo Bisneto",False
8448,Pedro Ramalho,Pedro,Ramalho,Paquito,Focus JJ,https://www.bjjheroes.com/?p=8448,"Pedro Ramalho, commonly known as “Paquito” is a Portuguese,Brazilian jiu-jitsublack belt underManoel Netoand a representative of team Focus in the sport/martial art’s international circuit. Referenced as one of Europe’s Hottest Prospects by BJJ Heroes in 2015, Paquito quickly became established himself as one of the best lightweight (76,00 kg / 168.0 lbs) competitors of his generation, a reputation earned through his repeated success on the mats. Full Name:Pedro Alves Douteiro Cranfield Ramalho",False
11027,Pedro Rocha,Pedro,Rocha,,Double Five,https://www.bjjheroes.com/?p=11027,"Pedro Henrique Rocha is a Brazilian grappler with vast experience in both freestyle wrestling and jiu-jitsu, holding the black belt rank in the latter of those, a belt awarded by Pedro’s brother —João Gabriel Rocha. Aside from his accomplishments as an athlete, a career in which he earned Brazilian National titles in both wrestling and BJJ, Rocha is also a Navy officer. Full Name:Pedro Henrique de Oliveira e Silva Rocha",False
1034,Pedro Sauer,Pedro,Sauer,,,https://www.bjjheroes.com/?p=1034,"Pedro Sauer isan 8th degreeBrazilian jiu jitsucoral beltand a former student of the legendaryRickson Gracie. Pedro Sauer is revered as one of the pioneers of the gentle art in the United States, having moved to the northern hemisphere country in the early 1990’s. Since arriving, Master Sauer has captured a legion of followers through lectures and workshops as well as for his skill as an instructor, having developed several high level black belts of his own. In 2005 he was voted by an online poll as the “Best Brazilian Jiu Jitsu Instructor” in the world. Lineage:Mitsuyo Maeda >Carlos Gracie>Helio Gracie>Rickson Gracie> Pedro Sauer",False
10928,Pedro Serrano,Pedro,Serrano,,Gracie Barra,https://www.bjjheroes.com/?p=10928,"Pedro Serrano is an American grappler of Peruvian descent, who holds the rank of black belt in Brazilian jiu-jitsu under the world-famous instructorRômulo Barralof theGracie BarraNorthridge Academy. Widely regarded as one of the most talented athletes of his generation, Serrano’s reputation was earned as a colored belt, while competing in the submission-only and the International Brazilian Jiu-Jitsu Federation (IBJJF) circuits, where Pedro conquered numerous International titles, most importantly the American Nationals and World No-Gi Jiu-Jitsu Championship. Full Name:Pedro Serrano",False
13422,Pedro Silva,Pedro,Silva,Bolo,Dream Art,https://www.bjjheroes.com/?p=13422,"João Pedro Silva de Souza, often cited on social media as Pedro Silva, Pedro de Souza, or by his nickname Pedro “Bolo”, is a professional jiu-jitsu athlete from the city of Manaus, Brazil, best known for his work as a member of the Dream Art team for whom he conquered many medals in the International Brazilian Jiu-Jitsu Federation (IBJJF) and the Abu Dhabi Jiu-Jitsu Pro Tour (AJP) and helped achieve their first team world title in 2023. Pedro de Souza also worked extensively with coaches José Alberto (father),Nabil Aziz, andCicero Costha. Full Name:João Pedro Silva de Souza",False
11044,Pedro Veras,Pedro,Veras,,PSLPB,https://www.bjjheroes.com/?p=11044,"Pedro Veras is ajiu-jitsublack belt underCicero Costha, being one of the top representatives of Costha’s PSLPB team (Projeto Social Lutando Pelo Bem). Pedro became a well-respected member of the team while competing in the colored belt divisions of the sport, particularly in the United Arab Emirates Jiu-Jitsu Federation (UAEJJF) and the International Brazilian Jiu-Jitsu Federation (IBJJF) circuits, where he conquered numerous Grand Slam events and earned medals in the Brazilian National Championships and the European Open. Full Name:Pedro Henrique Segura Veras",False
1050,Penny Thomas,Penny,Thomas,,Gracie Humaita,https://www.bjjheroes.com/?p=1050,"South Africa’s very firstjiu jitsublack belt World champion, Penny Thomas was one of the most accomplished competitors of her generation, in Jiu Jitsu’s female division. A black belt underLuis Herédia, Thomas won against a ‘who-is-who’ of elite grapplers, having achieved gold medals at important tournaments such as the World Championship, Abu Dhabi Combat Club(ADCC), World No-Gi, Pan American and many others. Full Name:Penny Thomas",False
1316,Peter Letsos,Peter,Letsos,,,https://www.bjjheroes.com/?p=1316,"Peter Letsos, or “Pete The Greek” as he is commonly known, is a Brazilian Jiu Jitsu black belt under Carlon Gracie Junior, having competed in the sport all over the world, including in the historical Copa Atlantica, Brazilian Teams Nationals, the Pan American and the Gracie Invitational (Arnold Classic). “The Greek” is also the founder of Rio Jiu Jitsu, a grappling club in the Chicago area (US). Full Name:Peter Panayotis Letsos",False
9959,Perttu Tepponen,Perttu,Tepponen,,Hilti BJJ,https://www.bjjheroes.com/?p=9959,"Perttu Tepponen is Finnish grappler and a Brazilian jiu-jitsu black belt under Tero Pyylampi andPedro Duarte, as well as one of the top European jiu-jitsu competitors of his generation, a reputation he earned after his wins in important jiu-jitsu tournaments such as the Abu Dhabi Combat Club (ADCC) European Trials and the International Brazilian Jiu-Jitsu Federation (IBJJF) European No-Gi Open. Full Name:Perttu Tapio Tepponen",False
7847,Philippe Balmant,Philippe,Balmant,Philzinho,Alliance,https://www.bjjheroes.com/?p=7847,"Philippe Balmant, often referenced as “Philzinho” is aBrazilian jiu jitsublack belt underMarcelo Garciaand a well respected instructor atAlliance Jiu JitsuNew York (MGA). As a coach Philippe Balmant is often praised for hishalf guardgame and his approach to the the sport, particularly in regards to longevity training methodology for grappling. Balmant is also known for his former struggle with drug addiction, one he conquered through BJJ. Full Name:Philippe E. Balmant",False
10399,Philippe Pomaski,Philippe,Pomaski,,,https://www.bjjheroes.com/?p=10399,"Philippe Pomaski is a Swiss grappler and a Brazilian jiu-jitsu black belt underLeonardo Vieira, who also worked extensively withGabriel Rollo(Palito),Thiago Abreu(Baiano), Claude Jäger andRoberto Abreu(Cyborg). Pomaski gained notoriety in the BJJ world as a colored belt division, being referenced as one of Europe’s rising stars by BJJ Heroes in 2015, a reputation he would further cement as a black belt with important wins in the European circuit. Full Name:Philippe Basil Pomaski",False
14227,Pierre Olivier-Leclerc,Pierre,Olivier-Leclerc,,TriStar,https://www.bjjheroes.com/?p=14227,"Pierre-Olivier Leclerc is a professional Canadian grappler and a black belt in Jiu-Jitsu underFiras Zahabi, as well as a representative of the Montreal, Quebec-based TriStar Gym. Leclerc has also worked extensively withJohn Danaheras well as the B-Team squad and was part of the well-known workgroup that pioneered the revival of the leg-lock game in professional grappling during the late 2010s. Full Name:Pierre-Olivier Leclerc",False
8241,Radoslaw Turek,Radoslaw,Turek,Radek,Berserkers Warsaw BJJ,https://www.bjjheroes.com/?p=8241,"Radosław Turek, commonly referenced as Radek Turek is a Polish grappler andBrazilian jiu jitsublack belt underAlexandre PaivaofAlliance, being also the head coach of the Berserkers Team in Warsaw – Poland. A former ADCC veteran, Turek formed one of the strongest European teams in the sport with students who repeatedly medal at important events in international circuits such as the International Brazilian Jiu Jitsu Federation (IBJJF) and ADCC. Full Name:Radosław Turek",False
921,Rafael Barbosa,Rafael,Barbosa,Formiga,Double Five,https://www.bjjheroes.com/?p=921,"Rafael “Formiga” Barbosa is a Brazilian Jiu-Jitsu black belt underAndré “Dedeco” Almeida, being also one of the founding members of the Soul Fighters Team as well as the Double 5 Academy. During the 2000’s decade, Rafael Formiga is also widely regarded as of the top competitors of his generation, as well as one of the best butterfly guard players the sport has ever seen. Full Name:Rafael Monteiro Barbosa",False
4747,Rafael Barros,Rafael,Barros,Fofitio,,https://www.bjjheroes.com/?p=4747,"Rafael Barros, commonly known as Rafael “Fofitio”, is one of the leading figures of an important Brazilian grappling team namedOriênte Jiu Jitsuof Niteroi, a team affiliated withNova Uniao, that produced legendaryjiu jitsucompetitors such asThiago Fernandes,Ramon Lemos,Gilbert Burnsand many others. Fofitio is also a former 2x world champion and 2x world cup champion. Full Name:Rafael Barros Lima de Simone",False
14044,Rafael Borges,Rafael,Borges,,Fratres,https://www.bjjheroes.com/?p=14044,"Rafael Borges, commonly known as “BG” is a professional jiu-jitsu athlete and a black belt who competes for the Brazilian team, Fratres, based in Sao Paulo. Borges first made waves as a colored belt, particularly during his purple and brown belt years when he conquered back-to-back International Brazilian Jiu-Jitsu Federation (IBJJF) World and Pan American titles in 2023 & 2024, a time when he helped his former team Dream Art conquer its first world team title. Full Name:Rafael Leite Borges",False
2453,Rafael Correa,Rafael,Correa,Gordinho,Gordo JJ,https://www.bjjheroes.com/?p=2453,"Rafael Correa de Lima, commonly known as Rafael “Gordinho” is a formerBrazilian Jiu Jitsuworld champion and one of the main figures in competitive BJJ at the turn of the 20th century. Rafael Correa is also the brother of another iconic figure of the sport,Roberto “Gordo” Correawho is often regarded as the creator of the half guard. “Gordinho” has traveled the world also as a coach, opening academies and being an ambassador of the sport in Asia and the US. Full Name:Rafael Correa de Lima",False
1753,Rafael Freitas,Rafael,Freitas,Barata,Gracie Barra,https://www.bjjheroes.com/?p=1753,"Rafael de Freitas, also known by his nickname “Barata”, is aBrazilian Jiu-Jitsublack belt from theGracie Barra academybest-known for his creation of a shoulder lock submission named by Rafael as the:Baratoplata. RafaelBaratais also an accomplished BJJ competitor having won important titles such as the Pan American and the World Nogi Championship and a successful MMA fighter with several fights in the professional circuit. Full Name:Rafael de Freitas",False
1577,Rafael Heck,Rafael,Heck,,Checkmat,https://www.bjjheroes.com/?p=1577,"Rafael Heck is a Brazilian Jiu Jitsu black belt under the legendary coach and competitor,Leo Vieira. This BJJ practitioner made a name for himself fighting in the State of Sao Paulo, where he achieved numerous podium spots in important competitions such as the World Cup, the Sao Paulo State Championships and many others. Full Name:Rafael Fonseca Heck",False
6599,Rafael Mansur,Rafael,Mansur,,,https://www.bjjheroes.com/?p=6599,"Rafael Mansur is an accomplishedBrazilian jiu jitsuathlete, and black belt underPedro Mello, also revered as one of the most talented representatives of the New School Brotherhood academy. Virtually unknown to the sport’s mainstream media until reaching the black belt division, Mansur turned heads his way with amazing performances and wins over household names such asHerbert BurnsandGianni Grippo, while earning podium spots at tournaments such as the Brazilian No-Gi Championship and the Abu Dhabi Grand Slam. Full Name:Rafael Machado Mansur",False
179,Rafael Mendes,Rafael,Mendes,,AOJ,https://www.bjjheroes.com/?p=179,"Rafael Mendes, also known as Rafa Mendes, is aBrazilian Jiu-Jitsu(BJJ) black belt world champion under the illustrious coachRamon Lemosand a former member of theAtos Jiu-Jitsu Academy. Considered a grappling phenom since his teenage years and acclaimed as “The King of the Featherweight Division” by many grappling enthusiasts, Rafael was also one of the competitors who brought recognition to the50-50 guardand theberimbolo, positions he used to de-throne the former 4x world championRubens Charles. Rafael Mendes is also the brother of another Jiu-Jitsu World Champion –Guilherme Mendesand co-founder of the Art Of Jiu-Jitsu Academy in California. On the 31st of May 2015, at the20th World Jiu-Jitsu Championship, Rafael Mendes broke the record of featherweight world titles set byRoyler Graciein 1999, with his 5th win at black belt. He increased his world title tally to 6 the following year. Rafael Mendes:Rafael Mendes Godoy",False
194,Rafael Dallinha,Rafael,Dallinha,,BJJ Revolution,https://www.bjjheroes.com/?p=194,"Rafael Dallinha, also known as “Rafinha” within the Brazilian jiu-jitsu community, is a black belt under the illustriousRodrigo Medeirosfrom the world-famous Carlson Gracie “BJJ revolution Team”. In 2017 Rafael founded a new jiu-jitsu team named =RADA= Jiu-Jitsu Nickname:Rafinha is a friendly way of saying Rafael in Portuguese.",False
460,Rafael dos Anjos,Rafael,dos Anjos,,,https://www.bjjheroes.com/?p=460,"Rafael dos Anjos is a professional mixed martial arts (MMA) fighter and UFC lightweight champion (2015) as well as an accomplished black belt inBrazilian jiu jitsu(BJJ) under Aldo Januário, having competed for several years under theGracie Barra academybanner in the sport jiu jitsu. Rafael dos Anjos has also spent a great amount of time under the guidance ofRoberto “Gordo” Correa, one of the top grappling coaches in the world. Full Name:Rafael Souza dos Anjos",False
12048,Rafael dos Anjos Torres,Rafael,dos Anjos Torres,,Alliance,https://www.bjjheroes.com/?p=12048,"Rafael dos Anjos Torres, commonly known as Rafael dos Anjos (not to be confused with same nameRafael dos Anjos, former UFC lightweight champion –for that bio, click here), is a jiu-jitsu black belt underRubens Charles (Cobrinha)who worked extensively withAlexandre Paiva (Gigi),Elan Santiago, andRodrigo Conceição (Akilis). Originally a product of Rio de Janeiro’s social project Projeto Sonhos, Rafael gained notoriety in the sport during his colored belt career after his performances in big events of the International Brazilian Jiu-Jitsu Federation (IBJJF) such as the World and Pan Championships. Full Name:Rafael dos Anjos Torres",False
576,Rafael Lovato Jr,Rafael,Lovato Jr,,Lovato Jr. / Ribeiro JJ,https://www.bjjheroes.com/?p=576,"Rafael Lovato Junior is aBrazilian Jiu-Jitsublack belt underCarlos Machadowho also worked extensively with the Ribeiro Brothers (SauloandAlexandre). During his career as a professional grappler Lovato Junior made history on two occasions, first by being the first non-Brazilian to win the CBJJ Brazilian National Championship (2007) as a black belt, he would later rewrite his name in the tournament’s history books by conquering the open weight division (absolute), becoming the first non-Brazilian to achieve this deed also (2013). Other important landmarks in Rafael Lovato’s combat sports career were becoming the 3rd American citizen to win the IBJJF World Championship in the black belt division (2007) and his first major title in a mixed martial arts promotion in 2019 with Bellator (middleweight title). Full Name:Rafael Lovato Junior",False
10174,Rafael Paganini,Rafael,Paganini,,Alliance,https://www.bjjheroes.com/?p=10174,"Rafael Paganini is aBrazilian jiu-jitsublack belt underMichael LanghiandFábio Gurgelof theAlliance Academy, who represents Dream Art and worked extensively also with Eduardo Leitão andMax Trombini. One of the top medium-heavyweights of his generation, Paganini conquered a Brazilian Nationals title and multiple International Brazilian Jiu-Jitsu Federation (IBJJF) medals in the colored belt divisions, prior to earning his black belt in 2019. Rafael is also the brother of another skilled BJJ black belt, Mr. Caio Paganini. Full Name:Rafael Lopes Paganini",False
14188,Rafael Trabuco,Rafael,Trabuco,,Gracie Barra,https://www.bjjheroes.com/?p=14188,"Rafael Trabuco, often referenced by his nickname, Louva, is a professional grappler and a jiu-jitsu black belt underFelipe Pena (Preguiça), who worked extensively with Alexandre Moreto (Rafael’s father), Jean Fank (Sensei Lobisomem), and Humberto Tavares. Rafael Trabuco first made waves in the sport as a brown belt, in 2024, a period in which he conquered Brazilian Nationals titles in the Gi & No-Gi rulesets as well as an Abu Dhabi Jiu-Jitsu Pro Tour (AJP) World Professional Championship gold medal. Full Name:Rafael Moreto Souza Trabuco",False
8634,Rafael Vasconcelos de Lima,Rafael,Vasconcelos de Lima,,Atos,https://www.bjjheroes.com/?p=8634,"Rafael Vasconcelos de Lima is aBrazilian jiu-jitsublack belt underLeandro Loand representative of theAtos JJ Team, having also worked extensively with coachesCicero Costha(PSLPB) and Ricardo Costa (DBK). Vasconcelos broke out as one of jiu-jitsu’s hottest prospects in the São Paulo area back in 2015 as a purple belt after conquering medals in some of the top tournaments on the International Brazilian Jiu-Jitsu Federation (IBJJF) international circuit. Full Name:Rafael Vasconcelos de Lima",False
11656,Rafaela Guedes,Rafaela,Guedes,,Atos,https://www.bjjheroes.com/?p=11656,"Rafaela Guedes is a jiu-jitsu black belt underAndré GalvãoandAngelica Galvão, who also worked extensively with coach Daílson Pinheiro. Guedes became widely recognized as one of the rising prospects in the sport while representing theAtos Team, during her colored belt career, where she earned important titles in the International Brazilian Jiu-Jitsu Federation (IBJJF) and the United Arab Emirates Jiu-Jitsu Federation (UAEJJF), two of the most prestigious leagues in the sport. Full Name:Rafaela Ribeiro Guedes",False
1781,Ralph Gracie,Ralph,Gracie,,,https://www.bjjheroes.com/?p=1781,"Ralph Gracie is a former no-holds-barred fighter and jiu-jitsu competitor, as well as the founder of the Ralph Gracie Academy, an association with several gyms around the world. Ralph is also a member of the Gracie Family, a clan well known for its close relationship with martial arts and grappling in particular, and the grandson of Gracie Jiu-Jitsu founderCarlos Gracie; son ofMaster Robson Gracieand brother to the legendaryRenzo GracieandRyan Gracie. More recently (2018), Ralph’s reputation as a trouble-maker resurfaced after he assaulted a fellow jiu-jitsu instructor and former team-mate (Flávio Almeida) at a grappling event –check here for more details– actions that earned him a conviction and a sentence of six months in jail on January 2020. Full Name:Ralph Gracie",False
8407,Raquel Paaluhi Canuto,Raquel,Paaluhi Canuto,,Zenith JJ,https://www.bjjheroes.com/?p=8407,"Raquel Pa’aluhi Canuto is aBrazilian jiu-jitsublack belt underRobert Drysdaleand a representative of the Zenith team in the sport’s international circuit while being also a professional mixed martial arts (MMA) fighter and title contender for the well-known women’s cage fighting promotion: Invicta Fighting Championship. In jiu-jitsu Raquel has conquered numerous important titles including International Brazilian Jiu-Jitsu Federation’s (IBJJF) Pan American (purple belt), No-Gi World Champion (purple + blue belt), and No-Gi Pan American (purple). Full Name:Raquel Dayne Kaleialoha Pa’aluhi Canuto",False
640,Ramon Lemos,Ramon,Lemos,,Atos,https://www.bjjheroes.com/?p=640,"Ramon Lemos is ajiu jitsucoach and co-founder of the famousAtos Jiu JitsuTeam, having formed some of the top grapplers of the 2010 decade, competitors such asGuilhermeandRafael Mendes, havin also helped raise the game of others such asGilbert BurnsandRodrigo Caporalto name a few. Ramon Lemos has also been closely involved in the grappling tuition of top mixed martial arts (MMA) fighters such as former UFC middleweight champion Anderson Silva andRodrigo “Minotauro”. Full Name:Ramon Lemos",False
177,Rany Yahya,Rany,Yahya,,Athaide JJ,https://www.bjjheroes.com/?p=177,"Rani Yahya is a Brazilian jiu jitsu black belt under Athaíde Junior, having won one of the most important submission wrestling tournaments in the world, the ADCC (2007). Rani Yahya also became a well known mixed martial arts (MMA) fighter, having competed at the highest level in organizations such as the Ultimate Fighting Championship (UFC). Lineage:Mitsuyo Maeda >Carlos Gracie >Helio Gracie>Armando Wridt> Athaide Junior > Rany Yahya",False
813,Raphael Abi-Rihan,Raphael,Abi-Rihan,,,https://www.bjjheroes.com/?p=813,"Raphael Abi-Rihan is a Brazilian Jiu Jitsu black belt underLuis “Manimal”who held some of the sport’s most prestigious titles, such as European Open Champion, Brazilian Nationals Champion and Rio Open Champion. Known for his aggressive passing style, Abi Rihan has submission victories over many top competitors such asTarsis HumphreysandVictor Estima. Raphael is also a successful coach and organizers of the “Copa America” and many other important tournaments in the Brazilian circuit. Full Name:Raphael Xavier Abi-Rihan",False
7539,Renato Forasieppi Canuto,Renato,Forasieppi Canuto,,Zenith JJ,https://www.bjjheroes.com/?p=7539,"Renato Forasieppi Canuto is aBrazilian jiu-jitsublack belt under his fatherValdir “Tio Chico” Canuto, being also one of the top representatives of team Checkmat JJ in the sport’s international circuit. Canuto, who has worked extensively underRobert Drysdale,Rodrigo Cavaca, as well asLeonardo Vieirais widely regarded as one of the most exciting grapplers of his generation having proved his worth in a wide spectrum of grappling rules. Full Name:Renato Forasieppi Alves Canuto",False
548,Renato Migliaccio,Renato,Migliaccio,,,https://www.bjjheroes.com/?p=548,"Renato Migliaccio is a 5th-degree Jiu-Jitsu black belt under Ryan Gracie and a 4th-degree Judo black belt, two sports in which he competed extensively. A former European and Pan American Champion in jiu-jitsu, Migliaccio also tested his skills in amateur wrestling as well as MMA (Mixed Martial Arts), holding a professional record of 6-1 before his retirement from the sport. Nickname:Renatinho means “little Renato”, the name was given because at Ryan Gracie’s gym there were very few featherweights.",False
991,Raphael Chaves,Raphael,Chaves,Catatau,,https://www.bjjheroes.com/?p=991,"Raphael Chaves, also known as “Catatau” is a well knownBrazilian Jiu Jitsublack belt in the No Gi (submission wrestling) competition circuit. Originally from Brazil, Raphael Chaves focussed more on the No Gi aspect of grappling since he arrived in the USA having conquered titles in several important organizations, such as the NAGA, Arnold Classic and Copa America. Rapahel Chaves has also ventured in MMA. Full Name:Raphael Luiz Afonso Chaves",False
1545,Raoni Barcelos,Raoni,Barcelos,,Laerte Barcelos,https://www.bjjheroes.com/?p=1545,"Raoni Barcelos is a Jiu-Jitsu black belt under Laerte Barcelos (his father) as well as an accomplished Brazilian freestyle wrestler and a professional mixed martial arts fighter (MMA). In submission-grappling, Raoni made a career competing mainly in the no-gi circuit, where he conquered important titles on the International Brazilian Jiu-Jitsu Federation (IBJJF), particularly in the lower belt divisions. He also led a fruitful career as a Freestyle Wrestler, where he competed for the Brazilian National Wrestling Team on many international tournaments, such as the Pan – where Raoni Barcelos obtained a silver medal (2006). Lineage:Carlos Gracie>Reyson Gracie>Osvaldo Alves> Laerte Barcelos > Raoni Barcelos",False
8213,Raul Gomes,Raul,Gomes,,Gracie Humaita,https://www.bjjheroes.com/?p=8213,"Raul Gomes Marcello is aBrazilian jiu jitsublack belt underAdmilson Brites(Juquinha), being also one of the top rooster-weights Peso Galo (57,50 kg / 127.0 lbs) of his generation in this sport/martial art. A representative ofGracie Humaitáand later Ribeiro Jiu Jitsu teams in competition, Raul Gomes is known for his wins in tournaments such as the IBJJF Masters World and International Masters & Seniors Championship as well as the CBJJF Brazilian Nationals and South American Championship. Full Name:Raul Gomes Marcello",False
11534,Raul Basilio,Raul,Basilio,,Almeida JJ,https://www.bjjheroes.com/?p=11534,"Raul Basílio is a jiu-jitsu black belt underCaio AlmeidaandDiogo Almeida, who is a representative of the Almeida Jiu-Jitsu team of São Paulo, Brazil, an academy affiliated with the Atos camp of San Diego, California. Raul Basílio made a name for himself as one of the sport’s rising stars during the early stages of his colored belt career, as a juvenile, while competing in the International Brazilian Jiu-Jitsu Federation (IBJJF) circuit, a reputation he continued to build on in the following years. Raul is also the younger brother of another well-known jiu-jitsu athlete, ADCC championBianca Basílio. Full Name:Raul Barbosa Basílio",False
13875,Rawana Silva,Rawana,Silva,,Dream Art,https://www.bjjheroes.com/?p=13875,"Rawanna Raysa Da Silva is a jiu-jitsu black belt under Vinicius Souza, who broke through as one of the sports rising stars in the colored belt division (2018-2023) while representing teams such as Dream Art, Pablo Silva, & Icon BJJ. During this period Rawanna conquered important medals in the International Brazilian Jiu-Jitsu Federation (IBJJF) circuit, including Pan, Pan No-Gi, and World Championship podiums. Full Name:Rawanna Raysa Da Silva",False
13480,Rayron Gracie,Rayron,Gracie,,RGA,https://www.bjjheroes.com/?p=13480,"Rayron Gracie is a jiu-jitsu athlete and a member of theGracie Family, arguably the most important family in the history of this martial art, belonging to the 4th generation of the clan’s production of outstanding combat sports competitors. Rayron was officially promoted to the black belt rank by his cousin,Kyra Gracie(June 2023), but also worked extensively with a number of the family’s legendary members such asRenzo,Rolles, Igor,Gregor, andRoger Gracie. Rayron Gracie first made waves in the sport while successfully competing on the International Brazilian Jiu-Jitsu Federation (IBJJF) circuit, particularly in the gi (kimono) ruleset. Full Name:Rayron Gracie",False
1627,Reginaldo Gurgel Almeida,Reginaldo,Gurgel Almeida,,SAS,https://www.bjjheroes.com/?p=1627,"Reginaldo Gurgel Almeida is a Brazilian Jiu Jitsu black belt under Master “Sazinho” (from the Takeo Iano lineage) in Fortaleza, who in 2008 moved to the United States where he established a strong SAS team academy, later changing his affiliation to Gracie Barra. Reginaldo Almeida has medalled in important events, such as the World Cup, the Brazilian Nationals and CBJJE’s Pan American Championship, he is also a certificated referee by the IBJJF. Full Name:Reginaldo Gurgel F. de Almeida",False
1149,Reinaldo Ribeiro,Reinaldo,Ribeiro,,,https://www.bjjheroes.com/?p=1149,"Reinaldo Ribeiro is a Brazilian jiu jitsu black belt underLeonardo Castello Brancowho is widely recognized as one of the top competitors of his generation and one of the best featherweight contenders of all time. Originally from Minas Gerais in Brazil, Ribeiro solidified himself as a high level grappler in the early 2000’s, bringing his wealth of knowledge to Europe (Iberian Peninsula) later in that decade where he formed successful teams in both Spain and Portugal. Full Name:Reinaldo Augusto Ribeiro",False
1957,Relson Gracie,Relson,Gracie,Campeao,,https://www.bjjheroes.com/?p=1957,"Relson Gracie is the second oldest son of the late Grand MasterHelio Gracie, he is also ajiu jitsured belt(9th degree) who pioneered the sport, being its messenger in the archipelago of Hawaii (where he was the first to establish a Gracie Jiu Jitsu academy). Relson was also the first Gracie representative to truly embrace surfing, a trend that was followed by many of his family members and BJJ practitioners throughout the world. Full Name:Relson Gracie",False
1778,Renan Pegado,Renan,Pegado,Barao,Nova Uniao,https://www.bjjheroes.com/?p=1778,"Renan Pegado (mostly known as Renan Barão) is a Mixed Martial Arts fighter (MMA) with aBrazilian Jiu-Jitsubackground having been the 100th black belt awarded by the legendary coachAndre Pederneirasfrom the Nova Uniao team. Originally fighting out of the Kimura camp in his native town of Natal (RN) where Renan trained under the guidance of another fantastic coach inJair Lourenço, a leader who has had tremendous success in the region producing many champions in MMA and BJJ. Full Name:Renan do Nascimento Mota Pegado",False
12641,Renan Cruz,Renan,Cruz,,R1NG,https://www.bjjheroes.com/?p=12641,"Renan Cruz is a jiu-jitsu black belt and a representative of the R1NG / MCBJJ teams in the sport’s global circuit. Renan is widely recognized as one of the top grapplers of his generation, a reputation earned while competing in the colored belt divisions of the sport where he conquered important medals on both the International Brazilian Jiu-Jitsu Federation (IBJJF) circuit and the Abu Dhabi Jiu-Jitsu Pro Tour, including Pan American and World Pro gold medals as a brown belt. Renan is also the son of a jiu-jitsu legend and former 2x IBJJF open-weight world championMárcio Cruz, also known as Pé de Pano. Full Name:Renan Cruz",False
8779,Renata Marinho,Renata,Marinho,,Alliance,https://www.bjjheroes.com/?p=8779,"Renata Marinho Moreira is aBrazilian jiu jitsublack belt underFábio Gurgelwho has also worked extensively withTiago Rocha, being one of the top representatives of theAlliance teamin this sport’s international circuit. Renata earned her reputation as one of the best female middleweights in the world through her many wins while competing in the International Brazilian Jiu Jitsu Federation’s (IBJJF) worldwide amateur circuit as well as for her high profile wins at Copa Pódio, one of the top professional BJJ outlets. Full Name:Renata Marinho Moreira",False
1372,Renato Barreto,Renato,Barreto,,Gracie Humaita,https://www.bjjheroes.com/?p=1372,"Renato Barreto was the very first World Jiu Jitsu Champion in the Lightweight division (in 1996, closing the final with his team mate Paulo Barroso). This historical figure was awarded his Jiu Jitsu black belt by bothRolkerandRoyler Gracie, being part of the famousGracie Humaitalightweight team of the late 1990s. Full Name:Renato Barroso",False
2235,Renato Cardoso,Renato,Cardoso,Coco,Checkmat,https://www.bjjheroes.com/?p=2235,"Trained by coachextraordinaireRodrigo Cavaca, Renato Cardoso made a big name for himself in late 2012 being revered by jiu jitsu’s media as the new “crown jewel” of theCheckmat Team. This status came after a series of positive performances in his first couple of months as a black belt, a time when Renato Cardoso conquered the medium heavyweight worldjiu jitsutitle (CBJJE) as well as the Sao Paulo International Open (IBJJF), only a few weeks later in both his weight class and the absolute by submitting every one of his 9 opponents. In mid 2014 Cardoso switched training camps and moved to theAlliance academyin Sao Paulo. Full Name:Renato Guimarães Cardoso",False
588,Renato Tavares,Renato,Tavares,,,https://www.bjjheroes.com/?p=588,"Renato Tavares is a former competitor from the famousCarlson Gracie Team, a team that ruled the sport of Jiu Jitsu in the 1980s, up until the mid 1990s. A black belt under the late masterCarlson Gracie, Renato Tavares remained as a top level competitor for over 15 years, adding also an immense track record as an instructor, carrying the American Top Team (ATT) flag in the United States. Full Name:n/a",False
52,Renzo Gracie,Renzo,Gracie,,Renzo Gracie,https://www.bjjheroes.com/?p=52,"One of the true martial arts legends, Renzo Gracie is aJiu Jitsublack belt from the famousGracie family. A fantastic coach that has produced  several renowned black belts, Renzo Gracie primarily excelled as a competitor in the 1990’s winning important tournaments such as the ADCC (Abu Dhabi Combat Club) and several MMA fights in Japan, Brazil and US. Renzo Gracie was also the main protagonist of a famous documentary about his life as a fighter named: Legacy. Full Name:Renzo Gracie",False
14225,Rerisson Gabriel,Rerisson,Gabriel,,,https://www.bjjheroes.com/?p=14225,"Rerisson dos Santos Gabriel is a jiu-jitsu black belt under Cleison Santos (his older brother) and team leader Rodrigo Thiago “Travecks”. Rerisson Gabriel first made waves in the sport while competing in the colored belt divisions of the International Brazilian Jiu-Jitsu Federation (IBJJF), where he conquered numerous important medals on the global circuit, but it was his 2025 gold medal performance at the IBJJF Pan Championship that truly cemented his name as one of the top athletes of his generation. Full Name:Rerisson dos Santos Gabriel",False
2003,Reyson Gracie,Reyson,Gracie,,,https://www.bjjheroes.com/?p=2003,"Reyson Gracie is the third son of Gracie jiu jitsu founder,Carlos Graciewho became a9th degree (nono grau) red beltin the family’s martial art. Reyson is regarded as the founder of BJJ in the state of Amazonas, a state that became one of the most important hives in Brazil and the world forjiu jitsu. He has also had a big impact in the development of jiu jitsu in the state of Bahia. Full Name:Reyson Gracie",False
331,Ricardo Abreu,Ricardo,Abreu,Demente,Nova Uniao,https://www.bjjheroes.com/?p=331,"Ricardo Abreu, mostly known by his nickname ‘Demente’ (Demented), is a former Jiu Jitsu competitor of the black belt division, and a member of the Nova Uniao academy. After spending 3 years out of Jiu Jitsu due to lack of sponsorship, he returned in 2009 with great wins over some of the sport’s top fighters. His grappling results led Demente to become a sparring partners for big names of MMA such as UFC standout Anderson “the spider” Silva and Tito Ortiz, which led Ricardo Abreu to a career in mixed martial arts and a contract with the UFC. Nickname:Demente in Portuguese stands for “Madman”, the reason his training partners gave him the nickname was because when Ricardo started training, he would often “give” his arm while in someone’s guard when rolling in order to pass. People would often stretch his arm to the limit, but he would more then often prevail and pass. For this his coach and colleagues started calling him Madman (Demente).",False
278,Ricardo Almeida,Ricardo,Almeida,Cachorrao,Renzo Gracie,https://www.bjjheroes.com/?p=278,"Ricardo Almeida, also known asCachorrãowas one of the top mixed martial arts (MMA) fighters throughout the 2000’s era, in the welterweight and middleweight divisions, competing in promotions such as the Ultimate Fighting Championship (UFC). This UFC veteran is also an accomplished black belt in Brazilian Jiu-Jitsu (BJJ) under the legendaryRenzo Gracie, having medaled in some of the most important grappling tournaments in the world such as the ADCC (Abu Dabhi Combat Club), Brazilian Nationals and the Pan American. Almeida retired from MMA early in 2011 to dedicate more time to his family. Nickname:“Cachorrao” means “Big Dog” in Portuguese. The name came about before Ricardo he started training jiu jitsu. An avid Surfer, Ricardo Almeida had the reputation of kicking people out of the sea and being very protective of his surfing spot, because of this the local beach lifeguards gave him the name “Cachorrão”, the name of a famous soap opera “bad guy”.",False
93,Ricardo Arona,Ricardo,Arona,,Brazilian Top Team,https://www.bjjheroes.com/?p=93,"Ricardo Arona is aBrazilian jiu jitsublack belt underRicardo Libórioand theCarlson Gracielineage, being a submission wrestling (no gi) legend, having won the ADCC on 3 occasions. Ricardo Arona also led a successful mixed martial arts (MMA) career having fought some the biggest competitors of his time, fighters such as Fedor Emilianenko, Wanderlei Silva, Mauricio “Shogun”, Murilo “Ninja”, among many others in the now extinct Pride FC promotion. Full Name:Ricardo Arona",False
1325,Ricardo Cavalcanti,Ricardo,Cavalcanti,,,https://www.bjjheroes.com/?p=1325,"Master Ricardo Cavalcanti is a well known figure inBrazilian jiu jitsu, having earned his black belt under the legendaryCarlson Gracie(1995), later receiving his coral belt byReylson Gracie(February 2016) – a belt that caused some controversy as it was not recognised by the International Brazilian Jiu Jitsu Federation (IBJJ). In 2001 Master Cavalcanti moved to the United States of America from his native Brazil, where he established his own successful academy (Team Cavalcanti), first affiliated with the Carlson Gracie Academy and later associated with Renzo Gracie. Full Name:Antonio Ricardo Bittencourt Cavalcanti",False
361,Ricardo De La Riva,Ricardo,De La Riva,,de la Riva,https://www.bjjheroes.com/?p=361,"Ricardo De La Riva is a legendary Brazilian jiu jitsu black belt from the lateCarlson Gracie‘s lineage, being one of the most creative guard players to have ever competed in BJJ. Ricardo De La Riva revolutionized jiu jitsu’s guard game with the creation of the (now) famous “De La Riva guard” (originally called “guarda pudim”), Ricardo De La Riva also become an accomplished grappling instructor with several important black belts under his tutelage such asRodrigoand Rogerio Nogueira, Walter “Broca”,Helvecio Pennaand many others. Full Name:Ricardo De La Riva Goded.",False
2340,Ricardo Diogo,Ricardo,Diogo,Rey,Carlson Gracie,https://www.bjjheroes.com/?p=2340,"Ricardo Diogo, also known as “Rey” Diogo was one of the firstCarlson Gracie jiu jitsuteam representatives to come to the United States where he established his own academy based on his master’s teachings. Ever since he landed in the US (1996) Rey Diogo quickly became one of the topjiu jitsuinstructors in the country, forming several high level black belts. Full Name:Ricardo Luis de Morais Diogo",False
1534,Ricardo Evangelista,Ricardo,Evangelista,Jegue,GF Team,https://www.bjjheroes.com/?p=1534,"Ricardo Evangelista is a Brazilian Jiu-Jitsu black belt under MasterJulio Cesarand one of the main ultra-heavyweight competitors of his generation, a reputation earned at the service of the Grappling Fight Team (GFT) in this sport’s international circuit. Full Name:Ricardo Ferreira Evangelista",False
8202,Ricardo Feliciano,Ricardo,Feliciano,Pantcho,Checkmat,https://www.bjjheroes.com/?p=8202,"Ricardo Feliciano Pereira, commonly known as “Pantcho” (Pancho) is aBrazilian jiu-jitsublack belt underLeonardo Vieiraand aCheckmatteam representative in competitive jiu-jitsu, while being also Team Quest’s grappling head coach –Dan Henderson‘s well known mixed martial arts (MMA) academy. Feliciano started working with Henderson in 2009 at The Ultimate Fighter (TUF) series, going on to establish Team Quest’s jiu-jitsu program from then. Full Name:Ricardo Feliciano Pereira",False
591,Ricardo Liborio,Ricardo,Liborio,,American Top Team,https://www.bjjheroes.com/?p=591,"Known by the mixed martial arts (MMA) community as the leader of the American Top Team (ATT) academy, Ricardo Libório is also widely regarded inBrazilian jiu jitsuas one of the top black belts ever produced by MasterCarlson Gracie, and an all-around legend of the sport. Ricardo Liborio was the very firstWorld Jiu Jitsu Championin the super heavyweight division (above 100kg/221lbs) back in 1996, a division he won weighing little over 83kg (181lbs). He chose to compete at that weight for a chance to avenge his only loss on record against the much heavierLeonardo Castello Branco. Full Name:Antonio Ricardo Jardim Libório",False
8409,Ricardo Marques,Ricardo,Marques,,Brazilian Top Team,https://www.bjjheroes.com/?p=8409,"Ricardo Marques is aBrazilian jiu-jitsublack belt underSérgio “Bolão” Souzaand a member of the Brazilian Top Team (BTT) academy, being the founder of the team’s Juiz de Fora branch in Minas Gerais – Brazil. An accomplished competitor in the Masters division, Marques is mostly known for his outstanding work as a jiu-jitsu instructor, being the man behind important athletes such asLeo Saggioro,Bernardo Faria, Diego Gamonal, Waldyr Filho and Leon Denny. Full Name:Ricardo Camargo Marques",False
630,Ricardo Miller,Ricardo,Miller,Franjinha,Paragon,https://www.bjjheroes.com/?p=630,"Ricardo Miller, commonly known inBrazilian Jiu Jitsuas “Franjinha”,  is regarded as one of the top BJJ coaches in the world, having graduated from his famed Paragon Jiu Jitsu Academy, big names of the grappling world such as Tyrone Glover,Jeff Glover,Bill “The Grill” Cooperamong many others. Full Name:Ricardo Miller Chagas Ribeiro",False
13840,Ricardo Soranco,Ricardo,Soranco,,BTT,https://www.bjjheroes.com/?p=13840,"Ricardo Soranço de Andrade Cruz, commonly known as Ricardo Soranço is a jiu-jitsu black belt produced by the legendary grappling academy of Brazilian Top Team (BTT) – Juiz de Fora, under the guidance ofRicardo Marques, who gained recognition as one of the top athletes in the sport’s Masters Division while challenging the highly competitive Brazil circuit, where he conquered numerous medals. Full Name:Ricardo Soranço de Andrade Cruz",False
338,Ricardo Vieira,Ricardo,Vieira,"Rico, Ricardinho",Checkmat,https://www.bjjheroes.com/?p=338,"Ricardo Vieira, commonly known as “Ricardinho” or “Rico” Vieira, is aBrazilian jiu-jitsublack belt underRomero Cavalcantiand a former International Brazilian Jiu-Jitsu Federation (IBJJF) and Confederação Brasileira de Jiu-Jitsu Olimpico (CBJJO) World Champion, who is also regarded as one of the top grappling coaches in the world. Ricardo Vieira, together with his brotherLeozinho Vieiraleads the famousCheckmat academy. Full Name:Ricardo Alcantara Vieira",False
9094,Richar Nogueira,Richar,Nogueira,,PSLPB,https://www.bjjheroes.com/?p=9094,"Richar Nogueira is aBrazilian jiu-jitsublack belt underCicero Costha, having also worked extensively with coaches Alexandre “Tatinho” Lopes, Mauro Pacífico and João Maceira. Widely regarded as one of his generation’s top featherweights, Richar’s reputation was earned while competing for the PSLPB team (Projeto Social Lutando Pelo Bem), with whom he conquered important medals at the International Brazilian Jiu-Jitsu Federation (IBJJF) World, European Open and South American Championships. Full Name:Richar Emiliano Nogueira",False
10357,Richard Alarcon,Richard,Alarcon,Red,,https://www.bjjheroes.com/?p=10357,"Richard Alarcon, also known as “Red”, is aBrazilian jiu-jitsublack belt underGivanildo Santanaof the One Jiu-Jitsu Academy, who also worked extensively with Matt Salinas (10th Planet Orange County). Better known for his wide curriculum in submission-grappling, which includes medals in important professional events such as Kasai and EBI, Alarcon is also a former D1 NCAA wrestling standout with experience in mixed martial arts (MMA), including in Combat EBI, being the 2019 champion of the promotion’s bantamweight division. Full Name:Richard Alarcon",False
806,Richard Martin,Richard,Martin,Dickie,Carlson Gracie,https://www.bjjheroes.com/?p=806,"Dickie Martin is aBrazilian jiu jitsuand Judo black belt from London, England. An European Open champion, Martin was one of the very first British fighters to have achieved the rank of black belt in jiu jitsu, Dickie is also one of the instructors at the London headquarters of theCarlson Gracie academy. Full Name:Richard Martin",False
67,Rickson Gracie,Rickson,Gracie,,,https://www.bjjheroes.com/?p=67,"Rickson Gracie is regarded by manyBrazilian jiu jitsufigures such asRicardo Arona,Demian Maia,Paulo Filhoand many others as theGreatest BJJ practitioner of all time, being also the son of Grand MasterHelio Gracie– co founder of Gracie Jiu Jitsu. Through severalVale-Tudo(No Holds Barred) fights in his native Brazil and in Japan during the 1980 and 1990 decades, Rickson Gracie helped put his family’s grappling trade on the map as a legitimate and well known fighting style. Rickson Gracie also became a star in the MMA community after the release of the fantastic documentary “Choke”. Rickson Gracie Jiu Jitsu",False
9559,Rida Haisam,Rida,Haisam,,Carpe Diem,https://www.bjjheroes.com/?p=9559,"Rida Haisam is a native of Ghana and a grappling pro athlete who earned hisBrazilian jiu-jitsublack belt from Yuki Ishikawa, founder of Japan’s Carpe Diem Academy. Haisam made himself noticed as a brown belt, after a fantastic performance at the ‘Quintet: Grappling Team Survival Match II’ event, where he submitted 4 well-known black belts, he would later cement his status as one of the top African BJJ competitors. Full Name:Rida Haisam Isaac",False
11064,Rider Zuchi,Rider,Zuchi,,,https://www.bjjheroes.com/?p=11064,"Rider Zuchi is a Brazilian jiu-jitsu black belt underLeandro Lo, who worked extensively with a number of other illustrious grappling coaches, includingAugusto Ferrari,Fábio Negão, Diogo Nascimento, and more while representing the Ns Brotherhood as well as the Lotus Club teams. Rider’s reputation as one of the top athletes of his generation was boosted while competing in the brown belt division (2019) of the International Brazilian Jiu-Jitsu Federation (IBJJF) circuit, where he conquered Brazilian National titles in both Gi and No-Gi. He later cemented that reputation with his standout black belt debut performance at the Copa Podio Grand Prix. Full Name:Rider Zuchi Samelo do Amaral",False
1817,Rigan Machado,Rigan,Machado,,Machado JJ,https://www.bjjheroes.com/?p=1817,"Rigan Machado is a red & black belt inBrazilian Jiu-Jitsu, having been the very first black belt graded byCarlos Gracie Junior. Rigan is the nephew of Gracie Jiu Jitsu founder,Carlos Gracie(Senior), having been amongst the toughestBJJ competitors of the 1980s. Machado moved to the USA in the late 1980s where he established his own successful grappling franchise, producing high profile fighters such as Rico Rodriguez and coaching famous personalities like Dan Ionosanto and Chuck Norris. Rigan Machado is also a successful author, having published one of the most successful books in Jiu Jitsu, theEncyclopedia of  BJJ. Full Name:Rigan Machado",False
5761,Rikako Yuasa,Rikako,Yuasa,Lady Sasa,Paraestra,https://www.bjjheroes.com/?p=5761,"Rikako Yuasa, also known as “Lady Sasa”, is a Japanese born,Brazilian jiu jitsublack belt under the prestigiousYukinori Sasa, being also one of the most accomplished female competitors of her generation. Competing in the light featherweight division (53.5kg/118lbs) for the Paraestra (Shinagawa) academy, Yuasa won important titles, such as the World Championship, Asian Open as well as European Open. Full Name:Rikako Yuasa",False
1488,Rilion Gracie,Rilion,Gracie,,,https://www.bjjheroes.com/?p=1488,"Rilion Gracie is the youngest son (and the 20th) of Gracie Jiu Jitsu founderCarlos Gracie. Rilion naturally became a master in the family trade, Jiu Jitsu, having had a strong influence in the development of the art in the south of Brazil. Rilion was also amongst the founders of the Gracie Tijuca academy, a gym that has produced a tremendous amont of talent over the years, while technically he has been called “the best guard player of the Gracie family” byRickson Gracie. Lineage:Mitsuyo Maeda >Carlos Gracie Sr.> Rilion Gracie",False
12254,Robert Diggle,Robert,Diggle,Degle,,https://www.bjjheroes.com/?p=12254,"Robert Diggle, commonly known as Robert Degle, is a jiu-jitsu black belt under Brandon Bennett of the Renzo Gracie Academy, who worked extensively with coaches such asJohn Danaher, Gregg Depasquale, and Milton Regis. Diggle made a name for himself in the sport, competing almost exclusively in no-gi grappling in the New York circuit, gaining national notoriety after his flawless performance at the International Brazilian Jiu-Jitsu Federation (IBJJF) American National Championship of 2021, where he submitted all his opponents. Full Name:Robert Anthony Diggle",False
378,Robert Drysdale,Robert,Drysdale,,,https://www.bjjheroes.com/?p=378,"Regarded as the most accomplished American Grappler of his generation, Robert Drysdale is a black belt inBrazilian Jiu-JitsuunderLeonardo Vieiraand a former ADCC open weight champion (2007). Born of the union between an American and a Brazilian, Robert Drysdale grew up in Brazil, training in one of the most talented teams of the 2000’s era (Brasa Clube de Jiu-Jitsu), with whom he became the 2nd US national to win an IBJJF black belt World title (2005). Robert Drysdale also competed in mixed martial arts (MMA) reaching the pinnacle of the cage fighting, the UFC (later being cut due to a failed PED’s test). In 2013 Drysdale joined forces withRodrigo Cavacato form a new grappling team – Zenith BJJ, which became a big player in the sport. Full Name:Robert Drysdale",False
926,Roberto Alencar,Roberto,Alencar,Tussa,Gracie Barra,https://www.bjjheroes.com/?p=926,"Roberto Alencar, also known as ‘Tussa’, is a Brazilian bornJiu Jitsublack belt underCarlinhos Graciefrom theGracie Barraacademy. Residing in the United States, this World No Gi and Pan American champion is famous for his flying triangle chokes and for being one of the toughest grapplers of his generation. Full Name:Roberto Camargo de Alencar",False
224,Roberto Abreu,Roberto,Abreu,Cyborg,Fight Sports,https://www.bjjheroes.com/?p=224,"Roberto Abreu, also known as “Cyborg”, is aBrazilian born Jiu-Jitsucompetitor and instructor who earned his black belt training with theNova Geracao Team, who started his own successful academy – Fights Sports – from which he has produced several talented grapplers such asJake Mackenzie,Ricardo Rezende,Hunter Ewald, and many others. Since he moved to Miami in the US, Cyborg has become a household name for Jiu-Jitsu fans through his unique style and his trademark position, theTornado Guard, made famous in matches against big names of the sport such asAbmar BarbosaandBraulio Estima. Full Name:Roberto de Abreu Filho",False
535,Roberto Atalla,Roberto,Atalla,,Rio Grappling Club,https://www.bjjheroes.com/?p=535,"Roberto Atalla is one of the finest Jiu Jitsu black belts teaching in Europe today. This legendary BJJ instructor and former World Champion is one of the founders of the Rio Grappling Club, an academy that has been producing some of the best European grapplers for the passed few years. Full name:Roberto de Moraes Atalla",False
553,Roberto Correa,Roberto,Correa,Gordo,Gordo JJ,https://www.bjjheroes.com/?p=553,"Roberto “Gordo” Correa is one of the most important figures in Jiu Jitsu’s history. An important competitor during the 1990s, Correa later became one of the head instructors at the Gracie Barra academy, where he helped shape IBJJF world champion grapplers such asCelso Vinicius,Braga Neto, and many others. As a coach Roberto was sought out by many experts in the grappling game, champions likeKyra GracieandVinicius Magalhaesthough his biggest contribution to the sport was thehalf guard, a specific position he developed as a purple belt. Full Name:Roberto Correa de Lima",False
601,Roberto Godoi,Roberto,Godoi,,,https://www.bjjheroes.com/?p=601,"Roberto Godoi is a Brazilian Jiu Jitsu black belt byWaldomiro Perez(Junior). Godoi was one of the top competitors of his generation and one of the big names to come out of the Sao Paulo grappling circuit, being also founder of one of the strongest teams in the region, The Macaco/Godoi (today Godoi Jiu JItsu), Godoi is also famed for his bitter break up with his team partner Jorge “Macaco” Patino in 2001, a break up that made the headlines of many magazines and turned into a heated rivalry on and off the mats. Full Name:Roberto Godoi",False
10880,Roberto Jimenez,Roberto,Jimenez,,Studio 76,https://www.bjjheroes.com/?p=10880,"Roberto Jimenez is an Ecuadorian / American grappler and ajiu-jitsublack belt under Mr. Raul Jimenez (Gacho) — Roberto’s father. Widely regarded as one of the most exciting athletes of his generation, a reputation Roberto earned while competing in the International Brazilian Jiu-Jitsu Federation (IBJJF) circuit, Jimenez conquered World Jiu-Jitsu titles as a blue, purple, and brown belt, always displaying a submission oriented grappling style with which he captivated fans from around the world. Full Name:Roberto Francisco Jimenez",False
2529,Roberto Lage,Roberto,Lage,,,https://www.bjjheroes.com/?p=2529,"Roberto Lage is 6th dan in Judo and a 7th degreecoral beltinBrazilian Jiu Jitsu, being an important figure for Sao Paulo’s Jiu Jitsu landscape. Roberto Lage trained extensively withOctávio de Almeida(senior) becoming a BJJ instructor himself having formed the “Equipe Lage” team from which he has graded several black belts, including Fernando Yamasaki and his own daughterPatricia Lagewho was one of the first women to reach the level of black belt in the sport. Full Name:Roberto Moreira Lage",False
550,Roberto Magalhaes,Roberto,Magalhaes,Roleta,,https://www.bjjheroes.com/?p=550,"Roberto Magalhães, commonly known byjiu-jitsupractitioners and fans as “Roleta”, is regarded as one of theAll-Time Greatest BJJ competitorsof the sport and one of the greatest innovators of the modern grappling game, particularly through his inverted guard, a position that revolutionized the sport in the 1990s. A 4x World Champion, Roleta earned his black belt training underCarlinhos Graciein theGracie Barraacademy of Rio de Janeiro, later opening his own academy, Roleta BJJ. Full Name:Roberto Magalhães",False
1824,Roberto Satoshi,Roberto,Satoshi,,Bonsai,https://www.bjjheroes.com/?p=1824,"Roberto Satoshi, also known as Roberto “Toshi”, is one of five successful grappling siblings: Mauricio Dai de Souza,Marcos Yoshio de Souza, and Cristiane Yukari de Souza, all children of the late Master Adilson de Souza. Roberto became a big name inJiu Jitsuafter his win at theWorld Championshipin 2010 (brown belt), being considered after that tournament one of the hottest prospects in BJJ. A status well solidified in the years that followed with wins at theEuropean Open, Rickson Gracie Cup and many other tournaments. Full Name:Roberto Satoshi de Souza",False
384,Roberto Tozi,Roberto,Tozi,,,https://www.bjjheroes.com/?p=384,"Roberto Tozi is a former Judo andBrazilian Jiu Jitsublack belt competitor, in the adult division, who was considered one of the top contenders of his weight class. Roberto Tozi was also famed for his exquisite guard passing skills, namely a position that he developed commonly known as theTozi Guard-Passor the Sao Paulo/Paulista Pass. Tozi also fought in Mixed Martial Arts (MMA). Full Name:Roberto Tozi Ferreira Filho",False
1204,Roberto Traven,Roberto,Traven,,,https://www.bjjheroes.com/?p=1204,"Roberto Traven was one of the topjiu jitsupractitioners at turn of the millennium. A black belt underRomero “Jacaré” Cavalcanti, Traven conquered some of the most prestigious tournaments of his time such as the Brazilian Nationals, theMundialand the ADCC. Roberto has also had a relevant career as a coach having taught alongsideMuzio de Angelisin Rio de Janeiro, moving to the USA at a later stage to coach and compete in MMA. Lineage:Mitsuyo Maeda >Carlos Gracie>Helio Gracie>Rolls Gracie>Romero Cavalcanti> Roberto Traven",False
13940,Robson Chaves,Robson,Chaves,No Break,Alliance,https://www.bjjheroes.com/?p=13940,"Robson Chaves, commonly known as Robson “No-Brake” is a judo and jiu-jitsu black belt who worked extensively under the guidance of coaches such asMario ReisandMoacir Mendes Junior. Robson Chaves first made waves in the sport in 2024 while competing in the brown belt rank of the International Brazilian Jiu-Jitsu Federation (IBJJF) where he conquered important titles such as the World & Pan Championships in that division. Full Name:Robson de Freitas Chaves",False
3394,Robson Gracie,Robson,Gracie,,,https://www.bjjheroes.com/?p=3394,"Robson Gracie is aBrazilian Jiu Jitsured belt (9th degree), son of the founder of Gracie Jiu Jitsu,Carlos Gracie(Senior) who was an instructor of the ‘arte suave’ at theGracie Academyduring the 1950’s. Robson defended the Gracie family name in vale tudo (no holds barred) fights during the 1950’s, he is also the father of famous BJJ personalities such as Ryan,RalphandRenzo Gracieas well as being the president of the Jiu-Jitsu Federation of Rio de Janeiro (FJJERJ). Full Name:Carlos Robson Gracie",False
11281,Robson Lima,Robson,Lima,Mau Mau,,https://www.bjjheroes.com/?p=11281,"Robson Lima, commonly known as Robson Mau-Mau is a jiu-jitsu black belt under MasterJúlio César Pereira, who also worked extensively with Luiz Roberto Delvivo (Lula) while representing theGrappling Fight Team(GFT). Mau-Mau gained notoriety as an athlete particularly during his 2014 campaign with the International Brazilian Jiu-Jitsu Federation (IBJJF) circuit when he finished the year as the #1 ranked athlete. Robson is also one of the most successful BJJ instructors in the Boston, Massachusetts area. Full Name:Robson de Lima Rodrigues",False
195,Robson Moura,Robson,Moura,Robinho,Nova Uniao,https://www.bjjheroes.com/?p=195,"Robson Moura, also known as “Robinho”, is one of the greatest competitors in jiu jitsu’ssuper featherweight division, a weight class he dominated for years achieving 6 world titles in his career. After retiring (unofficially) from his competitive career, Robson Moura dedicated his full attention to his coaching activities in the United States where he developed his own association RMNU (Robson Moura Nations United) one of the most respectedgrapplingaffiliations in the US. Nickname:Robinho is a friendly way of saying robson in Portuguese, kind of like “Little Robson”",False
3226,Rockson Gracie,Rockson,Gracie,,,https://www.bjjheroes.com/?p=3226,"Rockson Gracie was the oldest son of the legendaryBrazilian Jiu-Jitsufighter and MMA pioneerRickson Gracie, who was considered by many to be one of the greatest prospects in BJJ during the 1990’s decade. A 3x Pan American Champion by the age of 19, Rockson Gracie would also become one of the saddest losses this martial art had to overcome, after his passing in December of 2000 in a New York hotel room from a drug overdose. In 2011 theRockson Gracie Foundationwas founded, the focus of the charity was to reach underprivileged youngsters often tempted by drugs or gangs, and provide them with a fun and competitive outlet. Full Name:Rockson Gracie",False
1065,Rodney Ellis,Rodney,Ellis,,Nova Uniao,https://www.bjjheroes.com/?p=1065,"Rodney Ellis is an Australian black belt in jiu-jitsu under the legendary instructor,André Pederneirasof Nova Uniao. Ellis became one of Australia’s top grapplers during the mid 2000s decade by winning several important tournaments in that region, particularly in the ADCC organization. Rodney also had a short run at mixed martial arts (MMA), having been part of Nova Uniao’s professional MMA team for two years (2004 & 2005). Full Name:Rodney Alexander Ellis",False
247,Rodolfo Vieira,Rodolfo,Vieira,Black Belt Hunter,GF Team,https://www.bjjheroes.com/?p=247,"Rodolfo Vieira is aBrazilian jiu-jitsublack belt under MasterJulio César Pereira, who is widely regarded as one of the best heavyweight Gi competitors of his generation, and particularly one of the top guard passers the sport has seen. Competing forGrappling Fight Team(GFT), Rodolfo was the first big name to come out of the Rio de Janeiro academy, placing the sport’s spotlight on a team that has since brought forward many more high-end athletes. On November 2015 Rodolfo Vieira announced his move to American Top Team (ATT) to pursue a career in mixed martial arts, he would join the Ultimate Fighting Championship (UFC) promotion in 2019. Full Name:Rodolfo Vieira Srour",False
2355,Rodolphe Olivier,Rodolphe,Olivier,,Gokudo,https://www.bjjheroes.com/?p=2355,"Rodolphe Olivier is one of three French brothers (Maxime, Rodolphe, and Thibaut) who are amongst the topBrazilian jiu-jitsucompetitors in Europe. These three black belts have represented France all around the world, conquering medals in important tournaments. The Olivier brothers have also founded one of the top academies in France, the Gokudo, which is affiliated with theCheckmat BJJ team. Full Name:Rodolphe Olivier",False
1207,Rodrigo Cabral,Rodrigo,Cabral,Brucutu,,https://www.bjjheroes.com/?p=1207,"Rodrigo Cabral, also known as “Brucutu”, is aBrazilian jiu-jitsublack belt underLeonardo Vieiraof the Checkmat Team, who was once regarded as one of the most promising students of Vieira (2000s). Although successful as an athlete, Cabral suffered a few serious injury setbacks during his competitive career, which prevented him from reaching his full potential but turned Cabral’s attention to coaching. As a coach, and founder of the Fight Factory Academy (Austin, US), Brucutu was responsible for producing important athletes such asKody Steele, Tiffany Buttler, and the Tackett brothers. Full Name:Rodrigo de Oliveira Cabral",False
8696,Rodrigo Carvalho,Rodrigo,Carvalho,,Gracie Barra,https://www.bjjheroes.com/?p=8696,"Rodrigo Carvalho is aBrazilian jiu jitsublack belt under the legendary Pascoal Duarte and Marcio Antony, being also one of the most revered coaches and businessmen in the grappling world. A former International Brazilian Jiu Jitsu (IBJJF) World Champion at blue belt, Carvalho swapped a steady career as a physiotherapist in his home country for the uncertainty of opening a martial arts academy – Gracie Barra Vancouver, in Canada. Through his hard work and creative business mind Rodrigo developed GB – VN into one of the most successful BJJ gyms in the world, a module closely studied by many working in the field. Full Name:Rodrigo Carvalho",False
543,Rodrigo Cavaca,Rodrigo,Cavaca,,Zenith BJJ,https://www.bjjheroes.com/?p=543,"Rodrigo Cavaca is one of the top fighters in the“Pesadissimo” jiu jitsu division, who became one of the main coaches of theCheckmatteam, producing several high end athletes through his academy in Santos (Sao Paulo), competitors such asMarcus Almeida,Nivaldo Oliveira,Michelle Nicolini. In 2010 Cavaca had one of his best years as a competitor, winning the world title and the Brazilian national title, cementing his name as one of the greatjiu jitsufighters of his generation, this success was closely tied with Cavaca’s advancements on theStraight Ankle Lock, a position he made popular in the sport after working with the American grappling coach Roli Delgado. On October 2013 however, coach Rodrigo Cavaca abandoned the Checkmat team to lead his own team, Zenith Jiu Jitsu alongsideRobert Drysdale. Full Name:Rodrigo Henriques Cavaca",False
3206,Rodrigo Conceicao,Rodrigo,Conceicao,"Aquiles, Akilis",Alliance,https://www.bjjheroes.com/?p=3206,"Rodrigo Conceição Barbosa, more commonly known as Rodrigo “Akilis” (also spelled Aquiles or Achilles), is one of the topBrazilian Jiu Jitsublack belts in the lightweight division who competes for theAlliance Academy, Rodrigo Aquiles is also part of an incredible tradition of BJJ competitors from theCantagaloslums in Rio de Janeiro, an area of the city that has produced several big names of the sport such asFernando Tererê,Jackson Sousa,Alan “Finfou”and many others. Full Name:Rodrigo da Conceição Barbosa",False
631,Rodrigo Caporal,Rodrigo,Caporal,,,https://www.bjjheroes.com/?p=631,"Rodrigo Caporal is a Brazilian Jiu Jitsu black belt underRamon Lemos, who competed for one of the most prolific  grappling teams of the 21st century,Atos Jiu Jitsu. Rodrigo Caporal also became an avid mixed martial arts (MMA) fighter, a career he started after he moved to Hong Kong, where he collected some important wins under his four ounce gloves, fighting at the RUFF promotion. Full Name:Rodrigo Benedito Caporal",False
1895,Rodrigo Fajardo,Rodrigo,Fajardo,Pimpolho,Gracie Barra,https://www.bjjheroes.com/?p=1895,"Rodrigo Fajardo, also known as “Pimpolho”, is aBrazilian Jiu Jitsublack belt under Gustavo Muggiati and an illustrious representative of theGracie Barra Academyin Curitiba, Brazil. One of the top medium heavyweights of his generation, Rodrigo Fajardo broke out during the mid 2000s with wins at the European Open, the Brazilian National Championship and the South American Championship. Full Name:Rodrigo Fajardo",False
12376,Rodrigo Francioni,Rodrigo,Francioni,,Fight Sports,https://www.bjjheroes.com/?p=12376,"Rodrigo Francioni is a professional grappler from Santa Catarina, Brazil, and a jiu-jitsu black belt under Eduardo Milioli who represents the Fight Sports team in the sport’s international circuit. Although an avid gi-ruleset (kimono) competitor from the start of his career, Francioni found much of his success in jiu-jitsu’s no-gi scene where he conquered an International Brazilian Jiu-Jitsu Federation (IBJJF) Pan American title as well as a silver medal at the World No-Gi Championships. Full Name:Rodrigo Francioni Dias",False
10579,Rodrigo Gracie,Rodrigo,Gracie,,,https://www.bjjheroes.com/?p=10579,"Rodrigo Gracie is the son of jiu-jitsu masterReylson Gracieas well as one of the most distinguished members of the famous martial arts family, the Gracies. Competitively Rodrigo conquered the very first ADCC (Abu Dhabi Combat Club) World Championship, prior to heading his career towards mixed martial arts (MMA) where he made a name for himself fighting for the Japanese MMA organization – Pride FC. Rodrigo Gracie is often associated with the Renzo Gracie Academy as he trained extensively under his cousinRenzoat the famous New York City academy for most of his competitive career, having since formed his own association. Full Name:Rodrigo Gracie",False
12566,Rodrigo Lopes,Rodrigo,Lopes,Tatu,,https://www.bjjheroes.com/?p=12566,"Rodrigo Lopes Martins, also known as Rodrigo “Tatu”, is a jiu-jitsu black belt underLeandro Escobar(also named Tatu) and a representative of the Double Five Academy in the sport’s international circuit. Rodrigo Lopes gained worldwide notoriety after winning double silver (gi and no-gi) at the International Brazilian Jiu-Jitsu Federation (IBJJF) American National Championships in 2020. Full Name:Rodrigo Lopes Martins",False
559,Rodrigo Medeiros,Rodrigo,Medeiros,Comprido,Brasa,https://www.bjjheroes.com/?p=559,"Rodrigo ‘Comprido’ Medeiros is a historical Brazilian Jiu Jitsu black belt underRomero Cavalcanti. This two time world champion in the open weight division was has a force to be reckoned with for over 10 years, even in the condition of semi-retired he managed to hold his own against some of the elite grapplers of the new generations. Later, as a coach in the USA, Comprido excelled as well training highly successful MMA fighters such asDean Lister, Mike Russow and Brock Lesnar.Note: If you are looking for Rodrigo Medeiros from Revolution Team,click here. Full Name:Rodrigo Leite Medeiros",False
647,Rodrigo Medeiros,Rodrigo,Medeiros,,BJJ Revolution,https://www.bjjheroes.com/?p=647,"Rodrigo Medeiros is a Brazilian jiu jitsu black belt underCarlson Gracie. Rodrigo was also part of the famousCarlson Gracie Academyteam that ruled the sport in the 1980s and early 1990s. Medeiros his home country and moved to the United States, where he founded his own team, the BJJ Revolution Team, a group that has grown into a very successful association at a national and international level. –Note: If you are looking for Rodrigo “comprido” Medeiros from Brasa Teamclick here. Lineage:Mitsuyo Maeda >Carlos Gracie>Carlson Gracie> Rodrigo Medeiros",False
9720,Rodrigo Munduruca,Rodrigo,Munduruca,,,https://www.bjjheroes.com/?p=9720,"Rodrigo Munduruca is aBrazilian jiu-jitsublack belt underSylvio BehringandMaurício “Behring” Pereira(RIP), who moved to Canada in 1999, helping the development of this martial art in the Northern Hemisphere. While living in the North American continent, Munduruca also became one of the most revered athletes in the Masters Division of the International Brazilian Jiu-Jitsu Federation (IBJJF), where he conquered numerous Pan, European, Asian and World medals. Full Name:Rodrigo Munduruca",False
1440,Rodrigo Ranieri,Rodrigo,Ranieri,,,https://www.bjjheroes.com/?p=1440,"Rodrigo Ranieri is an accomplished Brazilian Jiu Jitsu black belt under MasterPaulo Rezende, and one of the best fighters to have come out of the city of Formiga (Brazil), a town that has also raisedMarcelo garcia. Ranieri, also known as “Mike Tyson” has medalled in some of the world’s most important tournaments such as the Grapplers Quest, the World BJJ Cup and the World Nogi Championships. Full Name:Rodrigo Ranieri De Faria",False
8762,Rodrigo Ribeiro,Rodrigo,Ribeiro,,G13,https://www.bjjheroes.com/?p=8762,"Rodrigo Ribeiro is aBrazilian jiu jitsublack belt under Eduardo Franco, being also one of the top super heavyweights of his generation as well as a representative of the well known São Paulo based BJJ team: G13. Although known for his throwing prowess – a style with which he conquered titles in important tournaments such as the CBJJ and ACB South American Championships, IBJJF São Paulo, Rio and Floripa International Opens, etc Rodrigo does not have a judo or wrestling background with his distinct style being very much a symbol of the G13/Godoi Team training method. Full Name:Rodrigo Martins Ribeiro da Silva",False
10321,Rodrigo Siqueira,Rodrigo,Siqueira,,Alliance,https://www.bjjheroes.com/?p=10321,"Rodrigo Siqueira is a Brazilian jiu-jitsu black belt under Luciano Nucci (Casquinha) and a representative of theAlliance Jiu-Jitsu Academy.Although a top contender in the Masters division of the sport, Siqueira gained much of his notoriety as an instructor at the Alliance Mooca affiliate, a gym where Rodrigo helped develop an array top tier competitors in the sport’s international circuit. Full Name:Rodrigo Siqueira",False
12251,Roiner Lima,Roiner,Lima,,Gracie Barra,https://www.bjjheroes.com/?p=12251,"Roiter Lima is a jiu-jitsu black belt underCássio Francis(Cassão), who worked extensively with Rosier Lima andLucas Silva(Lukete) while representing theGracie Barrateam in the sport’s international circuit. Lima first gained notoriety at an international level after his gold medal performance at the Abu Dhabi Jiu-Jitsu Pro Tour (AJP) World Professional Championships as a purple belt in 2019. He would later become one of the main figures of Team GB’s Ambassadors Program as well as one of the top roosterweight (127.0 lb) grapplers of his generation. Full Name:Roiter Lima Silva Junior",False
1297,Roger Coelho,Roger,Coelho,,,https://www.bjjheroes.com/?p=1297,"Roger Coelho Roger Coelho is a Brazilian Jiu Jitsu black belt underJorge PatinoandRoberto Godoiwith many important medals in the BJJ circuit to his credit. A former Brazilian National Champion and World Cup Champion (to name a few), Coelho also has experience in MMA (Mixed Martial Arts). He has also been involved in the development of the sport in Costa Rica, where he runs a school.",False
505,Roger Gracie,Roger,Gracie,,Roger Gracie JJ,https://www.bjjheroes.com/?p=505,"Roger Gracie is a retired mixed martial arts fighter (MMA) and former professionaljiu-jitsuathlete, who is widely regarded as one of the sport’s Greatest Of All Time (GOAT), a reputation conquered on the mats and solidified by his ten (10) International Brazilian Jiu-Jitsu Federation (IBJJF) World Championship titles as a black belt – four (4) more in the colored belt divisions. One of Gracie’s trademarks was his willingness to commit to the submission, being also one of the most accurate submission specialists at the highest level of grappling of all time. Full Name:Roger Gracie Gomes",False
1942,Rogerio Poggio,Rogerio,Poggio,,Infight,https://www.bjjheroes.com/?p=1942,"Rogerio Poggio is a renowned 4th degreeBrazilian Jiu Jitsu black belt, who is one of the founders of the famous Infight jiu jitsu team. Poggio has also led a successful competitive career with wins at tournaments such as theMundial, the South American championships and the Brazilian nationals. Full Name:Rogerio Poggio de Castro",False
214,Rogerio Taborda,Rogerio,Taborda,,,https://www.bjjheroes.com/?p=214,"Rogerio Taborda, mainly known as “Tatu” in the BJJ realm is a Jiu Jitsu Black Belt and instructor who teaches in the USA today. Nickname:Tatu means armadillo in Portuguese a name given by his training partners, because of how hard it was to take his back while rolling",False
8261,Rolando Samson,Rolando,Samson,,Atos,https://www.bjjheroes.com/?p=8261,"Rolando Samson is aBrazilian jiu-jitsublack belt underAndré Galvão, who is also one of the most talented athletes of his generation – a reputation Rolando earned while competing in the lower ranks of this sport/martial art, through his victories in important International Brazilian Jiu Jitsu Federation (IBJJF) tournaments such as the World Championship, World No-Gi Championship, and American Nationals. Samson is also recognized for his hard work ethic, being one of the few high-level competitors in this sport who maintain a part-time training schedule. Full Name:Rolando Villanueva Samson",False
1445,Rolker Gracie,Rolker,Gracie,,Gracie Humaita,https://www.bjjheroes.com/?p=1445,"Rolker Gracie is an important figure inBrazilian Jiu Jitsu, being the 4th son ofHelio Gracieand one of the main figures within theGracie Humaitáorganization, arguably the most historical of BJJ academies, from where he has influenced the technical growth of many world champions. Rolker Gracie is also a BJJcoral belt(7th degree). Full Name:Rolker Gracie",False
27,Rolls Gracie,Rolls,Gracie,,,https://www.bjjheroes.com/?p=27,"Rolls Gracie was one of the most important members for jiu jitsu in theGracie family, being the clan’s champion in the 1970’s. Regarded by many as the father of modern day jiu jitsu, a label that stuck thanks to his ideas on cross training in different grappling arts, Rolls is arguably the most influential figure in the history of the sport, having affected most of the following generations in jiu jitsu, including great practitioners and instructors such as“Carlinhos” Gracie(founder ofGracie-Barra),Rickson Gracie(BJJ legend),Royce Gracie(UFC Hall of Fame),Romero Cavalcanti(Founder ofAlliance BJJteam) and many others. Full Name:Rolls Gracie",False
70,Rolles Gracie,Rolles,Gracie,,,https://www.bjjheroes.com/?p=70,"Rolles Gracie, sometimes called Rolls Gracie Junior, is aBrazilian jiu jitsublack belt and former UFC fighter with an extensive grappling curriculum, with wins at the IBJJF Pan American Championship (No Gi) and the Brazilian National Championship. Rolles is also the son of arguably the biggest jiu jitsu figure of all time,Rolls Gracie. Full Name:n/a",False
355,Romero Cavalcanti,Romero,Cavalcanti,Jacare,Alliance,https://www.bjjheroes.com/?p=355,"Romero “Jacare” Cavalcanti is an 8th degree Master (red and white belt) as well as one of the best instructors inBrazilian Jiu-Jitsuhistory, having coached hundreds of grapplers and produced some of the best the world has seen in the sport of BJJ, includingFabio Gurgel,Alexandre Paiva,Leonardo Vieira,Ricardo Vieira,Rodrigo “Comprido”, to name a few. One of the founding fathers of theAlliance academy, Romero Cavalcanti moved to the United States from his native Brazil in 1995, where he grew the team to an international level. Jacare was also awarded the “On The Mat”Instructor of the Year awardin 2009. Full Name:Romero Cavalcanti",False
7579,Romulo Azevedo,Romulo,Azevedo,Caju,Welton Ribeiro JJ,https://www.bjjheroes.com/?p=7579,"Rômulo Azevedo, commonly known as Romulo “Caju” is aBrazilian jiu jitsublack belt under Welton Ribeiro. One of the top medium-heavyweight grappling competitors of his generation – a reputation earned through his many medals in some of the sport’s top tournaments (Brazilian Nationals [gi and no-gi], Pan American and South American Championships, etc), Rômulo is also known as the cousin of jiu jitsu legendVictor “Shaolin” Ribeiro. Full Name:Rômulo de Souza Azevedo",False
320,Romulo Barral,Romulo,Barral,,Gracie Barra,https://www.bjjheroes.com/?p=320,"Romulo Barral is a retired professional grappler as well as one of the topBrazilian Jiu-Jitsucoaches in the world. Tipped as “The Number 1 BJJ fighter in the world” by Gracie Mag in 2007, Romulo Barral maintained his top tier black belt status in the years that followed with consistent medals at the top jiu-jitsu tournaments. reaching BJJ Heroes’Top 10 Competitors of All Time ranking. Originally from Belo Horizonte in Brazil, Romulo Barral established his own successful jiu-jitsu academy in California — United States, named Gracie Barra Northridge. Full Name:Rômulo Claudio Barral",False
10162,Ronaldo Junior,Ronaldo,Junior,,Atos,https://www.bjjheroes.com/?p=10162,"Ronaldo Souza Júnior is aBrazilian jiu-jitsublack belt underAndré Galvãoof theAtos JJ team, who worked extensively withAdilson ‘Bitta’ Limaat the Pitbull Academy (Teresopolis – BR). Ronaldo Júnior became widely recognized as one of the top grapplers of his generation while competing in the lower belt divisions of the sport, where he conquered numerous titles in the International Brazilian Jiu-Jitsu Federation (IBJJF) circuit, including the Brazilian Nationals, Pan American, and World Championship as well as the Abu Dhabi Jiu-Jitsu Federation’s (AJP) Abu Dhabi World Pro. Ronaldo is also the brother of another well-established BJJ black belt, Juan Cleber. Full Name:Ronaldo Pereira de Souza Júnior",False
117,Ronaldo Souza,Ronaldo,Souza,Jacare,,https://www.bjjheroes.com/?p=117,"Ronaldo Souza, who is also known in the fighting industry as “Jacaré” (alligator in Portuguese) is one of the best grappling competitors of his generation, as well as in the world of mixed martial arts (MMA). Souza reached legendary injiu jitsuafter his wins over some of the best grapplers to have graced the sport, including Roger Gracie, Fernando Tererê, Robert Drysdale, and more. Full Name:Ronaldo Souza dos Santos",False
11499,Roosevelt Sousa,Roosevelt,Sousa,,,https://www.bjjheroes.com/?p=11499,"Roosevelt Sousa is a professional grappler and a former volleyball player who made a name for himself in the sport of jiu-jitsu, competing in the ultra-heavyweight division. A very dynamic athlete, particularly for a large man, Roosevelt became widely recognized as one of the top competitors of his generation through his performances in the colored belt divisions of the IBJJF (International Brazilian Jiu-Jitsu Federation) circuit, particularly as a brown belt when he submitted important names such as Mason Fowler,Roberto Jimenez,Matheus Luna, Giancarlo Bodoni, and others. Full Name:Roosevelt Sousa",False
13158,Rose El Sharouni,Rose,El Sharouni,,Checkmat,https://www.bjjheroes.com/?p=13158,"Rose-Marie El Sharouni is a Dutch grappler and a jiu-jitsu black belt underLeonardo Vieira, who representsTeam Checkmatand the Brazilian Jiu-Jitsu Academy Amsterdam (Netherlands) in the sport’s international circuit. Despite spending many of her competitive years splitting her time between a medical career and the mats, El Sharouni still maintained a high rate of success in the sport, earning multiple medals in the International Brazilian Jiu-Jitsu Federation (IBJJF) and the Abu Dhabi Jiu-Jitsu Pro (AJP) tours, while beating some of the top-ranked athletes on the light-featherweight division. Full Name:Rose-Marie el Sharouni",False
9261,Ross Nicholls,Ross,Nicholls,,Roger Gracie Academy,https://www.bjjheroes.com/?p=9261,"Ross Nicholls is aBrazilian jiu-jitsublack belt under César Lima andRoger Gracie, as well as a member of the Roger Gracie Academy (RGA), who is widely regarded as one of the top British and European competitors of his generation. Nicholls made himself noticed with eye-pleasing performances in big international events such as the Polaris Jiu Jitsu Invitational and the ADCC European Trials and is well-known for his matches with the likes of Oliver Taza, Nathan Orchard, Max Campos, and many others. Full Name:Ross Nicholls",False
431,Rousimar Palhares,Rousimar,Palhares,"Toquinho, Paul Harris",,https://www.bjjheroes.com/?p=431,"Rousimar Palhares, also known as “Toquinho” or “Paul Harris”,  is aBrazilian Jiu-Jitsublack belt under the legendaryMurilo Bustamanteas well as a professional Mixed Martial Arts (MMA) fighter. He shocked the grappling World in 2005 by winning the Brazilian ADCC trials (arguably the hardest of the ADCC trials around the globe) when he was still a purple belt, although he wasn’t allowed to fight in the main event as his visa was denied. In MMA Toquinho has been known for his excessive use of force when submitting his opponents, an excess that saw him being suspended, and later fired from the Ultimate Fighting Championship (UFC) roster. Nickname: “Toquinho” means little tree stomp, which is in accordance with Mr Palhares’ physique, as he is 5’7″ and walks around at almost 200lbs.",False
743,Royce Gracie,Royce,Gracie,,,https://www.bjjheroes.com/?p=743,"Royce Gracie is a legendaryjiu jitsuand MMA/ NHB (no holds barred) fighter, being arguably the sports’ most influential figure. Growing as the sonHelio Gracie(a founding member of theGracie Jiu Jitsu Academy), Royce Gracie held the Gracie family torch high while helping to built the sport of MMA and bringing awareness to Brazilian Jiu Jitsu through his famous victories in the early UFC’s against fighters of other martial arts disciplines. In 2003 Royce Gracie was also inducted in UFC Hall of Fame. Full Name:Royce Gracie",False
515,Royler Gracie,Royler,Gracie,,Gracie Humaita,https://www.bjjheroes.com/?p=515,"Royler Gracie is the son of Gracie jiu jitsu GrandmasterHelio Gracieand a legend in jiu jitsu and submission wrestling of his own merit, having been the first “King of BJJ’s Featherweight Division” setting the record of world championships at the time. Royler Gracie also ventured in mixed martial arts (MMA) ending his career in 2006, and excelled as a coach, leading theGracie Humaitá academyin Rio de Janeiro, developing fighters like“Megaton” Dias,Alexandre Ribeiro,Omar Salum,Renato Barretoand many others. In 2010 Royler moved to San Diego, California (USA) where he opened his own academy. Full Name:Royler Gracie",False
12080,Ruan Alvarenga,Ruan,Alvarenga,,Alliance/ Pantera Negra,https://www.bjjheroes.com/?p=12080,"Ruan Alvarenga is a jiu-jitsu black belt under Iran Brasileiro (Alvarenga’s father), from Minas Gerais, Brazil, who worked extensively withMarcelo Garciaat theAlliance Academyin New York City. A no-gi specialist, Ruan Alvarenga first gained notoriety to a wider audience after he conquered the Brazilian ADCC Trials (2019) as a brown belt. He has since cemented his status as one of his generation’s foremost grapplers with important wins in the International Brazilian Jiu-Jitsu Federation (IBJJF) circuit. Full Name:Ruan Tiago Alvarenga",False
147,Rubens Charles,Rubens,Charles,Cobrinha,Alliance,https://www.bjjheroes.com/?p=147,"Rubens Charles, also known as “Cobrinha” is a historical figure in the sport of Brazilian jiu-jitsu, being an International Brazilian Jiu-Jitsu Federation (IBJJF) World Champion as well as a 3x Abu Dhabi Combat Club (ADCC) champion. Originally from the town of Londrina and with a background incapoeira, Rubens Charles’ talent was discovered by the legendary BJJ competitor and instructorFernando Terere, with whom Cobrinha worked for an extended period before joining theAlliance Team. Commonly known for his aggressive style on the mats, Rubens Charles is also an accomplished instructor with a long career developing competitors games. Full Name:Rubens Charles Maciel",False
8100,Rudson Mateus,Rudson,Mateus,,Atos,https://www.bjjheroes.com/?p=8100,"Rudson Mateus is aBrazilian jiu-jitsublack belt underCaio Terra, being also one of the top representatives inside the CTA team. This reputation was earned during Mateus’ lower belt campaigns – particularly his 2017 brown belt season, a time when Rudson won double gold medals (weight and open weight) at two of jiu-jitsu’s main competitions – the International Brazilian Jiu-Jitsu Federation (IBJJF) World and Pans Championships. Full Name:Rudson Mateus Sarmento Teles",False
781,Rufino Gomes,Rufino,Gomes,Morcego,Checkmat,https://www.bjjheroes.com/?p=781,"Rufino Gomes – Morcego Rufino Gomes, also known as “Morcego”, was one of the most promising stars in the Jiu Jitsu panorama in 2010. A Brazilian National Nogi Champion (2010), Rufino and his fans had tremendous hope for a very good run at the “Galo” weight division in the forthcoming years. On January 25th of 2011 Rufino Gomes was murdered in a drive-by shooting at his hometown of Joao Pessoa (Paraíba), his death came as a shock to his Checkmat team mates and the BJJ community.",False
13099,Rui Alves Neto,Rui,Alves Neto,,Dream Art,https://www.bjjheroes.com/?p=13099,"Rui Alves Neto is a jiu-jitsu black belt underIsaque Bahiense, who worked extensively with coachesGabriel Figueiróand Nilson de Melo Alves (father). Rui gained notoriety in the sport as a representative of the Dream Art project, one of the first fully professional squads in jiu-jitsu, with whom he conquered numerous important titles of the International Brazilian Jiu-Jitsu Federation (IBJJF) and the Abu Dhabi Jiu-Jitsu Pro Tour (AJP). Full Name:Rui Alves Neto",False
14013,Ryan Aitken,Ryan,Aitken,,10th Planet,https://www.bjjheroes.com/?p=14013,"Ryan Aitken is a professional grappler and a Jiu-Jitsu black belt Sean Applegate and represented the 10th Planet (Atlanta branch) for most of his competitive career, particularly at the pro level. Aitken made waves in the No-Gi ruleset (also known as Submission-Grappling) by winning several important events of this circuit such as ADCC Open tournaments, the Eddie Bravo Invitational (EBI), and the Submission Only Series. He is also a former Mixed Martial Arts (MMA) athlete and an Abu Dhabi Combat Club (ADCC) World Championship veteran. Full Name:Ryan Christopher Aitken",False
725,Ryan Hall,Ryan,Hall,,50/50,https://www.bjjheroes.com/?p=725,"Ryan Hall is ajiu-jitsublack belt underFelipe Costaand one of the best featherweight grapplers in the world. A tough competitor in the no-gi professional circuit since he was a blue belt, Hall established himself as one of the biggest stars in the sport with several medals in important tournaments such as the ADCC, World Championships (Mundial), Pan American Championship and Grapplers Quest. Hall quit jiu-jitsu in 2012 to focus on his mixed martial arts (MMA) career, reaching Ultimate Fighter 22 cast in 2015. A reality show produced by The Ultimate Fighting Championship (UFC) where competitors have a shot at a contract with the prestigious promotion. Full Name:Ryan Christopher Hall",False
2378,Ryan Beauregard,Ryan,Beauregard,,,https://www.bjjheroes.com/?p=2378,"Ryan Beauregard is an American bornjiu jitsuand judo black belt, being also one of the top competitors of his generation in the USA. A former world Brazilian jiu jitsu champion (brown belt 2008), Ryan Beauregard started his own team together with his brothers (Colin and Ian), this “Team Beauregard” has quickly become one of the strongest BJJ academies in the Arizona region. Full Name:Ryan Beauregard",False
1232,Ryan Murphy,Ryan,Murphy,,Crosley Gracie,https://www.bjjheroes.com/?p=1232,"Ryan Murphy Ryan Murphy is a Brazilian Jiu Jitsu student under Crosley Gracie, being a multiple time Pan American Championships medallist, having also had previous experience in Wrestling. In 2010 after years working as an assistant instructor at Crosley Gracie’s academy, Murphy earned the rank of black belt, shortly after winning the World Nogi Championship.",False
1644,Ryo Ominami,Ryo,Ominami,,Gracie Barra,https://www.bjjheroes.com/?p=1644,"Ryo Ominami is a  Kodokan Judo and Jiu Jitsu black belt (underCarlos Gracie Junior), who competes for the Gracie Barra Japan team. Ominami leads the Gracie Barra team in the Land of the Rising Sun where he has achieved important personal goals such as winning the Asian Open (IBJJF), the All Japan Championship and even the NAGA in Chicago. Full Name:Ryo Ominami",False
2252,Ryron Gracie,Ryron,Gracie,,Gracie JJ,https://www.bjjheroes.com/?p=2252,"Ryron Gracie isHelio Gracie‘s grandson and the eldest son of Rorion Gracie, being part of the third generation ofjiu-jitsu’smost illustrious family,the Gracies. A recognizable figure within the jiu-jitsu community, Ryron Gracie became also a familiar face among mixed martial arts (MMA) fans after a series of web episodes named “The Gracie Breakdown” where Ryron and his brother Rener Gracie go over techniques utilized in UFC events. Ryron Gracie is also an instructor at the Gracie Academy. Full Name:Ryron Gracie",False
13822,Sabrina Gondim,Sabrina,Gondim,,,https://www.bjjheroes.com/?p=13822,"Sabrina Gondim is a jiu-jitsu athlete and a black belt underEndres BarbosaandTarcísio Jardim, who also worked extensively with Marcello Victor. Sabrina Gondim broke out as one of the hottest prospects in the sport as a colored belt, going on to cement her status as a leading competitor on the International Brazilian Jiu-Jitsu Federation (IBJJF) circuit by medaling in important tournaments such as the Brazilian National and South American Championships in her rookie year in the black belt division. Full Name:Sabrina Rogéria Ataide Beserra Gondim",False
11271,Saeed Dunkaev,Saeed,Dunkaev,,Checkmat,https://www.bjjheroes.com/?p=11271,"Saeed Dunkaev is a jiu-jitsu black belt from Chechnya, a rank earned fromLeozinho Vieira, being one of the main athletes of his generation on the Masters’ division while representing the Checkmat team. Dunkaev was also widely regarded as one of the most important figures in the sport while working with the ACB organization (Absolute Championship Berkut), a Russian based, combat sports promotion that dominated the professional grappling landscape from 2015-2018, a period in which Saeed worked as the main match-maker for the jiu-jitsu side of the organization. Full Name:Saeed Magomed Dunkaev",False
14181,Salla Simola,Salla,Simola,,Hilti BJJ,https://www.bjjheroes.com/?p=14181,"Salla Mari Simola is a Finnish grappler and a jiu-jitsu black belt underPedro Duarte, who worked extensively with Miika Suvanto at FinnFighters Gym. Simola first made waves in the sport’s International Brazilian Jiu-Jitsu Federation (IBJJF) league as a colored belt, where she earned European titles in the Gi and No-Gi rulesets while representing the FinnFighters Gym & Hilti BJJ coalition. Salla Simola would later become one of the main athletes of her division in the professional circuit with medals in the IBJJF and ADCC (Abu Dhabi Combat Club). Full Name: Salla Mari Simola",False
1710,Salvatore Pace,Salvatore,Pace,,Gracie Barra,https://www.bjjheroes.com/?p=1710,"Salvatore Pace Salvatore Pace is a Brazilian Jiu Jitsu black belt underCarlos Lemos Jrand a BJJ Coach with international experience, having taught in both his native Italy and in the United Kingdom at the Gracie Barra academy in Bath (England).",False
12751,Sam McNally,Sam,McNally,,,https://www.bjjheroes.com/?p=12751,"Sam McNally is a professional grappler from the Republic of Ireland who represents Dublin’s East Coast Jiu-Jitsu Academy (ECJJA) in the sport’s global circuit. A black belt in Jiu-Jitsu under Darragh O’Conaill, McNally gained worldwide notoriety in 2022 after two big performances in the International Brazilian Jiu-Jitsu Federation (IBJJF) European Open – where Sam earned a bronze medal – and in the Abu Dhabi Combat Club (ADCC) European Trials – gold medal, breaking through as one of the top athletes in his division. Full Name:Sam McNally",False
8192,Samantha Cook,Samantha,Cook,,Checkmat,https://www.bjjheroes.com/?p=8192,"Samantha Cook is a British bornBrazilian jiu jitsublack belt underMarco Canha, and one of the topCheckmat BJJteam representatives in the sport/martial art’s international circuit. Cook earned her reputation as one of the leading athletes in the female medium heavyweight division (163.5 lbs) by conquering numerous medals in important tournaments such as the International Brazilian Jiu Jitsu Federation’s (IBJJF) World Championship (gi and no-gi), European International Open (gi and no-gi), ADCC Trials as well as at the United Arab Emirates Jiu Jitsu Federation’s (UAEJJF) Abu Dhabi Grand Slam. Full Name:Samantha Lea Cook",False
1436,Samir Chantre,Samir,Chantre,,CTBJJA,https://www.bjjheroes.com/?p=1436,"Samir Chantre is aBrazilian Jiu-Jitsublack belt underAlan Moraes, though much of his training has been supervised also by world championCaio Terra. Samir Chantre has an extensive competitive record in which he obtained medals at important tournaments such as the World No-Gi Championships, the Brazilian Nationals, and the European Open, being also the co-founder of Ares Jiu-Jitsu one of the top teams in the sport. Full Name:Samir Jose Chantre Dahás",False
1761,Samuel Braga,Samuel,Braga,,Gracie Barra,https://www.bjjheroes.com/?p=1761,"Samuel Braga is aBrazilian jiu-jitsublack belt underVinicius Magalhães(Draculino), a rank he achieved in 5 years, a very rare occasion in this sport/martial art. Widely regarded as one of the best light-featherweights of all time in BJJ, Braga is also widely referenced as the creator of theBerimbolo, one of the most famous and widely spread modern-day jiu-jitsu techniques. Full Name:Samuel Cruz Braga",False
11510,Samuel Nagai,Samuel,Nagai,,Checkmat,https://www.bjjheroes.com/?p=11510,"Samuel Nagai Hatchwell is a Brazilian grappler and a jiu-jitsu black belt underKeiser Girão, who also worked extensively under the tutelage of his own brother –Jackson Nagai, as well asMarcos Souza,Carlos Holanda, andLucas Leite. Nagai broke through as one of the sport’s most respected competitors at the IBJJF (International Brazilian Jiu-Jitsu Federation) 2018 World Championship, a tournament in which he beat some of the top athletes of his generation inGutihery Barbosa,Italo Moura, andJonatha Alveson his way to the title. A reputation he cemented during the following years. Full Name:Samuel Nagai Hatchwell",False
1904,Samy Al Jamal,Samy,Al Jamal,,,https://www.bjjheroes.com/?p=1904,"Sami Aljamal Samy Aljamal is one of the highest rankingBrazilian Jiu Jitsublack belts of Arabic origin and one of the great propagators for the sport in countries such as the Kingdom of Jordan and Palestine. There he made BJJ available by starting the very first grappling and MMA academies in these countries (Source MMA), opening it also to women and the under privileged, forming, very possibly, the first women’s BJJ team in the Middle East and the first MMA academy in Palestine.",False
14028,Santiago Guerra,Santiago,Guerra,,,https://www.bjjheroes.com/?p=14028,"Santiago Guerra is a jiu-jitsu athlete from Argentina and a black belt in this martial art under coach Bruno Alves Correa, having worked previously with Javier Cardozo. Santiago Guerra first made waves in the sport as a rooster weight (57.60kg / 127.00 lbs), while representing the GF Team on the International Brazilian Jiu-Jitsu Federation (IBJJF) circuit, where he conquered important medals at the colored belt level and as a professional. Full Name:Santiago Guerra",False
11111,Santeri Lilius,Santeri,Lilius,,LiliusBarnatt MMA,https://www.bjjheroes.com/?p=11111,"Santeri Lilius is a jiu-jitsu black belt underRoger Graciewho is also the co-founder of the LiliusBarnatt Martial Arts Academy, a successful gym located in Costa Del Sol – Spain. Originally from Finland, Santeri became a familiar face on the European competitive grappling scene after solid performances on the International Brazilian Jiu-Jitsu Federation (IBJJF) circuit, where he won several International Opens, later going on to achieve success also under the ADCC ruleset with wins at the European Trials. Full Name:Santeri Lilius",False
481,Saulo Ribeiro,Saulo,Ribeiro,,Ribeiro JJ,https://www.bjjheroes.com/?p=481,"Saulo Ribeiro is a judo and Brazilian jiu-jitsu black belt underRoyler Gracie, being widely regarded as one of thegreatest grapplersto have ever competed in the sport. A 5-time world champion, Saulo is also a record holder of world titles in different weight classes (4) as well as a 2x ADCC champion – arguably the most important no-gi tournament in the world. Saulo and his younger brotherAlexandre Ribeirofounded Ribeiro Jiu-Jitsu, one of the most respected associations in this martial art. Full Name:Saulo Mendonca Ribeiro Filho",False
13913,Scott Kaplan,Scott,Kaplan,,,https://www.bjjheroes.com/?p=13913,"Scott Kaplan is a jiu-jitsu black belt underMarcelo Garciawho worked extensively withVinny Magalhaes,Fredson Paixao, and Cameron Diffley. Kaplan had a wealth of experience coaching many mixed martial arts (MMA) fighters in grappling before becoming one of the head instructors at the Marcelo Garcia Academy in New York, US. Full Name:Scott Kaplan",False
12617,Sean Roberts,Sean,Roberts,,Sektor BJJ,https://www.bjjheroes.com/?p=12617,"Sean Roberts is a jiu-jitsu black belt and founder of the Sektor BJJ Academy in Chino, California. During his climb to the black belt rank, Roberts became widely recognized as one of the leading American grapplers of his generation, a reputation cemented by Sean’s performances in Lloyd Irvin’s BJJ Kumite brown belt tournament back in 2013. Prior to launching his own team (Sektor), Roberts worked with a variety of revered coaches such asRalph Gracie,Kurt Osiander, andLucas Leite. Full Name:Sean Roberts",False
9515,Seif-Eddine Houmine,Seif-Eddine,Houmine,,,https://www.bjjheroes.com/?p=9515,"Seif-Eddine Houmine is a Moroccan born black belt inBrazilian jiu-jitsu, a rank he achieved while training under the guidance of Mathias Jardin and Zakaria Arhab. Houmine is widely recognized as one of the top representatives of theGF Team– France in the sport’s international circuit, being one of the top ultra-heavyweight (+100,50 kg / +222.0 lbs) athletes of his generation. Full Name:Seif-Eddine Houmine",False
7695,Sebastian Brosche,Sebastian,Brosche,,Frontline,https://www.bjjheroes.com/?p=7695,"Sebastian Brosche is a Swedish-born yoga enthusiast and aBrazilian jiu-jitsublack belt under Eduardo Rios, being also one of the top grappling competitors of his generation in the European jiu-jitsu circuit. Brosche is well known for his website (Yoga for BJJ), a pioneering platform used by thousands of BJJ practitioners, which advocates yoga and its benefits for grapplers by displaying a series of programs specifically designed to help these practitioners. Full Name:Andreas M. Sebastian Brosché Jonsson",False
12215,Sebastian Rodriguez,Sebastian,Rodriguez,,Unity JJ,https://www.bjjheroes.com/?p=12215,"Sebastian Rodriguez is a professional grappler from Costa Rica and a jiu-jitsu black belt underMurilo Santanawho represents the Unity Jiu-Jitsu team in the sport’s global circuit. Rodriguez first made waves in jiu-jitsu after his winning performances as a colored belt in important tournaments of the International Brazilian Jiu-Jitsu Federation (IBJJF), namely in the Pan Championships (Gi & No-Gi), American Nationals (Gi & No-Gi), Brazilian Nationals (No-Gi) and European Open (No-Gi). Full Name:Sebastian Rodriguez Williams",False
12573,Sebastian Serpa,Sebastian,Serpa,,,https://www.bjjheroes.com/?p=12573,"Sebastian Serpa is a jiu-jitsu black belt under the Mahecha Brothers (Kevin Mahecha&Brian Mahecha) of Mushin BJJ who worked extensively with Michel “Buiú” Pereira at the Carlson Gracie Academy in Miami, Florida. Sebastian Serpa became recognized as one of his generation’s foremost light-featherweights while competing in the colored belt divisions of the International Brazilian Jiu-Jitsu Federation (IBJJF) circuit, particularly during his brown belt campaign (2021), a time when the Floridian conquered World and Pan American titles. Full Name:Sebastian Ernesto Serpa",False
7768,Serena Gabrielli,Serena,Gabrielli,,Flow JJ,https://www.bjjheroes.com/?p=7768,"Serena Gabrielli is an Italian grappler and a black belt inBrazilian jiu jitsuunder Andrea Verdemare, being also one of Europe’s most accomplished female athletes, a reputation conquered through her important wins in both the International Brazilian Jiu Jitsu Federation (IBJJF) World Championship and the European Open. Gabrielli is also an instructor at the Flo Jiu Jitsu Academy. Full Name:Serena Gabrielli",False
7686,Sergio Ardila-Ibarra,Sergio,Ardila-Ibarra,,American Top Team,https://www.bjjheroes.com/?p=7686,"Sergio Ardila-Ibarra is a former freestyle wrestler and aBrazilian jiu jitsublack belt under Roan Carneiro, specialising in the no-gi facet of the sport. Born in Bucaramanga – Colombia, Ardila-Ibarra managed to achieve important titles in both wrestling and jiu jitsu becoming an All American collegiate athlete and an IBJJF No-Gi World Champion as a purple belt (2014) while working full time as a lawyer, also earning podium placements at the prestigious ADCC US Trials. Sergio is also the older brother ofPaul Ardila-Ibarra, another accomplished grappler. Full Name:Sergio Ardila-Ibarra",False
7582,Sergio Benini,Sergio,Benini,,Gracie Barra,https://www.bjjheroes.com/?p=7582,"Sergio Benini is aBrazilian jiu jitsublack belt underVinicius “Draculino” MagalhãesofGracie Barra– Belo Horizonte, a team he took over as head coach in 2015. One of the top representatives of Draculino’s famous academy as an athlete, Sergio Benini became a well recognised jiu jitsu instructor at GB-BH, having helped in the development of big names in this sport/martial art such asFelipe PenaandPedro Araújo, to name a few. Full Name:Sergio Rodrigo de Oliveira Benini",False
9697,Sergio Calderon,Sergio,Calderon,,CFC Team,https://www.bjjheroes.com/?p=9697,"Sergio Calderon Gonzales is a Spanish grappler and aBrazilian Jiu-Jitsublack belt under Yan Cabral, founder of the Cerdanyola Fight Club (CFC Team), one of Spain’s prime academies in the Catalonia region. One of the first Spaniards to compete at a high level in the sport’s international circuit, Sergio is well known for his medals in important tournaments of the International Brazilian Jiu-Jitsu Federation (IBJJF) – the sport’s most prestigious governing body. Full Name:Sergio Calderon Gonzales",False
3505,Sergio Iris,Sergio,Iris,Serginho de Niteroi,Carlson Gracie,https://www.bjjheroes.com/?p=3505,"Sérgio Íris, commonly know in theBrazilian Jiu Jitsucommunity asSerginho de Niterói(Sérginho of Niterói), was an important figure of the sport during the 1970s decade having defeated decorated fighters such as Rorion Gracie andCarley Gracieas well as successfully defended the Jiu Jitsu name against Karate in a famous 1975 Vale-Tudo event. Sérgio Íris was also the very first black belt awarded by the lateMaster Carlson Gracie. On the night of the 13th of May, 2000, Sérgio Íris was assassinated inside his own car by Brazil’s underground gaming mafia. Full Name:Sérgio Íris José de Almeida",False
138,Sergio Moraes,Sergio,Moraes,,Alliance,https://www.bjjheroes.com/?p=138,"A member of the mixed martial arts (MMA) reality show,The Ultimate Fighter– Brazil (TUF 15, 2012), Sergio Moraes is an accomplished Brazilian jiu-jitsu black belt with 4 world jiu-jitsu titles to his name as well as a member of the prestigiousAlliance Jiu-Jitsu Academy. He turned heads his way in the grappling circuit for the first time at the 2008World Championshipsafter his submission victory overRickson Gracie‘s son, and fan favorite,Kron Gracie(Moraes would go on to win that same tournament). “Serginho” Moraes has since then cemented his name in the sport as one of the great BJJ competitors of his generation with several other important titles in the competitive circuit, though sometimes being critiqued by his conservative style. Full Name:Sergio Ricardo de Moraes",False
1312,Sergio Gasparelli,Sergio,Gasparelli,Babu,,https://www.bjjheroes.com/?p=1312,"Sergio “Babu” is a Brazilian lawyer who dedicated himself to the development of fighter’s ground games. A Jiu Jitsu black belt underSergio Penha, Babu (who is also a Judo black belt and certified Luta Livre instructor) has worked with MMA teams such as BTT (Brazilian Top Team) and Black House, improving the ground game of many fighters including UFC Champion Anderson Silva who at one point called Babu a “walking jiu jitsu enciclopedia”. Full Name:Sergio Gasparelli",False
677,Sergio Penha,Sergio,Penha,,,https://www.bjjheroes.com/?p=677,"Sergio Penha is an historic figure in jiu jitsu’s landscape. ABJJ coral belt(7 grau) and a Judo black belt underOsvaldo Alves, he rose from purple belt to black belt without stopping at brown and proved his master right by giving the ‘almighty’Rickson Graciethe toughest test in his jiu jitsu career. Regarded as a Jiu Jitsu prodigy during the 1980’s, Penha is also recognized as one of the main developers of theclosed guardposition. He later became a successful grappling coach having awarded former UFC heavyweight champion Frank Mir his black belt among many other high level grapplers. Full Name:Sergio Luiz da Penha",False
9637,Sergio Rios,Sergio,Rios,Pichilinga,99 Jiu-Jitsu / Academia Dojô,https://www.bjjheroes.com/?p=9637,"Sergio Rios, also known as “Pichilinga”, is aBrazilian jiu-jitsublack belt under Marcos Matos of the Academia Dojô Jiu-Jitsu, having also worked extensively with Helder Menezes andEduardo Tellesat team 99 Jiu-Jitsu (Ninety-Nine BJJ) headquarters gym in California. Well known for his aggressive and crowd-pleasing jiu-jitsu style, Rios made his career in BJJ by conquering important titles of the International Brazilian Jiu-Jitsu Federation (IBJJF) tournament circuit while also maintaining a winning streak in mixed martial arts (MMA). Full Name:Sergio Raimundo Rios da Silva",False
895,Sergio Souza,Sergio,Souza,Bolao,,https://www.bjjheroes.com/?p=895,"Sergio “Bolão” Souza is a historical figure in Brazilian Jiu Jitsu, famous for his formidable competition record and fierce guard game, a guard that gave him several trophies including the “Best Athlete of the Year Award” (Melhor Atleta do Ano – LINJI ) by the Media Association in 1985. Bolão held victories over legendary fighters such asJean Jacques Machado,Fabio Gurgel,Leo Castello Branco, and many others. A black belt underMaster Carlson Gracie, Sergio Souza was also the co-founder of Rio Jiu-Jitsu Club, a successful grappling academy that was created in the beginning of the century in partnership withMurilo Bustamante. Full Name:Sérgio Souza",False
4268,Sergio Zimmerman,Sergio,Zimmerman,Canuto,Pound for Pound,https://www.bjjheroes.com/?p=4268,"Sergio Zimmermann, better known as ‘Canudo’, is a black belt inBrazilian Jiu Jitsuformed under the lineage of the late MasterCarlson Graciehaving received his grade from Osiris Maia. Although Canudo made a career competing in Brazil, it was in Europe that Sergio received the international recognition, specially from Jiu Jitsu’s media, after a sequence of positive results in the European Jiu Jitsu Open, a competition Zimmermann won 10 times. Full Name:Antonio Sergio Cardoso Zimmermann",False
8528,Servio Tulio,Servio,Tulio,,Gracie Barra,https://www.bjjheroes.com/?p=8528,"Servio Tulio Junqueira is aBrazilian jiu-jitsublack belt underFelipe ‘Preguiça’ Pena, having also worked extensively with coachesRômulo Barral,Claudio ‘Caloquinha’ Matos,Sergio BeniniandMarcelo ‘Uirapuru’ AzevedoatGracie BarraBelo Horizonte (GB – BH). Servio is also regarded as one of the top grapplers of his generation, a reputation he earned while competing in the brown belt division of the sport when he conquered numerous accolades in the sport’s international circuit. Full Name:Servio Tulio C. Guimarães Junqueira",False
1301,Shane Rice,Shane,Rice,,,https://www.bjjheroes.com/?p=1301,"Shane Rice was the first Canadian native to hold a black belt in Brazilian Jiu Jitsu under the legendaryRickson Gracie. With a vast competitive curriculum in Gi, Nogi (without the use of the kimono) as well as MMA, Shane Rice was one of the main instructors at Rickson Gracie Academy in California, US. Full Name:Shane E. Rice",False
3186,Shanti Abelha,Shanti,Abelha,,Checkmat,https://www.bjjheroes.com/?p=3186,"Shanti Abelha is a Brazilian born, black belt competitor inJiu Jitsu, who fights for theCheckmat teamaffiliate in Denmark (Arte Suave). Shanti is one of the top female athletes in the world, having medalled in many of the most regarded tournaments on the BJJ calender, such as theMundial(World Championships), the European Open and the World No Gi Championships. Full Name:Shanti Ananda Damasceno Abelha",False
793,Shawn Williams,Shawn,Williams,,,https://www.bjjheroes.com/?p=793,"Shawn Williams is aBrazilian Jiu Jitsublack belt underRenzo Gracie, being one of the most talented competitors of his generation in the US. Williams was also the fifth American to be graded as a black belt in BJJ. Training alongside of grapplers such asJohn Danaher,Ricardo Almeida, Matt Serra and many others, Shawn Williams created a series of positions from a guard variation which is today called ‘the Williams Guard’. Lineage:Mitsuyo Maeda >Carlos Gracie>Helio Gracie>Carlos Gracie Jr>Renzo Gracie> Shawn Williams",False
13427,Shelby Murphey,Shelby,Murphey,,AOJ,https://www.bjjheroes.com/?p=13427,"Shelby Murphey is a jiu-jitsu black belt underGuilherme Mendesas well as a representative of the Mendes Bros’ well-known Art Of Jiu-Jitsu (AOJ) academy, for whom she won numerous titles of the International Brazilian Jiu-Jitsu Federation (IBJJF) from the kids’ divisions to the adult categories. Shelby Murphey is also the first elite black belt built under the AOJ roof from “scratch” as her very first class was done at the academy, having never had any other coaches outside the team’s workgroup. Full Name:Shelby Lena Murphey",False
13193,Sheliah Lindsey,Sheliah,Lindsey,,Magness BJJ,https://www.bjjheroes.com/?p=13193,,False
718,Silvana Abreu,Silvana,Abreu,,,https://www.bjjheroes.com/?p=718,"Silvana Abreu is a Brazilian Jiu Jitsu black belt underAndré “Negão” Terencio. An incredible competitor during the 2000’s decade, Silvana medaled in important tournaments such as The Mundials, Rio Open and Brazilian Nationals the later of which she has won an astonishing 8 times. Full Name:Silvana Cristina Silva Abreu",False
9064,Silvio Duran,Silvio,Duran,,Vitor Shaolin BJJ,https://www.bjjheroes.com/?p=9064,"Silvio Duran de Barros Saraiva, commonly known as Silvio Duran is aBrazilian jiu-jitsublack belt underRodrigo CavacaandVitor Ribeiro, being also one of the main representatives of the Vitor Shaolin Ribeiro Brazilian Jiu-Jitsu NYC academy in the sport/martial art’s competitive circuit. Duran made a name for himself early on in his career, when he was revered as one of Brazil’s hottest prospects as a blue belt, a status he would solidify as a black belt through his wins in many important events of the International Brazilian Jiu-Jitsu Federation (IBJJF). Full Name:Silvio Duran de Barros Saraiva",False
1508,Sim Go,Sim,Go,,Cobra Kai,https://www.bjjheroes.com/?p=1508,"Simpson Go, commonly referred to as Sim Go, was the firstMark Laimonstudent to be awarded the grade of black belt inBrazilian jiu jitsu. A multiple time Grapplers Quest champion, Sim Go quickly made a name for himself in the Las Vegas grappling circuit, later becoming the head instructor of the prestigious Cobra Kai gym, one of the biggest no gi/submission grappling schools in the region. Full Name:Simpson Go",False
13453,Shay Montague,Shay,Montague,,,https://www.bjjheroes.com/?p=13453,"Shay Montague is a grappling competitor from Scotland and a jiu-jitsu black belt underDarragh O’Conaill, who represents The Griphouse (Glasgow, Scotland) and East Coast Jiu-Jitsu Academy (Dublin, Ireland) in the sport’s global circuit. Montague gained notoriety in the sport while competing in the International Brazilian Jiu-Jitsu Federation (IBJJF) league where he conquered the #1 ranking as a brown belt, both in the Gi and No-Gi divisions (2022-2023). Full Name:Shay Ananda Montague",False
1319,Shinya Aoki,Shinya,Aoki,,,https://www.bjjheroes.com/?p=1319,"Shinya Aoki is a Judo andBrazilian Jiu Jitsublack belt underYuki Nakai, being also one of the most exciting grappling specialists to have competed in MMA. A former police cadet, Shinya Aoki became known for his very aggressive submission game that earned him the nickname ofTobikan Judan(Grand Master of Flying Submissions – in Japanese), with this aggressiveness Shinya has also managed to severely injure several of his adversaries as Keith Wisniewski (in MMA) and Kuniyoshi Hironaka (in BJJ) could attest. Nicknames:“Tobikan Judan” means The grand master of flying submissions, this was attributed to him early in his grappling career due to his quick and often acrobatic submissions. He is also called “The Baka Survivor” (Baka means “simple minded” in Japanese) because of his entrance song when Aoki started competing in the Shooto organization.",False
9893,Stefano Correa,Stefano,Correa,,AOA,https://www.bjjheroes.com/?p=9893,"Stéfano Corrêa is aBrazilian Jiu-Jitsublack belt under Master Octávio de Almeida Junior, who worked extensively with Mauricio Cavaquini, Rafael Pionti and Alexandre Silveira of the Academia Otávio Almeida (AOA). Recognized as one of the foremost competitors of his generation, among Stéfano Corrêa’s top achievements are his wins at the International Brazilian Jiu-Jitsu Federation (IBJJF) European Open (Gi and No-Gi) as well as his South American and Brazilian National titles. Full Name:Stéfano Fernando Corrêa",False
13138,Steffen Banta,Steffen,Banta,,Alliance,https://www.bjjheroes.com/?p=13138,"Steffen Banta is a jiu-jitsu black belt under coachJoão Gabriel Rochaand a representative of team Alliance in the sport’s global circuit, who also represented Soul Fighters and Double Five in the past. Banta made a name for himself as one of the sport’s most promising stars while competing in the colored belt divisions of the International Brazilian Jiu-Jitsu Federation (IBJJF) league, where he conquered numerous tournament titles, leading to his 2022 placement as the #1 ranked brown belt in the world (no-gi rules). Full Name:Steffen M. Banta",False
1631,Sylvio Behring,Sylvio,Behring,,,https://www.bjjheroes.com/?p=1631,"Sylvio Behring is the son ofBrazilian Jiu JitsuMaster (9th degree)Flavio Behringbeing also as a red and white belt (8th degree) himself as well as a Judo black belt. Widely regarded as one of the top grappling instructors of his generation, Sylvio initiated his career training under the Barreto Brothers, particularly with Grand Master (9th degree)Alvaro Barreto– going on to become one of Barreto’s top students. Sylvio also helped the development of jiu jitsu in different regions of Brazil, including Sao Paulo and Porto Alegre and is brother to the lateMarcelo Behring, another key figure in this martial art’s history. Full Name:Sylvio da Matta Behring",False
11454,Sofia Amarante,Sofia,Amarante,,Fight Sports,https://www.bjjheroes.com/?p=11454,"Sofia Amarante is an American grappler and a representative of the Fight Sports Academy, being also the first female jiu-jitsu black belt promoted by the illustriousRoberto “Cyborg” Abreu. Amarante became widely recognized as one of the top light-featherweight (118.0 lbs) athletes of her generation after celebrating important victories in some of our sport’s most prestigious tournaments, events such as the International Brazilian Jiu-Jitsu Federation (IBJJF) World No-Gi Championships, the Pan American No-Gi Championships, Pan American Championships (gi) and Masters World Championship. Full Name:Sofia Rosa Amarante",False
11471,Tacio Carneiro,Tacio,Carneiro,,,https://www.bjjheroes.com/?p=11471,"Tácio Carneiro is a jiu-jitsu black belt from Brazil, who earned his rank fromPaulo Rezende, who also worked extensively with coaches José Honório Filho,Victor Honório,Igor Rodrigues,Fabrício Moreiraas well as Roberto and Reinaldo Ende. Carneiro was recognized as one of the sport’s hottest prospects while competing in the colored belt divisions, a time when he conquered important events of the International Brazilian Jiu-Jitsu Federation (IBJJF) circuit such as the European Open, South American Championship, and Brazilian Nationals. Full Name:Tácio Carneiro Alves",False
12644,Tadiyah Danforth,Tadiyah,Danforth,,Alliance,https://www.bjjheroes.com/?p=12644,"Tadiyah Danforth is a jiu-jitsu black belt under Noel Danforth (his father) who represents theAlliance teamin the sport’s global circuit. A former high school wrestler, Danforth started making a name for himself as one of the top up-and-coming rooster weights in the sport through his performances on the International Brazilian Jiu-Jitsu Federation (IBJJF) league, particularly at the World No-Gi Championships and Pan Championships (gi & no-gi) as a purple and brown belt. Full Name:Tadiyah William Danforth",False
11697,Tainan Dalpra,Tainan,Dalpra,,AOJ,https://www.bjjheroes.com/?p=11697,"Tainan Dalpra is ajiu-jitsublack belt underGuilherme Mendes, and a representative of the Art Of Jiu-Jitsu Academy (AOJ), who also worked extensively with coachRafael Mendes. Dalpra was one of the first athletes accepted by the Mendes Brothers Believe & Achieve program, a workgroup that produced several high-end grapplers such as Mateus Rodrigues,Jessa Khan,Johnatha Alves, to name a few. Tainan Dalpra first gained notoriety in the sport while competing in the lower belt divisions of the International Brazilian Jiu-Jitsu Federation (IBJJF), where he conquered sequential medals in the major tournaments of the organization’s well-respected grappling circuit. Full Name:Tainan Dalpra Costa",False
9762,Talia Marie Vaughn,Talia,Marie Vaughn,,Gracie Humaita,https://www.bjjheroes.com/?p=9762,"Talia Marie Vaughan is aBrazilian jiu-jitsublack belt under Mica Cipili and one of the main lightweight (64,00 kilograms) grappling competitors of her generation, having earned medals in important tournaments of the International Brazilian Jiu-Jitsu Federation (IBJJF) such as the World Championship and American Nationals. Talia Vaughan is also a representative of theGracie HumaitáLas Vegas Academy. Full Name:Talia Marie Vaughan",False
1430,Talita Nogueira,Talita,Nogueira,Treta,Ryan Gracie,https://www.bjjheroes.com/?p=1430,"Talita Nogueira, also known as “Treta” is aBrazilian Jiu Jitsuworld champion and a black belt under master “Pitta” (Francisco Santana Jr), who is regarded as one of the best competitors in the women’s medium heavyweight division of her generation. Treta solidified her name at the top of women’s Jiu Jitsu with her win at the 2011 World Jiu Jitsu Championship. Full Name:Talita Andrea Nogueira",False
3607,Tammi Musumeci,Tammi,Musumeci,,,https://www.bjjheroes.com/?p=3607,"Tammi Musumeci is aBrazilian Jiu-Jitsublack belt underEmyr Bussadewho became one of the top grapplers of her weight division at the young age of 19. Tammi Musumeci turned a few heads her way after she won the Pan American Championship in 2014 during her first year as a black belt, beating two former world champions on her way to the top (Laurence FouillatandMackenzie Dern); but it was her gutsy performance at theIBJJF World Jiu-Jitsu Championshipfinals againstMichelle Nicolinithat earned Tammi her star status when she refused to give up even with a clearly dislocated arm inflicted by an armbar. Tammi is also the sister ofMikey Musumeci, another highly accomplished grappling competitor. Full Name:Tammi Alana Musumeci",False
12654,Tarik Hopstock,Tarik,Hopstock,,Frontline,https://www.bjjheroes.com/?p=12654,"Tarik Hopstock is a Norwegian grappler and a black belt in jiu-jitsu underEduardo Rios (Teta), who represents the Scandinavian team Frontline in the sport’s global circuit. Hopstock made a name for himself as one of the leading competitors of Europe during his colored belt career, a reputation earned after his numerous medals on the International Brazilian Jiu-Jitsu Federation (IBJJF) league, particularly the podium placements at the World, World No-Gi, and European Championships. Tarik Hopstock is also widely recognized as the creator of theTarikoplata, a submission he introduced to the BJJ world as a blue belt. Full Name:Tarik Hopstock",False
11975,Tracey Goodell,Tracey,Goodell,,,https://www.bjjheroes.com/?p=11975,"Tracey Goodell is the first female jiu-jitsu black belt from the state of Hawaii, USA, and an accomplished athlete with numerous important titles to her credit. Goodell first made waves in the sport as a colored belt and member of TeamLloyd Irvinwhile competing on the International Brazilian Jiu-Jitsu Federation (IBJJF) circuit, a time when Tracey conquered World, Pan American, and Brazilian National titles. Tracey Goodell went on to be revered for her work as a grappling instructor in her native O’ahu Island while co-founding the Free World Jiu-Jitsu team alongside Jordan Gomez. Full Name:Tracey Robin Goodell",False
1290,Tarcisio Jardim,Tarcisio,Jardim,,Checkmat,https://www.bjjheroes.com/?p=1290,"Paulo Tarcisio Jardim is aBrazilian Jiu Jitsublack belt underLeonardo Vieira, having fought for important teams such as Nine Nine andCheckmatin his competitive career. A regular medallist in BJJ events throughout the world, one of Tarcisio’s big moments arrived in 2011 as he closed the finals of the Brazilian National Championship with his team mateAntonio Carlos Jr. Full Name:Paulo Tarcísio Pessoa Jardim",False
477,Tarsis Humpreys,Tarsis,Humpreys,,Alliance,https://www.bjjheroes.com/?p=477,"Tarsis Humphreys is aBrazilian Jiu Jitsutop competitor in the black belt “Peso Meio Pesado” division (under 88kg/194lbs). TheAlliance BJJ academyrepresentative was the first man graded byFabio Gurgelfrom white to black belt to earn a gold medal at the World Championships (in the black belt division), Tarsis  was also the winner of the very first World Professional Jiu Jitsu Cup (today called Abu Dhabi World Pro) in both his weight and the open weight divisions back in 2009. Full Name:Tarsis Carvalho Humphreys",False
13220,Thais Loureiro,Thais,Loureiro,,,https://www.bjjheroes.com/?p=13220,"Thaís Loureiro Felipe is a jiu-jitsu black belt under Wilson Ulhôa and Christofer Biude who trained extensively with Leonardo Lyra (MJJ Team) in the early stages of her competitive career. Thaís Loureiro made a name for herself as one of the sport’s rising rooster-weights as a colored belt while representing team CTE Domo, an affiliate of Atos Jiu-Jitsu, of Vitoria, ES, Brazil, for whom she conquered important medals of the IBJJF (International Brazilian Jiu-Jitsu Federation) and AJP (Abu Dhabi Jiu-Jitsu Pro Tour) circuits. Loureiro later moved to Lima, Peru, where she became an instructor at the Mekka Jiu-Jitsu Academy. Full Name:Thaís Loureiro Felipe",False
8718,Thais Ramos,Thais,Ramos,,,https://www.bjjheroes.com/?p=8718,"Thaís Ramos is a historicBrazilian jiu jitsufigure, being the sport’s first female world champion under the International Brazilian Jiu Jitsu Federation (IBJJF), an achievement accomplished in 1998. A black belt underEduardo “Brigadeiro” Venâncioand Gabriel Ramos, Thaís was also a pioneer for women’s BJJ in Brazil’s capital (Brasília), being a committed competitor during a time when this division was at its infancy. Full Name:Thaís Ramos Pinto",False
12845,Thalyta Silva,Thalyta,Silva,Thata,Vision,https://www.bjjheroes.com/?p=12845,"Thalyta Silva, commonly known as “Thata”, is a professional grappler and a jiu-jitsu black belt underPaulo Rezendewho was developed in Rezende’s famous academy in Poço de Caldas, Minas Gerais, the same training center that produced Marcelo Garcia, Matheus Diniz, Rodnei Barbosa, Reinaldo Ribeiro, Tácio Carneiro, to name a few. Thata broke into the grappling scene as a colored belt, competing in the International Brazilian Jiu-Jitsu Federation (IBJJF) circuit, later cementing her claim as one of the top athletes in the sport as a black belt. Full Name:Thalyta Stefhane Lima Silva",False
10099,Thalison Soares,Thalison,Soares,,,https://www.bjjheroes.com/?p=10099,"Thalison Soares is aBrazilian jiu-jitsublack belt underCicero Costhaand a representative of the Projeto Social Lutando Pelo Bem (PSLPB) Team, who worked extensively withMurilo Santana(Unity BJJ). Thalison gained notoriety within the grappling circuit after his very first year competing internationally, as a juvenile blue belt, when he displayed an unusual amount of talent. His brilliance on the mat continued throughout the colored belt divisions where Thalison conquered repeated International Brazilian Jiu-Jitsu Federation (IBJJF) Grand Slam (Euro, Pan, Brazilian, and World titles) for THREE (3) years in a row. Full Name:Thalison Vitorino Soares",False
10100,Thamara Ferreira,Thamara,Ferreira,,,https://www.bjjheroes.com/?p=10100,"Thamara Ferreira Silva is aBrazilian jiu-jitsublack belt underCicero Costhaand a representative of the Guigo JJ academy, formerly withProjeto Social Lutando Pelo Bem(PSLPB) Team, who worked extensively withMarco Barbosain the earlier stages of her grappling career. Thamara first gained notoriety in the sport while competing in the lower belt divisions of the International Brazilian Jiu-Jitsu Federation (IBJJF) and United Arab Emirates Jiu-Jitsu Federation (UAEJJF), conquering world titles on both circuits. Full Name:Thamara Ferreira Silva",False
12542,Thamires Monteiro,Thamires,Monteiro,Tami,Checkmat,https://www.bjjheroes.com/?p=12542,"Thamires Monteiro, also known as Tami Monteiro, is a jiu-jitsu black belt underLucas Leite, who represents theCheckmat Teamin the sport’s international circuit. Monteiro became one of the most revered grapplers of her generation after a dominant run as a brown belt on the International Brazilian Jiu-Jitsu Federation (IBJJF) league (from 2020 to 2021) where she conquered gold titles in the World No-Gi and Pan Championships as well as silver medals in the World (gi) and Pan No-Gi tournaments. Full Name:Thamires Arruda Monteiro",False
14050,Thaynara Victoria,Thaynara,Victoria,,Dream Art,https://www.bjjheroes.com/?p=14050,"Thaynara Victória da Silva is a jiu-jitsu black belt from Brazil who made her name in this sport while representing the Dream Art team. Thaynara Victória first broke out as one of her generation’s foremost competitors as a colored belt while competing in the International Brazilian Jiu-Jitsu Federation (IBJJF) circuit where she won consecutive World Championship gold medals at blue, purple, and brown belts. Full Name:Thaynara Victoria Soares da Silva",False
13937,Tamires Silva,Tamires,Silva,,,https://www.bjjheroes.com/?p=13937,"Tamiris Fernanda da Silva is a jiu-jitsu black belt under Saulo Barbosa. She also worked extensively withIsaque BahienseandGabriel Figueiróat the Dream Art headquarters, a team she represented from the purple to the black belt. Tamiris Silva first broke out as one of her division’s top competitors on the International Brazilan Jiu-Jitsu Federation (IBJJF) circuit as a brown belt, when she won the World Championships, a deed she would repeat as a black belt. Full Name:Tamiris Fernanda da Silva",False
1178,Theodoro Canal,Theodoro,Canal,,GF Team,https://www.bjjheroes.com/?p=1178,"Theodoro Canal is aBrazilian Jiu Jitsucoach who was considered one of the world’s top competitors in the featherweight division. A black belt underJulio CesarfromGrappling Fight Team(GFT), Theodoro has won some of the world’s top competitions, such as the World Cup, Brazilian National Cup, Pan American and Rio Open. Full Name:Theodoro Gabriel Canal Almeida",False
11338,Thiago Abud,Thiago,Abud,,Unity JJ,https://www.bjjheroes.com/?p=11338,"Thiago Abud is a jiu-jitsu black belt underMurilo Santana, who worked extensively withFernando Yamasaki, well-known in the sport/martial art’s international competitive circuit as a representative of the Unity Jiu-Jitsu Academy. A successful athlete, Abud is also well known for his drastic career change. After being a successful entrepreneur for a number of years, 30YO Thiago opted to quit his well-paid job to follow his passion and pursue life as a professional grappling competitor, reaching success at the highest level by conquering important medals on the International Brazilian Jiu-Jitsu Federation (IBJJF) league, including medals. Full Name:Thiago Aguiar Abud",False
8819,Thiago Barreto,Thiago,Barreto,,Commando Group,https://www.bjjheroes.com/?p=8819,"Thiago Barreto Marques is aBrazilian jiu jitsublack belt under Burtom Deivisom, being also one of the top BJJ featherweight athletes of his generation, a reputation earned after conquering important titles such as the UAEJJF Abu Dhabi Pro, the UAE federation’s Grand Slam Tour as well as the IBJJF Rio International Open. Barreto became known to the wider grappling audience as a member of the Commando Group BJJ team and is the brother of another well known competitor Bruno Barreto. Full Name:Thiago Barreto Marques",False
537,Thiago Borges,Thiago,Borges,Monstro,,https://www.bjjheroes.com/?p=537,"Thiago Borges, better known as “Monstro” is a Brazilian jiu jitsu black belt under the illustrious Carlos “Portugues” Vieira, being one of the first black belts to establish himself in London, England. Always willing to test his skills, Thiago “Monstro” competed in many different systems such as jiu jitsu, luta livre esportiva, judo and mixed martial arts (MMA). Full name:Thiago Jorge Borges",False
2181,Thiago Fernandes,Thiago,Fernandes,,Nova Uniao,https://www.bjjheroes.com/?p=2181,"The late Thiago Fernandes was one of the biggest names within the Nova União camp at the turn of the millennium. Originally from the Oriente academy in Niteroi, Brazil, Thiago Fernandes was hinted to become the next big thing injiu jitsuafter defeating (as a 17 year old purple belt) several well established black belt competitors in Nogi tournaments, such as 9x world championRicardo Vieiraand Maicon Alarcão ofluta livre. He was also a Brazilian National and World Champion in the lower belts, before a tragic car crash ended his life. Full Name:Thiago Fernandes",False
1727,Thiago Leiras,Thiago,Leiras,,Brazil 021,https://www.bjjheroes.com/?p=1727,"Thiago Leiras Thiago Leiras is a Brazilian Jiu Jitsu black belt under the prestigious Flavio Aleluia and a member of the Brazil 021 BJJ team. Having medalled in important tournaments such as the Rio Open, Copa América and Copa Cyclone, Leiras reached the degree of black belt in August 2011.",False
8632,Thiago Macedo,Thiago,Macedo,,RPBJJ,https://www.bjjheroes.com/?p=8632,"Thiago Macedo is aBrazilian jiu-jitsublack belt under the renowned grappling coachFaustino Neto(Mestre Pina), also known as one of the key representatives ofRodrigo Pinheiro‘s school in the sport’s international circuit. Macedo is regarded as one of the toughest featherweight athletes of his generation, particularly while competing for the International Brazilian Jiu-Jitsu Federation (IBJJF) main circuit, where he conquered medals in numerous International Open tournaments. Full Name:Thiago Augusto Araujo Macedo",False
1555,Thiago Rogerio,Thiago,Rogerio,,Brazil 021,https://www.bjjheroes.com/?p=1555,"Thiago Rogerio dos Santos Thiago Rogerio dos Santos is a Brazilian Jiu Jitsu black belt under André “Negão” Terencio and one of the main instructors at the Brasil 021 team. Though Thiago is an instructor at Brasil 021, he also competes having achieved some important titles such as the Niteroi state championship and a bronze medal at the New York Open.",False
14084,Thiago Saboia,Thiago,Saboia,,Alliance,https://www.bjjheroes.com/?p=14084,"Thiago Robson Saboia Sousa, commonly known in the grappling world as Thiago Saboia, is a jiu-jitsu black belt underMichael Langhiwho worked extensively withFabio Gurgeland represents the Alliance Team in the sport’s international circuit. Saboia was one of the main figures of the squad’s 2024 crop of new black belts, widely regarded as one of the best produced by the multiple-time International Brazilian Jiu-Jitsu Federation (IBJJF) world champion academy in the last decade after it produced 12 medals at the World Championships in the brown belt division that year. Full Name:Thiago Robson Saboia Sousa",False
2434,Thibaut Olivier,Thibaut,Olivier,,Gokudo,https://www.bjjheroes.com/?p=2434,"Thibaut Olivier is one of three French brothers (Maxime, Rodolphe and Thibaut) who are amongst the topBrazilian jiu jitsucompetitors in Europe. Thibaut Olivier has represented France all around the world, earning medals in important tournaments such as the IBJJF European Open Championship, the UAEJJF Abu Dhabi World Pro Trials and NAGA. The Olivier brothers have also founded one of the top academies in France, the Gokudo, while Thibaut has also coached the “Cercle Tissier”. Full Name:Thibaut Olivier",False
1055,Tiago Alves,Tiago,Alves,,Barbosa,https://www.bjjheroes.com/?p=1055,"Tiago Alves, who also goes by his professional nickname: Tiago Alves “Unstoppable”, is a professional MMA fighter (Mixed Martial Arts) andjiu jitsucompetitor from theBarbosa Jiu JitsuTeam, one of the top martial arts academies in São Paulo, Brazil. A black belt in both Brazilian jiu jitsu (underMarco Barbosa) and kung fu, Tiago Alves excelled in the “Arte Suave” having achieved many important titles in the black belt division, such as Brazilian National Champion (with and without the Gi), Pan American Champion and even South American champion. Since 2012 Tiago Alves has been focussed almost exclusively to his mixed martial arts career. Full name:Tiago Gomes Dias Alves",False
7865,Tiago Rocha,Tiago,Rocha,,Alliance,https://www.bjjheroes.com/?p=7865,"Tiago Rocha is aBrazilian jiu jitsublack belt underFábio Gurgel, and a former student ofElan Santiago. A member of the multiple time world champion teamAlliance, Tiago Rocha’s own accomplishments spread wide both as an athlete and instructor, having produced important competitors such asFernando Andrade Reis, Renata Marinho, João Paulo Ferreira and a few others from his Minas Gerais (Uberlândia) based academy. Full Name:Tiago Coelho Porto Rocha",False
4145,Thiago Sa Fortes,Thiago,Sa Fortes,,Checkmat,https://www.bjjheroes.com/?p=4145,"Thiago Sá Fortes is aBrazilian Jiu-Jitsublack belt underRicardo Vieira, and a top-level competitor in the IBJJF tournament circuit, representing theCheckmat academy. Thiago earned his black belt at the beginning of 2014, after winning the Rio Open and the Brazilian Nationals as a brown belt, Thiago hit the ground running and immediately made a name for himself by winning the European Open and the Las Vegas Open in his first year as a black belt. Full Name:Thiago Sá Fortes Silva",False
8866,Thomas Halpin,Thomas,Halpin,Tom,Fight Sports,https://www.bjjheroes.com/?p=8866,"Thomas Halpin, commonly referenced as Tom Halpin is an Irish-born black belt inBrazilian jiu-jitsu, a rank earned from the hands ofRoberto Abreuof the Fight Sports Academy. Competing out of a small Irish province, Halpin was able to establish himself as one of the toughest European competitors of his generation while being a self-taught grappler for extended periods of his career in the lower belt divisions. Full Name:Thomas James Halpin",False
8874,Thomas Lisboa,Thomas,Lisboa,,Alliance,https://www.bjjheroes.com/?p=8874,"Thomas Lisboa is aBrazilian jiu jitsublack belt underFábio Gurgelas well as one of the main light featherweight competitors of his generation. A reputation earned while competing for theAlliance Jiu Jitsuteam, for whom Lisboa earned medals in tournaments such as the International Brazilian Jiu Jitsu Federation (IBJJF) World No-Gi Championship and European International Open Championship. Full Name:Thomas L. Correa Lisboa",False
12057,Todd Margolis,Todd,Margolis,,Potomac MMA,https://www.bjjheroes.com/?p=12057,"Todd Margolis is a jiu-jitsu black belt underPedro Sauer, founder of the Potomac MMA Academy, who worked extensively withLloyd Irvinand Mário Yamasaki. During the early 2000s, Margolis was widely regarded as one of the top grapplers in the world, a reputation earned after he beat big names of the sport such asMarc Laimon,Pablo Popovich,Rafael Lovato Jr., Kenny Florian, Ricky Migliarese,Shawn Williams, and medaled in the ADCC US Trials. Todd Margolis was also the first American athlete to reach the final of the International Brazilian Jiu-Jitsu Federation’s (IBJJF) Pan American Championships at the adult black belt level, and the first US athlete to conquer a medal in the tournament’s open weight division (adult BB). Full Name:Todd M. Margolis",False
3458,Totila Jordan,Totila,Jordan,Pitoco,,https://www.bjjheroes.com/?p=3458,"Totila Jordan, commonly known by his nickname ‘Pitoco’, is aBrazilian Jiu Jitsublack belt under the illustrious Renan Pitanguy, being also the co-founder of the Infight Academy. Master Pitoco was also one of the first coaches to develop Jiu Jitsu in the surfing hotspot ofBarra da Tijucain Rio de Janeiro, paving the way to teams such asGracie Barra, bettering the techniques of several of the sports finest grapplers of the 80’s and 90’s eras. Full Name:Totila Jordan Neto",False
8105,Tommy Langaker,Tommy,Langaker,,Nova Uniao,https://www.bjjheroes.com/?p=8105,"Tommy Langaker is a Brazilian jiu-jitsu black belt from Norway who earned his rank directly fromJosé Carlosof Kimura –Nova Uniao, having also worked extensively withRafaelandGuilherme Mendes. Langaker is revered as one of the most exciting BJJ competitors of his generation, a reputation earned while grappling in the lower belt divisions of the sport, a time when he earned important titles such as IBJJF Pans and European Open champion, also winning Copa Podio’s team challenge – “Vikings vs Cabras da Peste” (Scandinavia vs Northeast of Brazil). Full Name:Tommy Lilleskog Langaker",False
1994,Travis Lutter,Travis,Lutter,,,https://www.bjjheroes.com/?p=1994,"Travis Lutter is ajiu jitsublack belt underCarlos Machadoand a former professional MMA fighter, famous for his win of The Ultimate Fighter (season 4) tournament and his run in the UFC’s middleweight division. Before his MMA career, Travis led a very successful grappling one with medals at important tournaments such as the North American ADCC trials and theWorld Jiu Jitsu Championships. Full Name:Travis Shawn Lutter",False
10903,Travis Stevens,Travis,Stevens,,,https://www.bjjheroes.com/?p=10903,"Travis Stevens is an American grappler who holds the rank of black belt in both judo as well as jiu-jitsu and worked extensively with two legendary coaches of each individual sport, namely Jimmy Pedro (judo) andJohn Danaher(jiu-jitsu). Stevens competed in the 2008, 2012, and 2016 Summer Olympics as a judoka in the men’s 81-kilogram (178.5 lbs) division. Stevens was also the third American male judoka to conquer a silver medal in the Olympics, a podium he earned on August 9, 2016. Full Name:Travis Stevens",False
12003,Tye Ruotolo,Tye,Ruotolo,,Atos,https://www.bjjheroes.com/?p=12003,"Tye Ruotolo is a professional jiu-jitsu athlete and a representative ofAndré Galvão‘sAtos Academy. He is also 50% of the Ruotuolo Twins – a representation he shares with his brother and fellow world-class grappler, Kade. Precociously talented, the Ruotolo Brothers became widely recognized as two of the hottest prospects in the grappling world at the age of 10, when they received their first major brand endorsement. On the professional-grappling competitive circuit, Tye’s first breakthrough moment was at the2019 ADCC World Championship– the sport’s most respected NO-GI tournament – in which he competed as a 16-year-old blue belt and conquered a #4 placement. Tye Ruotolo would later become the youngest-ever IBJJF (International Brazilian Jiu-Jitsu Federation) World Champion (2022), a title he conquered after fellow tournament finalistMicael Galvaowas removed from the podium for testing positive for PED’s by the USADA. Full Name:Tye Ruotolo",False
12671,Uanderson Ferreira,Uanderson,Ferreira,,,https://www.bjjheroes.com/?p=12671,"Uanderson Ferreira is a professional jiu-jitsu athlete and a representative of the Commando Group team in the AJP (Abu Dhabi Jiu-Jitsu Tour) pro grappling circuit. Ferreira first made waves as a blue belt, competing in the International Brazilian Jiu-Jitsu Federation (IBJJF) league, but his first major breakthrough at the professional level took place at the King Of Mats 85KG Grand Prix in March 2022, where he defeated some of the sports prime black belts while competing as a brown belt, a performance that earned Uanderson the gold medal. Full Name:Uanderson Ferreira de Oliveira",False
1491,Ulpiano Malachias,Ulpiano,Malachias,,Gracie Barra,https://www.bjjheroes.com/?p=1491,"Ulpiano Malachias is aBrazilian Jiu-Jitsublack belt underCarlos Gracie Jr. being also one of the key figures in the Gracie Barra franchise as the proprietor of one of the largest branches of the “Red Shield” academy: The Gracie Barra Westchase in Houston – TX, United States of America. As a competitor Ulpiano earned important medals in the International Brazilian Jiu-Jitsu Federation (IBJJF) having represented a number of important coaches along his path in this martial art, includingErik WanderleiandBruno de Paula. In 2017 Malachias wasinterviewedby BJJ Heroes, being recognized as one of the most successful businessmen in our sport. Full Name:Ulpiano Malachias Neto",False
8394,Vagner Rocha,Vagner,Rocha,Ceara,VRMMA,https://www.bjjheroes.com/?p=8394,"Vagner Rocha, commonly known as Ceará is aBrazilian jiu-jitsublack belt underPablo Popovitch, known for his achievements in grappling and mixed martial arts (MMA) – having competed for the top promotions in both sports, the ADCC (BJJ) and the Ultimate Fighting Championship (MMA). Rocha is also an ADCC medalist and the founder of Vagner Rocha Martial Arts, a well-known association in the South Florida region. Full Name:Vagner Rocha",False
10501,Valdir Araujo Junior,Valdir,Araujo Junior,"BB Monster, BB Monstro",,https://www.bjjheroes.com/?p=10501,"Valdir Araújo Junior, often referenced as BB Monstro (which means Baby Monster in Portuguese), is a well-known grappler and former professional mixed martial arts (MMA) cage fighter, who competed in The Ultimate Fighter (TUF 21) in 2015 and Bellator MMA. In grappling, BB Monster has a black belt in judo and jiu-jitsu – awarded byDaniel Valverde, with important medals to his credit, including at several ADCC Brazilian Trials podium placements. Competitively Valdir Araújo has represented a range of teams, including Masters MMA, Blackzillians, Blackhouse and Fight Sports. Full Name:Valdir Araújo de Lima Junior",False
1851,Valmyr Neto,Valmyr,Neto,,,https://www.bjjheroes.com/?p=1851,"Valmyr Neto is one of the topBrazilian Jiu Jitsublack belts competing and coaching in the United Kingdom. Originally fromBelém do Pará(the birthplace of Jiu Jitsu in Brazil), Neto travelled to England after he earned his black belt from Walter “Broca”, where he established his team in the region of Gravesend, Kent. Full Name:Valmyr Mattos Pereira Neto",False
9083,Vanessa English,Vanessa,English,,Gracie Barra,https://www.bjjheroes.com/?p=9083,"Vanessa English is aBrazilian jiu jitsublack belt underVictor Estimaand representative of theGracie Barra– Nottingham (UK) academy. Vanessa broke out as one of BJJ’s hottest prospects in 2013, as a purple belt, after sequential wins at the International Brazilian Jiu Jitsu Federation (IBJJF) European Open, World Championship and European No-Gi Open. Vanessa would later cement her status as one of the sport’s top featherweight athletes, as a black belt, through more high level victories in jiu jitsu’s main competitive circuit. Full Name:Vanessa English",False
11909,Vanessa Griffin,Vanessa,Griffin,,Team Lloyd Irvin,https://www.bjjheroes.com/?p=11909,"Vannessa Griffin is a jiu-jitsu black belt underJulius Parkand a member of the Crazy 88 Academy, who often represents Team Lloyd Irvin in the sport’s international circuit. Griffin made waves in grappling during her colored belt career, a time when Vanessa conquered numerous titles of the International Brazilian Jiu-Jitsu Federation (IBJJF) league such as the World, World No-Gi, Pan, Pan No-Gi, and European Championships. Full Name:Vannessa Nancy Griffin",False
2073,Vanessa Oliveira,Vanessa,Oliveira,,GF Team,https://www.bjjheroes.com/?p=2073,"Vanessa Oliveira is aBrazilian jiu jitsublack belt under MasterJulio CesarfromGrappling Fight Team, and one of the top female competitors in the women’s middleweight division having medalled in important tournaments such as the World Jiu Jitsu Championships, the Pan American, Brazilian Nationals and Rio Open. Full Name:Vanessa Oliveira do Nascimento",False
10210,Vedha Toscano,Vedha,Toscano,,Team Fabio Clemente,https://www.bjjheroes.com/?p=10210,"Vedha Toscano is aBrazilian jiu-jitsublack belt underFábio Clemente(her father), and one of the main representatives of the Team Fábio Clemente /Checkmat BJJteam coalition in the sport’s international circuit. Toscano gained worldwide recognition as one of her generation’s top athletes after consistent wins in the colored belt divisions of BJJ, particularly while competing in the main championships of the International Brazilian Jiu-Jitsu Federation (IBJJF). Vedha Toscano is also the sister of another accomplished grappler, Mr. Zata Toscano. Full Name:Vedha Clemente Toscano",False
7732,Vicente Junior,Vicente,Junior,,BJJ Conquest,https://www.bjjheroes.com/?p=7732,"Vicente Júnior is aBrazilian jiu jitsublack belt underRicardo De La Rivaand co-founder of the BJJ Conquest grappling academy in Maryland – USA. Vicente Júnior is also one of the most active competitors in the Master’s division, having conquered IBJJF Pan American titles in both gi and no-gi as well as a world no-gi title. Full Name:Luiz Vicente da Silva Júnior",False
1945,Victor Costa,Victor,Costa,,,https://www.bjjheroes.com/?p=1945,"An accomplishedjiu jitsublack belt (under the legendaryLeo Vieira), Victor Costa has won prestigious tournaments such as the Pan American, Brazilian Nationals and the European Open. Victor is also the founder and proprietor of the Koral Fight Co. brand, one of the leading kimono manufacturers in the world. Full Name:Victor Dias Vieira da Costa",False
1617,Victor Estima,Victor,Estima,,Gracie Barra,https://www.bjjheroes.com/?p=1617,"Victor Estima is aJiu-Jitsublack belt underCarlos Gracie Junior, who worked extensively withZé Radioladuring the early years of his career. Victor made a name for himself as one of the top middleweight competitors of his generation, earning medals in important tournaments such as the European Open and World Championships, though he is remembered by many as one of the creators of the “Estima Lock“, a common submission used in jiu-jitsu and a position Victor created together with his older brother,Braulio Estima. Full Name:Victor de Oliveira Estima",False
10159,Victor Hugo,Victor,Hugo,,Ribeiro JJ,https://www.bjjheroes.com/?p=10159,"Victor Hugo Marques, or simply Victor Hugo (height – 195cm /6’4, weight – 115 kg / 255 lbs), is aBrazilian jiu-jitsublack belt underSauloandAlexandre Ribeiro(Xande) of the Six Blades Association, who worked extensively with Ricardo Costa (DBK). Hugo became widely recognized as one of the biggest prospects in the sport while competing in the lower belt divisions of grappling, where he conquered numerous titles in the International Brazilian Jiu-Jitsu Federation (IBJJF) circuit, including the Grand Slam (European Open, Brazilian National, Pan American, and World Championship) in both his weight class and the absolute division (2019). Full Name:Victor Hugo Costa Marques",False
3110,Victor Genovesi,Victor,Genovesi,,Alliance,https://www.bjjheroes.com/?p=3110,"One of the topBrazilian Jiu Jitsucompetitors of an exciting new generation of featherweight fighters to have appeared in BJJ post 2010, Victor Genovesi is also the son of marathon runner Dani Figueiredo and her husband (one of the top BJJ coaches in the world)Alexandre Paivawho has coached many great fighters such as:TererêandLeo Leite, with whom Victor has trained since his teenage years. Full Name:Victor Figueiredo Genovesi",False
11754,Victor Nithael,Victor,Nithael,,Nova Uniao,https://www.bjjheroes.com/?p=11754,"Victor Nithael de Oliveira Marques, commonly known as Victor Nithael, is a jiu-jitsu pro athlete and a black belt under Rodrigo Feijão, who represented both the Clube Feijão and Nova União teams on the sport’s international circuit. Working extensively with coaches Feijão and Ivan Lima – the latter in the earlier stages of his career – Nithael became widely regarded as one of grappling’s top prospects, particularly after his wins on the International Brazilian Jiu-Jitsu Federation (IBJJF) league, namely in tournaments such as the World Championships and the Brazilian Nationals. Full Name:Victor Nithael de Oliveira Marques",False
8090,Vincent Nguyen,Vincent,Nguyen,,ONE JJ,https://www.bjjheroes.com/?p=8090,"Vincent Nguyen is a French black belt inBrazilian jiu jitsu, a rank achieved while training withRafaelandGuilherme Mendesat the world class Art Of Jiu Jitsu academy (AOJ) in California – USA. One of the top competitors of his generation in Europe having representedAtosand more recentlyGF Team, Vincent Nguyen is also the co-founder of ONE Jiu Jitsu – a prime academy in France, located in Lyon. Full Name:Vincent Nguyen",False
730,Vinicius Aieta,Vinicius,Aieta,,Gracie Humaita,https://www.bjjheroes.com/?p=730,"Vinicius “Vini” Aieta is a highly regardedBrazilian Jiu Jitsu, a black belt underRoyler Graciehe became the head coach of Gracie Tijuca (an affiliate gym ofGracie Humaitá) who’s had tremendous influence in the development of some elite grapplers such as:Leticia Ribeiro,“Xande” Ribeiro,Vinny Magalhaes, Gustavo Correa, Fabricio “Morango” Camoes and many others. He has also been called on to coach his own master (Royler) for a few of his MMA fights. Full Name:Vinicius Aieta",False
12298,Vinicius Coelho,Vinicius,Coelho,Villem,Gracie Barra,https://www.bjjheroes.com/?p=12298,"Vinícius Coelho, commonly known as Villeem Coelho is a well-respected jiu-jitsu instructor and founder of theGracie Barra Academyfranchise in the Jacarepaguá neighborhood of Rio de Janeiro, one of the strongest talent building programs in the sport with connections to the development of modern-day grappling champions such asJordan Vaisman, João Soeiro,Lucas Norat, Pedro Lucas, Gabriel Machado, Gabriel Revoredo to name a few. Full Name:Marcus Vinícius de Oliveira Coelho​",False
1275,Vinicius Corrales,Vinicius,Corrales,,Gracie Humaita,https://www.bjjheroes.com/?p=1275,"Vinicius Corrales is a Brazilian Jiu Jitsu black belt underFernando Paradedafrom Porto Alegre, Brazil. One of the best fighters in the southern region of the country, Corrales made a dent in the sport’s landscape in 2011 by reaching the final of the World Pro Cup in Abu Dhabi, he would go on to win a world title at the IBJJF World No Gi Championship. Full Name:Vinicius Dornelles Corrales",False
9180,Vinicius Ferreira,Vinicius,Ferreira,Trator,Alliance,https://www.bjjheroes.com/?p=9180,"Vinícius Ferreira Gazola, commonly known as Vinícius “Trator” (Tractor), is aBrazilianjiu-jitsublack belt underFábio GurgelandMichael Langhi, being also one of the top representatives of theAlliance Academy. Widely regarded as one of the top competitors of his generation, Ferreira conquered important titles in the International Brazilian Jiu-Jitsu Federation (IBJJF) circuit, including World, World No-Gi and Pan American gold medals. Full Name:Vinícius Ferreira Gazola",False
13190,Vinicius Lessa,Vinicius,Lessa,,Calasans Camargo,https://www.bjjheroes.com/?p=13190,"Vinicius Alves Lessa Paula, commonly known as Vinicius Lessa in the sport of jiu-jitsu, is a professional grappler and a black belt underClaudio Calasans& Álvaro Borges Junior, who worked extensively with coach André Papini during his colored belt career. Vinicius Lessa first made waves in jiu-jitsu after his 2021 win at the Abu Dhabi Jiu-Jitsu Pro Tour (AJP) as a brown belt, a good form that he proved consistent as a black belt, particularly while competing on the International Brazilian Jiu-Jitsu Federation (IBJJF) circuit. Full Name:Vinicius Alves Lessa Paula",False
13417,Vinicius Liberati,Vinicius,Liberati,,Fratres,https://www.bjjheroes.com/?p=13417,"Vinicius Liberati is a jiu-jitsu black belt underCicero Costha, who first made a name for himself in this sport while competing in lower belt divisions, where he conquered numerous important titles of the International Brazilian Jiu-Jitsu Federation (IBJJF), the Confederação Brasileira de Jiu-Jitsu (CBJJ), and the Abu Dhabi Jiu-Jitsu Pro (AJP) leagues, including World, South American, and Brazilian National gold medals. Full Name:Vinicius Liberati",False
374,Vinicius Magalhaes,Vinicius,Magalhaes,Draculino,Gracie Barra,https://www.bjjheroes.com/?p=374,"Vinicius Magalhaes, commonly known by his nicknameDraculino, is aBrazilian Jiu Jitsuinstructor responsible for raising the games of grapplers such asRomulo Barral,Samuel Braga,Marcelo Azevedo,Brandon Mullinsamong many others, making his BJJ program one of the most successful in the sport. “Draculino” first started teaching his ‘system’ at his school in Belo Horizonte (Minas Gerais, Brazil) which was the firstGracie Barraaffiliate outside of Rio de Janeiro. He later moved to the United States, settling in Houston – Texas. Full Name:Vinicius Bittencourt Almeida Magalhães.",False
733,Vinicius Magalhaes,Vinicius,Magalhaes,"Vinny, Pesao",,https://www.bjjheroes.com/?p=733,"Vinny Magalhães, also known asPezão, is one of the top Brazilian Jiu-Jitsu competitors of his generation, being also a retired mixed martial arts (MMA) fighter, and former The Ultimate Fighter (TUF) season 8 finalist. Vinny worked with instructors such as Royler Gracie, Vini Aieta and Eddie Bravo, becoming well known for his submission orientated grappling style, a style he has used to submit great competitors such asMarcio Cruz,Rodrigo Cavaca,Roberto Cyborg,Bruno Bastosand many others in Grappling competitions. Full Name:Vinicius de Magalhães",False
9956,Vinicius Pereira,Vinicius,Pereira,,Cassão Team,https://www.bjjheroes.com/?p=9956,"Vinicius dos Santos Pereira is a Brazilian jiu-jitsu black belt underCássio Franciswho represented Cassão Team in the sport’s international figures during the first few years of his career, a team associated with Gracie Barra. Pereira earned his place as one of BJJ’s rising stars during his brown belt career, a time when Vinicius conquered numerous important titles on the International Brazilian Jiu-Jitsu Federation (IBJJF) circuit. In 2021 Vinicius Pereira joined the neighboringFelipe PenaTeam (FP Team), another squad associated with GB. Full Name:Vinicius dos Santos Pereira",False
4235,Victor Silverio,Victor,Silverio,,GF Team,https://www.bjjheroes.com/?p=4235,"Victor Silvério is aBrazilian Jiu Jitsublack belt, a grade he earned training under the supervision of the illustrious MasterJulio Cesarof theGrappling Fight Team(GFT). Silvério was singled out as one of the top prospects in the sport after his winning performance at the UAEJJF Abu Dhabi World Pro Championships back in 2009, where he competed as a juvenile athlete. Since then, Victor Silvério cemented his status with several wins at some of the world’s most respected tournaments. In 2017 Victor joinedGracie Barra‘s Northridge academy, a group led byRomulo Barral. Full Name:Victor Silvério Santos",False
81,Vitor Ribeiro,Vitor,Ribeiro,Shaolin,Nova Uniao,https://www.bjjheroes.com/?p=81,"Vitor Ribeiro, commonly known as “Shaolin” is a formerBrazilian jiu jitsublack belt IBJJF World Champion and CBJJ National Champion, who is regarded as one of the best lightweight competitors to have ever graced the sport. A member of the famous 2x World ChampionNova Uniaoteam of the late 1990’s, Shaolin transitioned to mixed martial arts (MMA) during the 2000’s, becoming a big name in cage-fighting also, competing for prestigious MMA organizations such as Strikeforce , Dream, K-1, Shooto and Cage Rage. Full Name:Vitor de Souza Ribeiro",False
2035,Vitor Henrique,Vitor,Henrique,,GF Team,https://www.bjjheroes.com/?p=2035,"Vitor Henrique Oliveira, also known as “Vitinho” is ajiu-jitsublack belt and a representative of the well-respectedGF Teamacademy (formerly of Pit-bull Jiu-Jitsu). Vitor Henrique made himself noticed by the mainstream grappling community through his aggressive style of competing, a style that he used in of the best matches of the 2012 world championships (againstBill Cooper). Oliveira has also placed in important competitions such as the IBJJF World Championship, World Cup (CBJJO), theBrasileiro( IBJJF Brazilian nationals), American nationals, and Rio International Open. Full Name:Vitor Henrique Silva Oliveira",False
1986,Vitor Toledo,Vitor,Toledo,Gigante,,https://www.bjjheroes.com/?p=1986,"Vitor Toledo, also known as “Gigante” is ajiu jitsublack belt under Erivaldo Junior with a long list of achievements in the black beltmedium heavy weight division. Since moving to theAtos Jiu Jitsuteam Toledo started making a bigger impact in the main events of the BJJ calendar, namely two silver medals at thePan American& theWorld Pro Cup(2012). Vitor is also the cousin of another established black belt, Eduardo Toledo. Full Name:Vitor Fábio Martins Toledo",False
14169,Vitoria Assis,Vitoria,Assis,,,https://www.bjjheroes.com/?p=14169,"Vitória de Assis is a jiu-jitsu black belt under Bruno Leonardo “Formiga” andRafael Barbosa “Formiga”, as well as an accomplished competitor in the sport’s competitive circuit. Vitória first made waves as an athlete while competing in the International Brazilian Jiu-Jitsu Federation (IBJJF) league, where she conquered numerous important medals in the Gi (kimono) and No-Gi (no-kimono/grappling) rulesets. Full Name:Vitória Damiana Silva de Assis",False
12594,Vitoria Vieira,Vitoria,Vieira,,GF Team,https://www.bjjheroes.com/?p=12594,"Vitoria Vieira is a jiu-jitsu black belt under Flávio Soldado, who worked extensively with coachJúlio César Pereirawhile representingGF Teamin the sport’s global circuit. Vieira is widely regarded as one of the top lightweights of her generation, a reputation earned while competing as a brown belt on the International Brazilian Jiu-Jitsu Federation (IBJJF) league, a time when Vitoria conquered the World Championships and the Brazilian Nationals as well as a bronze medal in the South American Championship. Full Name:Vitoria Carollina Araujo Vieira",False
272,Wagner Campos,Wagner,Campos,Galeto,,https://www.bjjheroes.com/?p=272,"Wagner Campos also known as “Galeto” is a very accomplished Brazilian Jiu Jitsu black belt under Gile Ribeiro and a former medallist in important tournaments such as the World Cup (2008) and the South American Championship (2008). in 2006 Wagner premiered in mixed martial arts (MMA), following a successful career in this sport as well. In 2012 Wagner Campos was invited to become part of the cast of TUF Brazil (The Ultimate Fighter) Full Name:Wagner Campos",False
2175,Wagnney Fabiano,Wagnney,Fabiano,,Nova Uniao,https://www.bjjheroes.com/?p=2175,"Wagnney Fabiano is aBrazilian Jiu-Jitsublack belt underWendell Alexanderwho turned into a professional MMA fighter in the early 2000s, becoming the IFL (International Fight League) Featherweight Champion. A very successful BJJ competitor in the 1990’s, Fabiano conquered several important trophies such as the Brazilian National Championship and the National Teams tournament. Wagnney Fabiano is also the older brother of the famous 4x BJJ World Cup ChampionLeo Santos. Full Name:Wagnney Fabiano Santos",False
11709,Wallace Costa,Wallace,Costa,,GF Team,https://www.bjjheroes.com/?p=11709,"Wallace Costa da Silveira is a jiu-jitsu black belt under Gabriel Marinho and a representative ofGFT (Grappling Fight Team). Wallace first made waves in the sport’s international circuit during his colored belt divisions run, particularly in the International Brazilian Jiu-Jitsu Federation (IBJJF) league where Costa conquered important titles in the World (gi and no-gi), Pan and South American Championships.v Full Name:Wallace Costa da Silveira",False
25,Waldemar Santana,Waldemar,Santana,,,https://www.bjjheroes.com/?p=25,"Waldemar Santana was one of the biggest names in thejiu jitsu/grappling and vale-tudo (no holds barred) Brazilian circuit during the 1950’s decade. Originally a student of Helio Gracie at theGracie Academy, Waldermar would later turn against his former instructor and become a bitter rival of the team, fighting Helio Gracie in 1955, in the longest no holds barred fight ever recorded (almost 3 hours) when he defeated the iconic member of theGracie family. Santana would also fightCarlson Gracieon 3 occasions. Full Name:Waldemar Santana",False
1097,Waldomiro Perez,Waldomiro,Perez,,Cia Paulista,https://www.bjjheroes.com/?p=1097,"Waldomiro Perez Junior is a historical Jiu Jitsu figure in the Brazilian state of Sao Paulo. A black belt in BJJ underMarcelo Behringand a Judo black belt under Olympic bronze medallist Shiak Ishi, Waldomiro Perez has graduated important fighters such asRoberto Godoi,Jorge PatinoandMax Trombini, having also been part of the famous MMA reality show “The Ultimate Fighter” on two occasions (TUF7 and TUF10) in the condition of grappling coach. He was also the founder of Cia Paulista, one of the most important BJJ academies in Sao Paulo having been as well the vice president of the FPJJ (Federacao Paulista de Jiu Jitsu) the first Sao Paulo BJJ federation – an organization he co-founded withMoises Murad. Full Name:Waldomiro Perez Junior",False
11572,Waldir Filho,Waldir,Filho,,BTT,https://www.bjjheroes.com/?p=11572,"Waldyr Filho is ajiu-jitsublack belt underRicardo Marquesand a representative of the Brazilian Top Team (BTT), Juiz de Fora branch, a prosperous academy, known for producing top-level athletes. Waldyr made a name for himself while competing in the colored belt divisions of the sport, particularly in the IBJJF (International Brazilian Jiu-Jitsu Federation) circuit, a time when he conquered important medals in the World, European and Brazilian National Championships. Full Name:Waldyr Alberto Costa Santos Filho",False
508,Walid Ismail,Walid,Ismail,,Carlson Gracie,https://www.bjjheroes.com/?p=508,"Wallid Ismail is a legendaryBrazilian jiu-jitsu(BJJ) black belt who competed for theCarlson Gracie Academyfrom the 1980’s decade until the early 2000s in both BJJ and mixed martial arts (MMA). Wallid was famed for his “never say die” attitude, his loyalty to his instructorCarlson Gracie, his “clashed” with a few members of theGracie familyas well as his involvement in thejiu jitsu vs luta livrerivalry during the 1990s. After retiring from competitive jiu-jitsu and MMA Wallid Ismail became a fight promoter, leading the Jungle Fight organization in Brazil. Full Name:Wallid Farid Ismail",False
11632,Washington Luis Lima,Washington,Luis Lima,,,https://www.bjjheroes.com/?p=11632,"Washington Luis Lima is a jiu-jitsu black belt under MasterCésar “Casquinha” Guimarães, who worked extensively withJúlio César Pereirawhile representing theGF Teamin the sport’s international circuit. Washington Luis became known as one of the most active athletes on the International Brazilian Jiu-Jitsu Federation (IBJJF) circuit as a black belt, being particularly successful while competing in the Masters division, where he conquered World titles in no-gi and the gi. Full Name:Washington Luis do M. Lima",False
1891,Walter Mattos,Walter,Mattos,,,https://www.bjjheroes.com/?p=1891,"Walter Mattos is a historicJiu Jitsufigure and one of the broadcasters for Jiu Jitsu in the southern region of Brazil, being alongside his friendZe Mario Sperry, the founder of Sul Jiu Jitsu one of the biggest academies in the area, responsible for producing great fighters such as Fernando Paradeda andVinicius Corrales. Full Name:Walter Mattos Filho",False
8842,Wanki Chae,Wanki,Chae,,John Frankl Jiu-Jitsu,https://www.bjjheroes.com/?p=8842,"Wanki Chae is aBrazilian jiu jitsublack belt underJohn Frankl, as well as a top contender in this sport’s featherweight division while being also one of the first high end competitors to come out of South Korea. Chae is well known for his submission oriented game and for his wins in important tournaments such as the IBJJF London Winter Open, UAEJJF Abu Dhabi Grand Slam Tour and Rickson Cup. Full Name:Wanki Chae",False
13209,Welerson Goncalves,Welerson,Goncalves,,,https://www.bjjheroes.com/?p=13209,"Welerson Gonçalves da Silva, commonly referenced as Welerson Gonçalves (phonetically sounds like Welerson Gonsalves), is a professional grappler and a jiu-jitsu black belt under Polengue Dias who represents team Nova União in the International Brazilian Jiu-Jitsu Federation (IBJJF) and Abu Dhabi Jiu-Jitsu Pro (AJP) Tour’s circuits. Gonçalves is well recognized as one of the top players in Brazil, a status earned through his numerous medals in important tournaments such as the IBJJF South American, European, and the Brazilian National Championships. Full Name:Welerson Gonçalves da Silva",False
613,Wellington Dias,Wellington,Dias,Megaton,Gracie Humaita,https://www.bjjheroes.com/?p=613,"Wellington Dias, most commonly known in theJiu Jitsucommunity as “Megaton”, is a Judo and BJJ black belt famous for a competitive drive which has kept him at the top of his game for two decades. ThisGracie Humaitáteam representative is the only Jiu Jitsu fighter to have competed in all first 16 editions of the World BJJ Championships as a black belt (from 1996 until 2018), having reached the podium on 4 occasions. Megaton is also the father of Brazilian jiu jitsu starMackenzie Dern. Full Name:Wellington Leal Dias",False
634,Wendell Alexander,Wendell,Alexander,,Nova Uniao,https://www.bjjheroes.com/?p=634,"Wendell Alexander is one of the most prominent unsung heroes inBrazilian Jiu Jitsu. The Co-Founder of one of the biggest teams in BJJ, the Nova Uniao, he also coached and graduated as black belts some of the biggest names in the sport, such asLeonardo Santos, Rodrigo “Riscado”,Bruno Bastosand many, many others. Full Name:Wendell Alexander",False
14067,Wilson Bueno,Wilson,Bueno,,,https://www.bjjheroes.com/?p=14067,"Wilson Bueno Junior is a jiu-jitsu black belt representing the Checkmat affiliation in the sport’s international circuit. Bueno broke out on the global scene while competing in the Masters Division of the International Brazilian Jiu-Jitsu Federation (IBJJF) in 2023, when he won his first European title, a good form he would surpass the following year with wins in the Masters World Championship, European (Gi & No-Gi), and the Pan No-Gi Championship. Full Name:Wilson Bueno de Moraes Júnior",False
2517,Wilson Mattos,Wilson,Mattos,,,https://www.bjjheroes.com/?p=2517,"Master Wilson Mattos, also known as “Shihan”, is aBrazilian Jiu Jitsu9th degreered belt, who previously earned his black belt rank in 1970, while training at the Fadda Academy. A devout follower of Grand MasterOswaldo Fadda, Wilson formed his own academy in the 70’s (Equipe Mestre Wilson), a team with affiliates all over the world, in countries such as Brazil, the United States of America and Japan. Full Name:Wilson Pereira Mattos",False
11559,William Abreu,William,Abreu,,Black House,https://www.bjjheroes.com/?p=11559,"William Abreu is a former folkstyle, freestyle, and Greco-Roman wrestler, who is also a jiu-jitsu black belt underRoberto “Cyborg” Abreu, as well as the head grappling coach of the Black House Academy in Miami Beach, Florida. Abreu made a name for himself in wrestling during his high school career, later turning his attention towards BJJ where he earned important titles from the International Brazilian Jiu-Jitsu Federation (IBJJF) circuit, particularly in no-gi BJJ. Full Name:William Abreu",False
11771,William Tackett,William,Tackett,,Brazilian Fight Factory /Checkmat,https://www.bjjheroes.com/?p=11771,"William Tackett is a professional jiu-jitsu athlete who specializes in the no-gi style of grappling. A black belt underRodrigo Cabral (Brucutu)and a representative of the Brazilian Fight Factory in Austin, TX, Tackett first made waves in the sport while competing in the adult division as a minor, a time when he shocked many in this sport by beating and submitting several top tier black belts. William would continue to prove his worth and his reputation as one of America’s most talented athletes with outstanding performances on the professional circuit, while still holding colored belt status. These performances led BJJ Heroes to acknowledge and highlight the talented (adopted) Texan in our profile listings, Tackett being only the 3rd brown belt feature on our site in over a decade. Full Name:William Tackett",False
11794,Willis Nunes,Willis,Nunes,Pipoca,Checkmat,https://www.bjjheroes.com/?p=11794,"Willis Nunes is a jiu-jitsu black belt underCarlos Holanda, who worked extensively with coachesHenrique MachadoandKaiser Girãoof theCheckmat Jiu-Jitsu Team(Dallas, TX branch). Nunes became widely recognized as one of the sport’s foremost competitors after his performance on the International Brazilian Jiu-Jitsu Federation’s (IBJJF) 2020 Pan American No-Gi Championships, Willis’ first major gold medal in grappling’s pro-circuit. Full Name:Willis da Mota Nunes",False
11293,Wilson Moreira Costa,Wilson,Moreira Costa,,PSLPB,https://www.bjjheroes.com/?p=11293,"Wilson Moreira Costa Junior, commonly known as “Itapevi” is a jiu-jitsu black belt underCicero CosthaandMurilo Santana, from São Paulo, Brazil, who represents the PSLPB / Unity Jiu-Jitsu team coalition in the sport’s global circuit. Moreira became widely recognized as one of the top grapplers of his generation while competing on the International Brazilian Jiu-Jitsu Federation (IBJJF) as a colored belt, a time when he conquered medals at the World and Pan Championships, European Open and the Brazilian Nationals, the top 4 ranked tournaments on the federation’s calendar. Full Name:Wilson Moreira Costa Junior",False
14237,Windson Torres,Windson,Torres,,,https://www.bjjheroes.com/?p=14237,"Windson Torres is a judo and jiu-jitsu black belt from the state of Goiás, Brazil, as well as one of the top competitors on the global BJJ Gi circuit, particularly active in the International Brazilian Jiu-Jitsu Federation (IBJJF) and the Abu Dhabi Jiu-Jitsu Pro Tour (AJP). Windson first made waves in the sport as a brown belt when he won numerous medals at the top tournaments of the IBJJF, which included a Worlds title (2024 adult brown belt), going on to cement his name in his rookie year in the professional division with a gold medal at the European Championship (2025). Full Name:Windson Alves de Oliveira Torres",False
8119,Xiong Yuxing,Xiong,Yuxing,Emma,,https://www.bjjheroes.com/?p=8119,"Xiong Yuxing, also known as Emma Xiong (often referenced also as Emma Xiong Y.X.) was the first female grappler from China to be awarded a black belt inBrazilian jiu-jitsu, which she received from the hands of the legendaryLetícia Ribeiroin June 2017. Xiong Yuxing is also one of the fastest recorded athletes to achieve the rank of black belt, having taken her just over 3 years to reach the grade, doing so after two sequential IBJJF world titles in the lower belt divisions. Full Name:Xiong Yuxing",False
8783,Yacinta Nguyen,Yacinta,Nguyen,,Toronto BJJ,https://www.bjjheroes.com/?p=8783,"Canadian grappler Yacinta Nguyen is aBrazilian jiu jitsublack belt under Jorge Britto a rank she also achieved in judo, being an international caliber competitor in both sports/martial arts. A former Canadian Judo Junior National Champion (2010) and Pan-American Junior Champion (2010), Yacinta made her mark in jiu jitsu with wins at the UAEJJF Abu Dhabi Pro and IBJJF World Championship, being one of Canada’s top representatives of her generation. Full Name:Yacinta X. Nguyen-Huu",False
5347,Yago de Souza,Yago,de Souza,,,https://www.bjjheroes.com/?p=5347,"Yago de Souza is a black belt inBrazilian jiu-jitsuunderCicero Costha, being one of the most talented middleweights of his generation. Yago, who started competing in jiu-jitsu under the supervision of Eduardo Franco and Rodrigo Ribeiro, built a career in the lower belt divisions of the sport by winning important tournaments such as the world championship, European Open, Brazilian National Championship, and South American Championship before receiving his black belt from the PSLPB team head instructor. Full Name:Yago Vinicius de Souza",False
12055,Yatan Bueno,Yatan,Bueno,,,https://www.bjjheroes.com/?p=12055,"Yatan Bueno is a jiu-jitsu black belt underFernando “Boi” Marquesand Ubiratam dos Santos (Jacaré), who also represented the Dream Art Project in the sport’s international circuit and later Team Fratres. Bueno’s reputation as one of the top ultra-heavyweight (+100,50 kg / +222.0 lbs) athletes of his generation was earned during his colored belt career, particularly after his wins over Victor Hugo as a purple belt at the CBJJE World Championships and AJP Goiania Pro (Hugo was one of the stars of the division at the time), a reputation he maintained in the professional division through his World and Pan American titles. Full Name:Yatan Martins Bueno",False
10897,Yara Soares,Yara,Soares,,,https://www.bjjheroes.com/?p=10897,"Yara Soares is aBrazilian jiu-jitsublack belt underLuiz Guilherme (Guigo), who worked extensively withLloyd Irvin, having represented both the Guigo JJ and Team Lloyd Irvin academies. Currently, under the Dream Art banner, a team she joined in 2021, Soares became widely recognized as one of the top athletes in the super-heavyweight division of the International Brazilian Jiu-Jitsu Federation (IBJJF) after conquering consecutive world titles in the purple and brown belt divisions (2018, 2019). Full Name:Yara Soares do Nascimento",False
13871,Yigit Hanay,Yigit,Hanay,,,https://www.bjjheroes.com/?p=13871,"Yigit Hanay is a Turkish grappler and a black belt in jiu-jitsu under Arturo Wesson, known for his no-gi/submission-grappling accolades. Despite being in a region with little history in this sport, Yigit Hanay made waves in the International Brazilian Jiu-Jitsu Federation (IBJJF) as a brown belt by conquering the World No-Gi Championship. He would also earn back-to-back medals at the ADCC Europe & Africa Trials of 2024. Full Name:Yigit Hanay",False
9121,Ygor Rodrigues,Ygor,Rodrigues,,Equipe Marcio Rodrigues,https://www.bjjheroes.com/?p=9121,"Ygor Rodrigues is aBrazilian Jiu-Jitsublack belt underMárcio Rodrigues(Ygor’s father), being also one of the main representatives of the Equipe Marcio Rodrigues team. Ygor first made waves in this sport / martial art while competing in the juvenile belt divisions, a time when he conquered 3 Brazilian national titles. This good form repeated throughout his career as an adult. Ygor is also the brother of another well-known grappler, Yago Rodrigues. Full Name:Ygor dos Santos Rodrigues",False
13389,Youngseung Cho,Youngseung,Cho,,,https://www.bjjheroes.com/?p=13389,"Youngseung Cho (조영승) is a South Korean martial artist who holds a jiu-jitsu black belt under Changuk Jung (John Frankl Association) as well as a black belt in taekwondo (4th degree). Youngseung Cho competed extensively in mixed martial arts, taekwondo, and BJJ, being particularly successful on the International Brazilian Jiu-Jitsu Federation (IBJJF) circuit, where he held high-profile wins. Full Name:Youngseung Cho",False
8536,Yuta Shimada,Yuta,Shimada,,Nexusense,https://www.bjjheroes.com/?p=8536,"Yuta Shimada is a judo and aBrazilian jiu-jitsublack belt, the latter a rank earned from Naoya Uematsu of the Nexusense academy. Shimada is also one of the top Japanese representatives in grappling’s international circuit, a reputation earned through his wins in important tournaments such as the IBJJF Asian Open and the ADCC Asia & Oceania trials while having also medalled in the World Championship and Brazilian Nationals in the lower belt division. Full Name:Yuta Shimada",False
996,Yuki Nakai,Yuki,Nakai,,Paraestra,https://www.bjjheroes.com/?p=996,"Yuki Nakai is a legendary martial arts fighter and Brazilian jiu jitsu black belt, who became well known by mixed martial arts (MMA) fans after his famous contest against Gerard Gordeau in 1995, where he was illegally eye-gouged and partially lost his eyesight, winning the fight highly debilitated and reaching the final againstRickson Gracie. Nakai has also been one of the main figures in the development of theBrazilian style of Jiu Jitsuto Japan, for which he was a tremendous ambassador. From his own gym, Paraestra, Yuki Nakai developed some of the most technical grapplers in “The Land of the Rising Sun” and the in world with the likes of MMA fighterShinya Aokiand World Jiu Jitsu ChampionYukinori Sasa. Full Name:Yuki Nakai",False
3348,Yukinori Sasa,Yukinori,Sasa,,Paraestra,https://www.bjjheroes.com/?p=3348,"Yukinori Sasa is aBrazilian Jiu-Jitsublack belt under the legendaryYuki Nakai, from the renowned grappling academy Paraestra in Japan. Though Sasa is not perceived as an avid competitor in the main IBJJF  competitions (Jiu Jitsu’s main federation), his skills have earned him medals at the black belt division of the World (Mundial) and Pan American championships, making him one of the top super featherweights of his generation. Full Name:Yukinori Sasa",False
11212,Yuri Hendrex,Yuri,Hendrex,,PSLPB,https://www.bjjheroes.com/?p=11212,"Yuri Hendrex is a jiu-jitsu black belt underCicero Costhaand Mardem Brito “Tubarão” as well as a representative of the PSLPB academy in this sport/martial art. Recognized as one of Brazil’s top grappling prospects, Hendrex’s reputation was conquered in São Paulo’s tournament circuit, one of the most competitive tours in the world, during Yuri’s colored belt career and later cemented as a professional, at the black belt level. Full Name:Yuri Hendrex Assunção Soares",False
1740,Yuri Simoes,Yuri,Simoes,Novinho,CTA,https://www.bjjheroes.com/?p=1740,"Yuri Simões is aBrazilian jiu-jitsublack belt underRicardo Vieira, who is widely regarded as one of the top competitors of his generation. Simões made a name for himself while competing in the lower ranks of the sport, where he won several important competitions such as the IBJJFMundial, World No-Gi Championship, and European Open before earning his black belt, going on to conquer the most important No-Gi tournament of all, the ADCC (2015). Yuri Simões is also the adopted brother of another BJJ star,Ary Farias. Full Name:Yuri Costa Simoes Martins da Silva",False
14266,Yuri da Silva,Yuri,da Silva,Brothers Club,,https://www.bjjheroes.com/?p=14266,"Yuri da Silva Campos, commonly known as Yuri Silva, is a jiu-jitsu black belt under Rodrigo Menezes and Carlos Augusto, who first made waves at a global level in this sport while representing the Guaruja (SP) based squad: Brothers Club, being one in a small number of athletes to achieve success at the highest level while representing a local academy. Yuri Silva gained notoriety in the colored belt divisions of the International Brazilian Jiu-Jitsu Federation (IBJJF) as a purple belt in 2023 after a gold medal at the Mundial, going on to conquer multiple important medals at the pro division (black belt) in the years that followed. Full Name:Yuri da Silva Campos",False
1122,Yusuke Honma,Yusuke,Honma,,Paraestra,https://www.bjjheroes.com/?p=1122,"Yusuke Honma is a Japanese practitioner of Brazilian Jiu Jitsu, being a black belt underYuki Nakaifrom the prestigious Paraestra academy, one of the first and finest BJJ institutions in Japan. Honma became a household name among the grappling community shortly after becoming the first Japanese practitioner to reach the final of an IBJJF World Championship in the adult male black belt division (2007), a deed he repeated the following year. In 2010 Yusuke Honma also launched himself into a professional MMA (mixed martial arts) career. Full Name:Yusuke Honma",False
3569,Yvone Duarte,Yvone,Duarte,,,https://www.bjjheroes.com/?p=3569,"Yvone Duarte was the first woman to achieve the rank of black belt inBrazilian Jiu-Jitsu, a promotion led byMaster Osvaldo Alvesin October 1990. For years Duarte’s story was hidden from jiu-jitsu’s history books as the martial art’s foremost female pioneer, her name was brought back to public knowledge after 2-year-long research done by BJJ Heroes which ended in 2014 (source here). Not only the first female black belt in BJJ, Yvone was also one of the main forces behind the implementation of a female division in Jiu-Jitsu competitions back in 1985, adding to her list of achievements, in 1997 Duarte became the first female to start her own BJJ team and was later a fundamental part of the restructuring of Brasilia’s Jiu-Jitsu Federation (the capital city of Brasil). In 2020 Yvone Duarte became the first female to achieve the rank of 6th degree in this sport, the IBJJF federation corrected the rank in August 2021, then raising Duarte’s promotion to 7th degree – coral belt. Full Name:Yvone Magalhães Duarte",False
12227,Zach Maslany,Zach,Maslany,,,https://www.bjjheroes.com/?p=12227,"Zach Maslany is a jiu-jitsu black belt underEddie Bravowho co-founded the 1oth Planet team affiliate in Bethlehem-Pennsylvania (10th Planet Bethlehem) with fellow 10P black belt JM Holland. Although an experienced competitor in grappling, mixed martial arts (MMA), karate, and kickboxing, Maslany is mostly known for is his impressive work as an instructor, where he developed internationally respected athletes such asJon Blank,Grace Gundrum, and Zack Edwards to name a few. Maslany is also the co-founder of Finishers Only, a popular submission-only style grappling tournament. Full Name:Zachary Paul Maslany",False
13341,Zach Kaina,Zach,Kaina,,AOJ,https://www.bjjheroes.com/?p=13341,"Zachary Kaima’alili Kaina-Kokubun, commonly known as Zach Kaina, is a professional jiu-jitsu athlete and a black belt under Guilherme Mendes, who represents team Art Of Jiu-Jitsu (AOJ) in the sport’s international circuit. Kaina is widely regarded as one of the top competitors of his generation, a reputation he earned while competing in the colored belt divisions of the International Brazilian Jiu-Jitsu Federation (IBJJF) league, where he earned numerous important medals before being promoted to the pro level. Full Name:Zachary Kaima’alili Kaina-Kokubun",False
1137,Zak Maxwell,Zak,Maxwell,,Gracie Humaita,https://www.bjjheroes.com/?p=1137,"Zak Maxwell is aBrazilian Jiu Jitsublack belt under Regis Lebre, and one of the top representatives of theGracie Humaitacamp of his generation. Already regarded as one of the hottest prospects in the American grappling circuit after winning jiu jitsu’s World Championship as a brown belt in 2009, Maxwell confirmed his status by winning the 2011 Las Vegas World Pro Cup Trials only a few months after receiving his black belt, defeating a seasoned veteran (Marcelo Mafra) on his way to the podium. Zak is also the son ofSteve Maxwell, one of the pioneers of the gentle art in the East Coast and an important figure in the world of fitness and physical health. Full Name:Zachary Maxwell",False
12968,Zayed Alkatheeri,Zayed,Alkatheeri,,,https://www.bjjheroes.com/?p=12968,"Zayed Alkatheeri is a professional jiu-jitsu athlete from the United Arab Emirates (UAE) who is a black belt in BJJ under coach Ribamar Santiago and the first Emirati to win a gold medal at the International Brazilian Jiu-Jitsu Federation (IBJJF) Pan American Championship at the adult black belt level. Zayed Alkatheeri made a name for himself as one of the sport’s top roosterweight athletes through his performances on the Abu Dhabi Jiu-Jitsu Pro (AJP) Tour circuit, a prestigious league where Zayed conquered the World Pro and Grand Slam events prior to his black belt promotion, a winning trend that carried through to Alkatheeri’s pro-level career. Full Name:Zayed Alkatheeri",False
4230,Shimon Mochizuki,Shimon,Mochizuki,,Checkmat,https://www.bjjheroes.com/?p=4230,"Shimon Mochizuki was the first Dane to achieve the belt rank of black belt inBrazilian Jiu Jitsu, a rank awarded byLeonardo Vieira, being also one of Europe’s most successful coaches. From hisCheckmat teamaffiliate academy ‘Arte Suave’, Mochizuki has developed some of the finest grapplers in Europe, competitors such asAlexander Trans,Ida Hansson,Shanti Abelha,Janni Larssonor Camila Hansen to name a few. Full Name:Shimon Mochizuki",False
4310,Tim Spriggs,Tim,Spriggs,,Lloyd Irvin,https://www.bjjheroes.com/?p=4310,"Tim Spriggs is aBrazilian Jiu-Jitsublack belt underJulius Parkof the Crazy 88 academy, an affiliate ofLloyd Irvin‘s academy. Born and raised in Columbia, MD (USA), the powerhouse, Spriggs made a career in the lower belt divisions of the sport, utilizing his strong guard passing game to win several important trophies such as a brown belt world title (2014), several Pan American titles and a World Expo GP title, also as a brown belt. Full Name:Timothy-Michael Spriggs",False
4334,Andre da Silva,Andre,da Silva,Marola,Nova Uniao,https://www.bjjheroes.com/?p=4334,"André Luiz Candido da Silva, commonly known in theBrazilian jiu jitsucommunity as André ‘Marola’ is a black belt underWendel Alexander, and the head coach ofNova União‘s jiu jitsu team, at the academy’s headquarters in Rio de Janeiro, Brazil, having replaced the legendaryAndré Pederneira’sposition as coach in the team in 2008. Full Name:André Luiz Candido da Silva",False
4381,Alain Pozo,Alain,Pozo,,Carlson Gracie,https://www.bjjheroes.com/?p=4381,"Alain Pozo is aBrazilian jiu-jitsublack belt under Wilson Junior and a member of the ZR Team, being the team’s head coach in the United Kingdom. One of the first students of the renownedZé Radiolaacademy during the late 1990s, Pozo traveled the world settling in the town of Colchester – Essex, England, where he developed some of England’s most promising jiu-jitsu competitors, competitors such as Taylor Pearlman, James Costa, Janis Rietskins, to name a few. Full Name:Alain Guerra Pozo",False
4420,Jacob McKee,Jacob,McKee,Budo Jake,Gracie Barra,https://www.bjjheroes.com/?p=4420,"Jacob McKee, commonly known as ‘Budo Jake’, is a 3rd degree aikido black belt as well as aBrazilian jiu jitsublack belt, the later awarded byCarlos Gracie Juniorof theGracie Barra academy. Jake is also the co-founder ofBudoVideos, one of martial arts’ largest retailers/producers, as well as being a respected host of a number of jiu jitsu related programs such as ‘This Week in BJJ‘, ‘Rolled Up‘,’ IBJJF TV’ and several live grappling broadcasts, produced by his company which have helped present the image of jiu jitsu in a professional manner, broadening the audience of the sport. Full Name:Jacob James McKee",False
4415,Jose Higinio,Jose,Higinio,,,https://www.bjjheroes.com/?p=4415,"Master José Higino is aBrazilian jiu jisu9th degreered beltfrom the famousOswaldo Faddalineage. A former student of Master Aderbal Baptista during the 1960’s, Higinio fought numerous no holds barred fights, later becoming the president of theLiga Brasileira de Lutas Associadas, a Brazilian fight promotion. José Higino is also a respected coach who produced established black belts, such as Fabrício do Couto. Full Name:José Higino Alves Nunes",False
4437,Riccardo Ammendolia,Riccardo,Ammendolia,Baleia,,https://www.bjjheroes.com/?p=4437,"Riccardo Ammendolia, also known as “Baleia”, is a Canadian bornBrazilian Jiu Jitsublack belt, famed in the grappling circuit for being one of the top commentators and promoters in the sport, having worked with prestigious organizations such asFIVE Grappling, Copa Podio and ADCC. Riccardo Ammendolia was also the first black belt ever graded by the multiple time world champion duo, theMendes Brothers(GuilhermeandRafael). Full Name:Riccardo Ammendolia",False
4430,Patrick Gaudio,Patrick,Gaudio,,GF Team,https://www.bjjheroes.com/?p=4430,"Patrick Gaudio is aBrazilian jiu-jitsublack belt, a rank awarded by his father Fabiano Gaudio in 2014. Patrick became recognized as one of the top grapplers of his generation while competing in the lower belt divisions of the sport where he often represented the Top Brother academy. He would later shift forGF Teamand train extensively withTheodoro Canalwith whom he conquered his brown belt IBJJF Worlds title and a UAEJJF Abu Dhabi Pro before joining the black belt division, there Gaudio’s outstanding performances cemented his claim as one of the best in jiu-jitsu. Full Name:Patrick Pontes Moura Santos Gaudio",False
4460,Jaime Canuto,Jaime,Canuto,,GF Team,https://www.bjjheroes.com/?p=4460,"Jaime Canuto is aBrazilian jiu-jitsublack belt under Renato Verás and a representative of the prestigiousGF Teamin the sport’s international circuit. An International Brazilian Jiu-Jitsu Federation (IBJJF) World and Pan American champion in the brown belt division (2013), Canuto turned a few heads his way after defeating the heavy favoriteClark Graciein an exciting match at the IBJJF World Championship of (2014), since then Jaime has secured his place as one of the top middleweights of jiu-jitsu’s black belt division. Full Name:Jaime Soares Canuto",False
4465,Andris Brunovskis,Andris,Brunovskis,,Atos,https://www.bjjheroes.com/?p=4465,"Andris Brunovskis is aBrazilian jiu jitsublack belt, a degree earned under the tutelage ofAndré Galvão. Known for his creative and excitingopen guard game, Brunovskis established his submission artist reputation in the colored belt divisions of the sport, a reputation he carried with him to black belt. In 2014 Brunovskis became an overnight internet sensation after the video of his ‘colorful’ submission of Christopher Broudnax at the World No-Gi Championship semifinal (2010) went viral. In the footage, Andris scoots on his back while playinginverted guardthis peculiar move was caught by some of MMA’s mainstream media (below) which boosted the video’s views. Full Name:Andris Auseklis Brunovskis",False
4481,Mauro Ayres,Mauro,Ayres,,Nova Geracao,https://www.bjjheroes.com/?p=4481,"Mauro Ayres is a Brazilian jiu-jitsu black belt underFrancisco “Toco” Albuquerque, previously with theNova Geração academy, later gouing on to do his own affiliation (Mauro Ayres BJJ). A former Brazilian national champion in the black belt division (2008), Ayres is also the co-founder of grappling academies in Ipanema (South Zone of Rio de Janeiro), and the Davis (California). Full Name:Mauro Henrique Ayres Junior",False
4485,Paulo Brandão,Paulo,Brandão,Coelho,,https://www.bjjheroes.com/?p=4485,"Paulo Brandão, also known by his nickname “Coelho” (Bunny), is a historic competitor for theGracie Humaitá academy, having been a black belt world champion at the very first World Jiu Jitsu Championship (1996). Graded byRoyler Gracie, theManauaraPaulo “Coelho” became a reference in the sport as a fighter, and also as an instructor, having moved to the United States in 2012 to pursuit his coaching career. Full name:Paulo Brandão",False
4655,Michael Liera Junior,Michael,Liera Junior,,Atos,https://www.bjjheroes.com/?p=4655,"Michael Liera Junior is aBrazilian jiu-jitsublack belt underAndré Galvão, of theAtos academy, who is widely recognized as one of the most talented competitors of his generation. Born in Littleton, Colorado – US, Michael Liera Jr. started making waves in jiu-jitsu’s competitive scene early on, winning his first world title as a blue belt (2011), he followed his early success winning 2 more “Mundial” gold medals at purple and brown belt, before receiving his black belt on November 2014. 5 years later, on October 2019,Michael Liera moved to Coloradowhere he founded his own academy alongside fellow Atos teammate, YJ Lee, a gym the pair called the Lōgōs Jiu-Jitsu Academy. Full Name:Michael Remiglio Liera Jr.",False
4641,Fabio Monteiro,Fabio,Monteiro,Binho,Ass. Monteiro,https://www.bjjheroes.com/?p=4641,"Fabio Monteiro, also known as “Binho”, is an important figure in the development ofBrazilian jiu jitsuin Manaus, Brazil, a remote city in the middle of the Amazon jungle known for having produced a tremendous amount of outstanding grapplers. Fabio and his brothers (Augusto, Yano and Lúcio) founded the Associação Monteiro, an academy that has brought to jiu jitsu, competitors such asSauloand“Xande” Ribeiro,Cristiano Carioca,Omar Salum,Paulo Coelho. Full Name:Carlos Fábio Braga Monteiro",False
4521,Erberth Santos,Erberth,Santos,,Almeida JJ,https://www.bjjheroes.com/?p=4521,"Erberth Santos is a Brazilian jiu-jitsu black belt underLuis Guilherme(also known as Guigo), who was regarded as the sport’s top brown belt during his 2014 campaign. This honorary title was earned through Santos’ incredible performances during the IBJJFWorld Championship,Pan American Championshipand the Brazilian National Championship that year, tournaments won by Santos in both his weight and the open weight divisions. A former member of the Guigo Jiu-Jitsu team, Erberth Santos changed to Almeida JJ in November 2015 due toan internal dispute, later severing ties with the Almeida brothers also (September 2017). Full Name:Erberth Santos de Mesquita",False
4687,Henry Akins,Henry,Akins,,Dynamix MMA,https://www.bjjheroes.com/?p=4687,"Henry Akins is aBrazilian jiu jitsublack belt underRickson Gracieand a former instructor at Rickson’s academy in California, US. Often regarded as one of the best black belts produced by the legendary Gracie, Akins’ views on the “fundamentals” of jiu jitsu and his style of coaching are revered by many in the grappling community. Henry Akins is also well known for having a more traditional stance on martial arts, not being a fan of the sport aspect of jiu jitsu, comparing it to Tae Kwon Do, as in to explain a diluted sporting format of the original martial art. Full Name:Henry Akins",False
4676,Renato Miragaia,Renato,Miragaia,,,https://www.bjjheroes.com/?p=4676,"One of the greatest prospects inBrazilian jiu jitsuduring the1990’s, Renato Miragaia made a name for himself in the lower belt divisions of the sport, defending theGracie Barra teambanner. Though Renato left the competitive jiu jitsu early in his black belt career, to pursue an occupation outside jiu jitsu, his legacy remained through one of his trademark positions, one many call “the Miragaia” due to Renato’s advancements and success putting it to use during his competitive heyday. Full Name:Renato Miragaia",False
4943,Bruno Fernandes,Bruno,Fernandes,,Gracie Barra,https://www.bjjheroes.com/?p=4943,"Bruno Fernandes is aBrazilian jiu jitsublack belt underCarlos Gracie Junior, being the founder and head instructor of Montreal’sGracie Barrafranchise (Canada). Known as the grappling coach of former UFC champion George Saint Pierre, Bruno Fernandes was also one of the most talented competitors to have graced the sport of jiu jitsu during the 2000’s decade, known in the grappling circuit for being able to maintain the highest technical standard in the sport, even while training on a part time regime. Full Name:Bruno Franco Fernandes",False
4912,Fernando Gurgel,Fernando,Gurgel,,Alliance,https://www.bjjheroes.com/?p=4912,"Fernando Gurgel, better known by the grappling community as “Magrão”, is aBrazilian jiu-jitsublack belt underRomero “Jacare” Cavalcanti, being also a founding member of theAlliance jiu-jitsu academy. Fernando was one of the main figures for the Master and Alliance teams in the mid-1990s, having served as head coach for both during an important transitional period, raising the games of sporting greats such asRodrigo “Comprido” Medeiros,Ricardo Vieiraand many others. Fernando Gurgel is also the brother of another iconic grappling figure,Fábio Gurgel. Full Name:Fernando Duca Gurgel do Amaral",False
7856,Fernando Yamasaki,Fernando,Yamasaki,,Yamasaki JJ,https://www.bjjheroes.com/?p=7856,"Fernando Yamasaki is aBrazilian jiu jitsublack belt underMarcelo Behring, as well as a judo black belt and former freestyle/greco roman wrestler with Brazilian National Squad competitive pedigree. While being one of the pioneers for jiu jitsu in the state of São Paulo, where Yamasaki co-founded the local federation (Federação Paulista de Jiu-Jitsu – FPJJ), Fernando was also one of the driving forces behind the Yamasaki Academy – an association created by his father and uncle for judo, later adding BJJ by way of Fernando and his brother Mario Yamasaki. Full Name:Fernando Yamasaki",False
4717,Luis Carlos Atalla,Luis Carlos,Atalla,Luca,Gracie Barra,https://www.bjjheroes.com/?p=4717,"Luis Carlos Atalla, commonly known as “Luca” Atalla, is a black belt inBrazilian jiu jitsuunder the illustriousCarlos Gracie Juniorand a pioneer in jiu jitsu journalism, being the original chief editor of the sport’s leading magazine –GracieMag. Before turning his focus to journalism, Luca Atalla was one of the rising stars of jiu jitsu with one world title and three pan american championships in the lower belt divisions, he is also the brother of another well known black belt,Roberto Atalla. Full Name:Luis Carlos de Moraes Atalla",False
4740,Marcelo Mello,Marcelo,Mello,,,https://www.bjjheroes.com/?p=4740,"Marcelo Mello is a former UFC fighter and aBrazilian jiu jitsublack belt, officially underRoyler Gracie, who also trained extensively with the lateMaster Carlson Gracie. A historical figure in the sport having helped establish the Brazilian grappling style in places such as Argentina and the USA, Mello’s path in jiu jitsu is also unique one, as he was awarded his black belt on two separate occasions (in 1994 and in 1997) by two separate instructors, Carlson and Royler Gracie respectively. Full Name:Marcelo Mello",False
4776,Marcelo Alonso,Marcelo,Alonso,,Carlson Gracie,https://www.bjjheroes.com/?p=4776,"Marcelo Alonso is a (5th degree) black belt inBrazilian jiu jitsuunder MasterCarlson Gracie, being one of Carlson’s most famous and respected students. Alonso was an instructor at theCarlson Gracie Academyin Copacabana – RJ for many years, looking after illustrious athletes such as Leo D’Ilha (RIP),Paulo FilhoorRenato Tavaresbefore moving to the United States in the late 1990’s, settling in the Seattle area, where he quickly became a reference among the local grappling scene. Full Name:Marcelo Alonso",False
4859,Ricardo Rezende,Ricardo,Rezende,,Fight Sports,https://www.bjjheroes.com/?p=4859,"Ricardo Rezende is aBrazilian jiu jitsublack belt underRoberto “Cyborg” Abreu, being one of the most talented grapplers of his generation, having earned important titles in the sport, such as the World Expo GP, the No Gi Pan American and the Miami Open, to name a few, making him one of the brightest stars at the Fight Sports Academy. Full Name:Ricardo souza de Rezende",False
4864,Alexandre Dantas,Alexandre,Dantas,Cafe,Gracie Barra,https://www.bjjheroes.com/?p=4864,"Alexandre Dantas, commonly known by his nickname “Café”, is aBrazilian jiu jitsublack belt who competed for theGracie Barraacademy, being also one of the sport’s greatest stars during the 2000’s decade, where he accumulated victories over some top competitors such asFabricio Werdum,Marcelo Garcia,Fernando “Terere”orDemian Maiato name a few. Café also had a short spell as a mixed martial arts fighter, competing in the UFC. Full Name:Alexandre Fernandes Dantas",False
4851,Kim Terra,Kim,Terra,,,https://www.bjjheroes.com/?p=4851,"Kim Terra is aBrazilian jiu-jitsublack belt underRicardo Vieira, who is widely recognized as one of the top representatives of the CTA team, a team created by Kim’s older brotherCaio Terra– also a leading figure in grappling sports. Highly accomplished, particularly on the International Brazilian Jiu-Jitsu Federation (IBJJF) circuit, Kim is also highly praised for his entertaining style. Full Name:Kim Terra",False
4877,Sergio Jardim,Sergio,Jardim,Malibu,,https://www.bjjheroes.com/?p=4877,"One of the most beloved figures inBrazilian Jiu Jitsuduring the 1980s and 1990s, Sergio Jardim, better known as Sergio “Malibu” was a black belt underRickson Gracieand a member of the originalRolls Gracieacademy, as well as acoral belt(7th degree), which he earned in 2011. One of the main instigators of the healthy relationship lived between jiu jitsu and surfing, Malibu was also an important figure in the development of the Master team in the 1990s, and in the development of world champions, such asFabio GurgelorAlexandre “Gigi” Paiva, while he himself won important competitions as the Pan American and the Brazilian National could attest. Full name:Sergio Lauro Jardim",False
4838,Monique Elias,Monique,Elias,,Alliance,https://www.bjjheroes.com/?p=4838,"Monique Elias is aBrazilian jiu jitsublack belt underMario Reisand one of the leading competitors of her generation, being ranked #2 at theTop 5 New Black Belt Prospects for 2015list. With an extensive medal tally at international events since the lower belts, Elias turned a few heads her way in 2014 after sequential double gold medals (weight and open weight) at thePan American, Brazilian National andWorld Championshipsin the brown belt division. Monique is also known for her work as a model prior to her career shift to grappling. Full Name:Monique Medeiros Elias",False
4794,Roy Harris,Roy,Harris,,,https://www.bjjheroes.com/?p=4794,"Roy Harris is an accomplished American martial artist, known in theBrazilian jiu-jitsuworld for being a black belt underJoe Moreiraand is often (wrongly) mentioned as a part of the “BJJ Dirty Dozen“, the first group of 12 non-Brazilian men to have been distinguished with the rank of black belt in this grappling style. Roy Harris is also known as one of the first instructors to publicly publish a formal testing criteria for jiu-jitsu, formalizing his promotion tests from white belt to black belt. Full Name:Roy Harris",False
4960,Dimitrius Souza,Dimitrius,Souza,,Alliance,https://www.bjjheroes.com/?p=4960,"Dimitrius Souza, also known as “Dimi” is aBrazilian jiu-jitsublack belt underSérgio Moraesand one of the topAlliance academyrepresentatives in the heavyweight division. A product of theNascidos para Vencersocial project in Sao Paulo, Dimitrius medalled in some of the top tournaments in the world at black belt such as theWorld Jiu-Jitsu Championship, having also won the Brazilian National title on several occasions as well as the South American title. Full Name:Dimitrius Soares Souza",False
4993,Rodrigo Pagani,Rodrigo,Pagani,,Gracie Humaita,https://www.bjjheroes.com/?p=4993,"Rodrigo Pagani is aBrazilian jiu jitsublack belt underSaulo Ribeiro, being the director of the Ribeiro Jiu Jitsu Association in Brazil. A Brazilian National and International Masters & Seniors champion, Rodrigo Pagani has also been revered for his creativity from which positions such as the “magretti choke” and the “curu curu guard” were developed. Full Name:Rodrigo Borges Pagani",False
5000,Givanildo Santana,Givanildo,Santana,"Giva, The Arm Collector",Lotus,https://www.bjjheroes.com/?p=5000,"Givanildo Santana, often called “Giva” Santana or even “The Arm Collector”, is aBrazilian jiu jitsublack belt under the illustriousMoises Muradi, who is regarded as one of the toughest grapplers of his generation, having conquered important titles in tournaments such as the World Cup (CBJJO), the American Nationals (IBJJF) or the Pan American Championship (IBJJF). Originally from Sao Paulo, Brazil, Givanildo emigrated to the United States in 2004 where he picked up mixed martial arts (MMA), quickly establishing himself among the elite of the sport, becoming a great ambassador for jiu jitsu’s effectiveness in MMA reaching an incredible 3 year run of wins by armbar in the first round (10 fights). Full Name:Givanildo Santana do Nascimento",False
4996,Geovanny Martinez,Geovanny,Martinez,"Geo, Freakazoid",10th Planet,https://www.bjjheroes.com/?p=4996,"Geovanny Martinez, commonly known as “Geo” Martinez or by the nickname “Freakazoid” is ajiu-jitsublack belt underEddie Bravoand one of the top American grapplers in the No-Gi competitive scene having defeated big names of the sport such asJeff Gloverand Fabbio Passos. A submission orientated fighter, Martinez came from a breakdancing (B-boying) background, quickly adapting to the 10th Planet Jiu-Jitsu system, reaching his black belt status in only three years of training. Geovanny is also the brother of another talented competitor inRichie Martinez. Full Name:Geovanny Martinez",False
5016,Fabiano Scherner,Fabiano,Scherner,Pega Leve,Gracie Barra,https://www.bjjheroes.com/?p=5016,"Fabiano Scherner, commonly known as Fabiano “Pega Leve” is aBrazilian jiu jitsublack belt underMurilo Bustamanteand“Bebeo” Duarte, a sport in which he won important titles such as the Brazilian and American Nationals as well as the No Gi World Championship. Fabiano is also a former mixed martial arts (MMA) fighter who competed for important organizations such as the Ultimate Fighting Championship and Cage Rage. Full Name:Fabiano Scherner",False
5020,Enson Inoue,Enson,Inoue,Yamato Damashii,Purebred,https://www.bjjheroes.com/?p=5020,"Enson Inoue, or “Yamato Damashii” as he is commonly known, is an American born jiu jitsu black belt underJohn Lewis, being the founder of the world famous Purebred Academy. A polarizing figure in both jiu jitsu and mixed martial arts (MMA), Enson was of great importance in the development ofBrazilian jiu jitsuin Japan, having introduced the combat style to many important people includingYuki Nakai. In MMA Enson is regarded as both an “enfant terrible” and one of the most iconic fighters to have graced the sport, being the first and only Shooto heavyweight champion and Pride veteran, known for his “never say die” approach to the game. Although with some clouds in his past, Enson Inoue is also a charity fund raiser, having contributed greatly towards raising awareness to the 2011 Tohoku earthquake and tsunami victims, through his charity walks in Japan. Enson is also the brother of another important combat sports figure, Egan Inoue. Full Name:Enson Inoue",False
5114,Joao Pedro Rodrigues,Joao Pedro,Rodrigues,Somalia,Checkmat,https://www.bjjheroes.com/?p=5114,"João Pedro Rodrigues, commonly known as João Pedro “Somalia”, is aBrazilian jiu jitsublack belt under Jonathas “Monteirinho” Couto andEduardo “Jamelão” Conceição. A Rockstar / Soulfighter Texas representative, Somalia became one of the top rooster-weight jiu jitsu competitors of his generation with wins in important tournaments such as the World Championship, the Pan American Championship and the Rio Open. Full Name:João Pedro Oliveira Rodrigues",False
5135,Carlos Rosado,Carlos,Rosado,,Carlson Gracie,https://www.bjjheroes.com/?p=5135,"Carlos Antonio Rosado is aBrazilian jiu jitsured belt (9th degree), being not only the youngest man to ever receive the honourous grade in the martial art, but also the only red belt ever awarded by the lateCarlson Gracie. Regarded by many as the best student from Carlson Gracie’s first generation of black belts, Carlos Rosado is also the founder of the Rosado Jiu Jitsu Academy. Full Name:Carlos Antonio Rosado",False
5157,Vinicius Cruz,Vinicius,Cruz,Vinicinho,Carlson Gracie,https://www.bjjheroes.com/?p=5157,"Vinícius Cruz, commonly known as “Vinicinho” is a historic figure injiu jitsu‘s roosterweight division, having medalled on multiple occasions in important tournaments such as the Copa Company, the World Championship, the Pan American Championship and many others. A former member of theCarlson Gracie Academy, Vinícius Cruz is often associated with the “loop choke”, a technique he perfected during the 1990’s applying it often in competition. Full Name:Vinícius de Rezende Cruz",False
5162,Rosangela Conceicao,Rosangela,Conceicao,Zanza,,https://www.bjjheroes.com/?p=5162,"Rosângela Conceição, also known as “Zanza” is a legendary Brazilian sporting figure, having been an elite competitor in three separate sports, namely judo, freestyle wrestling andBrazilian jiu jitsu. A beacon for female athletes around the world, Conceição was the first woman to win a world title in jiu jitsu (1998), being also an Olympian in two separate sports on two distinct occasions, 1996 Atlanta Summer Games (judo) and the 2008 Beijing Summer Games (wrestling). Full Name:Rosângela da Silva Conceição",False
5206,Andre Motta,Andre,Motta,Andrezinho,Nova Uniao,https://www.bjjheroes.com/?p=5206,"André Motta is aBrazilian jiu jitsublack belt underAndré PederneirasofNova Uniao, being one of the team’s top grappling competitors throughout the late 1990’s and early 2000’s, alongside legendary black belts such asVictor “Shaolin” Ribeiro,Robson Moura,Leo Santosand many others. Throughout André Motta’s career, he was mostly known for his incredibly technicalspider guardgame, a game that earned him many praises and medals, a guard that was only passed once in his career as an adult black belt. Full Name:André Motta Marques",False
5223,Carlos Rollyson,Carlos,Rollyson,,Carlson Gracie/Alliance,https://www.bjjheroes.com/?p=5223,"Carlos Rollyson is aBrazilian jiu jitsu(BJJ)coral belt(7th degree) who earned his black belt from MasterCarlson Gracie, having also a black belt in judo, which he achieved while training under Takise Ueda. After the passing of his BJJ mentor, Rollyson decided to leave theCarlson Gracie Academy, joining the multiple time world champion team,Alliance Jiu Jitsu. Carlos Rollyson is also one of the most high ranked jiu jitsu figures in South Florida. Full Name:Jose Carlos de Sousa Rollyson",False
5320,Antonio Passos,Antonio,Passos,Tony,Atos,https://www.bjjheroes.com/?p=5320,"Antonio Passos, commonly known as Tony Passos, is a Brazilian jiu jitsu black belt under Moacir “Boca” Omena andRicardo De La Riva, although he became better known in the sport as one of the louder voices of theAtos Jiu Jitsu team, a grappling camp he joined by the end of 2011. Passos is also recognized as one of the top jiu jitsu coaches in the United States. Full Name:Antonio Fernando de Moraes Passos",False
5324,Thomas DeBlass,Thomas,DeBlass,Tom,,https://www.bjjheroes.com/?p=5324,"Thomas DeBlass, commonly known as Tom DeBlass, is a well respected grappling figure having earned hisBrazilian jiu jitsublack belt underRicardo Almeida. With impressive competitive runs in both jiu jitsu/grappling and mixed martial arts (MMA), DeBlass has also managed to produce high level athletes from a coaching stance, at his Ocean County Brazilian Jiu-Jitsu academy, including ADCC veteran Garry Tonon and World Masters champion Jen Allen Russell. Full Name:Thomas David DeBlass",False
5365,Beneil Dariush,Beneil,Dariush,,,https://www.bjjheroes.com/?p=5365,"Beneil Dariush is aBrazilian jiu jitsublack belt under Bruno Paulista andRomulo Barral, who was regarded as one of the top grappling prospects in the world before his change in career focus to mixed martial arts (MMA). A World Jiu Jitsu Champion (IBJJF) and World No Gi Champion (IBJJF) in the lower belt divisions, Beneil Dariush quickly climbed up the ladder of success in MMA, reaching the sport’s ultimate promotion – the UFC, where he established himself as a lightweight contender. Full Name:Beneil Khobier Dariush",False
5391,Dean Liebenberg,Dean,Liebenberg,Cu Vermelho,Cia Paulista,https://www.bjjheroes.com/?p=5391,"Dean Liebenberg, commonly known as “Cu Vermelho” is aBrazilian jiu-jitsublack belt underCarlos “Portugues” Vieira, being also the founder of Vermelho BJJ in Melbourne, Australia. A former rugby player, Dean excelled in the sport of jiu-jitsu, medalling in important international grappling events such as the Pan Pacific Championship, Pan American Championship, European Open, and World Championship. Full Name:Dean Jon Liebenberg",False
5410,Venla Luukkonen,Venla,Luukkonen,,Hilti BJJ,https://www.bjjheroes.com/?p=5410,"Venla Luukkonen is aBrazilian jiu jitsublack belt underPedro Duarte, of the Jyväskylän Fight Club (Hilti BJJ Jyväskylä) in Finland, being the first black belt world champion in the sport to emerge from this Northern European country. Before winning the2014 IBJJF World Championshipat black belt, Venla Luukkonen was already regarded as one of the top female grapplers of her generation, having consistently medalled in jiu jitsu’s top tournaments throughout her lower belt career. Full Name:Venla Orvokki Luukkonen",False
5417,Guilherme Augusto,Guilherme,Augusto,,Alliance,https://www.bjjheroes.com/?p=5417,"Guilherme Augusto is a Brazilian jiu-jitsu black belt under the illustriousEverdan Olegário(Mestre Dan). A member of theAlliance academy– Cohab branch, a gym that developed several high-end grapplers such asSergio MoraesandDimitrius Souza, Augusto made a name for himself in the sport’s lower belt divisions, winning important titles including Brazilian National Champion and Sao Paulo Open champion in both his weight and the open weight divisions. Full Name:Guilherme Augusto Soares Santos",False
12084,Guilherme Lambertucci,Guilherme,Lambertucci,,Gracie Barra,https://www.bjjheroes.com/?p=12084,"Guilherme Lambertucci is a professional grappler and a jiu-jitsu black belt underFelipe Pena, as well as a representative of the FP Team/Gracie Barracoalition. Lambertucci gained notoriety as one of his generation’s top super-heavyweights while competing in the Abu-Dhabi Jiu-Jitsu Tour (AJP) and International Brazilian Jiu-Jitsu Federation (IBJJF) circuit where Guilherme conquered South American, Brazilian National Championships, and Grand Slam gold medals. Full Name:Guilherme Wander Lambertucci de Andrade",False
5414,Osvaldo Moizinho,Osvaldo,Moizinho,Queixinho,,https://www.bjjheroes.com/?p=5414,"Osvaldo Augusto Moizinho, commonly known as “Queixinho” is aBrazilian jiu-jitsublack belt who earned the rank while training under theSoul Fightersfounding members (Rafael Barbosa,Leandro Escobar,Bruno MendesandAugusto “Tanquinho”), although he is also known for his time spent as a student and teammate ofCaio Terraand as the founder of the Ares JJ team. A Rio de Janeiro native, Queixinho made his name in the sport of jiu-jitsu competing in the United States, where he conquered World and Pan American titles. Full Name:Osvaldo Augusto Honório Moizinho",False
5447,Michael Musumeci,Michael,Musumeci,Mikey,,https://www.bjjheroes.com/?p=5447,"Michael Musumeci, also known as Mikey Musumeci, is an accomplishedBrazilian jiu-jitsublack belt underGilbert “Durinho” BurnsandJonatas “Tagarela” Gurgel. Musumeci made a name for himself in the lower belt divisions of the sport by winning sequential world titles from juvenile blue, up to brown belt, with a modern style of grappling heavily reliant on theberimboloandcrab ridepositions which made Mikey one of the main representatives of this modern-day approach to grappling. Mikey is also the 4th North-American to have ever conquered an International Brazilian Jiu-Jitsu Federation (IBJJF) World Championship gold medal in the male black belt division, as well as the first USA athlete to conquer this more than two times. Full Name:Michael Musumeci Jr.",False
5453,Herbert Burns,Herbert,Burns,,,https://www.bjjheroes.com/?p=5453,"Herbert Burns is aBrazilian jiu jitsublack belt underRafael “Fofitio”, andGilbert “Durinho” Burns(Herbert’s brother). Burns made a career in the lower belt divisions of the Brazilian grappling circuit, earning important titles such as the Brazilian No Gi Nationals and the Brazilian Teams tournament before his career change to mixed martial arts (MMA). Full Name:Herbert Burns",False
5473,Ibrahim Inal,Ibrahim,Inal,,Checkmat,https://www.bjjheroes.com/?p=5473,"İbrahim İnal is aBrazilian jiu jitsublack belt underLeonardo Vieira, being one of the pioneers and driving forces of this martial art/combat sport in Turkey. İbrahim İnal made a career in the jiu jitsu competing for theCheckmat academy, earning important titles such as the European Open (gi and no gi) as well as the World Masters Championship. Full Name:İbrahim İnal",False
5509,Victor Honorio,Victor,Honorio,,GF Team,https://www.bjjheroes.com/?p=5509,"Victor Honório is aiu-jitsublack belt under José Honório Filho of CT Honorio who, traditionally, representsGF Teamat an international level. On May 2015 Honório turned many heads his way after reaching the final ofCopa Pódio‘sHeavyweight Grand Prix, one of the main professional events on the jiu-jitsu circuit at the time, defeating many well-established black belts despite being a brown belt. Once he did reach the black belt, Victor maintained his status as one of the top ultra-heavyweight competitors of his generation. Full Name:Victor Hugo Honório P. da Silva",False
5523,Sebastian Lalli,Sebastian,Lalli,,Checkmat,https://www.bjjheroes.com/?p=5523,"Sebastian Lalli is aBrazilian jiu jitsublack belt under Carlos Lima, originally from Buenos Aires – Argentina. A prestigious ambassador of the sport in the South of Brazil where he established “Equipe 1”, one of the biggest teams in the region, Lalli is also a former world champion in the gi and no gi, titles he achieved under the tutelage ofLeonardo Vieirawho became Sebastian’s coach in 2006.  In 2008, Sebastian Lalli helped establish theCheckmat academy, a team he co-founded together with theVieira brothersandChico Mendes. His training centre in Curitiba became one of the strongest producers of new talent in the sport during the 2020s. Full Name:Sebastian Augusto Lalli",False
5636,Manuel Ribamar,Manuel,Ribamar,Riba,,https://www.bjjheroes.com/?p=5636,"Manuel Ribamar, also known as “Riba”, is a black belt inBrazilian jiu-jitsuunderRodrigo PinheiroandCicero Costha, being regarded as one of the top middleweight competitors of his generation in the sport. Born in the state of Amazonas – Brazil, Ribamar has had a few different coaches going up the ranks, but it was at Cicero Costha’s PSLPB academy that his grappling style truly developed, earning him titles at the World and South American Championships. Full Name:Manuel Ribamar V. de Oliveira Filho",False
5617,Jamie Cruz,Jamie,Cruz,,Renzo Gracie Academy,https://www.bjjheroes.com/?p=5617,"Jamie Cruz is aBrazilian jiu jitsublack belt underRenzo Gracie, being regarded as one of the top grappling instructors in the state of New Jersey – US, where he trained some of the best jiu jitsu and mixed martial arts (MMA) competitors in the region. Athletes such as Charlie Brenneman, Brian McLaughlin, The Miller brothers (Dan and Jim Miller) and a host of other big names. Cruz was also an avid competitor in the 2000’s decade, with medals at important tournaments such as Grapplers Quest, NAGA and US Nationals. Full Name:Jamie Cruz",False
5609,Marcio Rodrigues,Marcio,Rodrigues,,Equipe Marcio Rodrigues,https://www.bjjheroes.com/?p=5609,"Márcio Rodrigues is a Brazilian jiu jitsu black belt under Irami Gomes Rocha, and the founder of Equipe Márcio Rodrigues from where he has developed several high-end athletes such asLucas “Hulk” Barbosa, Ygor, Yago and Ana Rodrigues as well asErberth Santos. A reformed convict, Master Rodrigues changed his life through jiu jitsu and used his knowledge to develop a social project focussed on jiu jitsu, with the purpose of taking kids away from the drugs and violence of some of Rio de Janeiro’s troubled slums. Full Name:Márcio de Araújo Rodrigues",False
5592,Alan Marques,Alan,Marques,Gumby,Heroes Martial Arts/Ralph Gracie Academy,https://www.bjjheroes.com/?p=5592,"Alan Marques, commonly known as “Gumby”, is aBrazilian jiu jitsublack belt underRalph Gracie, and co-founder of On The Mat (OTM), a company that revolutionized jiu jitsu’s industry during the late 1990s and 2000s, through their unbiased and innovative approach to the sport in both their journalism and retail trade. Gumby was one of the first grappling journalists in the US, having done a remarkable job of covering the initial growth of the sport in the northern hemisphere. Alan Marques is also the founder of Heroes Martial Arts, one of the prime grappling academies in San Jose, California. Full Name:Alan Robert Marques",False
5578,Emily Kwok,Emily,Kwok,,MGinAction/Princeton BJJ,https://www.bjjheroes.com/?p=5578,"Emily Kwok is a Japanese born Canadian, who holds the rank of black belt inBrazilian jiu jitsuunderRicardo Almeida. Known as a pioneer of the sport and a great ambassador for women’s jiu jitsu through her work with Groundswell Grappling Concepts, as well as through the “How to Defeat the Bigger Stronger Opponent” series produced with Stephan Kesting, Kwok is also a 2x IBJJF World Champion, and a mixed martial arts (MMA) veteran, having finished her MMA career with a flawless record. Full Name:Emily R. Kwok",False
5549,Louis Vintaloro,Louis,Vintaloro,,Performance Jiu-Jitsu,https://www.bjjheroes.com/?p=5549,"Louis Vintaloro is a judo andBrazilian jiu jitsublack belt underRoyler Gracie, being one of the pioneers of this grappling style in New Jersey, particularly in the northern area of this American state. Vintaloro is also known as the founder of the Performance Jiu-Jitsu, an academy in which big names of the sport started their careers, names such asDominyka ObelenyteandJT Torres. Full Name:Louis Vintaloro",False
5751,Steve Maxwell,Steve,Maxwell,,,https://www.bjjheroes.com/?p=5751,"Stephen Maxwell, commonly known as Steve Maxwell, is a fitness coach, physical educator, as well as the first American bornBrazilian Jiu-Jitsublack belt underRelson Gracie. Known as one of the pioneers of the gentle art in the East Coast of the United States, Maxwell ran the first certified Gracie Jiu Jitsu Academy in the region, while also developing the first Brazilian jiu jitsu tournaments in the Coast. Full Name:Stephen Maxwell",False
5747,Arthur Sousa,Arthur,Sousa,AJ,AJSBJJ/ATT,https://www.bjjheroes.com/?p=5747,"Arthur Sousa III, commonly known as AJ Sousa, is aBrazilian jiu-jitsublack belt underPablo Popovitchand head coach at the AJSBJJ academy. Sousa became known to jiu jitsu’s mainstream audience after participating inLloyd Irvin‘s Kumite, a web series/tournament designed to find who the best brown belt in the sport was, back in 2013. Since then AJ Sousa has cemented his status as one of the top grappling competitors in the world, with wins at the Miami, Las Vegas, and Boca Raton IBJJF Opens, as well as a fantastic performance at the 2015 edition of theAbu Dhabi World Pro. Full Name:Arthur Dominick Sousa III",False
5715,Isaque Paiva,Isaque,Paiva,Boia,Saikoo JJ,https://www.bjjheroes.com/?p=5715,"Isaque Paiva is aBrazilian jiu jitsublack belt under Massao and Daniel Shinkai, representing the Saikoo Jiu Jitsu Academy. Paiva is widely regarded as one of the top grappling featherweights of his generation, and one of the few competitors to have remained in his original regional academy, while competing at the highest level in the sport. A South American, Brazilian National, Asian Open, Rio Open and Sao Paulo Open champion, Isaque is know for his highly technical guard game and his accuracy with thetriangle choke. Full Name:Isaque Alberto de Oliveira Paiva",False
5634,Joaquina Bomfim,Joaquina,Bomfim,Jiu-quina,Gracie Barra,https://www.bjjheroes.com/?p=5634,"Joaquina Bonfim is aBrazilian jiu jitsublack belt under the illustrious coach “Zé Radiola“, leader ofGracie Barra– Pernambuco, an academy that has produced a long list of talented grapplers, such as Lucas Rocha,Otávio SousaorVictor Estima. One of the main female black belt competitors to have come out of her state, Joaquina has cinched important titles on a national and international level, such as Brazilian National Champion (CBJJ/IBJJF), National Pro Champion (UAEJJ) or World Champion (CBJJE). Full Name:Joaquina dos Santos Bonfim Neta",False
5756,Wellington Luis,Wellington,Luis,Alemao,,https://www.bjjheroes.com/?p=5756,"Wellington Luís, commonly known as Wellington “Alemão”, is aBrazilian jiu jitsublack belt underCicero Costha, and a member of the New School Brotherhood team, an academy that spawned from theProjecto Social Lutando Pelo Bem(PSLPB) camp in October 2015. Alemão made a career competing in the lower belt divisions of the sport, where he became known as one of the best lightweight prospects of his generation, having later settled in the pro-division as a medium-heavyweight. Full Name:Wellington Luís Sebastião",False
5909,Thiago Abreu,Thiago,Abreu,Baiano,Checkmat,https://www.bjjheroes.com/?p=5909,"Thiago Abreu, commonly known as Thiago “Baiano” is aBrazilian jiu jitsublack belt underRodrigo Cavacaand a representative of theCheckmatteam in the sport’s competitive circuit, having conquered medals in some of the main tournaments of the grappling world, including the World Championship (Gi and No-Gi) as well as the Pan American Championship and Sao Paulo Open. Full Name:Thiago Aragão de Abreu",False
5926,Thiago Gaia,Thiago,Gaia,,Checkmat,https://www.bjjheroes.com/?p=5926,"Thiago Gaia is a mixed martial arts (MMA) fighter andBrazilian jiu-jitsublack belt underMarco Barbosa, having spent most of his lower belt career under the tutelage ofLeonardo Vieira. Regarded as one of the hottest prospects in the sport since his purple belt campaign (2009/10), Gaia confirmed his talent as a black belt medalling in some of Brazil’s top tournaments, particularly in Sao Paulo’s No-Gi grappling scene. Full Name:Thiago Cardial Gaia",False
5930,Rodrigo Freitas,Rodrigo,Freitas,,Freitas JJ,https://www.bjjheroes.com/?p=5930,"Rodrigo Freitas is aBrazilian jiu jitsublack belt underAldo Januário(Caveirinha), known as one of the top competitors of his generation, a reputation earned through his numerous medals in the sport, which included a No-Gi Pan American Championship title (2014) and his American National wins of 2010/11/13. Full Name:Rodrigo Lamounier de Freitas",False
5861,Jared Dopp,Jared,Dopp,,Lovato Jr. / Ribeiro JJ,https://www.bjjheroes.com/?p=5861,"Jared Dopp is an American competitor in the sport ofjiu-jitsuand a black belt underRafael Lovato Junior. Dopp became widely recognized as one of the sport’s top athletes after his performance at the2013 editionof the ADCC World Championships, where he beat the former championVinny Magalhaesand other seasoned grapplers, placing 4th overall, while, himself, being a purple belt. As a brown belt Dopp improved on his previous ADCC mark, reaching a silver medal (2015) while also winning the World No-Gi and Pan American Championship. Dopp’s achievements are even more remarkable considering he reached all of them while training 2-3x per week while maintaining a position as a chemical engineer. Full Name:Jared Lynn Dopp",False
5842,Mahamed Aly,Mahamed,Aly,,Team Lloyd Irvin,https://www.bjjheroes.com/?p=5842,"Mahamed Aly is aBrazilian jiu-jitsublack belt underLloyd Irvin, and a former student of Everaldo Penco as well as Antônio Rogério &Antônio Rodrigo Nogueira. Aly made a name for himself in the lower belt divisions of the sport, particularly in the brown belt category where he conquered important titles such as IBJJF World Champion, European Open Champion, as well as Pan American (No-Gi) and American National Champion. Full Name:Mahamed Aly Santos da Silva",False
5789,Jose Tiago Barros,Jose Tiago,Barros,,PSLPB,https://www.bjjheroes.com/?p=5789,"José Tiago Barros is aBrazilian jiu jitsublack belt underCicero Costha, and one of the top light featherweight competitors of his generation, having earned podium spots in the top grappling tournaments, including the Brazilian Nationals, European Open and World Championships. A guard passer by nature (an unusual trait in his weight class), Barros is one of the leading figures of theProjecto Social Lutando Pelo Bem(PSLPB) team. Full Name:José Tiago da Silva Barros",False
5793,Bruno Paulista,Bruno,Paulista,Mamute,,https://www.bjjheroes.com/?p=5793,"Bruno Paulista, also known as Bruno “Mamute”, is aBrazilian jiu jitsublack belt underAlexandre de Souza, who also worked extensively with MasterDeoclecio Paulo. Mamute is a World and Pan American No-Gi Champion, who on April 2010 suffered a severe and life changing car accident in which Paulista lost many of his most basic motor capabilities, from walking down stairs to chewing. After 4 surgeries and many years of recovery, on March 2015 Bruno Paulista returned to competition at theIBJJF Pan American Championships. Full Name:Bruno Rodrigues Paulista",False
5785,Paulo Guillobel,Paulo,Guillobel,,Ribeiro JJ,https://www.bjjheroes.com/?p=5785,"Paulo Guillobel is aBrazilian jiu jitsublack belt (5th degree) under Jorge Pereira, being also one of the most highly regarded figures in the community, as an instructor, competitor and ambassador of this grappling style. Having started his training in Rio de Janeiro – Brazil (1988), Guillobel moved to the US in 2000 where he established his own academy in San Clemente – California, a gym affiliated to the Ribeiro Jiu Jitsu Association. Full Name:Paulo Guillobel",False
5814,Everdan Olegario,Everdan,Olegario,Mestre Dan,Alliance,https://www.bjjheroes.com/?p=5814,"Everdan Olegário, commonly known as “Mestre Dan” (Master Dan), is aBrazilian jiu jitsublack belt who trained under the illustriousFernando Tererê, being also one of the leading figures in the grappling world. From his Cohab Jiu Jitsu, a small academy located inside the social housing community of COHAB in Itaquera – Sao Paulo, Master Dan has produced numerous high level jiu jitsu competitors, includingSérgio Moraes,Guilherme Augusto,Dimitrius Souza, Paulo Baraúna, and to name a few. Full Name:Everdan Olegário da Silva",False
5820,Andre Glodzinski,Andre,Glodzinski,,Cia Paulista,https://www.bjjheroes.com/?p=5820,"André Glodzinski is aBrazilian jiu jitsublack belt under MasterMax Trombinibeing one of the top representatives ofCia Paulistain the United States. One of the most prestigious referees in the sport,  Glodzinski is also known for his inspirational life story, one that saw André return to activity with a prosperous career as a coach and a competitor after a severe car crash which left permanent physical damage. Full Name:André Mc Laughlin Glodzinski",False
5854,Deborah Maxwell,Deborah,Maxwell,DC,,https://www.bjjheroes.com/?p=5854,"Deborah Christine Maxwell, commonly known as DC Maxwell is aBrazilian jiu jitsublack belt underSaulo Ribeiro, being part of theWoman’s BJJ Dirty Dozenas the 3rd woman outside Brazil to achieve the rank in this martial art (2nd in the USA). Maxwell is an extremely important figure in the development of the sport/martial art in the East Coast of the United States, particularly within the Delaware Valley and Tri-State area, where DC was one of the very first female athletes and jiu jitsu gym owners. DC Maxwell is also the mother ofZak Maxwell, a well known grappler in the BJJ circuit. Full Name:Deborah Christine Maxwell",False
5858,Chris Haueter,Chris,Haueter,,Combat Base,https://www.bjjheroes.com/?p=5858,"Chris Haueter is aBrazilian jiu jitsublack belt underRigan Machado, a grade achieved on December 1996 making Haueter a member of the “BJJ Dirty Dozen“, the first 12 practitioners outside Brazil to achieve the rank of black belt in this martial art. Haueter is also a former US Marine and founder of the Combat Base Jiu Jitsu school, being known among the grappling community for his pioneering teaching style and conceptual coaching ability. Full Name:Christopher Bard Haueter",False
5869,Jorge Pereira,Jorge,Pereira,,,https://www.bjjheroes.com/?p=5869,"Jorge Pereira is aBrazilian jiu jitsucoral belt(7th degree) who earned his black belt training underRickson Gracie(1986). Pereira is known as one of the defenders of the Brazilian grappling style invale tudo(no holds barred) matches throughout the 1980/90s and 2000s as well as for having built one of the strongest jiu jitsu teams of that era, developing athletes such as Leo Dalla, Otavio “Tatá” Duarte,Paulo Guillobel, Wander Braga orLuiz “Guigo”to name a few. In 2007 Pereira was the face of a controversial fighting promotion named Rio Heroes, an organization that brought back the old values of NHB to the fight business, screened from some of the most well known slums in Brazil. Full Name:Jorge Pereira",False
5873,Fabio Nascimento,Fabio,Nascimento,Negao,Lotus Clube,https://www.bjjheroes.com/?p=5873,"Fábio Nascimento, commonly known as Fábio “Negão” is aBrazilian jiu jitsublack belt underMoises Muradi, who is widely recognized as one of the best competitors of the 2000’s decade, a period in which he earned numerous titles and defeated many big names of the sport, includingRonaldo Souza,Demian Maia,Roger Coelhoto name a few. Nascimento is also a highly regarded BJJ referee as well as a former professional mixed martial arts (MMA) fighter. Full Name:Fábio dos Santos Nascimento",False
5883,Felicia Oh,Felicia,Oh,,Machado JJ,https://www.bjjheroes.com/?p=5883,"Felicia Oh is aBrazilian jiu jitsublack belt underJean Jacques Machado, being part of theWoman’s BJJ Dirty Dozenas the 6th woman outside Brazil to achieve the rank in this martial art (5th in the USA). Oh is also an accomplished competitor in both gi and no-gi, having medalled in important events such as the World and Pan American Championships (gi and nogi), the ADCC as well as the US Open, to name a few. Full Name:Felicia Oh",False
5900,Daniel Wanderley,Daniel,Wanderley,Cachorrao,Carlson Gracie,https://www.bjjheroes.com/?p=5900,"Daniel Wanderley, also known as “Cachorrão” or Big Dog, is aBrazilian jiu jitsublack belt under Gutenberg Melo commonly known for his involvement in the development of mixed martial arts (MMA) stars such as Anthony Pettis, Erik Koch and Ben Askren at the Roufusport MMA academy. As a competitor Wanderley has also ventured into MMA, while achieving important medals in jiu jitsu, particularly in the “over 30” category (masters) where he won the Pan American No-Gi Champion and placed 2nd in the World No-Gi Championship. Full Name:Daniel Souto Wanderley",False
5992,Wilson Reis,Wilson,Reis,,G13,https://www.bjjheroes.com/?p=5992,"Wilson Reis is aBrazilian jiu jitsublack belt underRoberto Godoi, being one of the sport’s most successful transitions to mixed martial arts (MMA). Wilson Reis conquered important medals in jiu jitsu, including a São Paulo state title (2004) and a world title (2004), before making the transition to MMA where Reis competed in important organizations such as EliteXC (bantamweight belt holder), Bellator and more recently the Ultimate Fighting Championship (UFC). Full Name:Wilson Reis Mont Alto Gonçalves",False
5998,Carlson Gracie Junior,Carlson,Gracie Junior,Carlsinho,Carlson Gracie,https://www.bjjheroes.com/?p=5998,"Carlson Gracie Junior is a 5th-degree black belt inBrazilian jiu-jitsuunder his father,Carlson Gracie(sr) being also the head representative of theCarlson Gracie Association, as well as the head coach of the Carlson Gracie Academy in Chicago, IL – where he moved to from Rio de Janeiro in 1996. Full Name:Carlson Gracie Junior",False
6006,Paulo Rezende,Paulo,Rezende,Paulao,Zenith BJJ,https://www.bjjheroes.com/?p=6006,"Paulo Rezende, commonly known as “Paulão” Rezende, is a 5th degreeBrazilian jiu-jitsublack belt underLeonardo Castello Branco, being an iconic figure of the sport particularly in the Brazilian state of Minas Gerais, from where he has developed some of the best grapplers the world has laid eyes on, such asMarcelo Garcia,Reinaldo Ribeiro,Rodrigo Ranieri, andMatheus Dinizto name a few. Full Name:Paulo Cesar Rezende",False
6002,Vinicius Amaral,Vinicius,Amaral,,Game Fight,https://www.bjjheroes.com/?p=6002,"Vinicius Amaral is a judo andjiu jitsublack belt, the latter awarded by two legendary instructors:César “Casquinha” Guimarãesand MasterCarlson Gracie. An iconic figure in both sports, Amaral took part in the Brazilian National Judo Squad for 5 years, while in BJJ he representedCarlson Gracie Academyas well as Gama Filho,GF Team, and Game Fight, earning several world titles in jiu-jitsu. Vinicius is also a highly regarded instructor, having developed high-end athletes such asBruno Malfacine,Theodoro Canal,Denilson Pimenta, etc. In 1999 Vinicius Amaral founded Game Fight, a well-respected academy with a broad affiliate network. Full Name:Vinicius Jorge Dubugras do Amaral",False
6054,Adriano Moraes,Adriano,Moraes,,Team Constrictor,https://www.bjjheroes.com/?p=6054,"Adriano Moraes, also known in the fight world as “Black Diamond” or as “Mikinho”, is aBrazilian jiu jitsublack belt under the illustrious Ataíde Junior of Team Constrictor, with whom he became also one of the top mixed martial arts (MMA) fighters of his generation, having competed in important organizations such as Shooto Brazil and One FC, conquering the flyweight (125lbs) belt of the Singapore-based promotion in 2014. Full Name:Adriano da Silva Moraes",False
6033,Nic Ruben Nikolaison,Nic,Ruben Nikolaison,,Frontline,https://www.bjjheroes.com/?p=6033,"Nic Ruben is aBrazilian jiu jitsublack belt under Eduardo “Teta” Rios, being one of the most accomplished grappling competitors in the European continent. Having earned medals at important tournaments such as the World No-Gi Championship, European Open or the Pan American No-Gi Championship, Nic Ruben flew the Frontline Academy flag high (a team he co-founded) while raising awareness to the Norwegian jiu jitsu scene. Full Name:Nic Ruben Nikolaisen",False
6041,Reylson Gracie,Reylson,Gracie,,,https://www.bjjheroes.com/?p=6041,"Reylson Gracie is a9th degree red beltinBrazilian jiu jitsu, and one of the most well respected representatives of the Gracie self defence style, being the son of Gracie jiu jitsu founderCarlos Gracie(Sr) and one of its pioneers in the United States where he raised awareness to the his family’s trade. Reylson is also an important figure in the development of jiu jitsu’s vocabulary, having created the names for several techniques, as well as a visionary in this martial art’sgi fashion, being the first producer of coloured gis (kimonos). Reylson is also the father of the well known MMA and BJJ fighter Rodrigo Gracie. Full Name:Reylson Gracie",False
6046,Ghazaleh Parman,Ghazaleh,Parman,Gazzy,,https://www.bjjheroes.com/?p=6046,"Gazzy Parman is aBrazilian jiu jitsu pioneer, and a member of thefemale BJJ “Dirty Dozen”(first 12 women outside Brazil to reach the rank of black belt in the sport). A unique character in the female competitive grappling scene throughout the 2000’s decade, Gazzy’s outspoken demeanor and competitive accolades made her a fan favorite across the globe, having also raised the awareness of big brands such as Tapout and even the Ultimate Fighting Championship (UFC) to the women’s divisions, with Parman being the very first female athlete to be sponsored by both companies. Gazzy Parman was one of the very first BJJ/MMA female gym owners in the USA, through her LVL5 academy and the first and only female Grappling Hall of Fame inductee. Full Name:Ghazlaeh Parman",False
6060,Tomoyuki Hashimoto,Tomoyuki,Hashimoto,Passport,Carpe Diem,https://www.bjjheroes.com/?p=6060,"Tomoyuki Hashimoto, also known as “Passport”, is aBrazilian jiu-jitsublack belt underYuki Nakai, and one of the top rooster weight grapplers of his generation. Hashimoto made a name for himself in the sport competing in the lower belt divisions while representing the Carpe Diem Academy of Japan for whom he won a World Jiu-Jitsu title and the prestigious Dumau Challenge. In 2015, shortly after being awarded his black belt Hashimoto cemented his status as an elite jiu-jitsu athlete by conquering a gold medal at theAbu Dhabi Grand Slam Tour. Full Name:Tomoyuki Hashimoto",False
6064,Steve da Silva,Steve,da Silva,Suga Pop,Nova Uniao,https://www.bjjheroes.com/?p=6064,"Steve da Silva, commonly known as “Suga Pop” is a legendary figure in the music and dance industries as well as in the sport ofBrazilian jiu jitsu, a martial art for which he was one of the pioneering black belts in the Northern Hemisphere, helping promote theNova UniaoAcademy on US soil while also developing the games of some of the top American grapplers of the 2000’s decade, includingBJ PennandRobert Drysdale. Full Name:Steve da Silva",False
6081,Ataide Ludgero Junior,Ataide,Ludgero Junior,,Team Constrictor,https://www.bjjheroes.com/?p=6081,"Ataíde Junior is a judo andBrazilian jiu jitsublack belt underArmando Wridt, being the founder of Constrictor Team, a grappling academy that has produced high level jiu jitsu and mixed martial arts (MMA) competitors such asRani Yahya, Paulo Thiago, Francisco “Massaranduba” Trinaldo, Renato Moicano,Adriano Moraesand many others. Full Name:Ataíde Ludgero Júnior",False
6084,Wander Braga,Wander,Braga,,,https://www.bjjheroes.com/?p=6084,"Wander Braga is aBrazilian jiu jitsu(BJJ) black belt underJorge Pereira, being one of the most well known competitors in the BJJ and no-holds-barred (NHB) circuit during the mid 1990’s and early 2000’s decades. Wander Braga is also revered for his coaching success, having co-founded the famous Big Brother team and formed high calibre grappling competitors such as Gabriel “Napão” Gonzaga. Full Name:Wander Braga Corrêa da Costa",False
6095,Mansher Khera,Mansher,Khera,,Alliance,https://www.bjjheroes.com/?p=6095,"Mansher Khera, also known as “Munch” is aBrazilian jiu-jitsublack belt of Sikh descent, being the first grappler produced from white to black belt by the legendaryMarcelo Garcia. Khera arrived at the black belt division midway through 2015 being already regarded as one of the hottest prospects in the sport, mainly due to his incredible lower belt campaigns where he earned 4 World No-Gi titles (2013 and 2014 weight + absolute). He immediately cemented his status as one of the top lightweights in the world with solid performances at tournaments such as the IBJJF Boca Raton Open and theWorld No-Gi Championship. Full Name:Mansher Singh Khera",False
6103,Isaac Doederlein,Isaac,Doederlein,,Alliance,https://www.bjjheroes.com/?p=6103,"Isaac Doederlein is aBrazilian jiu jitsublack belt underRubens Charles “Cobrinha”, who also trained extensively withWellington “Megaton” Diasduring his first years in the sport. Doederlein made a name for himself in the sport’s lower belt divisions, from blue belt onwards, making use of a highly dynamic ground game, one that earned him numerous medals and loyal fans across the grappling globe. One of Doederlein’s most impressive achievements was his Brazilian Nationals title (2019), which made him the 3rd American to conquer this important title in the sport’s history – and the second to do it in the male division. Full Name:Isaac Doederlein",False
13518,Isaak Michell,Isaak,Michell,,,https://www.bjjheroes.com/?p=13518,"Izaak Michell is an Australian grappler who worked extensively under the guidance of Leo Arruda,John Danaher, as well asCraig Jones. Michell is widely recognized as one of the top no-gi athletes of his generation for his wins over many high-profile athletes in the sport and for his victories in tournaments such as the ADCC Asia & Oceania Qualifiers, the Who’s Next open weight show as well as his gold medal in the International Brazilian Jiu-Jitsu Federation (IBJJF) World No-Gi Championship (2022) as a brown belt. Full Name:Izaak Michell",False
6149,Karen Antunes,Karen,Antunes,,Checkmat,https://www.bjjheroes.com/?p=6149,"Karen Antunes is aBrazilian jiu-jitsublack belt underMayko Araújo, being also one of the top athletes in the sport’s female lightweight class. Antunes paved her way to the big leagues of the sport in the lower belt divisions, where she conquered 3 IBJJF world titles (1x gi and 2x no-gi) among many other important placements. However, it was her performance at the prestigiousFive Super League tournamenton August 2015 that put her on the map of the mainstream of BJJ by defeating former world championsLuiza Monteiroand Nijah Rollins on her way to the final, cementing her position as one of the top grappling competitors of her generation. Full Name:Karen Deisy Antunes Girotto Borges",False
6151,Hiago George,Hiago,George,,PSLPB Cicero Costha,https://www.bjjheroes.com/?p=6151,"Hiago George is aBrazilian jiu-jitsublack belt under the illustriousCícero Costha, being also one of the most accomplished light-featherweight (under 64,00 kg) competitors of his generation. Hiago made a name for himself while competing in the sport’s international circuit where he conquered important titles such as Brazilian National, South American, European Open, and European No-Gi Open Champion. Full Name:Hiago George Santos Silva",False
6156,Tanner Rice,Tanner,Rice,,Rice Brothers,https://www.bjjheroes.com/?p=6156,"Tanner Rice is aBrazilian jiu jitsublack belt underRubens Charles “Cobrinha”, who became known as the first American born athlete to be promoted by the respectedAlliancecoach. Rice earned the rank at the age of 19, after winning the 2012 IBJJF world title, being at the time the youngest US native to achieve this deed. Later that year, in his black belt debut, Rice defeated two of the sport’s biggest names (“Megaton” Diasand“Tanquinho” Mendes) cementing his name as one of the most talented athletes in his division. Full Name:Tanner Wade Rice",False
6158,Elan Santiago,Elan,Santiago,,Alliance,https://www.bjjheroes.com/?p=6158,"Elan Santiago is aBrazilian jiu jitsublack belt under the illustriousMauro Chueng, being known in the world of grappling for his incredible work as a coach, where he developed competitors such asLucas Lepri, Tiago Rocha,Gabriel Goulart,Rodrigo “Akilis”and many others. Santiago is also recognized as a pioneer in the Brazilian region of “Triângulo Mineiro” and for his involvement with the social project of “Sonho do Beija-Flor“. Full Name: Elan Santiago",False
6167,Ricco Rodriguez,Ricco,Rodriguez,Suave,,https://www.bjjheroes.com/?p=6167,"Ricco Rodriguez is aBrazilian jiu jitsublack belt underJean Jacques Machado, and an important figure in the history of the sport, being the first U.S. national to earn an ADCC gold medal (1998), and the 2nd American to earn a world title in Jiu Jitsu (1997). Rodriguez was also an important figure in the world of mixed martial arts (MMA) where he became the Ultimate Fighting Championship (UFC) Heavyweight Champion, though his career is also a controversial one, being the first MMA fighter ever to be suspended by the athletic commission for the use of cocaine. Full Name:Ricco Rodriguez",False
6170,Luigi Mondelli,Luigi,Mondelli,,ATT,https://www.bjjheroes.com/?p=6170,"Luigi Mondelli is aBrazilian jiu jitsublack belt underAndré “Dedeco” Almeida, being widely recognized as one of the top grappling instructors in the US. Mondelli has been praised for his work with mixed martial arts (MMA) athletes as well, from both American Top Team (ATT) and John Hackleman’s “The Pit”, with the mediatic Glover Teixeira being his most well known pupil. Adding to his long list of achievements, Luigi Mondelli is also the founder of Kore Brazilian Jiu Jitsu, an association that works to reintegrate jiu jitsu with the techniques of judo and wrestling. Full Name:Luigi Emile Mondelli",False
6176,Suyan Queiroz,Suyan,Queiroz,,,https://www.bjjheroes.com/?p=6176,"Suyan Queiroz is aBrazilian jiu jitsublack belt underMaster Carlson Gracie, and one of the main lightweight competitors of the late 1990s/early 2000s era, having beaten big names of the sport such asJefferson Moura, Leonardo Peçanha,Leonardo Santos,Raphael Abi-Rihan,Eduardo Jamelaoamong many others. Queiroz is also revered for his work in Abu Dhabi, where he helped establish one of the most important grappling programs on the jiu jitsu world. Full Name:Suyan Lopes Queiroz",False
6186,Aldo Januario,Aldo,Januario,Caveirinha,Caveirinha JJ Family,https://www.bjjheroes.com/?p=6186,"Aldo Januário, commonly known as “Caveirinha” is aBrazilian jiu jitsublack belt underCarlos Gracie Junior, who is widely recognized as one of the top grappling coaches in the world. A pioneering figure for the sport in the city of Belo Horizonte – Brazil, Caveirinha developed some of the top competitors in the grappling world. People such asRafael dos Anjos, Philipe Della Monica,Rodrigo de Freitas, Gustavo Saraiva, Igor Araújo, and many others. Aldo Januário is also the brother of two respected jiu jitsu black belts, Adão “PQD” Januário and Fábio Januário. Full Name:Aldo Januário de Oliveira",False
6196,Djalma Spindola,Djalma,Spindola,,Ribeiro JJ,https://www.bjjheroes.com/?p=6196,"Djalma Spindola is aBrazilian jiu jitsublack belt under Rodolfo Azevedo andAdmilson “Juquinha” Brittes. Spindola earned the rank after a glorious campaign at brown belt, where he medalled at important tournaments such as the Pan American Championship, Brazilian National Championship, South American Championship as well as the Rio International Open. These significant achievements were even more impressive as Djalma Spindola conquered them while working as a public defence attorney. Full Name:Djalma Spindola de Athaydes Neto",False
6203,Carlos Barreto,Carlos,Barreto,Carlao,BTT,https://www.bjjheroes.com/?p=6203,"Carlos Barreto, commonly known as “Carlão” Barreto is an iconic figure in bothjiu jitsuand vale-tudo/mixed martial arts (MMA). A black belt underSergio “Bolão” Souza, Barreto defended the flag of jiu jitsu and theCarlson Gracie Academyinside cages and rings across the world against various styles of combat, defeating big names of cage-fighting such as Kevin Randleman, Ben Rothwell, Dan Bobish, Paul Varelans and numerous others. “Carlão” Barreto was also known as one of the most talented and successfulguard playersin vale tudo. Full Name:Carlos Eduardo Barreto dos Santos",False
6227,Alison Trembley,Alison,Trembley,,BTT,https://www.bjjheroes.com/?p=6227,"Alison Tremblay is aBrazilian jiu jitsublack belt under Peter Tremblay and a representative of Canada in the international grappling circuit. Regarded as one of the most talented competitors of her generation, in 2015 Alison became the 2nd Canadian national ever to medal in theIBJJF World Jiu Jitsu Championshipin the adult black belt division, further cementing that claim. Full Name:Alison Victoria Tremblay",False
6236,Sophia McDermott Drysdale,Sophia,McDermott Drysdale,,,https://www.bjjheroes.com/?p=6236,"Sophia McDermott Drysdale is a 4 time Pan American Jiu Jitsu Champion, as well as the first femaleBrazilian jiu jitsublack belt of Australian Nationality. Regarded as one of the top grappling competitors of her generation, Sophia is also known for her work in the fitness industry, having developed several programs for women, particularly on the subject of post pregnancy fitness. Full Name:Sophia McDermott Drysdale",False
6246,Ailson Brites,Ailson,Brites,Jucao,Equipe Jucão,https://www.bjjheroes.com/?p=6246,"Ailson Brites, commonly known as “Jucão” is aBrazilian jiu jitsu(BJJ) black belt underCarlos Gracie Jr. and a highly accomplished figure in the sport/martial art, both as a competitor and coach, having been involved in the development of grapplers such asRobson Moura,Suyan Queiroz,Roberto “Tussa” Alencar, to name a few, while conquering medals in important tournaments including the Pan American, European Open, Masters World, International Masters & Seniors and many other championships. Ailson Brites is also known for his incredible family tree, and its close relationship to jiu jitsu, where you will find big names of this martial art such as grandmaster Geny Rebello (uncle),Armando Wriedt(uncle), Cirillo Azevedo (cousin) and Admilson Brites (brother). Full Name:Ailson Henrique Brites",False
6253,Diego Borges,Diego,Borges,,Zenith JJ,https://www.bjjheroes.com/?p=6253,"Diego Borges is aBrazilian jiu jitsublack belt under José Augusto Gato, being widely regarded as one of the top grappling competitors his generation, having conquered important medals in the sport, including in the Brazilian National Championship, Copa Podio, World Championships, etc., having defeated big names of the sport such asClaudio Calasans,Clark Gracie,Dillon Danis, to name a few. Full Name:Diego Borges Silva",False
6258,Rodnei Barbosa,Rodnei,Barbosa,Roy,Zenith JJ,https://www.bjjheroes.com/?p=6258,"Rodnei Barbosa, commonly known as “Roy”, is aBrazilian jiu-jitsublack belt under the prestigiousPaulo Rezende, a coach known for having developed grapplers such asMarcelo Garcia,Reinaldo Ribeiro,Rodrigo Ranieri,Matheus Diniz, and many others. Coming from one of the most successful lineages in the sport, Barbosa earned his place in the sport with wins at the World (no-gi), South American and Brazilian National Championships as well as New York, Rio and London International Opens. Full Name:Rodnei Barbosa Gabriel Junior",False
6276,Paulo Sergio,Paulo,Sergio,,PS Phoenix JJ,https://www.bjjheroes.com/?p=6276,"Paulo Sergio is a 6th degree black belt inBrazilian jiu jitsu(BJJ) under MasterRomero Cavalcanti, as well as an accomplished judo black belt, who is known as a BJJ pioneer in the southern region of Brazil, and in Paris – France, where he developed a network of academies under his PS Phoenix Jiu Jitsu association. A former Brazilian and European champion, Paulo Sergio is also known for his work as a referee for the sport’s most prestigious federations: IBJJF and UAEJJF Full Name:Paulo Sergio Silva dos Santos",False
6284,Pirillo Roriz,Pirillo,Roriz,,Gracie Barra,https://www.bjjheroes.com/?p=6284,"Pirillo Roriz is aBrazilian jiu jitsublack belt under Ricardo Pinho, being one of the main representatives of theGracie Barraacademy in the state of Ceará – Brazil. Although an accomplished grappler of his own merrit, Pirillo Roriz is mostly known for his work as an instructor, having produced several talented jiu jitsu competitors such as world champion Yan “Pica-Pau” Lucas and Helio Mourão. Full Name:Jose Pirillo Bezerra Roriz",False
6286,Alex Paz,Alex,Paz,Negao,Emirates Team,https://www.bjjheroes.com/?p=6286,"Alex Paz, commonly known as Alex “Negão” is aBrazilian jiu-jitsublack belt underMurilo BustamanteandRicardo Libório, as well as a multiple-time World and Brazilian National Championship Medallist. Alex Paz is also known for his work in the United Arab Emirates (UAE), where he has developed some of the region’s top grapplers, including Taleb Saleh Al Kirbi, Faisal Al Kitbe, being also the head of the refereeing board for the UAE Jiu-Jitsu Federation (UAEJJF). Full Name:Alex de Araújo Paz",False
6301,Faisal Al Kitbe,Faisal,Al Kitbe,,Emirates Team,https://www.bjjheroes.com/?p=6301,"Faisal Al Kitbe is aBrazilian jiu jitsublack belt underAlex Pazand Maiky Reiter, being known as the first high level grappler to come from the United Arab Emirates (UAE). Al Kitbe made a name for himself in the lower ranks of the sport, conquering a staggering 6 Abu Dhabi World Pro titles before breaking into the black belt division (2015). Faisal Al Kitbe is also the adoptive son of his Highness Sheikh Tahnoon bin Zayed, a member of the ruling Al Nahyan family who was the driving force behind the implementation of jiu jitsu in the UAE as well as for the creation of the ADCC tournament. Full Name:Faisal Fahad Al Ketbi",False
6311,Emyr Bussade,Emyr,Bussade,Shark,ATT,https://www.bjjheroes.com/?p=6311,"Emyr Bussade, commonly known as “Shark” or “Tubarão”, is a Brazilian jiu-jitsu black belt underRicardo Libório, and a representative of American Top Team (ATT), having built one of the academy’s biggest affiliate gyms from where he developed talented athletes such asTammiandMichael Musumeci, as well as Kevin and Brian Mahecha, to name a few. With a stellar career in the lower ranks of jiu-jitsu, Emyr went on to compete in mixed martial arts (MMA) during the 2000’s decade, representing grappling in the cage to the highest standard, ending his career with an 82% submission ratio. Full Name:Emyr Bussade",False
6337,Arnaldo Maidana,Arnaldo,Maidana,,Checkmat,https://www.bjjheroes.com/?p=6337,"Arnaldo Maidana de Oliveira is aBrazilian jiu-jitsublack belt under Gilberto Gabas, being also one of the most exciting talents of his generation. Maidana made a name for himself in the brown belt division of the sport, conquering important medals in the World Championship (gi/no-gi) and Brazilian Nationals implementing an eye-pleasing grappling style with which he submitted some of the sport’s hottest prospects, includingFelipe PenaandVitor Silvério, a style that carried on to his black belt campaigns. Full Name:Arnaldo Maidana de Oliveira",False
6328,Jason Gagnon,Jason,Gagnon,,Alliance,https://www.bjjheroes.com/?p=6328,"Jason Gagnon is aBrazilian jiu jitsublack belt underRubens Charles “Cobrinha”, being also one of the top Canadian grapplers of his generation, having conquered important titles such as the American Nationals and the European Open by the International Brazilian Jiu Jitsu Federation (IBJJF). Full Name:Jason Alexander Gagnon",False
6324,Evandro Nunes,Evandro,Nunes,,Gracie Jiu Jitsu,https://www.bjjheroes.com/?p=6324,"Evandro Nunes is aBrazilian jiu-jitsublack belt under Márcio Barão, being regarded as one of the most talented grapplers of his generation, both with and without the gi, having earned important medals in tournaments such as the World No-Gi Championship, Pan American Championship, Abu Dhabi Grand Slam, American Nationals and numerous others. Nunes is also known for his unique style of jiu-jitsu never working for points and instead always committing to the submission against all his opponents. Full Name:Evandro Nunes",False
6419,Marcel Golcalves,Marcel,Golcalves,,Fight Sports,https://www.bjjheroes.com/?p=6419,"Marcel Gonçalves is aBrazilian jiu-jitsublack belt underRoberto “Cyborg” Abreu, recognized as the very first student of the Fight Sports team program. Gonçalves was once regarded as a top lightweight in the sport, that sentiment came to a halt after March 2018, a time when Marcel Gonçalves was accused and charged with sexual misconduct towards a student minor, charges admitted by the Brazilian. The aftermath of his case exposed concerns regarding the management of Fight Sports in their handling of the events, as many in the jiu-jitsu community accused the team’s leadership of shielding Marcel, even after he was officially charged with the aforementioned felony. Full Name:Marcel Goulart Cubel Goncalves",False
6403,Leonardo Dalla,Leonardo,Dalla,Leo,Big Brothers,https://www.bjjheroes.com/?p=6403,"Leonardo Dalla, commonly known as Leo Dalla, is aBrazilian jiu jitsublack belt under MasterJorge Pereira, known as one of the top super-heavyweight competitors during the 1990’s. Dalla is also revered for his coaching prowess, having developed several black belts, including the well known Maryland grapplerLloyd Irvin. Full Name:Leonardo Nunes Dalla Costa",False
6395,Chris Holdsworth,Chris,Holdsworth,,,https://www.bjjheroes.com/?p=6395,"Chris Holdsworth is aBrazilian jiu jitsublack belt underMarc Laimon. Regarded as one of the hottest prospects in the North American grappling circuit when he was “just” a purple belt, the former World Jiu-Jitsu No-Gi IBJJF Champion (2007) moved on to become a successful mixed martial arts (MMA) fighter, reaching the world’s top MMA promotion, the Ultimate Fighting Championship (UFC) after winning the famous The Ultimate Fighter (TUF) tournament – Team Rousey vs. Team Tate (2013). After a concussion suffered in practice Holdsworth was forced to step away from the cage prematurely, becoming one of the grappling coaches at the renowned Team Alpha Male academy. Full Name:Chris James Holdsworth",False
6375,Ruan Oliveira,Ruan,Oliveira,,Soul Fighters,https://www.bjjheroes.com/?p=6375,"Ruan de Oliveira is aBrazilian jiu jitsublack belt underMúzio de AngelisandLeandro Escobar. Ruan stood out in the lower belts of the sport, particularly during his brown belt campaign (2014/2015) for his success on the mat, as well as for his eye-pleasing grappling style, with which he conquered important medals at the World Championship, Rio International Open as well as the UAEJJF Grand Slam Tour (Rio). Full Name:Ruan Marques de Oliveira",False
6366,Brian Mahecha,Brian,Mahecha,,ATT,https://www.bjjheroes.com/?p=6366,"Brian Mahecha is aBrazilian jiu-jitsublack belt underJonatas Gurgelwho first gained notoriety while representing American Top Team (ATT) in the sport’s international circuit. Brian is also an inspirational figure for grappling fans across the globe; a cancer survivor who overcame the disease to became one of the leading athletes in jiu jitsu’s featherweight division, while also being an important “standard-bearer” for his generation’s grappling style, together with his twin brotherKevin Mahecha. Full Name:Brian Mahecha",False
6359,Pedro Araujo,Pedro,Araujo,Pedrao,Gracie Barra,https://www.bjjheroes.com/?p=6359,"Pedro Araújo is aBrazilian jiu jitsublack belt underVinícius “Draculino” Magalhães, being one of the top representatives of theGracie Barra Academyin the heavyweight division. Pedro Araújo made a name for himself in this sport competing its the lower belt divisions, where he conquered over 40 IBJJF medals and 4 world titles, Araújo also stood out for his flexible and highly dynamic guard, an approach seldom seen in the heavier weight classes of the sport, where pressure guard passing is the norm. Full Name:Pedro Lucas Aguiar Araújo",False
6354,Jonathan Satava,Jonathan,Satava,,Alliance,https://www.bjjheroes.com/?p=6354,"Jonathan Satava is aBrazilian jiu-jitsublack belt under the legendaryMarcelo Garcia, being part of the golden generation of grapplers produced inside Garcia’s New York Academy, a team which includes Satava,Dillon Danis,Matheus Diniz,Mansher Khera,Marcos TinocoandDominyka Obelenyte. Regarded as one of the top prospects in the 82kg (181lbs) weight class after his wins at the World (No-Gi) and Pan American Championships (Gi + No-Gi) in the lower belt divisions of the sport, Jonathan Satava solidified this claim in his 1st year competing as a black belt, with victories over established names of the grappling world such asKayron Gracie, Marcelo Mafra andMarcos de Souzato name a few. Full Name:Jonathan T. Satava",False
6351,Alec Baulding,Alec,Baulding,,Alliance,https://www.bjjheroes.com/?p=6351,"Alec Baulding is aBrazilian jiu jitsublack belt underRomero Cavalcanti, being one of the most accomplished grapplers produced by the legendaryAlliance Jiu Jitsuco-founder on American soil. Baulding earned the reputation of being one of the top grapplers of his generation in the lower belts of the sport, where he conquered a world title and 2 Pan American championships. Full Name:Alec Jerrod Baulding",False
6348,Henrique Gama Filho,Henrique,Gama Filho,,ATT,https://www.bjjheroes.com/?p=6348,"Henrique Gama Filho is aBrazilian jiu jitsublack belt underFrancisco Albuquerque “Toco”, being also the son of the legendary Pedro Gama Filho, a historic figure for combat sports, particularly judo and jiu jitsu in Brazil. Henrique earned his space in the sport through his own hard work, being one of the top representatives of the ATT in Florida, USA. Full Name:Henrique Gama Filho",False
6342,Pedro Duarte,Pedro,Duarte,,,https://www.bjjheroes.com/?p=6342,"Pedro Duarte is aBrazilian jiu jitsublack belt underMurilo Bustamante, as well as a former World Champion of the sport, known for his close connection with the development of Hilti, one of Scandinavia’s strongest grappling academies as well as his work for Palm Sports in the United Arab Emirates (UAE), a company closely linked with the growth of the sport towards worldwide recognition. Full Name:Pedro Nogueira Duarte",False
6432,Yan Lucas,Yan,Lucas,Pica Pau,Gracie Barra,https://www.bjjheroes.com/?p=6432,"Yan Lucas, commonly known as “Pica-Pau” is aBrazilian jiu-jitsublack belt underPirillo Roriz, and one of the top representatives ofGracie Barra– Ceará. “Pica-Pau” made a name for himself in the lower belt divisions of the sport, with wins at tournaments such as the IBJJF World Championship and the American Nationals, winning against big names of the sport such asMahamed Aly,Isaac Doederlin,Hiago George, and many others. Full Name:Yan Lucas Cordeiro Paiva",False
6447,Pedro Gama Filho,Pedro,Gama Filho,,,https://www.bjjheroes.com/?p=6447,"Pedro Gama, commonly known as Pedro “Gama Filho” is a historic figure for grappling based combat sports in Brazil, particularly forBrazilian jiu jitsuand judo. A black belt in karate, judo and jiu jitsu (underReyson Gracieand João Athayde), Gama Filho’s deeds were vast and resonated throughout the country. Among his greatest achievements were Pedro’s efforts towards placing jiu jitsu in the Physical Education curriculum, which made BJJ accessible to over 60,000 children; his work in creating the “Reação” Institute, which allowed for thousands of underprivileged kids to access judo (many of which became international level athletes), his influence in the creation of teams such asGFTeamandNova Geração, and above all his efforts in raising awareness for jiu jitsu and judo athletes in Brazil. Full Name:Pedro Ernesto Prado Ferreira da Gama",False
6454,Patricia Fontes,Patricia,Fontes,Pati,Checkmat,https://www.bjjheroes.com/?p=6454,"Patricia Fontes, commonly known as “Pati” Fontes, is aBrazilian jiu jitsublack belt underLucas Leite, being one of the most successful competitors of her generation. Having built her reputation in the lower belt divisions of the sport, Pati earned the grappling community’s admiration after her 2015 run, when she won her first two IBJJF World titles, first one as a brown belt (gi), repeating the deed a few months later, at the No-Gi Worlds as a black belt, that way consolidating her new rank. Full Name:Patrícia Maria N. Fontes dos Santos",False
6481,Amal Easton,Amal,Easton,,Easton Training Centre,https://www.bjjheroes.com/?p=6481,"Amal Easton is a veteran muay thai competitor andBrazilian jiu jitsublack belt underRenzo Gracie, regarded as a pioneering figure for the South American grappling style in the United States. A decorated grappler with numerous titles to his name, Easton is also known as one of the top instructors in the country having developed high end grapplers and mixed martial arts (MMA) fighters such as Shane Carwin, Elliott Marshall, Brendan Schaub, Nathan Marquardt and countless others. Full Name:Amal B. Easton",False
6483,Neiman Gracie,Neiman,Gracie,,Renzo Gracie Academy,https://www.bjjheroes.com/?p=6483,"Neiman Gracie is aBrazilian jiu jitsublack belt underRenzo Gracie, being also the great grandson of Gracie jiu jitsu founderCarlos Gracie(10th degree), grandson to 9th degreered beltRobson Gracieas well as the son of the famous MasterMárcio Stambowsky. Neiman earned his place in the sport by his own merit, earning numerous titles in Gi and No-Gi tournaments before his transition to mixed martial arts (MMA) in 2013, having fought for prestigious promotions such as Bellator and World Series of Fighting (WSOF). Full Name:Neiman Gracie Stambowsky",False
6493,Darson Hemmings,Darson,Hemmings,,Gracie Humaita,https://www.bjjheroes.com/?p=6493,"Darson Hemmings is a Jamaican/Canadian black belt inBrazilian jiu jitsuby Jorge Britto, being the first athlete of Caribbean origin to compete in the ADCC. Hemmings is also one of the most accomplished Canadian competitors of his generation with medals at tournaments such as the World No-Gi Championship, European Open and Pan American Championship. Full Name:Darson Barrington Hemmings",False
6507,Regis Lebre,Regis,Lebre,,Gracie Humaita,https://www.bjjheroes.com/?p=6507,"Régis Lebre is aBrazilian jiu-jitsublack belt underRoyler Gracie, regarded as one of the pioneers in the US East Coast through his work atSteveandDC Maxewell‘s “Maxwercise” academy in Philadelphia. Not only a revered instructor, but Lebre was also highly successful as a competitor, having earned a Pan American title, Masters & Senior title, and several Rio State championships. Full Name:Régis da Silveira Lebre",False
6518,Egan Inoue,Egan,Inoue,,,https://www.bjjheroes.com/?p=6518,"Egan Inoue is a retired mixed martial arts (MMA) fighter and a historic figure in the sport ofBrazilian jiu-jitsu, being the first non-Brazilian athlete to win a gold medal at the IBJJF/CBJJ World Jiu-Jitsu Championships. A black belt underJohn Lewis, Inoue had a life filled with sporting achievements, which include world titles not only in jiu-jitsu (2x), but also in racquetball (2x), MMA (5x under the SuperBrawl promotion) while being also a world-class spearfisher. Egan’s brotherEnson Inoueis also a revered figure in MMA and BJJ. Full Name:Egan Inoue",False
6525,Kristina Baarlan,Kristina,Baarlan,,CTBJJA,https://www.bjjheroes.com/?p=6525,"Kristina Barlaan is aBrazilian jiu jitsublack belt underCaio Terra, having also trained extensively withGustavo Dantas.Widely regarded as one of her generation’s main light-featherweight BJJ competitors, Barlaan’s reputation was earned through important wins in some of the sport’s prime tournaments, particularly in the International Brazilian Jiu Jitsu Federation (IBJJF) circuit,where she won Asian, European and Pan American titles. Full Name:Kristina Sofia Puruganan Barlaan",False
6528,Bruno Moreno,Bruno,Moreno,Alminha,Kimura / Nova Uniao,https://www.bjjheroes.com/?p=6528,"Bruno Moreno, commonly known as Bruno “Alminha”, is aBrazilian jiu jitsublack belt underJair Lourençoof the Kimura-Nova Uniãoacademy. Regarded by many as one of the top roster weights of his generation, “Alminha” remained in relative anonymity to jiu jitsu’s mainstream media mainly due to his place of residence –Rio Grande do Norte, a state located far from the sport’s limelight, from which he earned important titles such as World Cup Champion (CBJJO), Brazilian National Champion (IBJJF) and European Open Champion (IBJJF). Full Name:Bruno Cesar Gomes da Silva Moreno",False
6535,James Boran,James,Boran,,Boran BJJ,https://www.bjjheroes.com/?p=6535,"James Boran is aBrazilian jiu jitsublack belt underJoe Moreira, and a pioneering figure for this martial art in the United States, being among the first 12 grapplers outside Brazil to earn a black belt in BJJ, a group often named as theDirty Dozen. A former American football player, Boran carried his competitive drive to jiu jitsu being highly decorated as a black belt while competing for almost 4 decades in this sport. In jiu jitsu James Boran has won important tournaments such as the World Masters Championship, the Word No-Gi Championship as well as the Pan American Championship on numerous occasions. Full Name:James Richard Boran",False
6531,Richard Martinez,Richard,Martinez,Richie,10th Planet,https://www.bjjheroes.com/?p=6531,"Richie Martinez, also known as “Boogeyman” is ajiu jitsublack belt underEddie Bravoand one of the top 10th Planet Jiu Jitsu Academy representatives in grappling’s current competitive no-gi scene. An EBI and Onnit Invitational tournament runner-up, Richie is also the brother of another accomplished jiu jitsu competitor,Geo Martinez, the two being known as the “Freak Brothers” among the sport’s fans. Full Name:Richard Martinez",False
6503,Marcel Fortuna,Marcel,Fortuna,,Ralph Gracie JJ,https://www.bjjheroes.com/?p=6503,"Marcel Fortuna, also known as “Mãozinha”, is aBrazilian jiu jitsublack belt underAlexandre de Souza(Pop), and a professional mixed martial arts (MMA) fighter. Having conquered an IBJJF World title representing the Gracie Florianópolis team (2007), Fortuna would later join the famousRalph Gracie‘s academy in San Francisco – California (2009), with whom he started his MMA career, while still keeping active within the local grappling circuit. Full Name:Marcel Fortuna",False
6539,Francisco Pinto Sa,Francisco Pinto,Sa,Sazinho,SAS,https://www.bjjheroes.com/?p=6539,"Francisco Pinto Sá, commonly known as “Sázinho” Francisco, is aBrazilian jiu jitsublack belt underMaster Francisco Sá, being often revered by the grappling community as one of Ceará state’s most important figures, due to his efforts in the development of this martial arts style in the northeastern region of Brazil. Sázinho is also known as one of the founders of the SAS team association, and for his coaching talent, having developed important grapplers such asDaniel Beleza, Marcus Aurélio, Hermes França, Wilson Gouveia and many others. Full Name:Francisco Carlos Pinto Sá",False
6545,Ricardo Velloso,Ricardo,Velloso,Kiko,Carlson Gracie Academy,https://www.bjjheroes.com/?p=6545,"Ricardo Velloso, commonly known as “Kiko” Velloso is aBrazilian jiu jitsucoral belt(7th degree), who earned his black belt rank from the lateCarlson Gracie, being one of the historic members of Carlson’s powerful competition team during the 1980s and 1990s. Kiko was also one of the head instructors of theCarlson Gracie Academyheadquarters in Rua Figueiredo Magalhães for 15 years, where he helped develop the games of hundreds of grapplers. Full Name:Ricardo Tabev Silva Velloso",False
6563,Francisco Iturralde,Francisco,Iturralde,Sinistro,Alliance,https://www.bjjheroes.com/?p=6563,"Francisco Iturralde, commonly known as “Sinistro” is aBrazilian jiu jitsublack belt underFernando “Soluço” Di Pieroof theAlliance academy, being the first big name to come out of Ecuador in this sport. A 2x World Champion in the juvenile division, Sinistro was quick to make his mark in grappling, later cementing his status as the top talent in South America’s west coast with medals at the Pan American Championships, European Open and countless others. Full Name:Francisco Antonio Iturralde Lara",False
6592,Dany Gerard,Dany,Gerard,,Atos,https://www.bjjheroes.com/?p=6592,"Dany Gerard is aBrazilian jiu-jitsublack belt underMike Fowler, being also the first high-level submission grappler ever produced by Tahiti. One of the top ultra-heavyweight competitors of his generation, Gerard is also the leader of Tahitian Top Team, one of the leading academies in French Polynesia, as well as a representative of the prestigiousAtos academy– when competing in international events. Full Name:Dany Guy Steve Gerard",False
6596,Jhonny Loureiro,Jhonny,Loureiro,,Alliance,https://www.bjjheroes.com/?p=6596,"Jhonny Loureiro is aBrazilian jiu jitsublack belt underMário Reis, being also one ofAlliance‘s the top middleweight competitors. Jhonny achieved the rank of black belt in 2015 after a rampant brown belt campaign where he won 32 gold medals in the Brazilian and international grappling circuits, including Brazilian National, South American and Grapplers Quest titles as well as a World No-Gi Silver medal. Full Name:Jhonny Loureiro Sigallis Souza",False
6618,Luciana Dias,Luciana,Dias,Luka,Gracie Humaita,https://www.bjjheroes.com/?p=6618,"Luciana Dias, commonly known as “Luka” Dias is aBrazilian jiu jitsublack belt underWellington “Megaton” DiasandRoyler Gracie. A true pioneer for women’s jiu jitsu as well as one of the most accomplished female competitors of all time, Luka holds numerous titles at the highest level and 3 wins over the iconic 7 time world championGabrielle Garcia, two of which by submission. Dias is also the wife of the aforementioned and legendary BJJ competitor Wellington Dias and stepmother to black belt world championMackenzie Dern. Full Name:Luciana Tavares Dias",False
12788,Luciana Mota,Luciana,Mota,,Alliance,https://www.bjjheroes.com/?p=12788,"Luciana Mota Castelo Branco (Luciana Mota) is a professional jiu-jitsu athlete and a black belt underJoão “Johnny” Fariaand Diego Castelo Branco who represents the Alliance Team in the sport’s global circuit. Originally from Manaus, Brazil, Luciana made a name for herself competing in the United States of America where she conquered important medals in the International Brazilian Jiu-Jitsu Federation (IBJJF) league. Full Name:Luciana Mota Castelo Branco",False
6641,Deborah Gracie Stambovsky,Deborah,Gracie Stambovsky,,Gracie Sports,https://www.bjjheroes.com/?p=6641,"Deborah Gracie Stambowsky is aBrazilian jiu jitsublack belt underMárcio Stambowsky, being one of only two women in theGracie familyto have reached the rank of black belt (the other beingKyra Gracie). Deborah Gracie Stambowsky is also known for her work towards the development of jiu jitsu in the United Arab Emirates (UAE), where she has formed a successful a team of female competitors through the country’s school program. Full Name:Deborah Gracie Stambowsky",False
6674,Miguel Angel Alderete,Miguel Angel,Alderete,,Nova União,https://www.bjjheroes.com/?p=6674,Miguel Ángel Alderete is aBrazilian jiu-jitsublack belt under Eduardo “Dudu” Duarte and a representative of theNova Uniãoacademy in the sport’s heavyweight division. Alderete is also the first Argentinian athlete to ever medal at Jiu Jitsu’s Brazilian National Championship (Brasileiro CBJJ) in the adult black belt division. Full Name:Miguel Ángel Alderete,False
6683,Ryan Gracie,Ryan,Gracie,,,https://www.bjjheroes.com/?p=6683,"Ryan Gracie was aBrazilian jiu-jitsublack belt underCarlos Gracie Junior, and one of the leading representatives of theGracie familyin both sport jiu-jitsu and no-holds-barred/mixed martial arts during the 1990s and 2000s decades, having also been an essential catalyst for the expansion of jiu-jitsu into the São Paulo region of Brazil, where he developed a highly successful team. One of the most bipolar figures in jiu-jitsu’s history, Ryan was known as much for his fights in the ring as he was for his street altercations and run-ins with the law, which ultimately led to his death in December 2007. Full Name:Ryan Gracie",False
6686,Carlos Terrinha,Carlos,Terrinha,,Gracie Barra,https://www.bjjheroes.com/?p=6686,"Carlos Terrinha is aBrazilian jiu jitsublack belt underVinícius “Draculino” Magalhãesand an accomplished competitor with numerous medals at important tournaments such as the European Open, the Pan American Championship and the International Masters & Seniors. Terrinha is also known for his work as an IBJJF referee, being one of the most revered judges in the sport. Full Name:Carlos Alberto Terrinha",False
6748,Juarez Soares,Juarez,Soares,,Araruama Jiu Jitsu/DDR,https://www.bjjheroes.com/?p=6748,"Juarez Soares is aBrazilian jiu jitsublack belt under Marcos Siqueira, being the founder of the Araruama Jiu Jitsu Academy and the DDR Jiu Jitsu team, one of the most respected grappling squads in the state of Rio de Janeiro. Juarez Soares is also a respected jiu jitsu referee, having worked with important federations such as the FJJ-Rio, the CBJJ and the IBJJF. Full Name:Juarez Soares da Costa",False
6756,Rodrigo Silva,Rodrigo,Silva,Feijao,Nova União,https://www.bjjheroes.com/?p=6756,"Rodrigo Antônio, commonly known as Rodrigo Feijão is a Brazilian jiu jitsu black belt underAndré Pederneiras, being also one of the main figures behindNova União‘s lightweight dream-team of the late 1990’s and early 2000’s. Feijão later became one of the top grappling coaches in Brazil by developing numerous talented athletes through his academy in the small municipality of Maringá, including Alex Sodré, Anderson Muniz andDaniel Garcia Dias. Full Name:Rodrigo Antônio Garcia da Silva",False
6761,Tayane Porfirio,Tayane,Porfirio,,Alliance,https://www.bjjheroes.com/?p=6761,"Tayane Porfirio is aBrazilian jiu jitsublack belt underAlexandre Paivaand was one of the main representatives of the Alliance Academy’s female team during the late 2010s. Porfirio broke out into the international grappling scene in 2015 by winning the International Brazilian Jiu-Jitsu Federation (IBJJF) Grand Slam (which signifies gold medals at the World, Pan American, European Open, and Brazilian Nationals) in both her weight and the absolute division as a purple belt. After winning double gold at the 2018 IBJJF World Championships in the professional division, Porfirio tested positive for two types of anabolic-androgenic steroids and was banned from competing in the organization for 4 years. She returned in 2024 and went on to beat the most dominant female athlete in the history of the sport (Gabrieli Pessanha) in 2025, ending Pessanha’s 164 unbeaten match streak. Full Name:Tayane Porfírio de Araújo",False
6765,Fernanda Mazzelli,Fernanda,Mazzelli,,Strike Academy,https://www.bjjheroes.com/?p=6765,"Fernanda Mazzelli is aBrazilian jiu-jitsublack belt under Thiago de Oliveira being also one of the top figures in the sport’s medium-heavy and heavyweight female divisions. A representative of the Striker Jiu-Jitsu Academy, Mazzelli made a name for herself in the lower belt divisions by conquering 6 Brazilian national titles, going on to accomplish a stellar career as a black belt. Fernanda’s many talents went beyond the mats, particularly on to politics where Mazzelli made a career as an elected councilwoman for Guarapari’s town hall while keeping active as a grappler. Full Name:Fernanda Mazzelli Almeida Maio",False
6768,Adilson Lima,Adilson,Lima,Bitta,Academia Pitbull,https://www.bjjheroes.com/?p=6768,"Adilson Lima, commonly known as Adilson “Bitta” (also seen as Bita) is a historicBrazilian jiu jitsublack belt underCarlos RollysonandCarlos Gracie Junior. A historic figure in this martial art through his many competitive jiu jitsu achievements and his no-holds-barred (NHB/MMA) career, Master Bita is also known for his work as a grappling coach, having developed well known black belts such asDelson Heleno, Dyego Turl, Rodrigo “Ximbica”, Marco Nascimento,Vitor Oliveiraand numerous others from his academy: Clube de Jiu Jitsu Pitbull in Teresópolis, Brazil. Full Name:Adilson Jorge de Lima",False
6801,Jose Carlos Lima,Jose Carlos,Lima,,GF Team,https://www.bjjheroes.com/?p=6801,"José Carlos Lima Sobrinho, also known as José Carlos Lima or “Cocó” is a Brazilian jiu jitsu black belt under MasterJúlio César PereiraofGF Team, being also regarded as one of the top rooster weights of his generation in the sport. José Carlos Lima built his reputation as one of the world’s best in the lower belt divisions of jiu jitsu by conquering important titles such as the IBJJF World Championship and the UAEJJF Abu Dhabi World Pro. Full Name:José Carlos Souza Lima Sobrinho",False
6805,Max Gimenis,Max,Gimenis,,GF Team,https://www.bjjheroes.com/?p=6805,"Max Gimenis is aBrazilian jiu-jitsublack belt under MasterJúlio César Pereira, being also one ofGF Team‘s top representatives in the super heavyweight division of the sport’s international circuit. A product of GFT’s incredible grappling program, Gimenis embodied the famous academy’s curriculum to perfection, by making pressure passing his strongest weapon. A style which he used to win important titles including at the World, Pan American, and Brazilian National championships. Full Name:Max dos Santos Gimenis",False
6825,Fernando Andrade Reis,Fernando,Andrade Reis,,Alliance,https://www.bjjheroes.com/?p=6825,"Fernando Andrade dos Reis (or simply Fernando Reis) is aBrazilian jiu jitsublack belt underFábio Gurgel, and a former student ofTiago Rocha, as well as one ofAlliance Academy‘s top representatives in the super-heavyweight division. Fernando made a name for himself in the lower belt divisions of the sport with medals in all of IBJJF’s top tournaments, including the World Championship, Pan American Championship and Brazilian Nationals. Full Name:Fernando Andrade dos Reis",False
6833,Jared Weiner,Jared,Weiner,,BJJ United / Tac Team / Purebred,https://www.bjjheroes.com/?p=6833,"Jared Weiner is an American bornjiu-jitsublack belt, and one of the strongest competitors the sport/martial art produced in the United States East Coast during the 2000’s decade. A former student ofSteve MaxwellandLloyd Irvin, Weiner’s reputation as an instructor has matched his tournament prowess, being the founder of important teams such as BJJ United and the Tac Team Association from which he produced numerous champions. Full Name:Jared B. Weiner",False
6829,Daniel Alvarez,Daniel,Alvarez,Danny,Alvarez BJJ / Bruno Bastos Association,https://www.bjjheroes.com/?p=6829,"Daniel Alvarez Jr, commonly known as Danny Alvarez is aBrazilian jiu jitsublack belt, and a representative of both Alvarez BJJ and theBruno BastosAssociation. A devoted competitor in the sport’s Masters competitive circuit, Danny Alvarez is also one of the most prolific instructors in Texas, having produced IBJJF Pan American, European and World champions, one being his daughter Danielle Alvarez, who has also established herself as one of the most talented grapplers of her generation. Full Name:Daniel Victor Alvarez Jr",False
6976,Vinicius Canevari,Vinicius,Canevari,Magoo,Magoo Jiu Jitsu,https://www.bjjheroes.com/?p=6976,"Vinicius Canevari, commonly known as Vinicius “Magoo”, is aBrazilian jiu jitsublack belt underEduardo “Brigadeiro”and one of the pioneers of this martial art in the state of Paraná. A Brazilian National and South American champion, Magoo started his work in Londrina – PR during the mid 1990’s, developing one of the strongest teams in the south of Brazil: Magoo Jiu Jitsu. Full Name:Vinicius Cesare Modernel Canevari",False
7000,Nathiely de Jesus,Nathiely,de Jesus,,,https://www.bjjheroes.com/?p=7000,"Nathiely de Jesus is aBrazilian jiu-jitsublack belt underCícero Costha, being also one of the top grappling competitors of her generation, a reputation earned during Nathiely’s purple and brown belt campaigns when she earned 5 World titles, 1 Abu Dhabi World Pro, 1 Pan American and 3 Brazilian National titles for the PSLPB academy, all medals she would revisit as a black belt. Nathiely is also the wife of another prolific grappler,Manuel Ribamar. Full Name:Nathiely Karoline Melo de Jesus",False
7002,Jamil Hill-Taylor,Jamil,Hill-Taylor,,Team Lloyd Irvin,https://www.bjjheroes.com/?p=7002,"Shane Jamil Hill-Taylor, commonly referenced as Shane Hill-Taylor, or plain Jamil Hill is one of the topjiu-jitsuathletes of his generation and a product of Team Lloyd Irvin’s kids’ program. One of the top American born competitors on BJJ’s grappling scene, Shane Jamil Hill-Taylor made a name for himself in the lower belt divisions of the sport by conquering numerous important championships, including 3 IBJJF World titles as a blue, purple and brown belt, which cemented the case for his black belt, earned from the hands ofLloyd Irvinon June 2016. Full Name:Shane Jamil Hill-Taylor",False
7009,Stephen Roberto,Stephen,Roberto,,Purebred,https://www.bjjheroes.com/?p=7009,"Stephen Roberto is aBrazilian jiu jitsublack belt underEnson Inoue, being also a pioneer of the sport/ martial art in Guam (as well the island’s first black belt), where he established an affiliate of the famous Japanese academy – Purebred. A former mixed martial arts (MMA) fighter, Roberto is regarded as a great developer of jiu jitsu in Micronesia’s US territory, having built one of the most well established grappling programs in the famous fighting island. Full Name:Stephen Roberto",False
7075,Jack McVicker,Jack,McVicker,,McVicker's BJJ,https://www.bjjheroes.com/?p=7075,"Jack McVicker is an American martial arts expert and aBrazilian jiu jitsupioneer in the Midwest of the United States where he established his academy McVicker BJJ. A certified instructor in jeet-kune do and Filipino martial arts under Dan Inosanto, and a the first ever jiu jitsu black belt awarded byWellington “Megaton” Dias, Jack McVicker is also known as one of the most accomplished athletes in the sport’s Masters division. Full Name:Jackson McVicker",False
7077,Ariadne de Oliveira,Ariadne,de Oliveira,,Equipe Mestre Wilson,https://www.bjjheroes.com/?p=7077,"Ariadne Oliveira is aBrazilian jiu jitsublack belt promoted by her father Manoel João Costa, owner of the Iron Jiu Jitsu Academy. Ariadne earned the recognition of the grappling community as a brown belt, particularly during the 2014 Abu Dhabi World Pro Championship where she shocked the world by submitting multiple time black belt world championMichelle Nicolini. Oliveira has since become one of the top competitors in the female jiu jitsu division. Full Name:Ariadne de Oliveira",False
7079,Carlos Farias,Carlos,Farias,,Roberto Traven BJJ,https://www.bjjheroes.com/?p=7079,"Carlos Farias is aBrazilian jiu jitsublack belt underRoberto Traven, and an ultra-heavyweight competitor with numerous medals in the IBJJF and UAEJJF tournament circuits, including in important events such as the Pan American, World Masters, Abu Dhabi World Pro Trials and the American Nationals. Farias is also known for competing as in the adult division while in his 40’s, an age range set for the Master 3 category of the sport. Full Name:Carlos Eduardo de Araujo Farias",False
7103,Wagner Mota,Wagner,Mota,,Demian Maia Jiu Jitsu,https://www.bjjheroes.com/?p=7103,"Wagner Mota is aBrazilian jiu jitsublack belt underEduardo TellesandFernando Tererê, being well known in the grappling circuit asDemian Maia‘s coach during the fighter’s tremendous mixed martial arts (MMA) career in the Ultimate Fighting Championship (UFC). Mota is also a historic figure for jiu jitsu in his home country – particularly in the state of São Paulo, being a formerMarcelo Behringstudent, while having helpedFábio Gurgelprepare for many legendary bouts under no-holds-barred (NHB) rules. Full Name:Wagner Mendes Mota",False
7106,Talita Alencar,Talita,Alencar,,Alliance,https://www.bjjheroes.com/?p=7106,"Talita Alencar is aBrazilian jiu-jitsublack belt underTheodoro CanalandJúlio César Pereira. As an athlete Talita built her career in the lower belt divisions of the sport, competing under theGF Teambanner for whom she earned important titles such as the IBJJF World Championships (Gi and No-Gi) and American Nationals. Shortly after she earned her black belt (2016) Talita Alencar swapped teams, moving to theAlliance Academyhub in Los Angeles, where she joined forces withRubens Charles “Cobrinha”. Full Name:Ana Talita de Oliveira Alencar",False
7111,Muslim Patsarigov,Muslim,Patsarigov,,RGA Norway,https://www.bjjheroes.com/?p=7111,"Muslim Patsarigov is aBrazilian jiu jitsublack belt of Chechen nationality, developed by coachFelipe “Gargamel” Motafrom his academy in Sandnes – Norway. Known for his strong freestyle wrestling background, Patsarigov earned his reputation as one of the top super-heavyweights in the world through his performances in tournaments such as Abu Dhabi World Pro Championship, World No-Gi Championship and European Open Championship. Full Name:Muslim Letschaevich Patsarigov",False
7114,Marcus Antelante,Marcus,Antelante,,Soul Fighters,https://www.bjjheroes.com/?p=7114,"Marcus Antelante is aBrazilian jiu jitsublack belt underRafael “Formiga” Barbosa, and former student ofAndré “Negão” Terêncio, who is known as one of the strongest middleweights of his generation. A representative of theSoul Fighters Academy, Marcus Antelante moved to the US in 2011 where he established himself as a top competitor in the Master division, winning titles such as the Pan American and No-Gi Worlds. Full Name:Marcus Vinícius Costa Antelante",False
7123,Luiz Tosta,Luiz,Tosta,Ceara,London Shootfighters,https://www.bjjheroes.com/?p=7123,"Luiz Tosta, also known as Ceará is aBrazilian jiu jitsublack belt underMario Reisand a professional mixed martial arts (MMA) fighter, known for his affiliation with the historic London Shootfighters team. Originally from Brazil, Tosta built his combat sports career in England, from where he earned important jiu jitsu titles such as European Open Champion (Gi + No-Gi) and London International Open Champion, while leading a successful MMA career. Full Name:Luiz Henrique Cunha Tosta",False
7156,Tiago Bravo,Tiago,Bravo,,,https://www.bjjheroes.com/?p=7156,"Tiago Bravo is aBrazilian jiu-jitsublack belt underMuzio de Angelis, known not only for his work as a coach in the United Arab Emirates (UAE), but also as one of the top featherweight competitors of his generation. This reputation was earned on the mats, through medals in important tournaments such as the Abu Dhabi World Pro Championship, the Brazilian No-Gi Nationals as well as the Abu Dhabi Grand Slam. Full Name:Tiago Bravo dos Santos",False
6792,Cassio Francis,Cassio,Francis,Cassao,Gracie Barra/ Cassao,https://www.bjjheroes.com/?p=6792,"Cassio Francis, commonly known as “Cassão” is aBrazilian jiu jitsublack belt underVinícius “Draculino” Magalhães, being one of the strongest heavyweight competitors produced by the famousGracie Barrainstructor. Francis is also a great example of a persevering mind: In 2011 Francis was told he would never be able to compete again due to a spinal injury. Overcoming the odds, Cassio returned to the sport two years later as strong as ever, regaining his spot as a contender in the heavyweight division. Full Name:Cássio Francis da Silva",False
7201,Rodrigo Pinheiro,Rodrigo,Pinheiro,,Rodrigo Pinheiro JJ,https://www.bjjheroes.com/?p=7201,"Rodrigo Pinheiro is aBrazilian jiu jitsublack belt under Ulisses Paixão, having also trained extensively with legendary coaches/competitors such asSaulo RibeiroandRoyler Gracie. One of the top athletes of his generation, Pinheiro would make a career also as a grappling coach from his San Antonio – TX academy, where he built one of the strongest teams in the state of Texas – Rodrigo Pinheiro BJJ, a team associated withGracie Humaitá. Full Name:Rodrigo Pinheiro Breves",False
7171,Tiago Pereira,Tiago,Pereira,,Ribeiro JJ,https://www.bjjheroes.com/?p=7171,"Tiago Pereira is one of the topBrazilian jiu jitsucompetitors of his generation, particularly in the Master division, where he earned important titles such as the World Masters and the World No-Gi Championship. Pereira was awarded his black belt from the illustriousAdmilson “Juquinha” Brites, having represented bothGracie Humaitáand the Ribeiro Jiu Jitsu associations throughout his career. Full Name:Tiago Pereira Almeida",False
7143,Breno Bittencourt,Breno,Bittencourt,,Ares JJ,https://www.bjjheroes.com/?p=7143,"Breno Bittencourt is aBrazilian jiu jitsublack belt underAlan Moraes, and a representative of theCarlson Gracielineage in the sport. A member of the Ares Jiu Jitsu/Alan Moraes BJJ (AMBJJ) association, one of the most fruitful branches of theCarlson Gracie Academy, Breno Bittencourt made a name for himself during his brown belt campaign, by conquering two Brazilian National titles, as well as a South American championship. Full Name:Breno Henrique Abreu Bittencourt",False
7140,Fabricio Medeiros,Fabricio,Medeiros,Bicudo,,https://www.bjjheroes.com/?p=7140,"Fabricio Medeiros, commonly known as Fabricio “Bicudo” is aBrazilian jiu jitsublack belt underRenato Tavaresand former member of teams such as Associação Oriente,Carlson Gracie AcademyandCheckmat. Bicudo is also an accomplished athlete in other combat sports such as mixed martial arts (MMA) and freestyle wrestling. Full Name:Fabricio Medeiros",False
7256,Jan Buatim,Jan,Buatim,,NS Brotherhood,https://www.bjjheroes.com/?p=7256,"Jan Buatim is aBrazilian jiu jitsublack belt underLeandro Lo, who’s also trained extensively with Pedro Mello. One of the rising stars of the ‘New School Brotherhood’ academy, Buatim became a respected competitor while battling in Brazil’s national grappling circuit, conquering medals in important tournaments such as the South Brazilian Championships, Floripa Open and Brazil National Pro. Full Name:Jan Buatim Wamser",False
7247,Enrico Cocco,Enrico,Cocco,,Fight Sports / Zen Jiu Jitsu,https://www.bjjheroes.com/?p=7247,"Enrico Cocco is aBrazilian jiu-jitsublack belt under Marcos andDavid Avellan, who specialized in the no-gi facet of the sport who was particularly successful competing in the North American circuit. Cocco was regarded as a grappling prodigy as a teenager, a reputation earned through his repeated victories in adult divisions of local and national tournaments. More recently Enrico Cocco became the head instructor and founder of the Zen Jiu-Jitsu Academy, as well as a role model and active spokesperson for the benefits of plant-based diets in our sport. Full Name:Enrico Daniel Cocco",False
7231,Manuel Diaz,Manuel,Diaz,Manny,,https://www.bjjheroes.com/?p=7231,"Manuel Diaz, commonly known as “Manny” is an accomplishedBrazilian jiu jitsublack belt underCaio Terra, who also trained extensively with Sandro “Batata” Santiago. Known as one of the top American grapplers of his generation, Manny Diaz first caught the attention of the sport’s mainstream media after a brilliant performance at the Copa Podio Middleweight Grand Prix (2013), where he battled and defeated seasoned athletes while being ‘just’ a brown belt. Full Name:Manuel Diaz",False
7224,Diogo Almeida,Diogo,Almeida,,Almeida JJ,https://www.bjjheroes.com/?p=7224,"Diogo Almeida is aBrazilian jiu-jitsublack belt underEverdan Olegário(Mestre Dan), being a product of the famous “Cohab”, a social project that developed many renowned grapplers such as Almeida, his brothers (Gustavo and Caio) as well asSérgio MoraesandGuilherme Augustoto name a few. One of the strongest competitors in São Paulo (SP), Diogo is also the co-founder of Almeida JJ, a grappling association with strong ties and affiliates within the SP state. Full Name:Diogo Almeida Silva",False
7218,Outi Jarvilehto,Outi,Jarvilehto,,Brasa,https://www.bjjheroes.com/?p=7218,"Outi Järvilehto is an accomplished grappler from Finland, and a black belt inBrazilian jiu jitsuunderDemian Maia. One of the top representatives of theBrasa Clube de Jiu Jitsuacademy in Europe, Outi Järvilehto earned her reputation by winning important podium placements in tournaments such as the World, European and Finnish National championships. Full Name:Outi Järvilehto",False
7282,Andre Ushirobira,Andre,Ushirobira,,Ushirobira JJ,https://www.bjjheroes.com/?p=7282,"André Ushirobira is an accomplishedBrazilian jiu jitsublack belt underRobson Moura, with wins in important tournaments such as the Master World Championship, Brazilian National Championship (Gi & No-Gi) and South American Championship. André is also the founder of the Ushirobira Jiu Jitsu academy from where he developed talented athletes such as Fellipe Trovo and Fillipe “Guria” Braga. Full Name:André Luis Monroy Ushirobira",False
7289,Paulo Caruso,Paulo,Caruso,,,https://www.bjjheroes.com/?p=7289,"Paulo Caruso is a judo black belt and a former student ofOsvaldo AlvesinBrazilian jiu jitsu, from whom he earned the rank ofcoral belt. Widely regarded as one of the top athletes in the sport during the 1980’s, Caruso is also known for his work as a coach, developing the ground games of Olympic judo athletes such as Flávio Canto (who earned his jiu jitsu black belt under Master Paulo) and Rafaela Silva. Full Name:Paulo Roberto da Silva Caruso",False
7329,Mauricio Pereira,Mauricio,Pereira,Russo,Laerte Barcelos JJ,https://www.bjjheroes.com/?p=7329,"Mauricio Pereira, commonly known as “Russo” is aBrazilian jiu jitsublack belt under Laerte Barcelos, and a former freestyle wrestling standout in his native state of Rio de Janeiro. A strong competitor in the Rio grappling circuit during the 1990’s, Russo is also known for his work as a jiu jitsu referee for both the IBJJF and the UAEJJF – the two biggest federations in this sport. Full Name:Mauricio Gomes Pereira",False
7352,Rolando Delgado,Rolando,Delgado,Roli,,https://www.bjjheroes.com/?p=7352,"Rolando Delgado, commonly known as ‘Roli’ Delgado is aBrazilian jiu jitsublack belt and grappling pioneer in the state of Arkansas, US where he co-founded the Westside MMA academy. A former professional mixed martial arts (MMA) fighter for the Ultimate Fighting Championship (UFC), Delgado is also known for his work as a jiu jitsu instructor and for his strong influence in the development of thestraight ankle lockfor sport jiu jitsu in the early 2010 decade. Full Name:Rolando Delgando III",False
7376,Ilke Bulut,Ilke,Bulut,,Icon JJ,https://www.bjjheroes.com/?p=7376,"Ilke Bulut Swiss born,Brazilian jiu jitsublack belt underAnderson Pereiraand a one of the top Icon Jiu Jitsu Team representatives in the international grappling circuit – particularly in the European scene. Bulut was recognized as a future star for the sport of BJJ while still a teenager, a time when he earned two European Jiu Jitsu Open medals, having since cemented that claim with important wins at some of the International Brazilian Jiu Jitsu Federation (IBJJF) top tournaments. Full Name:Ilke Kubilay Bulut",False
7396,Manoel Neto,Manoel,Neto,,Team Focus,https://www.bjjheroes.com/?p=7396,"Manoel Neto is aBrazilian jiu jitsublack belt and founder of Focus Jiu Jitsu – one of the most successful grappling academies in Europe. Originally a product ofNova Uniao(NU), Manoel Neto arrived in the North of Portugal during the early 2000’s decade, becoming one of the sport’s pioneers in the region while helping develop jiu jitsu there to an international level by producing IBJJF World and European medalists and champions, as well as Abu Dhabi World Pro podium achievers such as Pedro “Paquito” Ramalho, Guilherme Jardim, Filipe Silva, Hugo Barros among others. Full Name:Manoel De Albuquerque Neto",False
7473,Thamires Aquino,Thamires,Aquino,,GF Team,https://www.bjjheroes.com/?p=7473,"Thamires Aquino is aBrazilian jiu-jitsublack belt under MasterJúlio César Pereiraand one of the top female competitors of her generation. Competing forGF Team(GFT) Aquino earned important titles in the sport’s international circuit, including at the IBJJF World Championship, CBJJ Brazilian Nationals, and UAEJJF Abu Dhabi Grand Slam Tour – Rio de Janeiro. Thamires is also the twin sister of another prolific jiu-jitsu competitor, Jhenifer Aquino. Full Name:Thamires Diógenes de Aquino",False
7476,Kristian Woodmansee,Kristian,Woodmansee,,Atos,https://www.bjjheroes.com/?p=7476,"Kristian Woodmansee is aBrazilian jiu jitsublack belt underAndré Galvão, being also one of the top rooster-weight competitors of his generation. A reputation built in the lower belt divisions of the sport, while competing in a wide variety of grappling rules, including IBJJF, EBI, ADCC, etc – for academies such as Team Lloyd Irvin, Drysdale Jiu Jitsu andAtos Jiu Jitsu. Full Name:Kristian R Woodmansee",False
7502,Paul Ardila-Ibarra,Paul,Ardila-Ibarra,,American Top Team (ATT),https://www.bjjheroes.com/?p=7502,"Paul Ardila-Ibarra a grappler of Colombian origin, and aBrazilian jiu jitsublack belt under Roan Carneiro of the American Top Team (ATT), whose also represented theAlliance Academywhile training underBruno Malfacine‘s guidance during 2015. Ardila won the IBJJF World Champion (brown belt gi and no-gi) but is mostly known for his work with the ADCC, having won the promotion’s USA Trials on three occasions. Full Name:Paul Sebastian Mauricio Ardila-Ibarra",False
7505,Valdir Canuto,Valdir,Canuto,Tio Chico,Zenith JJ,https://www.bjjheroes.com/?p=7505,"Valdir Canuto, commonly known as “Tio Chico” is aBrazilian jiu jitsublack belt under Leonardo Costa, and a pioneer for this grappling style in São Vicente (Brazil). A well respected referee for the International Brazilian Jiu Jitsu Federation (IBJJF), Valdir is also an accomplished instructor, having in his son Renato Canuto his most famous student. Full Name:Valdir Marcos Alves Canuto",False
7512,Nakapan Phungephorn,Nakapan,Phungephorn,,BETA Academy,https://www.bjjheroes.com/?p=7512,"Nakapan Phungephorn is aBrazilian Jiu-Jitsublack belt of Thailandese nationality who earned the rank from MasterPedro Sauer. Phungephorn is also the founder of the BETA academy (Washington, DC), and a historic figure in the North American grappling circuit during the 2000’s, when he won important titles, particularly at the Grapplers Quest promotion. A very well rounded martial artist, Nakapan Phungephorn has also multiple judo state titles in Virginia and Maryland, as well as a WKA Muay Thai title (2001). Full Name:Nakapan Phungephorn",False
7519,Eliot Kelly,Eliot,Kelly,,Yemaso JJ,https://www.bjjheroes.com/?p=7519,"Eliot Kelly is aBrazilian jiu jitsublack belt underMarcos “Yemaso” Torregrosaand one of the top super-heavyweight competitors in the sport, particularly in the Masters division where Kelly has won three Masters World medals (black belt) and beaten the historicAlexandre Ribeiro. Eliot Kelly has also competed extensively in freestyle wrestling, having carried a lot of this sport on to his jiu jitsu game, making him one of the exponents of the often referenced American jiu jitsu style (BJJ with strong wrestling influence)  in the super-heavyweight division of the sport. Full Name:Eliot Andrew Kelly",False
7556,Mauricio Pereira,Mauricio,Pereira,Mauricao,Behring JJ,https://www.bjjheroes.com/?p=7556,"Maurício Miguel Pereira, commonly known as Maurício “Behring” or “Maurição da Hunter” (Maurição of Hunter / Hunter’s Maurição) was one of the topjiu jitsufigures of the late 1990’s and early 2000’s decades, be it a promoter/sponsor (through his Hunter Fightwear brand), as an athlete (who conquered medals at the Brazilian Nationals and Pan American Championships) and as an instructor having helped the development of athletes such asFabrício Werdum,Márcio Corleta,Mário Reis, Rodrigo Munduruca and many more. His tragic death in 2006 shone light onto a highly controversial aspect of Brazilian law which deems a trained martial artist a “cold weapon”, allowing the use of deadly force with a firearm in claims of self defence against such an individual. Full Name:Maurício Miguel Pereira",False
7636,Vinicius Garcia,Vinicius,Garcia,,,https://www.bjjheroes.com/?p=7636,"Vinicius Garcia is aBrazilian jiu jitsublack belt under Rodrigo Castro of Atrium Jiu Jitsu / NS Brotherhood, being also one of the most accomplished grapplers ever produced by the state of Goiás (Brazil). Competing primarily in the International Brazilian Jiu Jitsu Federation’s circuit, Garcia conquered important medals, including at the European International Open, Brazilian Nationals as well as at the Sao Paulo and Rio International Open. Full Name:Vinicius Carvalho Garcia",False
hist_maeda,Mitsuyo Maeda,Mitsuyo,Maeda,Conde Koma,,,"Judoca japones que emigrou para o Brasil no inicio do seculo XX e ensinou os fundamentos do judo/jiu-jitsu a Carlos Gracie, dando origem ao Brazilian Jiu-Jitsu.",True
hist_carlos_sr,Carlos Gracie Senior,Carlos,Gracie Senior,,Gracie Jiu-Jitsu,,"Fundador da familia Gracie no jiu-jitsu, aluno de Mitsuyo Maeda, sistematizou a arte junto com seus irmaos no Brasil.",True
hist_helio,Helio Gracie,Helio,Gracie,,Gracie Jiu-Jitsu,,"Irmao mais novo de Carlos Gracie Sr, adaptou tecnicas para praticantes menores e mais leves. Formou uma geracao inteira de faixas-pretas da familia.",True
hist_rolls,Rolls Gracie,Rolls,Gracie,,Gracie Jiu-Jitsu,,"Sobrinho de Helio, incorporou elementos de luta livre e judo ao jiu-jitsu. Formou grandes mestres antes de morrer jovem em 1982.",True
