student_id,student_name,teacher_id,teacher_name,confidence,source,match_quality,evidence,source_url
8141,Aarae Alexander,1307,Lloyd Irvin,high,bio_extraction,exact,"Brazilian jiu jitsu black belt under Lloyd Irvin, having also worked extensively with coach Donnie Achnickat",https://www.bjjheroes.com/?p=8141
14157,Achilles Rocha,8394,Vagner Rocha,high,bio_extraction,exact,ent and a jiu-jitsu black belt under ADCC medalist Vagner Rocha(his father). He represents Vagner Rocha Martial Arts in the,https://www.bjjheroes.com/?p=14157
8814,Adam Benayoun,725,Ryan Hall,high,bio_extraction,exact,Brazilian jiu-jitsublack belt under Ryan Halland a representative of the Fifty/50 Martial Arts Academy in the sport's interna,https://www.bjjheroes.com/?p=8814
8131,Adam Ferrara,5747,Arthur Sousa,medium,bio_extraction,initial,"Brazilian jiu jitsublack belt under AJ Sousa, being also one of the top representatives of the GF Teamac",https://www.bjjheroes.com/?p=8131
6339,Admilson Brites,515,Royler Gracie,high,bio_extraction,exact,"Brazilian jiu-jitsublack belt under Royler Gracie, being one of Gracie Humaitá Academy's most accomplished at",https://www.bjjheroes.com/?p=6339
9541,Aniel Bonifacio,8696,Rodrigo Carvalho,high,bio_extraction,exact,"Brazilian jiu-jitsublack belt under Rodrigo Carvalho, being also one of the main rooster-weight grappling compet",https://www.bjjheroes.com/?p=9541
1116,Adriano Martins,1108,Cristiano Carioca,high,bio_extraction,exact,"Brazilian Jiu Jitsublack belt under Cristiano Carioca, having won several important titles such as the World Cham",https://www.bjjheroes.com/?p=1116
2583,Alan Moraes,5998,Carlson Gracie Junior,high,bio_extraction,exact,"raes is a jiu-jitsu black belt under Carlson Gracie Junior, and a former instructor at the world-famous Carlson Gracie",https://www.bjjheroes.com/?p=2583
696,Alberto Carmona,579,Octavio Couto,medium,bio_extraction,initial,iu jitsu 3rd degree black belt under Otávio Couto and Vinicius Campelo of the Akxe Academy in Rio de Janeiro – Brazil. A s,https://www.bjjheroes.com/?p=696
11746,Alex Munis,7552,Isaque Bahiense,high,bio_extraction,exact,ntos is a jiu-jitsu black belt under Isaque Bahiense and Gabriel Figueiróas well as a representative of the Dream Art /Allia,https://www.bjjheroes.com/?p=11746
13084,Alex Nguyen,13493,Greg Souders,high,bio_extraction,exact,"s Alex Nguyen, is a black belt in jiu-jitsu under Greg Souderswho is widely regarded as one of the top no-gi / submission-grappling com",https://www.bjjheroes.com/?p=13084
13533,Alehander Mariano,144,Andre Galvao,high,bio_extraction,exact,"iano is a jiu-jitsu black belt under André Galvão, who worked extensively with Joelton as a colored belt, and",https://www.bjjheroes.com/?p=13533
9312,Alexandre Cavaliere,553,Roberto Correa,high,bio_extraction,exact,"Brazilian jiu-jitsublack belt under Roberto Correa(Gordo) and Paulo Perrota (Rabicó), who also worked extensiv",https://www.bjjheroes.com/?p=9312
449,Alexandre de Souza,3384,Crolin Gracie,high,bio_extraction,exact,"Brazilian Jiu-Jitsublack belt under the prestigious Crolin Gracie, and one of Florianopolis's most accomplished athletes. Wel",https://www.bjjheroes.com/?p=449
474,Alexandre Ceconi,1488,Rilion Gracie,high,bio_extraction,exact,Brazilian Jiu Jitsu black belt under Rilion Gracie(who has also experience in MMA) struggled for years to achi,https://www.bjjheroes.com/?p=474
9793,Alexandre Jesus,410,Claudio Calasans,high,bio_extraction,exact,"Brazilian jiu-jitsu black belt under Claudio Calasans, being also one of the main representatives of the Calasans",https://www.bjjheroes.com/?p=9793
1671,Alexandre Puga,666,Alexandre Paiva,high,bio_extraction,exact,"de Janeiro team. A black belt in Brazilian Jiu Jitsu under the illustrious Alexandre Paiva, Puga became one of the main instructors at the Alliance ac",https://www.bjjheroes.com/?p=1671
8525,Alexandre Vieira,627,Murilo Bustamante,high,bio_extraction,exact,"Brazilian jiu jitsublack belt under Murilo Bustamante, having also worked extensively with Master Paulo Maurício",https://www.bjjheroes.com/?p=8525
12569,Alexandria Enriquez,174,Bruno Frazatto,high,bio_extraction,exact,"well as a jiu-jitsu black belt under Bruno Frazatto, who worked extensively under the tutelage of Steve Mitchel",https://www.bjjheroes.com/?p=12569
891,Alexsandro Machado,338,Ricardo Vieira,high,bio_extraction,exact,Brazilian Jiu Jitsu black belt under Ricardo Vieira. Having been the right arm of Mr Vieira for a long time at the famous Fi,https://www.bjjheroes.com/?p=891
10004,Ali Monfaradi,322,Fabio Gurgel,high,bio_extraction,exact,"Brazilian jiu-jitsublack belt under Fábio Gurgel of Alliance Jiu-Jitsuand head coach of the Elements Jiu-Jitsu Academy,",https://www.bjjheroes.com/?p=10004
1553,Alvaro Bobadilla,5869,Jorge Pereira,medium,bio_extraction,initial,"Brazilian Jiu Jitsu black belt under GF Team's leader, Master Julio Cesar Pereira. The Super Featherweight Bobadilla has won numerous important to",https://www.bjjheroes.com/?p=1553
7012,Amanda Alequin / Santana,9,Marcio Cruz,high,bio_extraction,exact,"Brazilian jiu jitsublack belt under Márcio Cruz, being also one of the top middleweights competitors of her",https://www.bjjheroes.com/?p=7012
14146,Amanda Bruse,144,Andre Galvao,high,bio_extraction,exact,"jitsu circuit and a black belt in jiu-jitsu under André Galvão, who represents the United States (USA) and the Atos Team.",https://www.bjjheroes.com/?p=14146
13078,Amanda Magda,10403,Luis Marques,high,bio_extraction,exact,eira is a jiu-jitsu black belt under Luis Marquesand a representative of Team Fratres in the sport's international circuit. Amand,https://www.bjjheroes.com/?p=13078
8301,Amanda Monteiro,5869,Jorge Pereira,medium,bio_extraction,initial,Brazilian jiu-jitsublack belt under Master Júlio César Pereiraand a representative of GF Teamin this sport/martial art's compet,https://www.bjjheroes.com/?p=8301
1391,Amin Touati,743,Royce Gracie,high,bio_extraction,exact,"Brazilian Jiu Jitsu black belt under the legendary Royce Gracie from Stockholm, Sweden, who moved to Dubai in the UAE and helped grow the",https://www.bjjheroes.com/?p=1391
13832,Ana Carolina Lima Silva,224,Roberto Abreu,high,bio_extraction,exact,ilva is a jiu-jitsu black belt under Roberto Abreu (Cyborg)and a representative of the Art Of Jiu-Jitsu (AOJ),https://www.bjjheroes.com/?p=13832
6979,Ana Carolina Vieira,5869,Jorge Pereira,medium,bio_extraction,initial,"Brazilian jiu-jitsublack belt under Master Julio Cesar Pereira, being also one of the top athletes in the female middlewei",https://www.bjjheroes.com/?p=6979
11685,Anderson Munis,7552,Isaque Bahiense,high,bio_extraction,exact,unis is a jiu-jitsu black belt under Isaque Bahiense and Gabriel Figueiróas well as a former representative of the Dream Art,https://www.bjjheroes.com/?p=11685
11646,Andre Gois,358,Lucas Lepri,high,bio_extraction,exact,"Góis is a jiu-jitsu black belt under Lucas Lepri, who worked extensively with Luciano Nucci (Casquinha) whil",https://www.bjjheroes.com/?p=11646
7747,Andre Maracaba,6507,Regis Lebre,high,bio_extraction,exact,"Brazilian jiu jitsublack belt under Regis Lebreand the head coach of Power MMA, a small team from Arizona – USA from wh",https://www.bjjheroes.com/?p=7747
11384,Andre Porfirio,224,Roberto Abreu,high,bio_extraction,exact,irio is a jiu-jitsu black belt under Roberto Abreu (Cyborg)who worked extensively with Cicero Costhaand the PS,https://www.bjjheroes.com/?p=11384
8519,Andressa Cintra,5523,Sebastian Lalli,high,bio_extraction,exact,"Brazilian jiu-jitsublack belt under Sebastian Lalliwho also worked under the guidance of Luiz Guilherme(Guigo),Caio Almeida,an",https://www.bjjheroes.com/?p=8519
11808,Andrew Wiltse,11359,Heath Pedigo,high,bio_extraction,exact,"ltse is a jiu-jitsu black belt under Heath Pedigoand a representative of the Pedigo Submission Fighting Academy, who was the team",https://www.bjjheroes.com/?p=11808
13172,Andrew Tackett,1207,Rodrigo Cabral,high,bio_extraction,exact,"ler and a jiu-jitsu black belt under Rodrigo Cabral(Brucutu) of the Brazilian Fight Factory gym, an affiliate o",https://www.bjjheroes.com/?p=13172
10638,Angelo Claiborne,1307,Lloyd Irvin,high,bio_extraction,exact,"Brazilian jiu-jitsublack belt under Lloyd Irvin, who worked extensively with coach Donnie Achnick(Master Do",https://www.bjjheroes.com/?p=10638
10764,Anna Rodrigues,7552,Isaque Bahiense,high,bio_extraction,exact,"Brazilian jiu-jitsublack belt under Isaque Bahiense, who worked extensively with other references of the grappl",https://www.bjjheroes.com/?p=10764
957,Anthony Scales,2175,Wagnney Fabiano,high,bio_extraction,exact,"s is a Canadian BJJ black belt under Wagnney Fabiano, and a Nova Uniao team Canada representative, being also th",https://www.bjjheroes.com/?p=957
1236,Antonio Carlos Junior,11228,Helder Medeiros,high,bio_extraction,exact,"Brazilian Jiu-Jitsublack belt under Helder Medeiros from the Checkmat Team(Paraíba state affiliate), who was ranked as t",https://www.bjjheroes.com/?p=1236
1536,Antonio de Melo,3394,Robson Gracie,high,bio_extraction,exact,Brazilian Jiu Jitsu black belt under Masters Robson Gracie and Geraldo Gonçalves Flores who is currently part of the Brazil 021 te,https://www.bjjheroes.com/?p=1536
12,Antonio Schembri,297,Carlos Gracie Junior,high,bio_extraction,exact,"hembri is ajiu jitsublack belt under Carlos Gracie Junior, who blasted into the BJJ scene in the mid 1990's competing",https://www.bjjheroes.com/?p=12
13364,Arley Pacheco,2416,Felipe Pena,high,bio_extraction,exact,"me , is a jiu-jitsu black belt under Felipe Pena, and a representative of Gracie Barra in the sport's gi (ki",https://www.bjjheroes.com/?p=13364
584,Arlisson Melo,78,Andre Pederneiras,high,bio_extraction,exact,Brazilian jiu jitsu black belt under André Pederneirasand a member of the Kimura-Nova Uniao academies. A former IBJJF and CBJJ,https://www.bjjheroes.com/?p=584
13175,Ariel Tabak,1155,Cicero Costha,high,bio_extraction,exact,"ralian grappler and black belt under coach Cicero Costha, who worked extensively with Levi Jones-Leary, Daniel Keane",https://www.bjjheroes.com/?p=13175
260,Ary Farias,640,Ramon Lemos,high,bio_extraction,exact,"Brazilian Jiu-Jitsublack belt under Ramon Lemos, who also worked extensively with Ricardo Vieira and Ronald",https://www.bjjheroes.com/?p=260
1167,Augusto Ferrari,492,Marco Barbosa,high,bio_extraction,exact,"Brazilian jiu-jitsu black belt under Marco Barbosa, who represented important São Paulo teams such as Lotus an",https://www.bjjheroes.com/?p=1167
188,Augusto Mendes,2040,Francisco Mansur,high,bio_extraction,exact,"Brazilian Jiu-Jitsublack belt under Master Francisco Mansur, being also one of the big names of his generation in the s",https://www.bjjheroes.com/?p=188
13849,Austin Oranday,12356,Damion Oranday,high,bio_extraction,exact,"nday is a jiu-jitsu black belt under his brother,Damion Oranday, who worked extensively with Lucas Lepri of Team Alliance.",https://www.bjjheroes.com/?p=13849
1119,Beatriz Mesquita,903,Leticia Ribeiro,high,bio_extraction,exact,Brazilian Jiu-Jitsublack belt under the legendary Leticia Ribeiro. Being pointed as the next big thing in women's Jiu-Jitsu when she was sti,https://www.bjjheroes.com/?p=1119
9385,Brandon Walensky,1523,Clark Gracie,high,bio_extraction,exact,"Brazilian jiu-jitsublack belt under Clark Gracie, also working extensively with coach Paulo Fernando Augusto",https://www.bjjheroes.com/?p=9385
10862,Brenda Larissa,122,Michael Langhi,high,bio_extraction,exact,"Brazilian jiu-jitsu black belt under Michael Langhi and Fábio Gurgel, who worked extensively with coach Melqui Galvãowhil",https://www.bjjheroes.com/?p=10862
7535,Bianca Basilio,7672,Caio Almeida,high,bio_extraction,exact,"Brazilian jiu-jitsublack belt under Caio Almeida, being also one of the top grappling competitors of her gen",https://www.bjjheroes.com/?p=7535
11354,Brian Giorgio,8874,Thomas Lisboa,high,bio_extraction,exact,"dian grappler and a black belt in jiu-jitsu under Thomas Lisboa, who also worked extensively with coach Walter Buse while r",https://www.bjjheroes.com/?p=11354
13577,Brigida Carvalho Felipe,6006,Paulo Rezende,high,bio_extraction,exact,"jitsu athlete and a black belt under Paulo Rezende, whose development occurred in the well-known Casa do Atlet",https://www.bjjheroes.com/?p=13577
1659,Bruno Alves,1633,Jose Olimpio,high,bio_extraction,exact,Brazilian Jiu Jitsublack belt under Zé Radiola(formerly from the Gracie Barra– Pernambuco) academy. Bruno,https://www.bjjheroes.com/?p=1659
10176,Bruno Lima,891,Alexsandro Machado,medium,bio_extraction,initial,"Brazilian jiu-jitsublack belt under Alexandre Machado, who is widely recognized as one of the top European grappl",https://www.bjjheroes.com/?p=10176
283,Bruno Malfacine,6002,Vinicius Amaral,high,bio_extraction,exact,facine is ajiu jitsublack belt under Vinicius Amaralwho is widely regarded as the best rooster weight in the history of the s,https://www.bjjheroes.com/?p=283
12069,Jose Bruno Matias,1491,Ulpiano Malachias,high,bio_extraction,exact,"ias, is a jiu-jitsu black belt under Ulpiano Malachias of Team Gracie Barrawho worked extensively with coach Felipe Pena(P",https://www.bjjheroes.com/?p=12069
7672,Caio Almeida,607,Gabriel Vella,high,bio_extraction,exact,"Brazilian jiu jitsublack belt under Gabriel Vella, and a former student of illustrious coaches such as Rubens",https://www.bjjheroes.com/?p=7672
9217,Caio Caetano,1188,Leandro Lo,high,bio_extraction,exact,"Brazilian jiu-jitsu black belt under Leandro Lo, having also worked extensively with Cicero Costha. One of",https://www.bjjheroes.com/?p=9217
10964,Caio Paganini,322,Fabio Gurgel,high,bio_extraction,exact,"Brazilian jiu-jitsu black belt under Fábio Gurgel, who worked extensively with Michael Langhi,Max Trombinias",https://www.bjjheroes.com/?p=10964
13051,Caio Vinicius Santos,2416,Felipe Pena,high,bio_extraction,exact,ler and a jiu-jitsu black belt under Felipe Pena(Preguiça) who represents the FP Gold Team /Gracie Barra Aca,https://www.bjjheroes.com/?p=13051
13192,Carlos Henrique Campos,7552,Isaque Bahiense,high,bio_extraction,exact,"ler and a jiu-jitsu black belt under Isaque Bahiense, who represents the Dream Art team in the sport's internati",https://www.bjjheroes.com/?p=13192
963,Carlos Vieira Holanda,7675,Faustino Neto,high,bio_extraction,exact,"Brazilian Jiu Jitsublack belt under Master Faustino Neto, and another important competitor to come out of the grappl",https://www.bjjheroes.com/?p=963
14032,Cassia Moura,637,Bruno Bastos,high,bio_extraction,exact,"jitsu athlete and a black belt in this martial art under coach Bruno Bastos, who worked extensively with Moisés Júnior and Mikael Reis",https://www.bjjheroes.com/?p=14032
13379,Cassio Felipe Costa,84,Alexandre Ribeiro,high,bio_extraction,exact,"-jitsu player and a black belt under Alexandre Ribeiro, who represents the Six Blades team in the sport's global c",https://www.bjjheroes.com/?p=13379
8562,Catherine Perret,419,Leonardo Vieira,high,bio_extraction,exact,"Brazilian jiu jitsublack belt under Leonardo Vieira(at Checkmat HQ), having also worked extensively with Ricard",https://www.bjjheroes.com/?p=8562
7657,Cleber Sousa,7672,Caio Almeida,high,bio_extraction,exact,"Brazilian jiu-jitsublack belt under Caio Almeida, and a representative of the Almeida JJ team in the sport's",https://www.bjjheroes.com/?p=7657
877,Charles Oliveira,720,Jorge Patino,high,bio_extraction,exact,"Brazilian Jiu-Jitsublack belt under Jorge Patino, who was one of the rising stars in the sport before making",https://www.bjjheroes.com/?p=877
12708,Chloe McNally,484,Murilo Santana,high,bio_extraction,exact,"ng competitor and a black belt in jiu-jitsu under Murilo Santana, who represents the Unity Jiu-Jitsu Team of New York in the",https://www.bjjheroes.com/?p=12708
7808,Christian Moriarty,355,Romero Cavalcanti,high,bio_extraction,exact,"Brazilian jiu jitsublack belt under the legendary Romero Cavalcanti(Jacaré), and one of the top competitive representatives of",https://www.bjjheroes.com/?p=7808
1523,Clark Gracie,2160,Carley Gracie,high,bio_extraction,exact,Brazilian jiu-jitsu black belt under Carley Gracieand a member of the Gracie Family as well as one of the top middleweight,https://www.bjjheroes.com/?p=1523
7749,Claudio Joanino,634,Wendell Alexander,high,bio_extraction,exact,"Brazilian jiu jitsublack belt under Wendell Alexander, being also one of the historic figures of the Nova Uniãote",https://www.bjjheroes.com/?p=7749
489,Claudio Silva,338,Ricardo Vieira,high,bio_extraction,exact,Brazilian Jiu Jitsublack belt under Ricardo Vieiraand a mixed martial arts (MMA) fighter. A true globetrotter of the spor,https://www.bjjheroes.com/?p=489
9150,Cole Franson,931,Mauricio Mariano,high,bio_extraction,exact,"Brazilianjiu-jitsu black belt under Maurício Mariano, being also one of the main representatives of the Tinguinh",https://www.bjjheroes.com/?p=9150
159,Cristiano Marcello,515,Royler Gracie,high,bio_extraction,exact,"ABrazilian Jiu Jitsublack belt under the legendary Royler Gracie, Cristiano Marcelo made a name for himself in the BJJ and M",https://www.bjjheroes.com/?p=159
9152,Daisuke Shiraki,996,Yuki Nakai,high,bio_extraction,exact,"itsu competitors. A black belt under Yuki Nakai, Daisuke Shiraki is also part of the Carpe Diem Academy, a",https://www.bjjheroes.com/?p=9152
11949,Daniel Amorim Junior,3028,Leandro Escobar,high,bio_extraction,exact,"fessional jiu-jitsu black belt under Leandro Escobar(Tatu), who worked extensively with his father – Daniel Oliv",https://www.bjjheroes.com/?p=11949
12419,Daniel Diniz,875,Lucas Leite,high,bio_extraction,exact,"ler and a jiu-jitsu black belt under Lucas Leite, who also worked extensively with other coaches such as Leo",https://www.bjjheroes.com/?p=12419
11919,Daniel Gracie,5447,Michael Musumeci,medium,bio_extraction,initial,"jitsu athlete and a black belt under Mikey Musumeci, who trained extensively with Marcelo Garciaat the Alliance",https://www.bjjheroes.com/?p=11919
453,Daniel Moraes,515,Royler Gracie,high,bio_extraction,exact,"Brazilian Jiu Jitsublack belt under Royler Gracie and Marcelo Clemente, being known as one of the best lightweight compet",https://www.bjjheroes.com/?p=453
12918,Daniel Sathler,144,Andre Galvao,high,bio_extraction,exact,"ler and a jiu-jitsu black belt under André Galvão, who worked extensively with other coaches such as Angelica",https://www.bjjheroes.com/?p=12918
994,Daniel Otero,1886,Fabricio Martins,high,bio_extraction,exact,"Brazilian Jiu Jitsu black belt under Fabricio Martins, having won several important trophies such as the CBJJ Bra",https://www.bjjheroes.com/?p=994
8036,Danilo Cherman,78,Andre Pederneiras,high,bio_extraction,exact,Brazilian jiu jitsublack belt under André Pederneiras of Nova União(NU) and a pioneer for the team in the field of mixed,https://www.bjjheroes.com/?p=8036
10953,Danilo Moreira,13053,Luis Oliveira,medium,bio_extraction,initial,"Brazilian jiu-jitsublack belt under Luiz Oliveira, who also worked extensively with Marcelo Carvalho Moreira",https://www.bjjheroes.com/?p=10953
12275,Davi Cabral,5869,Jorge Pereira,medium,bio_extraction,initial,"ler and a jiu-jitsu black belt under Júlio César Pereira, who worked extensively with Bruno Granola while representi",https://www.bjjheroes.com/?p=12275
1386,Davi Ramos,2512,Cezar Guimarães,medium,bio_extraction,initial,Brazilian Jiu-Jitsublack belt under Master César Guimarães(Casquinha) who represented the Top Brother and Atos Jiu-Jit,https://www.bjjheroes.com/?p=1386
9700,David Raab Skaf,2324,Eduardo Santoro,high,bio_extraction,exact,Brazilian jiu-jitsublack belt under Eduardo Santoro(Português) and a former member of Cia Paulista. Well known,https://www.bjjheroes.com/?p=9700
1650,David Onuma,338,Ricardo Vieira,high,bio_extraction,exact,expert who holds a black belt in Brazilian Jiu Jitsu under Ricardo Vieira and Rodrigo Cabral. David is also a certified instructor in martial art,https://www.bjjheroes.com/?p=1650
11262,David Meyer,1817,Rigan Machado,high,bio_extraction,exact,"he United States. A black belt under Rigan Machado(1996), Meyer became part of the well known BJJ Dirty Dozen–",https://www.bjjheroes.com/?p=11262
4965,David Terrell,929,Cesar Gracie,high,bio_extraction,exact,"Brazilian jiu jitsublack belt under Cesar Gracie(the 1st awarded by Cesar), who was widely regarded as one o",https://www.bjjheroes.com/?p=4965
9157,Devhonte Johnson,484,Murilo Santana,high,bio_extraction,exact,"Brazilianjiu-jitsu black belt under Murilo Santana, being also one of the main representatives of the Unity Ji",https://www.bjjheroes.com/?p=9157
9864,Diego Bispo,2583,Alan Moraes,high,bio_extraction,exact,"Brazilian Jiu-Jitsublack belt under Alan Moraes, and a member of the Ares Jiu-Jitsu team, formerly a repres",https://www.bjjheroes.com/?p=9864
7831,Diego Dias Ramalho,1633,Jose Olimpio,high,bio_extraction,exact,"Brazilian jiu-jitsublack belt under José Olímpio(also known as Zé Radiola), being also a big reference insid",https://www.bjjheroes.com/?p=7831
10840,Diego Oliveira,1155,Cicero Costha,high,bio_extraction,exact,"Brazilian jiu-jitsublack belt under Cicero Costha, who worked extensively with coach Nabil Abdel Aziz at the",https://www.bjjheroes.com/?p=10840
5258,Dillon Danis,16,Marcelo Garcia,high,bio_extraction,exact,"Brazilian jiu jitsublack belt under Marcelo Garcia, being part of a fruitful generation of grapplers produced",https://www.bjjheroes.com/?p=5258
11823,Diogo Reis,10088,Melqui Galvao,high,bio_extraction,exact,"Shark, is ajiu-jitsublack belt under Melqui Galvão, who represents Melqui's squad and Fight Sports in the spor",https://www.bjjheroes.com/?p=11823
8128,Donald Achnick,1307,Lloyd Irvin,high,bio_extraction,exact,"Brazilian jiu jitsublack belt under Lloyd Irvin, being also one of Team Lloyd Irvin's (TLI) foremost repres",https://www.bjjheroes.com/?p=8128
10000,Doug Pelinkovic,623,John Danaher,high,bio_extraction,exact,"arate, as well as a black belt in Brazilian jiu-jitsu under John Danaher and Renzo Gracie. One of the foremost karate players in the sport dur",https://www.bjjheroes.com/?p=10000
9941,Edson Diniz,1942,Rogerio Poggio,high,bio_extraction,exact,"Brazilian jiu-jitsu black belt under Rogério Poggio, who worked extensively with coaches Pitoco Jordan,Jorge Pe",https://www.bjjheroes.com/?p=9941
10835,Eduardo Azevedo,3028,Leandro Escobar,high,bio_extraction,exact,"Brazilian jiu-jitsublack belt under Leandro Escobar(Tatu), who also worked extensively with coach Luis Carlos T",https://www.bjjheroes.com/?p=10835
7405,Eduardo Barboza,5869,Jorge Pereira,medium,bio_extraction,initial,Brazilian jiu jitsublack belt under Master Júlio César Pereiraand a representative of the GF Teamin the sport's international c,https://www.bjjheroes.com/?p=7405
9901,Eduardo Galvao,297,Carlos Gracie Junior,high,bio_extraction,exact,"Brazilian jiu-jitsublack belt under Carlos Gracie Junior, who was one of the top grapplers in the sport during the l",https://www.bjjheroes.com/?p=9901
3508,Eduardo Goncalves,714,Francisco Albuquerque,high,bio_extraction,exact,"Brazilian Jiu Jitsublack belt under the illustrious Francisco Albuquerque,and the main representative of the Nova Geraçãoacademy in t",https://www.bjjheroes.com/?p=3508
13483,Eduardo Granzotto,338,Ricardo Vieira,high,bio_extraction,exact,"tto, is a jiu-jitsu black belt under Ricardo Vieira, who also worked extensively with coaches Antonio Carlos Ju",https://www.bjjheroes.com/?p=13483
9483,Eduardo Lopes,693,Luiz Guilherme,high,bio_extraction,exact,"Brazilian jiu-jitsublack belt under Luiz Guilherme(Guigo), being also a judo black belt and former member of t",https://www.bjjheroes.com/?p=9483
1520,Eduardo Monteiro,9635,Guilherme Rocha,high,bio_extraction,exact,Brazilian Jiu Jitsu black belt under Guilherme Rocha from Gracie Fortaleza and a strong competitor in the North-East region,https://www.bjjheroes.com/?p=1520
2324,Eduardo Santoro,872,Maximiliano Trombini,medium,bio_extraction,initial,"f his generation. A black belt under Max Trombini from Cia Paulista, Eduardo Santoro won some of the most important Br",https://www.bjjheroes.com/?p=2324
11357,Eduardo Ramos,640,Ramon Lemos,high,bio_extraction,exact,"mos, is a jiu-jitsu black belt under Ramon Lemosand a former member of the original Atos Jiu-Jitsu Academy, being a part",https://www.bjjheroes.com/?p=11357
7442,Edward Cummings,623,John Danaher,high,bio_extraction,exact,"mmings is ajiu-jitsublack belt under John Danaher, who is widely recognized as the first big name to emerge f",https://www.bjjheroes.com/?p=7442
5238,Edwin Najmi,320,Romulo Barral,high,bio_extraction,exact,"Brazilian jiu-jitsublack belt under Rômulo Barralof the Gracie Barraacademy (Northridge branch), a gym that produced many",https://www.bjjheroes.com/?p=5238
10380,Edwin Junny,484,Murilo Santana,high,bio_extraction,exact,"Brazilian jiu-jitsublack belt under Murilo Santana, and one of the main representatives of the Unity Jiu-Jitsu",https://www.bjjheroes.com/?p=10380
12922,Elder Cruz,875,Lucas Leite,high,bio_extraction,exact,"onal grappler and a black belt in jiu-jitsu under coach Lucas Leite, who represents the Checkmat teamon this sport's internatio",https://www.bjjheroes.com/?p=12922
7606,Eloisa Souto,7749,Claudio Joanino,high,bio_extraction,exact,"Brazilian jiu jitsublack belt under Claudio Joanino and a member of the Nova Uniãoacademy – Macaé branch, being regar",https://www.bjjheroes.com/?p=7606
11182,Elina Moestam,289,Alan do Nascimento,high,bio_extraction,exact,"dish grappler and a black belt in jiu-jitsu under Alan do Nascimento, who also worked extensively with coaches such as Kenta Ham",https://www.bjjheroes.com/?p=11182
7639,Eliot Marshall,6481,Amal Easton,high,bio_extraction,exact,"Brazilian jiu jitsublack belt under Amal Easton, as well as a former contender in The Ultimate Fighter (TUF",https://www.bjjheroes.com/?p=7639
11762,Elisabeth Clay,5414,Osvaldo Moizinho,high,bio_extraction,exact,"thlete as well as a black belt under Osvaldo Moizinho(Queixinho) and Samir Chantre, who represents the Ares BJJ A",https://www.bjjheroes.com/?p=11762
13170,Emilly Fernandez,637,Bruno Bastos,high,bio_extraction,exact,ndez is a jiu-jitsu black belt under Bruno Bastosand a representative of the Bruno Bastos Association and Team LEAD (Live Everyda,https://www.bjjheroes.com/?p=13170
9465,Endres Barbosa Mendes,1290,Tarcisio Jardim,high,bio_extraction,exact,"arbosa is ajiu-jitsublack belt under Tarcísio Jardim, being also one of the main representatives of the Checkmat",https://www.bjjheroes.com/?p=9465
11693,Erich Munis,7552,Isaque Bahiense,high,bio_extraction,exact,"unis is a jiu-jitsu black belt under Isaque Bahiense and Gabriel Figueiró, who worked extensively with Rodrigo Feijãoand the",https://www.bjjheroes.com/?p=11693
8605,Erin Herle,147,Rubens Charles,high,bio_extraction,exact,",Brazilian jiu jitsublack belt under Rubens Charles(Cobrinha) having also worked extensively with other legenda",https://www.bjjheroes.com/?p=8605
12120,Estevan Martinez,5660,Lucas Rocha,high,bio_extraction,exact,"rcia is a jiu-jitsu black belt under Lucas Rochaand a representative of the ZR Team in the sport's global circuit, who worked ex",https://www.bjjheroes.com/?p=12120
1713,Fabiano Silva,591,Ricardo Liborio,high,bio_extraction,exact,"Brazilian Jiu Jitsu black belt under Ricardo Liboriofrom the American Top Team (ATT), who also competes in Mixed Martial Arts (MM",https://www.bjjheroes.com/?p=1713
9725,Fabbio Passos,322,Fabio Gurgel,high,bio_extraction,exact,"Brazilian jiu-jitsublack belt under Fábio Gurgel, who is widely regarded as one of the better light-featherw",https://www.bjjheroes.com/?p=9725
1665,Fabio Andrade,5869,Jorge Pereira,medium,bio_extraction,initial,"nga, is a Jiu Jitsu black belt under Master Julio Cesar Pereirafrom the Grappling Fight Team(GFTeam). The experienced Fabio Coringa",https://www.bjjheroes.com/?p=1665
4115,Fabio Caloi,322,Fabio Gurgel,high,bio_extraction,exact,"Brazilian Jiu-Jitsublack belt under Fabio Gurgel, who belongs to a generation of grapplers developed in the",https://www.bjjheroes.com/?p=4115
2266,Fabio Clemente,88,Jean Jacques Machado,high,bio_extraction,exact,Clemente earned his black belt from Jean Jacques Machadoand was a member of the Machado Association before joining the Alli,https://www.bjjheroes.com/?p=2266
2068,Fabio Santos,67,Rickson Gracie,high,bio_extraction,exact,"ving graduated as a black belt under Rickson Gracie. A former student of the legendary Rolls Gracie, Fabio Santos was als",https://www.bjjheroes.com/?p=2068
11497,Fabricio Andrey,10088,Melqui Galvao,high,bio_extraction,exact,"e from Brazil and a black belt under Melqui Galvão, who also worked extensively with coaches Michael Langhi,Fá",https://www.bjjheroes.com/?p=11497
12629,Fabricio Barbarotti,1155,Cicero Costha,high,bio_extraction,exact,otti is a jiu-jitsu black belt under coach Cicero Costha who represents Costha s global circuit where he's earned numerous medals o,https://www.bjjheroes.com/?p=12629
7878,Fabricio Camoes,515,Royler Gracie,high,bio_extraction,exact,"Brazilian jiu jitsublack belt under Royler Gracie, and former student of well known instructors such as Vini",https://www.bjjheroes.com/?p=7878
9370,Fabricio Medici,5000,Givanildo Santana,high,bio_extraction,exact,"Brazilian Jiu-Jitsublack belt under Givanildo Santana, having also worked extensively with Master Francisco Mansu",https://www.bjjheroes.com/?p=9370
9127,Fabricio Moreira,677,Sergio Penha,high,bio_extraction,exact,"Brazilianjiu jitsu black belt under Sérgio Penha, having also worked extensively with other grappling legend",https://www.bjjheroes.com/?p=9127
13785,Fabyury Khrysthyan,1563,Gabriel Rainho,high,bio_extraction,exact,hyan is a jiu-jitsu black belt under Gabriel Rainho (Biel)who worked extensively with coaches Julio Cesar Perei,https://www.bjjheroes.com/?p=13785
14155,Faris Ben-Lemkadem,505,Roger Gracie,high,bio_extraction,exact,"ler and a jiu-jitsu black belt under Roger Gracie, who also worked extensively with Charles Negromonte. Ben-L",https://www.bjjheroes.com/?p=14155
4542,Felipe Cesar,492,Marco Barbosa,high,bio_extraction,exact,"Brazilian jiu-jitsublack belt under Marco Barbosa, who represented the well-known São Paulo based team Barbos",https://www.bjjheroes.com/?p=4542
9309,Felipe Linhares,358,Lucas Lepri,high,bio_extraction,exact,"Brazilian jiu-jitsublack belt under Lucas Lepri, who also worked extensively with coaches Rubens Charles(Co",https://www.bjjheroes.com/?p=9309
6209,Felipe Mota,579,Octavio Couto,high,bio_extraction,exact,Brazilian jiu jitsublack belt under Octávio Couto and Vinicius Campelo of the Akxe Academy in Rio de Janeiro. A former Rio,https://www.bjjheroes.com/?p=6209
6029,Felipe Silva,1942,Rogerio Poggio,high,bio_extraction,exact,"Brazilian jiu jitsublack belt under Rogério Poggio and Pitoco Jordan, being known as one of the most active competitors o",https://www.bjjheroes.com/?p=6029
8514,Fellipe Andrew,543,Rodrigo Cavaca,high,bio_extraction,exact,"Brazilian jiu-jitsublack belt under Rodrigo Cavaca, who represented the Zenith JJ academy in the sport/martial",https://www.bjjheroes.com/?p=8514
8686,Fellipe Trovo,7282,Andre Ushirobira,high,bio_extraction,exact,"Brazilian jiu-jitsublack belt under André Ushirobira, being also a representative of Rômulo Barraland his branch",https://www.bjjheroes.com/?p=8686
9760,Frank Rosenthal,10000,Doug Pelinkovic,high,bio_extraction,exact,"Brazilian jiu-jitsublack belt under Doug Pelinkovic, who also worked extensively with John Danaher,and Carl Mas",https://www.bjjheroes.com/?p=9760
2304,Fernando Aleluia,1108,Cristiano Carioca,high,bio_extraction,exact,"eira graduated as a black belt under Cristiano Carioca, and became a world champion in 2004, he has also won the W",https://www.bjjheroes.com/?p=2304
1044,Flavio Almeida,297,Carlos Gracie Junior,high,bio_extraction,exact,"Brazilian jiu jitsublack belt under Carlos Gracie Junior, founder of the Gracie Barra Academya team which Almeida ha",https://www.bjjheroes.com/?p=1044
11456,Flavio Junqueira,322,Fabio Gurgel,high,bio_extraction,exact,eira is a jiu-jitsu black belt under Fábio Gurgeland a representative of the Alliance Team. Junqueira became recognized as one of,https://www.bjjheroes.com/?p=11456
1081,Francisco Mendes,419,Leonardo Vieira,medium,bio_extraction,initial,Brazilian Jiu Jitsublack belt under the legendary Leo Vieiraand a representative of the Checkmat Academyin the United Kingdom. Mendes has Ch,https://www.bjjheroes.com/?p=1081
819,Fredson Paixao,524,Osvaldo Alves,high,bio_extraction,exact,"Brazilian jiu-jitsublack belt under master Osvaldo Alves, and a former International Brazilian Jiu-Jitsu Federation",https://www.bjjheroes.com/?p=819
6071,Gabriel Arges,320,Romulo Barral,high,bio_extraction,exact,"Brazilian jiu-jitsublack belt under Romulo Barral and Felipe , who also trained extensively with Marcelo , competing for",https://www.bjjheroes.com/?p=6071
13670,Gabriel Brod,2416,Felipe Pena,high,bio_extraction,exact,jitsu athlete and a black belt under Felipe Pena (Preguiça)who first made waves in the sport while competing,https://www.bjjheroes.com/?p=13670
11766,Gabriel Costa,693,Luiz Guilherme,high,bio_extraction,exact,"as , is a jiu-jitsu black belt under Luiz Guilhermeand a member of the Guigo Jiu-Jitsu Team of São Paulo, one of the top in",https://www.bjjheroes.com/?p=11766
10232,Gabriel Figueiro,322,Fabio Gurgel,high,bio_extraction,exact,Brazilian jiu-jitsublack belt under Fábio Gurgel and Michael Langhiof the Alliance Academy(team headquarters in São Paul,https://www.bjjheroes.com/?p=10232
10430,Gabriel Gonzaga,6084,Wander Braga,high,bio_extraction,exact,"Brazilian jiu-jitsublack belt under Wander Braga, and a former professional mixed martial arts (MMA) fighter",https://www.bjjheroes.com/?p=10430
10817,Gabriel Henrique Oliveira,790,Mario Reis,high,bio_extraction,exact,"Brazilian jiu-jitsublack belt under Mario Reis, who worked extensively with Rodrigo Reis prior to his time",https://www.bjjheroes.com/?p=10817
9746,Gabriel Kitober,524,Osvaldo Alves,high,bio_extraction,exact,"Brazilian jiu-jitsublack belt under Master Osvaldo Alves, and a former Fédération Internationale des Luttes Associée",https://www.bjjheroes.com/?p=9746
5061,Gabriel Rollo,543,Rodrigo Cavaca,high,bio_extraction,exact,"Brazilian jiu jitsublack belt under Rodrigo Cavaca, being regarded as one of the top lightweight competitors o",https://www.bjjheroes.com/?p=5061
607,Gabriel Vella,6683,Ryan Gracie,high,bio_extraction,exact,Brazilian jiu jitsu black belt under Ryan Graciewho was one of the top competitors of his generation. Vella became a we,https://www.bjjheroes.com/?p=607
1586,Gabriel Ribeiro,1400,Carlos Henrique,high,bio_extraction,exact,"Brazilian Jiu Jitsu black belt under Master Carlos Henrique, under whom he graduated in 2010. A team member of the Braz",https://www.bjjheroes.com/?p=1586
9051,Gabriel Sousa,5660,Lucas Rocha,high,bio_extraction,exact,"Brazilian jiu-jitsublack belt under Lucas Rocha, who is also one of the main representatives of the ZR Team",https://www.bjjheroes.com/?p=9051
10091,Gabriel Willcox,4776,Marcelo Alonso,high,bio_extraction,exact,"Brazilian jiu-jitsublack belt under Marcelo Alonso, and one of the main representatives of the Carlson Gracie",https://www.bjjheroes.com/?p=10091
595,Gabrielle Garcia,322,Fabio Gurgel,high,bio_extraction,exact,"ached the degree of black belt under the illustrious Fábio Gurgel, quickly becoming one of the brightest stars in the Allianc",https://www.bjjheroes.com/?p=595
8991,Gabrielle McComb,903,Leticia Ribeiro,high,bio_extraction,exact,"Brazilian jiu-jitsublack belt under Letícia Ribeiro and Fabrício Camões, being also one of the main representatives of the f",https://www.bjjheroes.com/?p=8991
8532,Gerard Labinski,1188,Leandro Lo,high,bio_extraction,exact,"Brazilian jiu-jitsublack belt under Leandro Lo, being a strong representative of the New School Brotherhoo",https://www.bjjheroes.com/?p=8532
1329,Gerardi Rinaldi,52,Renzo Gracie,high,bio_extraction,exact,"Jiu Jitsu, being a black belt under Renzo Gracieand the Silver Fox (Karel Pravec). A former 197 lbs Cornell University Wre",https://www.bjjheroes.com/?p=1329
11797,Giancarlo Bodoni,358,Lucas Lepri,high,bio_extraction,exact,"su competitor and a black belt under Lucas Lepri, who worked extensively with Bernardo Fariaas well as Rilli",https://www.bjjheroes.com/?p=11797
7872,Gilson Nunes,12641,Renan Cruz,medium,bio_extraction,initial,"Brazilian jiu jitsublack belt under Ronaldo Cruz and Paulo Ivano, being also one of the top featherweight athletes of",https://www.bjjheroes.com/?p=7872
13167,Giulia Gregorut,147,Rubens Charles,high,bio_extraction,exact,"orut is a jiu-jitsu black belt under Rubens Charles and a longtime member of the Alliance Jiu-Jitsu team, who also wo",https://www.bjjheroes.com/?p=13167
1322,Gregor Gracie,52,Renzo Gracie,high,bio_extraction,exact,Brazilian Jiu-Jitsublack belt under Renzo Gracieand a former world champion in the lower belt divisions who also success,https://www.bjjheroes.com/?p=1322
12563,Guilherme Bacha,338,Ricardo Vieira,high,bio_extraction,exact,edes is a jiu-jitsu black belt under Ricardo Vieira (Rico)and Leonardo Vieira (Leozinho)who represents the Chec,https://www.bjjheroes.com/?p=12563
1733,Guilherme Cascon,1400,Carlos Henrique,high,bio_extraction,exact,"Brazilian Jiu Jitsu black belt under the illustrious Master Carlos Henrique, who coaches at the Brazil 021 team academy in Rio de Janei",https://www.bjjheroes.com/?p=1733
13575,Guilherme Fernandes,7552,Isaque Bahiense,high,bio_extraction,exact,"ler and a jiu-jitsu black belt under Isaque Bahienseof the Dream Art team, who worked extensively with coach Cicero Costha.",https://www.bjjheroes.com/?p=13575
8195,Gutemberg Pereira,5869,Jorge Pereira,medium,bio_extraction,initial,Brazilian jiu-jitsublack belt under Master Júlio César Pereira. He first made waves in the sport while representing the GF Tea,https://www.bjjheroes.com/?p=8195
11543,Gustavo Maron,553,Roberto Correa,high,bio_extraction,exact,"Association, and a black belt under Roberto Corrêa (Gordo), who also worked extensively with Jean Jacques Mach",https://www.bjjheroes.com/?p=11543
4177,Gustavo Dias Elias,159,Cristiano Marcello,high,bio_extraction,exact,"Brazilian Jiu Jitsublack belt under Cristiano Marcello and Ocimar Costa, who competes for the Gracie Humaita team, Dias has a",https://www.bjjheroes.com/?p=4177
5726,Gustavo Pires,297,Carlos Gracie Junior,high,bio_extraction,exact,"Brazilian jiu jitsublack belt under Carlos Gracie Junior, and one of the top Gracie Barracompetitors of is generatio",https://www.bjjheroes.com/?p=5726
11215,Harryson Pereira,14247,Ericka Machado,medium,bio_extraction,initial,ereira is ajiu-jitsublack belt under Elexsandro Silvestre Machado and a representative of the Ataque Duplo team in the sport. Har,https://www.bjjheroes.com/?p=11215
13496,Helder Junior,11064,Rider Zuchi,high,bio_extraction,exact,"lder is a jiu-jitsu black belt under Rider Zuchi& Daniel Affini, though he spent most of his formative years",https://www.bjjheroes.com/?p=13496
11228,Helder Medeiros,112,Demian Maia,high,bio_extraction,exact,"bby, is a jiu-jitsu black belt under Demian Maia,Leonardo Vieira and Ricardo Vieira, who is well known for b",https://www.bjjheroes.com/?p=11228
655,Helio Moreira,297,Carlos Gracie Junior,high,bio_extraction,exact,"Jiu Jitsulegend. A black belt under Carlos Gracie Junior, Helio became one of BJJ's top competitors in the late 1990",https://www.bjjheroes.com/?p=655
7704,Helton Jose Junior,1155,Cicero Costha,high,bio_extraction,exact,Brazilian jiu-jitsublack belt under Cícero Costhaand a former member of the famous Projeto Social Lutando Pelo Bem(PSLPB),https://www.bjjheroes.com/?p=7704
9554,Henrique Cardoso,474,Alexandre Ceconi,medium,bio_extraction,initial,"world, is ajiu-jitsublack belt under Alexandro Ceconi and Richard Avila, who is one of the main representatives of the Ceconi",https://www.bjjheroes.com/?p=9554
7399,Horlando Monteiro,1813,Jair Lourenco,high,bio_extraction,exact,"Brazilian jiu-jitsu black belt under Jair Lourenço,Gustavo Dantas,Bruno Moreno, and Marcelo Pinheiro – being a",https://www.bjjheroes.com/?p=7399
9117,Hygor Brito,11245,Nabil Aziz,high,bio_extraction,exact,"Brazilian jiu-jitsublack belt under Nabil Abdel Aziz, having also worked extensively with coach Cicero Costhaat",https://www.bjjheroes.com/?p=9117
1750,Ian Mcpherson,355,Romero Cavalcanti,high,bio_extraction,exact,"Brazilian Jiu Jitsublack belt under Master Romero Cavalcanti, widely regarded as one of the top competitors ever produce",https://www.bjjheroes.com/?p=1750
9488,Ian Sanders,5930,Rodrigo Freitas,high,bio_extraction,exact,"Brazilian jiu-jitsublack belt under Rodrigo Freitas, being also one of the main representatives of the Rodrigo",https://www.bjjheroes.com/?p=9488
13962,Ighor Horta,8409,Ricardo Marques,high,bio_extraction,exact,"orta is a jiu-jitsu black belt under Ricardo Marqueswho was once a part of Marques' very successful workgroup, Brazilian Top",https://www.bjjheroes.com/?p=13962
680,Igor Silva,702,Muzio de Angelis,high,bio_extraction,exact,"yweight division. A black belt under Muzio de Angelis, Igor Silva also trains with Julio Cesarat the GF Team HQ.",https://www.bjjheroes.com/?p=680
8477,Igor Paiva,3117,Bruno Mendes,high,bio_extraction,exact,Brazilian jiu jitsublack belt under Bruno Mendes(Tank) and a representative of the Soul Fighters academyin t,https://www.bjjheroes.com/?p=8477
6631,Igor Schneider,1155,Cicero Costha,high,bio_extraction,exact,Brazilian jiu-jitsublack belt under Cicero Costhaand a representative of the New School Brotherhood academy in the sport's intern,https://www.bjjheroes.com/?p=6631
8647,Igor Verissimo,1188,Leandro Lo,high,bio_extraction,exact,"Brazilian jiu jitsublack belt under Leandro Lo, being also one of the brightest stars in the New School Br",https://www.bjjheroes.com/?p=8647
10408,Israel Sousa,5869,Jorge Pereira,medium,bio_extraction,initial,"Brazilian jiu-jitsublack belt under Júlio César Pereira, who worked extensively with Elinor Batista (Israel's fathe",https://www.bjjheroes.com/?p=10408
13660,Italo Lima Costa,5414,Osvaldo Moizinho,high,bio_extraction,exact,osta is a jiu-jitsu black belt under Osvaldo Moizinho (Queixinho)who also worked extensively with instructor Sami,https://www.bjjheroes.com/?p=13660
10295,Italo Moura,1155,Cicero Costha,high,bio_extraction,exact,"Brazilian jiu-jitsu blackbelt under Cicero Costha and Murilo Santana, as well as a representative of the Cicero Costha (",https://www.bjjheroes.com/?p=10295
6379,Itallo Vilardo,935,Leonardo Castello Branco,high,bio_extraction,exact,"Brazilian jiu jitsublack belt under the illustrious Leonardo Castello Branco, well known in the grappling and mixed martial arts (MMA) c",https://www.bjjheroes.com/?p=6379
7552,Isaque Bahiense,322,Fabio Gurgel,high,bio_extraction,exact,"Brazilian jiu-jitsublack belt under Fábio Gurgel and Michael Langhi of Team Alliance, having also worked extensively wit",https://www.bjjheroes.com/?p=7552
13162,Jacob Couch,11359,Heath Pedigo,high,bio_extraction,exact,"ler and a jiu-jitsu black belt under Heath Pedigoof the Pedigo Submission Fighting team, a squad also labeled as The Daisy",https://www.bjjheroes.com/?p=13162
8168,Jaqueline Amorim,7675,Faustino Neto,high,bio_extraction,exact,Brazilian jiu jitsublack belt under Faustino Neto(also known as Mestre Pina) who represented the Checkmatteam,https://www.bjjheroes.com/?p=8168
14017,Jaine Fragoso,1386,Davi Ramos,high,bio_extraction,exact,"onal grappler and a black belt in jiu-jitsu under Davi Ramos, who has also worked extensively with Caio Terra. Although",https://www.bjjheroes.com/?p=14017
8756,Jake Ferrara,5747,Arthur Sousa,medium,bio_extraction,initial,Brazilian jiu-jitsublack belt under AJ Sousaand a representative of the Grappling Fight Team(GFT) in the sport's internation,https://www.bjjheroes.com/?p=8756
10240,Jake Watson,7747,Andre Maracaba,high,bio_extraction,exact,"Brazilian jiu-jitsublack belt under André Maracaba, who is widely regarded as one of the top grapplers of his",https://www.bjjheroes.com/?p=10240
10986,Jakub Zajkowski,422,Braulio Estima,high,bio_extraction,exact,"ppler and ajiu-jitsublack belt under Braulio Estima, who worked extensively with Marek Pietrzak of Copacabana B",https://www.bjjheroes.com/?p=10986
1526,James Brasco,919,Pablo Popovitch,high,bio_extraction,exact,"hampionships. A BJJ black belt under Pablo Popovitch, Brasco has defeated several big names in the grappling sce",https://www.bjjheroes.com/?p=1526
13064,Janaina Lebre,6507,Regis Lebre,high,bio_extraction,exact,bre) is a jiu-jitsu black belt under Régis Lebre(husband) and a former representative of the Gracie Humaitát,https://www.bjjheroes.com/?p=13064
13132,Jasmine Rocha,8394,Vagner Rocha,high,bio_extraction,exact,"ler and a jiu-jitsu black belt under Vagner Rocha, her father, who represents the Vagner Rocha Martial Arts a",https://www.bjjheroes.com/?p=13132
10759,Jason Rau,1858,Matt Serra,high,bio_extraction,exact,"onal grappler and a black belt in jiu-jitsu under Matt Serra, who also worked extensively with John Danaherat the famous",https://www.bjjheroes.com/?p=10759
13680,Javier Zaruski,144,Andre Galvao,high,bio_extraction,exact,"o holds the rank of black belt in jiu-jitsu under André Galvão, having worked extensively with coach Andres Angelero. Zaru",https://www.bjjheroes.com/?p=13680
13996,Jeferson Fagundes,1155,Cicero Costha,high,bio_extraction,exact,"iu-jitsu athlete, a black belt in this martial art under coach Cicero Costha, and one of the few top-level competitors in this sport fro",https://www.bjjheroes.com/?p=13996
10506,Jeferson Guaresi,1155,Cicero Costha,high,bio_extraction,exact,"Brazilian jiu-jitsu black belt under Cicero Costha and Murilo Santana, who is one of the main representatives of the PSLP",https://www.bjjheroes.com/?p=10506
8223,Jena Bishop,9114,JW Wright,high,bio_extraction,exact,Brazilian jiu jitsublack belt under JW Wright being also one of the most important female competitors of her generat,https://www.bjjheroes.com/?p=8223
1423,Jeremy Arel,553,Roberto Correa,high,bio_extraction,exact,"known as , is a BJJblack belt under the legendary Roberto Correaand a well known name amongst Jiu Jitsu's internet community, through",https://www.bjjheroes.com/?p=1423
9440,Jeremy Jackson,582,Caio Terra,high,bio_extraction,exact,"lian jiu-jitsu(BJJ) black belt under Caio Terra and Alan Marques(Gumby), being also one of the main representatives",https://www.bjjheroes.com/?p=9440
11690,Jessa Khan,415,Guilherme Mendes,high,bio_extraction,exact,"Khan, is ajiu-jitsublack belt under Guilherme Mendes, who also worked extensively with Rafael Mendeswhile repres",https://www.bjjheroes.com/?p=11690
9202,Jessica Cristina Santos,909,Adriano Silva,medium,bio_extraction,initial,"Brazilianjiu jitsu black belt under Anderson Silva, having also worked extensively with Luanna Alzuguir and Mi",https://www.bjjheroes.com/?p=9202
7817,Jessica Flowers,371,Henrique Machado,high,bio_extraction,exact,"Brazilian jiu jitsublack belt under Henrique Machado– founder of the A.S.L.E. academy (Gracie Barra Amazonas), b",https://www.bjjheroes.com/?p=7817
9096,Jessica Swanson,921,Rafael Barbosa,high,bio_extraction,exact,Brazilian jiu jitsublack belt under Rafael Barbosaand a representative of the Soul Fightersteam in the sport/martial art's interna,https://www.bjjheroes.com/?p=9096
14255,Joao Assonitis,921,Rafael Barbosa,high,bio_extraction,exact,"ler and a jiu-jitsu black belt under Rafael Barbosa and Darwin Falcão, representing the Double Five team in the sport's in",https://www.bjjheroes.com/?p=14255
11960,Joao Cizeski,2416,Felipe Pena,high,bio_extraction,exact,"jitsu athlete and a black belt under Felipe Pena(Preguiça), who represents the FP Team in the sport's intern",https://www.bjjheroes.com/?p=11960
12178,Joao Costa,224,Roberto Abreu,high,bio_extraction,exact,"ler and a jiu-jitsu black belt under Roberto Abreu (Cyborg) of Fight Sports Miami, who worked extensively with",https://www.bjjheroes.com/?p=12178
9074,Joao Mendes,144,Andre Galvao,high,bio_extraction,exact,"João , is ajiu-jitsublack belt under André Galvão, being also one of the main representatives of the Atos Jiu",https://www.bjjheroes.com/?p=9074
14078,Joao Gabriel Galvao,11423,Meyram Maquine,high,bio_extraction,exact,jitsu athlete and a black belt under Meyram Maquine who first gained notoriety in the sport in the colored belt divisions,https://www.bjjheroes.com/?p=14078
8351,Joao Paulo Neto,13487,Marco Mendes,medium,bio_extraction,initial,"Brazilian jiu-jitsublack belt under Mário Reisand Moacir Mendes Júnior, as well as a former representative of the Alliance",https://www.bjjheroes.com/?p=8351
521,Joao Zeferino,449,Alexandre de Souza,high,bio_extraction,exact,"Brazilian jiu jitsu black belt under Alexandre de Souzaof the Gracie Floripa academy, being an accomplished competitor with medals at to",https://www.bjjheroes.com/?p=521
8938,Jorge Britto,481,Saulo Ribeiro,high,bio_extraction,exact,Brazilian jiu jitsublack belt under Saulo Ribeiro and Vini Aietaas well as the founder of the Jiu-Jitsu For Life grapp,https://www.bjjheroes.com/?p=8938
623,John Danaher,52,Renzo Gracie,high,bio_extraction,exact,lian Jiu-Jitsu(BJJ) black belt under Renzo Gracieand who is widely regarded by the grappling community as one of the be,https://www.bjjheroes.com/?p=623
6836,John Combs,6481,Amal Easton,high,bio_extraction,exact,"Brazilian jiu-jitsublack belt under the illustrious Amal Easton, being one of the top athletes produced inside the Easton T",https://www.bjjheroes.com/?p=6836
11195,John Kavanagh,11874,Matt Thornton,high,bio_extraction,exact,"uctor, as well as a black belt in jiu-jitsu under Matt Thornton, holding this same rank in kenpo karate. A former Internati",https://www.bjjheroes.com/?p=11195
12095,Johnif Rocha,1155,Cicero Costha,high,bio_extraction,exact,"cha, is a jiu-jitsu black belt under Cícero Costhaand a member of the PSLPB squad, who is widely regarded as one of his ge",https://www.bjjheroes.com/?p=12095
7664,Johnny Tama,8555,Juan Miguel Iturralde,high,bio_extraction,exact,ppler and ajiu-jitsublack belt under Juan Miguel Iturraldeof the Alliance Academy. Tama earned his reputation as one of the,https://www.bjjheroes.com/?p=7664
10085,Jonatha Alves,415,Guilherme Mendes,high,bio_extraction,exact,"Brazilian jiu-jitsublack belt under Guilherme Mendes, who is also a product of the Believe & Achieve grappling s",https://www.bjjheroes.com/?p=10085
9367,Jonathan Thomas,355,Romero Cavalcanti,high,bio_extraction,exact,"Brazilian jiu-jitsublack belt under Master Romero Cavalcanti(Jacaré) and Lucas Lepri, who also worked extensively with R",https://www.bjjheroes.com/?p=9367
10293,Jonas Andrade,1155,Cicero Costha,high,bio_extraction,exact,"Brazilian jiu-jitsu blackbelt under Cicero Costha and Murilo Santana, as well as a representative of the Cicero Costha (",https://www.bjjheroes.com/?p=10293
10103,Jonnatas Gracie,144,Andre Galvao,high,bio_extraction,exact,"Brazilian jiu-jitsublack belt under André Galvão, who also worked extensively with Luiz Guilherme(Guigo), pr",https://www.bjjheroes.com/?p=10103
12247,Jordan Vaisman,12298,Vinicius Coelho,high,bio_extraction,exact,sman is a jiu-jitsu black belt under Vinícius Coelho and a representative of the Art Of Jiu-Jitsu Team (AOJ) formerly,https://www.bjjheroes.com/?p=12247
7931,Jose Carlos Sousa,5869,Jorge Pereira,medium,bio_extraction,initial,"Brazilian jiu jitsublack belt under Julio César Pereira, as well as a former student of Juarez Soaresand a member o",https://www.bjjheroes.com/?p=7931
14148,Jose Jurema,1290,Tarcisio Jardim,medium,bio_extraction,initial,"lho, is a jiu-jitsu black belt under Tarcicio Jardim and Endres Barbosa, who also worked with Key Pessoa &Cicero Costhaduri",https://www.bjjheroes.com/?p=14148
12401,Jose Marcello,895,Sergio Souza,high,bio_extraction,exact,"respected jiu-jitsu black belt under Sérgio Souzaand the co-founder of the Icon Team, one of the largest grappling affiliations",https://www.bjjheroes.com/?p=12401
3357,Jose Mario Queiroga,1204,Roberto Traven,high,bio_extraction,exact,"is a BJJ 4th degree black belt under Roberto Traven, and a World, Pan American and Brazilian National medallist",https://www.bjjheroes.com/?p=3357
1633,Jose Olimpio,297,Carlos Gracie Junior,high,bio_extraction,exact,"my in the region. A black belt under Carlos Gracie Junior, Ze Radiola became the leader of the Gracie Barra Pernambuc",https://www.bjjheroes.com/?p=1633
8555,Juan Miguel Iturralde,1403,Fernando Di Piero,high,bio_extraction,exact,Brazilian jiu jitsublack belt under Fernando Di Piero(Soluço) and a former member of the Alliance Academy(later w,https://www.bjjheroes.com/?p=8555
7757,Juan Lopes da Silva,10159,Victor Hugo,high,bio_extraction,exact,"Brazilian jiu jitsublack belt under Victor Hugo, being also the head coach of Prime Team – a grappling asso",https://www.bjjheroes.com/?p=7757
7006,Julio dos Anjos Junior,5869,Jorge Pereira,medium,bio_extraction,initial,"Brazilian jiu jitsublack belt under Master Júlio César Pereira, being one of the top Grappling Fight Team(GFT) representat",https://www.bjjheroes.com/?p=7006
12785,Julia Alves,5869,Jorge Pereira,medium,bio_extraction,initial,lves is a jiu-jitsu black belt under Júlio César Pereiraand a professional grappler who represents GF Team in the sport's,https://www.bjjheroes.com/?p=12785
10370,Julia Boscher,8138,Hugo Marques,high,bio_extraction,exact,"Brazilian jiu-jitsu black belt under Hugo Marques and Alexandre Salgado, who is one of the main representatives of the Soul",https://www.bjjheroes.com/?p=10370
1398,Justin Rader,576,Rafael Lovato Jr,high,bio_extraction,exact,",Brazilian Jiu Jitsublack belt under the illustrious Rafael Lovato Jr. A former wrestler, Rader adapted his skills to BJJ, becoming",https://www.bjjheroes.com/?p=1398
967,Jonathan Torres,1307,Lloyd Irvin,high,bio_extraction,exact,"Brazilian Jiu-Jitsublack belt under Lloyd Irvin, who worked extensively with André Galvãobefore opening his",https://www.bjjheroes.com/?p=967
1068,Keith McKenzie,405,Marco Canha,high,bio_extraction,exact,Brazilian Jiu Jitsu black belt under Marco Canha from Checkmat. Mckenzie is one of the very first Scottish Nationals to hav,https://www.bjjheroes.com/?p=1068
2504,Gerry Costa,515,Royler Gracie,high,bio_extraction,exact,"Brazilian Jiu Jitsu black belt under Royler Graciewho was one of the first Brazilian Jiu Jitsurelated bloggers, being an",https://www.bjjheroes.com/?p=2504
11725,Kaiser Girao,1817,Rigan Machado,high,bio_extraction,exact,"irão is a jiu-jitsu black belt under Rigan Machado, who worked extensively with the rest of the Machado brothe",https://www.bjjheroes.com/?p=11725
13473,Kauane Silva,224,Roberto Abreu,high,bio_extraction,exact,ilva is a jiu-jitsu black belt under Roberto Abreu (Cyborg)who represents the Fight Sports Miami team in grapp,https://www.bjjheroes.com/?p=13473
8974,Kaynan Duarte,144,Andre Galvao,high,bio_extraction,exact,"Brazilian jiu-jitsublack belt under André Galvão, having also worked extensively with coaches José Luis and",https://www.bjjheroes.com/?p=8974
11889,Keven Carrasco,5414,Osvaldo Moizinho,high,bio_extraction,exact,"u-jitsu athlete and black belt under Osvaldo Moizinho (Queixinho)of the Ares Academy, who also worked extensively",https://www.bjjheroes.com/?p=11889
13507,Kevin Gabriel Alencar,7552,Isaque Bahiense,high,bio_extraction,exact,"jitsu athlete and a black belt under Isaque Bahiense, who represents team Dream Art in the sport's global circui",https://www.bjjheroes.com/?p=13507
6368,Kevin Mahecha,975,Jonatas Gurgel,high,bio_extraction,exact,"a respectedjiu-jitsublack belt under Jonatas Gurgel, who is well known for his technical grappling style, one h",https://www.bjjheroes.com/?p=6368
9758,Kit Dale,1740,Yuri Simoes,high,bio_extraction,exact,"Brazilian jiu-jitsublack belt under Yuri Simões, who also worked with coaches: Bernie Jenkins and Peter De",https://www.bjjheroes.com/?p=9758
13241,Kjetil Lydvo,9587,Eduardo Rios,high,bio_extraction,exact,"ler and a jiu-jitsu black belt under Eduardo Rios (Teta), who represents team Frontline in the sport's intern",https://www.bjjheroes.com/?p=13241
11049,Kody Steele,1207,Rodrigo Cabral,high,bio_extraction,exact,"s well as ajiu-jitsublack belt under Rodrigo Cabral(Brucutu), who represents the Texas-based team — Brazilian F",https://www.bjjheroes.com/?p=11049
1919,Koji Shibamoto,1882,Mitsuyoshi Hayakawa,high,bio_extraction,exact,"Brazilian jiu-jitsu black belt under Mitsuyoshi Hayakawa, widely regarded as one of the main competitors of his gene",https://www.bjjheroes.com/?p=1919
674,Kyra Gracie,297,Carlos Gracie Junior,high,bio_extraction,exact,Gracie is ajiu-jitsublack belt under Carlos Gracie Juniorand the first female member of the famous Gracie family to achieve,https://www.bjjheroes.com/?p=674
8981,Kristen Martin,258,Hanette Staack,medium,bio_extraction,initial,"Brazilian Jiu Jitsublack belt under Hannette Staack and André Terêncio, being one of the main figures of the Brazil 021 S",https://www.bjjheroes.com/?p=8981
12842,Kristof Szucs,320,Romulo Barral,high,bio_extraction,exact,"rian grappler and a black belt in jiu-jitsu under Rômulo Barral, who worked extensively with other instructors such as Max",https://www.bjjheroes.com/?p=12842
8399,Kleber Oliveira,297,Carlos Gracie Junior,high,bio_extraction,exact,"Brazilian jiu jitsublack belt under Carlos Gracie Junior, and a representative of the Gracie Barra Academy(GB). A fo",https://www.bjjheroes.com/?p=8399
1041,Laercio Fernandes,5000,Givanildo Santana,high,bio_extraction,exact,"der 64kg/141lbs). A black belt under Givanildo Santana, this fighter from the state of Sao Paulo raised a few eyeb",https://www.bjjheroes.com/?p=1041
11071,Laura Barker,422,Braulio Estima,high,bio_extraction,exact,"lish grappler and a black belt in jiu-jitsu under Braulio Estima, who also worked extensively with Victor Estima and Bradley",https://www.bjjheroes.com/?p=11071
1662,Leandro Nyza,634,Wendell Alexander,high,bio_extraction,exact,"Brazilian Jiu Jitsu black belt under Master Wendell Alexander, who was brought to Hawaii by former UFC Lightweight & Welt",https://www.bjjheroes.com/?p=1662
12243,Leon Brito,8409,Ricardo Marques,high,bio_extraction,exact,"rito is a jiu-jitsu black belt under Ricardo Marquesand a representative of the Brazilian Top Team gym in Juiz de Fora, Minas Gerais",https://www.bjjheroes.com/?p=12243
9044,Livio Ribeiro,5414,Osvaldo Moizinho,high,bio_extraction,exact,"Brazilian jiu jitsublack belt under Osvaldo Moizinhoof the Ares Jiu Jitsu Academy, having also trained extensively with Lui",https://www.bjjheroes.com/?p=9044
10780,Laurah Hallock,2073,Vanessa Oliveira,medium,bio_extraction,initial,Brazilian jiu-jitsublack belt under Vitor Henrique Oliveiraand a member of the GF Team(Ohio) in jiu-jitsu's sporting circuit,https://www.bjjheroes.com/?p=10780
14256,Laura Sieradzan,405,Marco Canha,high,bio_extraction,exact,ler and a jiu-jitsu black belt under Marco Canha who represents Fightzone London & Team Checkmat in the sport's internation,https://www.bjjheroes.com/?p=14256
14080,Leonardo Ferreira,790,Mario Reis,high,bio_extraction,exact,"ira, is a jiu-jitsu black belt under Mario Reis, who is regarded as one of the top heavyweight competitors",https://www.bjjheroes.com/?p=14080
886,Leonardo Leite,666,Alexandre Paiva,high,bio_extraction,exact,ative is also a BJJ black belt under Alexandre Paivafrom the Alliance Rio de Janeiro academy having won 2 world BJJ championships,https://www.bjjheroes.com/?p=886
1272,Leonardo Nogueira,322,Fabio Gurgel,high,bio_extraction,exact,"u Jitsu camp. A BJJ black belt under Fabio Gurgel, Mr Leo Nogueira has an extensive competitive record with m",https://www.bjjheroes.com/?p=1272
13062,Leonardo Mario,1155,Cicero Costha,high,bio_extraction,exact,"jitsu athlete and a black belt under Cicero Costha, who is widely recognized as one of the top light-featherwe",https://www.bjjheroes.com/?p=13062
8231,Leonardo Saggioro,8409,Ricardo Marques,high,bio_extraction,exact,"Brazilian jiu-jitsublack belt under Ricardo Marques, being also a representative of the Brazilian Top Team (BTT",https://www.bjjheroes.com/?p=8231
10352,Leonardo Silva,8195,Gutemberg Pereira,high,bio_extraction,exact,"Brazilian jiu-jitsu black belt under Gutemberg Pereira and Dante Leon, who trained extensively with Master Julio César Perei",https://www.bjjheroes.com/?p=10352
14167,Leonardo Souza Oliveira,12287,Pedro Maia,high,bio_extraction,exact,"jitsu athlete and a black belt under Pedro Maia, who also worked extensively with Rodolfo Sales in Brazil's",https://www.bjjheroes.com/?p=14167
419,Leonardo Vieira,355,Romero Cavalcanti,high,bio_extraction,exact,"Brazilian Jiu-Jitsublack belt under Romero Cavalcanti, being famous for combining one of the most crowd-pleasing",https://www.bjjheroes.com/?p=419
12323,Luan Andrei,553,Roberto Correa,high,bio_extraction,exact,"ler and a jiu-jitsu black belt under Roberto Corrêa and Márcio Cruz, who represents the R1NG team coalition in the sport's",https://www.bjjheroes.com/?p=12323
10741,Luan Azevedo,5789,Jose Tiago Barros,high,bio_extraction,exact,"evedo, is ajiu-jitsublack belt under José Tiago Barros and Cicero Costhaas well as a member of the PSLPB (Projeto Soci",https://www.bjjheroes.com/?p=10741
5078,Luan Carvalho,7749,Claudio Joanino,high,bio_extraction,exact,Brazilian jiu jitsublack belt under Master Cláudio Joanino of the Nova Uniãoacademy in Macaé. One of the rare examples of a c,https://www.bjjheroes.com/?p=5078
1419,Louie Cercedez,4794,Roy Harris,high,bio_extraction,exact,Brazilian Jiu Jitsu black belt under the famous Roy Harris (one of the first American BJJ black belts). With an extens,https://www.bjjheroes.com/?p=1419
10669,Lucas Alves,11701,Luciano Nucci,high,bio_extraction,exact,"Brazilian jiu-jitsu black belt under Luciano Nucci,Michael Langhi and Fábio Gurgel, who one of the top athlete",https://www.bjjheroes.com/?p=10669
11658,Lucas Gualberto,7552,Isaque Bahiense,high,bio_extraction,exact,"s or , is ajiu-jitsublack belt under Isaque Bahiense and Gabriel Figueiró, who worked extensively with Mário Reis,Michael La",https://www.bjjheroes.com/?p=11658
358,Lucas Lepri,6158,Elan Santiago,high,bio_extraction,exact,"Brazilian jiu-jitsublack belt under the illustrious Elan Santiago, being one of the most successful competitors in the histor",https://www.bjjheroes.com/?p=358
875,Lucas Leite,419,Leonardo Vieira,high,bio_extraction,exact,"ite was graded as a black belt by Leonardo Vieira, he has been a regular presence in BJJ and submission grapp",https://www.bjjheroes.com/?p=875
13093,Lucas Rodrigues,415,Guilherme Mendes,high,bio_extraction,exact,"zil and a jiu-jitsu black belt under Guilherme Mendes(Art Of Jiu-Jitsu [AOJ], Costa Mesa, California, USA) who al",https://www.bjjheroes.com/?p=13093
12267,Lucas Norat,1044,Flavio Almeida,high,bio_extraction,exact,"orat is a jiu-jitsu black belt under Flávio Almeida, and a representative of the Gracie Barrateam in the sport'",https://www.bjjheroes.com/?p=12267
11812,Lucas Sachs,1891,Walter Mattos,high,bio_extraction,exact,"achs is a jiu-jitsu black belt under Walter Mattos,José Mario Sperry, and Fernando Paradedaas well as a former",https://www.bjjheroes.com/?p=11812
13269,Lucas Souza,108,Gustavo Campos,medium,bio_extraction,initial,"ño), is a jiu-jitsu black belt under Guto Campos, and a representative of the Guetho Academy & Atos team coa",https://www.bjjheroes.com/?p=13269
11512,Lucas Silva,6792,Cassio Francis,high,bio_extraction,exact,"ete, is a jiu-jitsu black belt under Cássio Francis(Cassão) and a representative of the Gracie Barrateam. Luket",https://www.bjjheroes.com/?p=11512
1263,Lucio Rodrigues,297,Carlos Gracie Junior,high,bio_extraction,exact,"Brazilian Jiu-Jitsu black belt under Carlos Gracie Junior from Gracie Barra who has victoriously battled with cancer, retu",https://www.bjjheroes.com/?p=1263
3122,Luiz Panza,492,Marco Barbosa,high,bio_extraction,exact,"Brazilian Jiu-Jitsublack belt under Marco Barbosa, who also worked extensively with Leonardo Vieira at the Ch",https://www.bjjheroes.com/?p=3122
5263,Luiza Monteiro,543,Rodrigo Cavaca,high,bio_extraction,exact,"Brazilian jiu-jitsublack belt under Rodrigo Cavaca, whose career in the sport is commonly associated with the",https://www.bjjheroes.com/?p=5263
2627,Luzia Fernandes,687,Marcio Feitosa,high,bio_extraction,exact,"u Jitsu(3rd degree) black belt under Marcio Feitosa, who has been a part of the national Brazilian Judo squad a",https://www.bjjheroes.com/?p=2627
10895,Maggie Grindatti,224,Roberto Abreu,high,bio_extraction,exact,Brazilian jiu-jitsublack belt under Roberto Abreuand a representative of the Fight Sports Team in grappling's global circuit. Gri,https://www.bjjheroes.com/?p=10895
7543,Manuel Pontes,891,Alexsandro Machado,medium,bio_extraction,initial,"Brazilian jiu jitsublack belt under Alex Machado of Gracie Barra– Lisbon. One of the top competitors in Europe, Nelton",https://www.bjjheroes.com/?p=7543
13953,Mateus Moraes,582,Caio Terra,high,bio_extraction,exact,"naus, Brazil, and a black belt under Caio Terra, who has represented teams such as Caio Terra Association (",https://www.bjjheroes.com/?p=13953
5423,Matheus Diniz,16,Marcelo Garcia,high,bio_extraction,exact,"Brazilian jiu-jitsublack belt under the illustrious Marcelo Garcia, being part of an incredible generation of athletes produce",https://www.bjjheroes.com/?p=5423
7047,Matheus Spirandeli,1188,Leandro Lo,high,bio_extraction,exact,"Brazilian jiu-jitsublack belt under Leandro Lo, who is also one of the top heavyweights of his generation,",https://www.bjjheroes.com/?p=7047
10658,Matheus Luna,8202,Ricardo Feliciano,high,bio_extraction,exact,"Brazilian jiu-jitsublack belt under Ricardo Feliciano(Pantcho) and Lucas Leiteof the Checkmat Team, who worked ex",https://www.bjjheroes.com/?p=10658
10909,Matheus Lutes,16,Marcelo Garcia,high,bio_extraction,exact,"Brazilian jiu-jitsu black belt under Marcelo Garcia, who also worked extensively with Murilo Santana and Rodrig",https://www.bjjheroes.com/?p=10909
1382,Marcel Louzado,601,Roberto Godoi,high,bio_extraction,exact,"Judo Champion and a black belt in Brazilian Jiu-Jitsu under Roberto Godoi, having also worked with teams such as Brasa and Checkmat.",https://www.bjjheroes.com/?p=1382
739,Marcelo Behring,67,Rickson Gracie,high,bio_extraction,exact,"es in the 1980's. A black belt under Rickson Gracie, Marcelo Behring was often praised by Rickson Gracie as his",https://www.bjjheroes.com/?p=739
16,Marcelo Garcia,322,Fabio Gurgel,high,bio_extraction,exact,"Brazilian Jiu-Jitsublack belt under Master Fabio Gurgel, who competes for the Alliance BJJ academy. Having won 5wor",https://www.bjjheroes.com/?p=16
10644,Marcelo Gomide,1229,Erik Wanderley,high,bio_extraction,exact,"Brazilian jiu-jitsu black belt under Erik Wanderley, who also worked extensively with coaches Sergio Benini and",https://www.bjjheroes.com/?p=10644
10405,Marcelo Nunes,378,Robert Drysdale,high,bio_extraction,exact,"Brazilian jiu-jitsublack belt under Robert Drysdaleand a representative of the Zenith JJ Academy, who worked extensively with Maste",https://www.bjjheroes.com/?p=10405
1090,Marcelo Machado,515,Royler Gracie,high,bio_extraction,exact,Brazilian Jiu Jitsu black belt under Royler Gracie. He was responsible for building one of the strongest and most pres,https://www.bjjheroes.com/?p=1090
9706,Marcelo Mafra,112,Demian Maia,high,bio_extraction,exact,"Brazilian jiu-jitsublack belt under Demian Maia, having worked extensively with other well-known instructor",https://www.bjjheroes.com/?p=9706
1253,Marcelo Ribeiro,297,Carlos Gracie Junior,high,bio_extraction,exact,"Ribeiro became a JJ black belt under Carlos Gracie Junior, after which he migrated to the United States of America wh",https://www.bjjheroes.com/?p=1253
13628,Marcelo Pereira,634,Wendell Alexander,high,bio_extraction,exact,eira is a jiu-jitsu black belt under Wendell Alexander&Andre Pederneiraswho was part of the revered Nova Uniao lig,https://www.bjjheroes.com/?p=13628
9,Marcio Cruz,297,Carlos Gracie Junior,high,bio_extraction,exact,Brazilian Jiu-Jitsublack belt under Carlos Gracie Juniorwho is regarded by many as one of the best ultra-heavyweight compe,https://www.bjjheroes.com/?p=9
687,Marcio Feitosa,297,Carlos Gracie Junior,high,bio_extraction,exact,"ian Jiu-Jitsu, is a black belt under Carlos Gracie Junior, being also his master's right-hand man in relation to Grac",https://www.bjjheroes.com/?p=687
3090,Marcio Stambowsky,27,Rolls Gracie,high,bio_extraction,exact,"ve been graded as a black belt by the legendary Rolls Gracie, often referenced as the . Stambowsky, who was one of the t",https://www.bjjheroes.com/?p=3090
1124,Marcos Escobar,935,Leonardo Castello Branco,high,bio_extraction,exact,"Brazilian Jiu Jitsublack belt under Leonardo Castello Branco, having competed and medalled in several important tourname",https://www.bjjheroes.com/?p=1124
2385,Marcos Galvao,78,Andre Pederneiras,high,bio_extraction,exact,"Jiu Jitsu, being a black belt under the illustrious Andre Pederneiras, Marcos Galvao has won important grappling competitions suc",https://www.bjjheroes.com/?p=2385
14261,Marcos Gomes Guedes,415,Guilherme Mendes,high,bio_extraction,exact,"ppler and jiu-jitsu black belt under Guilherme Mendes, who worked with an array of coaches during his path toward",https://www.bjjheroes.com/?p=14261
9573,Marcos Martins,492,Marco Barbosa,high,bio_extraction,exact,"Brazilian jiu-jitsublack belt under Marco Barbosa and Diego Martins, as well a representative of São Paulo Brazil-based",https://www.bjjheroes.com/?p=9573
6577,Marcos Santana,338,Ricardo Vieira,high,bio_extraction,exact,Brazilian jiu jitsublack belt under Ricardo Vieira and Fabricio Medeiros. An accomplished athlete with important wins in ji,https://www.bjjheroes.com/?p=6577
984,Marcus Almeida,543,Rodrigo Cavaca,high,bio_extraction,exact,"Brazilian Jiu-Jitsublack belt under Rodrigo Cavacaand a member of the Checkmat academy, being widely regarded as the great",https://www.bjjheroes.com/?p=984
10130,Marcus Vinicius Ribeiro,11701,Luciano Nucci,high,bio_extraction,exact,"Brazilian jiu-jitsu black belt under Luciano Nucci (Casquinha), who also worked extensively with coaches Juan",https://www.bjjheroes.com/?p=10130
13505,Maria Luiza,7672,Caio Almeida,high,bio_extraction,exact,"iza, is a jiu-jitsu black belt under Caio Almeidaand a member of the Almeida Jiu-Jitsu team who often represents the Atos",https://www.bjjheroes.com/?p=13505
8759,Maria Malyjasiak,390,Abmar Barbosa,high,bio_extraction,exact,"Brazilian jiu-jitsublack belt under Abmar Barbosa, and a Pan American champion in the sport, having also an e",https://www.bjjheroes.com/?p=8759
367,Marlon Sandro,78,Andre Pederneiras,high,bio_extraction,exact,"Brazilian jiu-jitsu black belt under André Pederneiras, a skillset he used extensively inside the cage while becom",https://www.bjjheroes.com/?p=367
7645,Masahiro Iwasaki,492,Marco Barbosa,high,bio_extraction,exact,Brazilian jiu-jitsublack belt under Marco Barbosa(as well as a former student of Yasuhiro Miyamoto) who is re,https://www.bjjheroes.com/?p=7645
10509,Mathias Luna,8202,Ricardo Feliciano,high,bio_extraction,exact,"Brazilian jiu-jitsu black belt under Ricardo Feliciano(Pantcho) and Lucas Leiteof the Checkmat Team, who worked ex",https://www.bjjheroes.com/?p=10509
10094,Mauricio Antunes,1155,Cicero Costha,high,bio_extraction,exact,"Brazilian jiu-jitsublack belt under Cicero Costha, who worked extensively with Alexandre de Souza. One of the",https://www.bjjheroes.com/?p=10094
11926,Mayara Custodio,5523,Sebastian Lalli,high,bio_extraction,exact,"ódio is a jiu-jitsu black belt under Sebastian Lalli, who worked extensively with Leonardo Vieira and Norival Di",https://www.bjjheroes.com/?p=11926
8218,Mayko Araujo,419,Leonardo Vieira,high,bio_extraction,exact,"Brazilian jiu jitsublack belt under Leonardo Vieira, being also one of the top representatives of the Checkmatt",https://www.bjjheroes.com/?p=8218
9271,Mayssa Bastos,5869,Jorge Pereira,medium,bio_extraction,initial,"Brazilian jiu-jitsublack belt under Júlio César Pereira and Jair Court of the GF Team, who also worked extensively with",https://www.bjjheroes.com/?p=9271
8714,Maximiliano Carvalho,1633,Jose Olimpio,high,bio_extraction,exact,Brazilian jiu jitsublack belt under José Olímpio(Zé Radiola) and a member of ZR Team's international grappli,https://www.bjjheroes.com/?p=8714
11423,Meyram Maquine,693,Luiz Guilherme,high,bio_extraction,exact,"lves is a jiu-jitsu black belt under Luiz Guilherme, who also worked extensively under Lloyd Irvin and Alcenor",https://www.bjjheroes.com/?p=11423
12122,Micael Galvao,10088,Melqui Galvao,high,bio_extraction,exact,"o holds the rank of black belt in jiu-jitsu under his father, coach Melqui Galvão, as well as a black belt in Luta Livre Esportiva (Brazilian",https://www.bjjheroes.com/?p=12122
122,Michael Langhi,147,Rubens Charles,high,bio_extraction,exact,Brazilian Jiu-Jitsublack belt under the legendary Rubens Charles and widely regarded as one of the top lightweight competitors of his g,https://www.bjjheroes.com/?p=122
8427,Michael Perez,144,Andre Galvao,high,bio_extraction,exact,Brazilian jiu-jitsublack belt under André Galvaoand a representative of the Atos JJ Academyin the sport's international circuit.,https://www.bjjheroes.com/?p=8427
9253,Michael Trasso,6507,Regis Lebre,high,bio_extraction,exact,"Brazilian jiu-jitsublack belt under Regis Lebre, and a member of the Gracie Humaitá San Diego camp, who als",https://www.bjjheroes.com/?p=9253
1747,Michel Langhi,147,Rubens Charles,high,bio_extraction,exact,Brazilian Jiu Jitsublack belt under the legendary Rubens Charles and was once one of the rising stars in the sport/martial art's fea,https://www.bjjheroes.com/?p=1747
1583,Mike Fowler,1307,Lloyd Irvin,high,bio_extraction,exact,"cene, achieving his black belt under coach Lloyd Irvinin 3.5 years – the first athlete to complete the curriculum of",https://www.bjjheroes.com/?p=1583
7917,Milton Bastos,630,Ricardo Miller,high,bio_extraction,exact,"Brazilian jiu jitsublack belt under Ricardo Millerand a former freestyle wrestler, a sport Milton competed in extensively",https://www.bjjheroes.com/?p=7917
1882,Mitsuyoshi Hayakawa,666,Alexandre Paiva,high,bio_extraction,exact,"Brazilian Jiu Jitsublack belt under Master Alexandre Paiva, an achievement accomplished in 2002. Mitsuyoshi Hayakawa i",https://www.bjjheroes.com/?p=1882
11986,Natasha Quiza,224,Roberto Abreu,high,bio_extraction,exact,"uiza is a jiu-jitsu black belt under Roberto Abreu and Igor Almeida, as well as a representative of the Fight Sports te",https://www.bjjheroes.com/?p=11986
9227,Nathalie Ribeiro,875,Lucas Leite,high,bio_extraction,exact,"a Brazilianjiu-jitsublack belt under Lucas Leite, having also worked extensively with coaches João and Aloís",https://www.bjjheroes.com/?p=9227
10216,Natan Chueng,1155,Cicero Costha,high,bio_extraction,exact,"Brazilian jiu-jitsu black belt under Cícero Costha, who worked extensively with Douglas Rufino (Trator), Sandr",https://www.bjjheroes.com/?p=10216
12729,Nathannael Fernandes,10088,Melqui Galvao,high,bio_extraction,exact,"jitsu athlete and a black belt under Melqui Galvão, who is part of a well-known generation of top-tier grapple",https://www.bjjheroes.com/?p=12729
2247,Nelson Monteiro,297,Carlos Gracie Junior,high,bio_extraction,exact,nteiro is ajiu-jitsublack belt under Carlos Gracie Juniorand a coach of the illustrious Gracie Barra academy. A veteran of,https://www.bjjheroes.com/?p=2247
14244,Nia Blackman,405,Marco Canha,high,bio_extraction,exact,"ler and a jiu-jitsu black belt under Marco Canha, who first gained notoriety in the sport while competing in",https://www.bjjheroes.com/?p=14244
7914,Nicholas Calvanese,6833,Jared Weiner,high,bio_extraction,exact,Brazilian jiu jitsublack belt under Jared Weinerand a member of the BJJ United / TAC Team in the sport's international c,https://www.bjjheroes.com/?p=7914
9823,Nicole Sullivan,144,Andre Galvao,high,bio_extraction,exact,"Brazilian jiu-jitsublack belt under André Galvão, being one of the main athletes in the Atos Jiu-Jitsu Teamf",https://www.bjjheroes.com/?p=9823
12102,Nick Salles,5447,Michael Musumeci,medium,bio_extraction,initial,"su competitor and a black belt under Mikey Musumeci, who worked extensively with other illustrious coaches such",https://www.bjjheroes.com/?p=12102
7922,Nick Schrock,9114,JW Wright,high,bio_extraction,exact,"Brazilian jiu-jitsublack belt under JW Wright, having also worked extensively on his grappling skills wit",https://www.bjjheroes.com/?p=7922
11735,Nicky Ryan,623,John Danaher,high,bio_extraction,exact,Ryan is a jiu-jitsu black belt under John Danaherwho was once regarded as one of the main representatives of the Renzo Gr,https://www.bjjheroes.com/?p=11735
10468,Nisar Loynab,144,Andre Galvao,high,bio_extraction,exact,"Brazilian Jiu-Jitsublack belt under André Galvão, who worked extensively with Saulo and Alexandre Ribeiroand",https://www.bjjheroes.com/?p=10468
579,Octavio Couto,355,Romero Cavalcanti,high,bio_extraction,exact,coach and ajiu jitsublack belt under Romero Cavalcantiwho was a part of – what many call – the Golden Era of Alliance. Rati,https://www.bjjheroes.com/?p=579
11615,Olavo Abreu,591,Ricardo Liborio,high,bio_extraction,exact,"breu is a jiu-jitsu black belt under Ricardo Libório, who worked extensively with Marcelo Alonso, Carlson Gracie",https://www.bjjheroes.com/?p=11615
2107,Otavio Sousa,297,Carlos Gracie Junior,high,bio_extraction,exact,"ousa is a jiu-jitsu black belt under Carlos Gracie Junior, who worked extensively with professor Zé Radiolain his hom",https://www.bjjheroes.com/?p=2107
2452,Orlando Sanchez,1633,Jose Olimpio,high,bio_extraction,exact,erican-bornjiu-jitsublack belt under José Olímpio who first gained notoriety while competing in the lower belt ranks of,https://www.bjjheroes.com/?p=2452
1259,Patricia Lage,2529,Roberto Lage,high,bio_extraction,exact,"Lage is a jiu-jitsu black belt under Roberto Lage (her father), a rank she earned a few days after her 18th b",https://www.bjjheroes.com/?p=1259
938,Pablo Silva,2985,Marcelo Azevedo,high,bio_extraction,exact,"Brazilian Jiu Jitsublack belt under Marcelo Azevedo, and a former Gracie Barra – Belo Horizonte team representa",https://www.bjjheroes.com/?p=938
9344,Paul Schreiner,6531,Richard Martinez,medium,bio_extraction,initial,"Barch, is ajiu-jitsublack belt under Richie Martinez and Eddie Bravo, being one of the main representatives of the 10th Pl",https://www.bjjheroes.com/?p=9344
1870,Paulo Filho,22,Carlson Gracie,high,bio_extraction,exact,Brazilian jiu jitsublack belt under the legendary Master Carlson Gracieand a formerworld championin the sport. Filho is also a judo black belt as we,https://www.bjjheroes.com/?p=1870
10220,Paulo Gabriel Martins,903,Leticia Ribeiro,high,bio_extraction,exact,"Brazilian jiu-jitsublack belt under Letícia Ribeiro and Fabrício Camões(Morango), who worked extensively with Severino Soare",https://www.bjjheroes.com/?p=10220
14196,Paulo Merlin,2357,Ana Laura Cordeiro,high,bio_extraction,exact,"jitsu athlete and a black belt in this martial art under Ana Laura Cordeiro and Rafael Pinto, although he worked extensively with Edvaldo M",https://www.bjjheroes.com/?p=14196
11862,Pedro Alex,11917,Gabriel Marinho,high,bio_extraction,exact,"ro , is a jiu-jitsu black belt under Gabriel Marinho and a representative of the GF Team in the sport's international",https://www.bjjheroes.com/?p=11862
10263,Pedro Crixel,1155,Cicero Costha,high,bio_extraction,exact,"Brazilian jiu-jitsublack belt under Cicero Costha, who worked extensively with Guilherme and Guto Campos, as",https://www.bjjheroes.com/?p=10263
9741,Pedro Elias,1167,Augusto Ferrari,high,bio_extraction,exact,Brazilian jiu-jitsublack belt under Augusto Ferrariwho is one of the main representatives of the New School Brotherhood i,https://www.bjjheroes.com/?p=9741
13339,Pedro Lucas,8762,Rodrigo Ribeiro,high,bio_extraction,exact,"cas, is a jiu-jitsu black belt under Rodrigo Ribeiro (his father) and Honorio Filho, who also worked extensively",https://www.bjjheroes.com/?p=13339
8448,Pedro Ramalho,7396,Manoel Neto,high,bio_extraction,exact,",Brazilian jiu-jitsublack belt under Manoel Netoand a representative of team Focus in the sport/martial art's international circ",https://www.bjjheroes.com/?p=8448
11044,Pedro Veras,1155,Cicero Costha,high,bio_extraction,exact,"Veras is ajiu-jitsublack belt under Cicero Costha, being one of the top representatives of Costha's PSLPB tea",https://www.bjjheroes.com/?p=11044
1050,Penny Thomas,3245,Luis Heredia,high,bio_extraction,exact,"female division. A black belt under Luis Herédia, Thomas won against a of elite grapplers, having achieved g",https://www.bjjheroes.com/?p=1050
7847,Philippe Balmant,16,Marcelo Garcia,high,bio_extraction,exact,Brazilian jiu jitsublack belt under Marcelo Garciaand a well respected instructor at Alliance Jiu Jitsu New York (MGA).,https://www.bjjheroes.com/?p=7847
10399,Philippe Pomaski,419,Leonardo Vieira,high,bio_extraction,exact,"Brazilian jiu-jitsu black belt under Leonardo Vieira, who also worked extensively with Gabriel Rollo(Palito),Thi",https://www.bjjheroes.com/?p=10399
14227,Pierre Olivier-Leclerc,9859,Firas Zahabi,high,bio_extraction,exact,"dian grappler and a black belt in Jiu-Jitsu under Firas Zahabi, as well as a representative of the Montreal, Quebec-based",https://www.bjjheroes.com/?p=14227
8241,Radoslaw Turek,666,Alexandre Paiva,high,bio_extraction,exact,"Brazilian jiu jitsublack belt under Alexandre Paiva of Alliance, being also the head coach of the Berserkers Team in Warsaw",https://www.bjjheroes.com/?p=8241
6599,Rafael Mansur,7760,Pedro Mello,high,bio_extraction,exact,"u jitsuathlete, and black belt under Pedro Mello, also revered as one of the most talented representatives o",https://www.bjjheroes.com/?p=6599
12048,Rafael dos Anjos Torres,147,Rubens Charles,high,bio_extraction,exact,"re), is a jiu-jitsu black belt under Rubens Charles (Cobrinha)who worked extensively with Alexandre Paiva (Gigi",https://www.bjjheroes.com/?p=12048
576,Rafael Lovato Jr,745,Carlos Machado,high,bio_extraction,exact,Brazilian Jiu-Jitsublack belt under Carlos Machadowho also worked extensively with the Ribeiro Brothers (Saulo and Alexandre),https://www.bjjheroes.com/?p=576
10174,Rafael Paganini,122,Michael Langhi,high,bio_extraction,exact,"Brazilian jiu-jitsublack belt under Michael Langhi and Fábio Gurgelof the Alliance Academy, who represents Dream Art and",https://www.bjjheroes.com/?p=10174
14188,Rafael Trabuco,2416,Felipe Pena,high,bio_extraction,exact,"ler and a jiu-jitsu black belt under Felipe Pena (Preguiça), who worked extensively with Alexandre Moreto (",https://www.bjjheroes.com/?p=14188
11656,Rafaela Guedes,144,Andre Galvao,high,bio_extraction,exact,"edes is a jiu-jitsu black belt under André Galvão and Angelica Galvão, who also worked extensively with coach Daílson Pinh",https://www.bjjheroes.com/?p=11656
8407,Raquel Paaluhi Canuto,378,Robert Drysdale,high,bio_extraction,exact,Brazilian jiu-jitsublack belt under Robert Drysdaleand a representative of the Zenith team in the sport's international circuit whi,https://www.bjjheroes.com/?p=8407
177,Rany Yahya,1236,Antonio Carlos Junior,medium,bio_extraction,initial,"Brazilian jiu jitsu black belt under Athaíde Junior, having won one of the most important submission wrestling",https://www.bjjheroes.com/?p=177
7539,Renato Forasieppi Canuto,7505,Valdir Canuto,high,bio_extraction,exact,"Brazilian jiu-jitsublack belt under his father Valdir Canuto, being also one of the top representatives of team Checkmat",https://www.bjjheroes.com/?p=7539
548,Renato Migliaccio,6683,Ryan Gracie,high,bio_extraction,exact,"th-degree Jiu-Jitsu black belt under Ryan Gracie and a 4th-degree Judo black belt, two sports in which he competed",https://www.bjjheroes.com/?p=548
8213,Raul Gomes,6339,Admilson Brites,high,bio_extraction,exact,"Brazilian jiu jitsublack belt under Admilson Brites(Juquinha), being also one of the top rooster-weights Peso G",https://www.bjjheroes.com/?p=8213
11534,Raul Basilio,7672,Caio Almeida,high,bio_extraction,exact,"ílio is a jiu-jitsu black belt under Caio Almeida and Diogo Almeida, who is a representative of the Almeida Jiu-Jitsu t",https://www.bjjheroes.com/?p=11534
1149,Reinaldo Ribeiro,935,Leonardo Castello Branco,high,bio_extraction,exact,Brazilian jiu jitsu black belt under Leonardo Castello Brancowho is widely recognized as one of the top competitors of his gene,https://www.bjjheroes.com/?p=1149
1325,Ricardo Cavalcanti,22,Carlson Gracie,high,bio_extraction,exact,", having earned his black belt under the legendary Carlson Gracie(1995), later receiving his coral belt by Reylson Gracie(Feb",https://www.bjjheroes.com/?p=1325
8202,Ricardo Feliciano,419,Leonardo Vieira,high,bio_extraction,exact,"Brazilian jiu-jitsublack belt under Leonardo Vieiraand a Checkmatteam representative in competitive jiu-jitsu, while being also T",https://www.bjjheroes.com/?p=8202
8409,Ricardo Marques,895,Sergio Souza,high,bio_extraction,exact,"Brazilian jiu-jitsublack belt under Sérgio Souzaand a member of the Brazilian Top Team (BTT) academy, being the founder",https://www.bjjheroes.com/?p=8409
338,Ricardo Vieira,355,Romero Cavalcanti,high,bio_extraction,exact,Brazilian jiu-jitsublack belt under Romero Cavalcantiand a former International Brazilian Jiu-Jitsu Federation (IBJJF) and Co,https://www.bjjheroes.com/?p=338
9094,Richar Nogueira,1155,Cicero Costha,high,bio_extraction,exact,"Brazilian jiu-jitsublack belt under Cicero Costha, having also worked extensively with coaches Alexandre Lope",https://www.bjjheroes.com/?p=9094
10357,Richard Alarcon,5000,Givanildo Santana,high,bio_extraction,exact,"Brazilian jiu-jitsublack belt under Givanildo Santanaof the One Jiu-Jitsu Academy, who also worked extensively with Matt Sa",https://www.bjjheroes.com/?p=10357
11064,Rider Zuchi,1188,Leandro Lo,high,bio_extraction,exact,"Brazilian jiu-jitsu black belt under Leandro Lo, who worked extensively with a number of other illustrious",https://www.bjjheroes.com/?p=11064
5761,Rikako Yuasa,3348,Yukinori Sasa,high,bio_extraction,exact,",Brazilian jiu jitsublack belt under the prestigious Yukinori Sasa, being also one of the most accomplished female competitors",https://www.bjjheroes.com/?p=5761
601,Roberto Godoi,1097,Waldomiro Perez,high,bio_extraction,exact,Brazilian Jiu Jitsu black belt by Waldomiro Perez(Junior). Godoi was one of the top competitors of his genera,https://www.bjjheroes.com/?p=601
1204,Roberto Traven,355,Romero Cavalcanti,high,bio_extraction,exact,"f the millennium. A black belt under Romero Cavalcanti, Traven conquered some of the most prestigious tournaments",https://www.bjjheroes.com/?p=1204
11281,Robson Lima,5869,Jorge Pereira,medium,bio_extraction,initial,"-Mau is a jiu-jitsu black belt under Master Júlio César Pereira, who also worked extensively with Luiz Roberto Delvivo (Lul",https://www.bjjheroes.com/?p=11281
247,Rodolfo Vieira,5869,Jorge Pereira,medium,bio_extraction,initial,"Brazilian jiu-jitsublack belt under Master Julio César Pereira, who is widely regarded as one of the best heavyweight Gi c",https://www.bjjheroes.com/?p=247
1207,Rodrigo Cabral,419,Leonardo Vieira,high,bio_extraction,exact,"Brazilian jiu-jitsublack belt under Leonardo Vieiraof the Checkmat Team, who was once regarded as one of the most promising st",https://www.bjjheroes.com/?p=1207
8696,Rodrigo Carvalho,6342,Pedro Duarte,medium,bio_extraction,initial,"Brazilian jiu jitsublack belt under the legendary Pascoal Duarte and Marcio Antony, being also one of the most revered coaches and busi",https://www.bjjheroes.com/?p=8696
631,Rodrigo Caporal,640,Ramon Lemos,high,bio_extraction,exact,"Brazilian Jiu Jitsu black belt under Ramon Lemos, who competed for one of the most prolific grappling teams",https://www.bjjheroes.com/?p=631
12566,Rodrigo Lopes,3028,Leandro Escobar,high,bio_extraction,exact,"go , is a jiu-jitsu black belt under Leandro Escobar(also named Tatu) and a representative of the Double Five Ac",https://www.bjjheroes.com/?p=12566
559,Rodrigo Medeiros,355,Romero Cavalcanti,high,bio_extraction,exact,Brazilian Jiu Jitsu black belt under Romero Cavalcanti. This two time world champion in the open weight division was has a f,https://www.bjjheroes.com/?p=559
9720,Rodrigo Munduruca,1631,Sylvio Behring,high,bio_extraction,exact,"Brazilian jiu-jitsublack belt under Sylvio Behring and Maurício Pereira(RIP), who moved to Canada in 1999, helping the deve",https://www.bjjheroes.com/?p=9720
1440,Rodrigo Ranieri,6006,Paulo Rezende,high,bio_extraction,exact,"Brazilian Jiu Jitsu black belt under Master Paulo Rezende, and one of the best fighters to have come out of the city",https://www.bjjheroes.com/?p=1440
10321,Rodrigo Siqueira,11701,Luciano Nucci,high,bio_extraction,exact,Brazilian jiu-jitsu black belt under Luciano Nucci (Casquinha) and a representative of the Alliance Jiu-Jitsu,https://www.bjjheroes.com/?p=10321
12251,Roiner Lima,6792,Cassio Francis,high,bio_extraction,exact,"Lima is a jiu-jitsu black belt under Cássio Francis(Cassão), who worked extensively with Rosier Lima and Lucas",https://www.bjjheroes.com/?p=12251
1297,Roger Coelho,720,Jorge Patino,high,bio_extraction,exact,Brazilian Jiu Jitsu black belt under Jorge Patino and Roberto Godoiwith many important medals in the BJJ circuit to his c,https://www.bjjheroes.com/?p=1297
8261,Rolando Samson,144,Andre Galvao,high,bio_extraction,exact,"Brazilian jiu-jitsublack belt under André Galvão, who is also one of the most talented athletes of his gener",https://www.bjjheroes.com/?p=8261
13158,Rose El Sharouni,419,Leonardo Vieira,high,bio_extraction,exact,"ler and a jiu-jitsu black belt under Leonardo Vieira, who represents Team Checkmatand the Brazilian Jiu-Jitsu Ac",https://www.bjjheroes.com/?p=13158
8100,Rudson Mateus,582,Caio Terra,high,bio_extraction,exact,"Brazilian jiu-jitsublack belt under Caio Terra, being also one of the top representatives inside the CTA t",https://www.bjjheroes.com/?p=8100
13099,Rui Alves Neto,7552,Isaque Bahiense,high,bio_extraction,exact,"Neto is a jiu-jitsu black belt under Isaque Bahiense, who worked extensively with coaches Gabriel Figueiró and N",https://www.bjjheroes.com/?p=13099
14181,Salla Simola,6342,Pedro Duarte,high,bio_extraction,exact,"ler and a jiu-jitsu black belt under Pedro Duarte, who worked extensively with Miika Suvanto at Finn Fighters",https://www.bjjheroes.com/?p=14181
8192,Samantha Cook,405,Marco Canha,high,bio_extraction,exact,"Brazilian jiu jitsublack belt under Marco Canha, and one of the top Checkmat BJJteam representatives in the",https://www.bjjheroes.com/?p=8192
1436,Samir Chantre,2583,Alan Moraes,high,bio_extraction,exact,"Brazilian Jiu-Jitsublack belt under Alan Moraes, though much of his training has been supervised also by wo",https://www.bjjheroes.com/?p=1436
11510,Samuel Nagai,11725,Kaiser Girao,medium,bio_extraction,initial,"ler and a jiu-jitsu black belt under Keiser Girão, who also worked extensively under the tutelage of his own",https://www.bjjheroes.com/?p=11510
11111,Santeri Lilius,505,Roger Gracie,high,bio_extraction,exact,"lius is a jiu-jitsu black belt under Roger Graciewho is also the co-founder of the Lilius Barnatt Martial Arts Academy,",https://www.bjjheroes.com/?p=11111
481,Saulo Ribeiro,515,Royler Gracie,high,bio_extraction,exact,"Brazilian jiu-jitsu black belt under Royler Gracie, being widely regarded as one of thegreatest grapplersto ha",https://www.bjjheroes.com/?p=481
7695,Sebastian Brosche,9587,Eduardo Rios,high,bio_extraction,exact,"Brazilian jiu-jitsublack belt under Eduardo Rios, being also one of the top grappling competitors of his gen",https://www.bjjheroes.com/?p=7695
1312,Sergio Gasparelli,677,Sergio Penha,high,bio_extraction,exact,"games. A Jiu Jitsu black belt under Sergio Penha, Babu (who is also a Judo black belt and certified Luta Liv",https://www.bjjheroes.com/?p=1312
677,Sergio Penha,524,Osvaldo Alves,high,bio_extraction,exact,"(7 grau) and a Judo black belt under Osvaldo Alves, he rose from purple belt to black belt without stopping at",https://www.bjjheroes.com/?p=677
895,Sergio Souza,22,Carlson Gracie,high,bio_extraction,exact,"and many others. A black belt under Master Carlson Gracie, Sergio Souza was also the co-founder of Rio Jiu-Jitsu Club",https://www.bjjheroes.com/?p=895
8528,Servio Tulio,2416,Felipe Pena,high,bio_extraction,exact,"Brazilian jiu-jitsublack belt under Felipe Pena, having also worked extensively with coaches Rômulo Barral,",https://www.bjjheroes.com/?p=8528
1301,Shane Rice,67,Rickson Gracie,high,bio_extraction,exact,"an native to hold a black belt in Brazilian Jiu Jitsu under the legendary Rickson Gracie. With a vast competitive curriculum in Gi, Nogi (without the use of",https://www.bjjheroes.com/?p=1301
793,Shawn Williams,52,Renzo Gracie,high,bio_extraction,exact,"Brazilian Jiu Jitsublack belt under Renzo Gracie, being one of the most talented competitors of his generati",https://www.bjjheroes.com/?p=793
718,Silvana Abreu,314,Andre Terencio,high,bio_extraction,exact,"Brazilian Jiu Jitsu black belt under André Terencio. An incredible competitor during the 2000's decade, Silvana medaled in imp",https://www.bjjheroes.com/?p=718
9064,Silvio Duran,543,Rodrigo Cavaca,high,bio_extraction,exact,"Brazilian jiu-jitsublack belt under Rodrigo Cavaca and Vitor Ribeiro, being also one of the main representatives of the",https://www.bjjheroes.com/?p=9064
1319,Shinya Aoki,996,Yuki Nakai,high,bio_extraction,exact,"Brazilian Jiu Jitsublack belt under Yuki Nakai, being also one of the most exciting grappling specialists",https://www.bjjheroes.com/?p=1319
13138,Steffen Banta,2403,Joao Gabriel Rocha,high,bio_extraction,exact,anta is a jiu-jitsu black belt under coach João Gabriel Rochaand a representative of team Alliance in the sport's global circu,https://www.bjjheroes.com/?p=13138
11697,Tainan Dalpra,415,Guilherme Mendes,high,bio_extraction,exact,"Dalpra is ajiu-jitsublack belt under Guilherme Mendes, and a representative of the Art Of Jiu-Jitsu Academy (AOJ)",https://www.bjjheroes.com/?p=11697
12654,Tarik Hopstock,9587,Eduardo Rios,high,bio_extraction,exact,"gian grappler and a black belt in jiu-jitsu under Eduardo Rios (Teta), who represents the Scandinavian team Frontline in t",https://www.bjjheroes.com/?p=12654
1290,Tarcisio Jardim,419,Leonardo Vieira,high,bio_extraction,exact,"Brazilian Jiu Jitsublack belt under Leonardo Vieira, having fought for important teams such as Nine Nine and Ch",https://www.bjjheroes.com/?p=1290
8718,Thais Ramos,3371,Eduardo Venancio,high,bio_extraction,exact,"mplished in 1998. A black belt under Eduardo Venâncio and Gabriel Ramos, Thaís was also a pioneer for women s capital (Brasíl",https://www.bjjheroes.com/?p=8718
12845,Thalyta Silva,6006,Paulo Rezende,high,bio_extraction,exact,"ler and a jiu-jitsu black belt under Paulo Rezendewho was developed in Rezende's famous academy in Poço de Caldas, Minas Gerais",https://www.bjjheroes.com/?p=12845
10099,Thalison Soares,1155,Cicero Costha,high,bio_extraction,exact,"Brazilian jiu-jitsublack belt under Cicero Costhaand a representative of the Projeto Social Lutando Pelo Bem (PSLPB) Team, who wo",https://www.bjjheroes.com/?p=10099
10100,Thamara Ferreira,1155,Cicero Costha,high,bio_extraction,exact,"Brazilian jiu-jitsublack belt under Cicero Costhaand a representative of the Guigo JJ academy, formerly with Projeto Social Lutan",https://www.bjjheroes.com/?p=10100
12542,Thamires Monteiro,875,Lucas Leite,high,bio_extraction,exact,"iro, is a jiu-jitsu black belt under Lucas Leite, who represents the Checkmat Teamin the sport's internation",https://www.bjjheroes.com/?p=12542
1178,Theodoro Canal,203,Julio Cesar,high,bio_extraction,exact,"rweight division. A black belt under Julio Cesar from Grappling Fight Team(GFT), Theodoro has won some of the world's top c",https://www.bjjheroes.com/?p=1178
11338,Thiago Abud,484,Murilo Santana,high,bio_extraction,exact,"Abud is a jiu-jitsu black belt under Murilo Santana, who worked extensively with Fernando Yamasaki, well-known",https://www.bjjheroes.com/?p=11338
537,Thiago Borges,396,Carlos Vieira,high,bio_extraction,exact,"Brazilian jiu jitsu black belt under the illustrious Carlos Vieira, being one of the first black belts to establish himself in",https://www.bjjheroes.com/?p=537
1727,Thiago Leiras,2304,Fernando Aleluia,medium,bio_extraction,initial,Brazilian Jiu Jitsu black belt under the prestigious Flavio Aleluia and a member of the Brazil 021 BJJ team. Having medalled in impor,https://www.bjjheroes.com/?p=1727
1555,Thiago Rogerio,314,Andre Terencio,high,bio_extraction,exact,Brazilian Jiu Jitsu black belt under André Terencio and one of the main instructors at the Brasil 021 team. Though Thia,https://www.bjjheroes.com/?p=1555
7865,Tiago Rocha,322,Fabio Gurgel,high,bio_extraction,exact,"Brazilian jiu jitsublack belt under Fábio Gurgel, and a former student of Elan Santiago. A member of the mul",https://www.bjjheroes.com/?p=7865
4145,Thiago Sa Fortes,338,Ricardo Vieira,high,bio_extraction,exact,"Brazilian Jiu-Jitsublack belt under Ricardo Vieira, and a top-level competitor in the IBJJF tournament circuit",https://www.bjjheroes.com/?p=4145
12057,Todd Margolis,1034,Pedro Sauer,high,bio_extraction,exact,"olis is a jiu-jitsu black belt under Pedro Sauer, founder of the Potomac MMA Academy, who worked extensively",https://www.bjjheroes.com/?p=12057
1994,Travis Lutter,745,Carlos Machado,high,bio_extraction,exact,"Lutter is ajiu jitsublack belt under Carlos Machadoand a former professional MMA fighter, famous for his win of The Ultimat",https://www.bjjheroes.com/?p=1994
8394,Vagner Rocha,919,Pablo Popovitch,high,bio_extraction,exact,"Brazilian jiu-jitsublack belt under Pablo Popovitch, known for his achievements in grappling and mixed martial",https://www.bjjheroes.com/?p=8394
11909,Vanessa Griffin,4411,Julius Park,high,bio_extraction,exact,"ffin is a jiu-jitsu black belt under Julius Parkand a member of the Crazy 88 Academy, who often represents Team Lloyd Ir",https://www.bjjheroes.com/?p=11909
2073,Vanessa Oliveira,203,Julio Cesar,high,bio_extraction,exact,"Brazilian jiu jitsublack belt under Master Julio Cesar from Grappling Fight Team, and one of the top female competitors in the wo",https://www.bjjheroes.com/?p=2073
10210,Vedha Toscano,2266,Fabio Clemente,high,bio_extraction,exact,"Brazilian jiu-jitsublack belt under Fábio Clemente(her father), and one of the main representatives of the Tea",https://www.bjjheroes.com/?p=10210
1617,Victor Estima,297,Carlos Gracie Junior,high,bio_extraction,exact,"stima is a Jiu-Jitsublack belt under Carlos Gracie Junior, who worked extensively with Zé Radioladuring the early yea",https://www.bjjheroes.com/?p=1617
1275,Vinicius Corrales,1411,Fernando Paradeda,high,bio_extraction,exact,"Brazilian Jiu Jitsu black belt under Fernando Paradeda from Porto Alegre, Brazil. One of the best fighters in the southern re",https://www.bjjheroes.com/?p=1275
9180,Vinicius Ferreira,322,Fabio Gurgel,high,bio_extraction,exact,"a Brazilianjiu-jitsublack belt under Fábio Gurgel and Michael Langhi, being also one of the top representatives of the Al",https://www.bjjheroes.com/?p=9180
13190,Vinicius Lessa,410,Claudio Calasans,high,bio_extraction,exact,"onal grappler and a black belt under Claudio Calasans& Álvaro Borges Junior, who worked extensively with coach An",https://www.bjjheroes.com/?p=13190
13417,Vinicius Liberati,1155,Cicero Costha,high,bio_extraction,exact,"rati is a jiu-jitsu black belt under Cicero Costha, who first made a name for himself in this sport while comp",https://www.bjjheroes.com/?p=13417
272,Wagner Campos,1586,Gabriel Ribeiro,medium,bio_extraction,initial,Brazilian Jiu Jitsu black belt under Gile Ribeiro and a former medallist in important tournaments such as the World,https://www.bjjheroes.com/?p=272
11709,Wallace Costa,11917,Gabriel Marinho,high,bio_extraction,exact,eira is a jiu-jitsu black belt under Gabriel Marinho and a representative of GFT (Grappling Fight Team). Wallace first,https://www.bjjheroes.com/?p=11709
1097,Waldomiro Perez,739,Marcelo Behring,high,bio_extraction,exact,"ate of Sao Paulo. A black belt in BJJ under Marcelo Behringand a Judo black belt under Olympic bronze medallist Shiak Ishi, Waldo",https://www.bjjheroes.com/?p=1097
11572,Waldir Filho,8409,Ricardo Marques,high,bio_extraction,exact,"Filho is ajiu-jitsublack belt under Ricardo Marquesand a representative of the Brazilian Top Team (BTT), Juiz de Fora branch, a pro",https://www.bjjheroes.com/?p=11572
11632,Washington Luis Lima,2512,Cezar Guimarães,medium,bio_extraction,initial,"Lima is a jiu-jitsu black belt under Master César Guimarães, who worked extensively with Júlio César Pereirawhile repre",https://www.bjjheroes.com/?p=11632
8842,Wanki Chae,1569,John Frankl,high,bio_extraction,exact,"Brazilian jiu jitsublack belt under John Frankl, as well as a top contender in this sport's featherweight d",https://www.bjjheroes.com/?p=8842
13209,Welerson Goncalves,8305,Pedro Dias,medium,bio_extraction,initial,ler and a jiu-jitsu black belt under Polengue Dias who represents team Nova União in the International Brazilian Jiu-Jitsu Fe,https://www.bjjheroes.com/?p=13209
11559,William Abreu,224,Roberto Abreu,high,bio_extraction,exact,"is also a jiu-jitsu black belt under Roberto Abreu, as well as the head grappling coach of the Black House Aca",https://www.bjjheroes.com/?p=11559
11771,William Tackett,1207,Rodrigo Cabral,high,bio_extraction,exact,yle of grappling. A black belt under Rodrigo Cabral (Brucutu)and a representative of the Brazilian Fight Factor,https://www.bjjheroes.com/?p=11771
11293,Wilson Moreira Costa,1155,Cicero Costha,high,bio_extraction,exact,"n as is a jiu-jitsu black belt under Cicero Costha and Murilo Santana, from São Paulo, Brazil, who represents the PSLPB /",https://www.bjjheroes.com/?p=11293
8783,Yacinta Nguyen,8938,Jorge Britto,high,bio_extraction,exact,"Brazilian jiu jitsublack belt under Jorge Britto a rank she also achieved in judo, being an international caliber c",https://www.bjjheroes.com/?p=8783
12055,Yatan Bueno,690,Fernando Marques,high,bio_extraction,exact,"ueno is a jiu-jitsu black belt under Fernando Marques and Ubiratam dos Santos (Jacaré), who also represented the Dream Art Pro",https://www.bjjheroes.com/?p=12055
10897,Yara Soares,693,Luiz Guilherme,high,bio_extraction,exact,"Brazilian jiu-jitsublack belt under Luiz Guilherme (Guigo), who worked extensively with Lloyd Irvin, having re",https://www.bjjheroes.com/?p=10897
9121,Ygor Rodrigues,5609,Marcio Rodrigues,high,bio_extraction,exact,"Brazilian Jiu-Jitsublack belt under Márcio Rodrigues(Ygor's father), being also one of the main representatives",https://www.bjjheroes.com/?p=9121
3348,Yukinori Sasa,996,Yuki Nakai,high,bio_extraction,exact,"Brazilian Jiu-Jitsublack belt under the legendary Yuki Nakai, from the renowned grappling academy Paraestra in Japan. Th",https://www.bjjheroes.com/?p=3348
11212,Yuri Hendrex,1155,Cicero Costha,high,bio_extraction,exact,drex is a jiu-jitsu black belt under Cicero Costha and Mardem Brito as well as a representative of the PSLPB academy in t,https://www.bjjheroes.com/?p=11212
1740,Yuri Simoes,338,Ricardo Vieira,high,bio_extraction,exact,"Brazilian jiu-jitsublack belt under Ricardo Vieira, who is widely regarded as one of the top competitors of hi",https://www.bjjheroes.com/?p=1740
1122,Yusuke Honma,996,Yuki Nakai,high,bio_extraction,exact,"Jiu Jitsu, being a black belt under Yuki Nakaifrom the prestigious Paraestra academy, one of the first and finest BJJ institut",https://www.bjjheroes.com/?p=1122
13341,Zach Kaina,415,Guilherme Mendes,high,bio_extraction,exact,"jitsu athlete and a black belt under Guilherme Mendes, who represents team Art Of Jiu-Jitsu (AOJ) in the sport's",https://www.bjjheroes.com/?p=13341
1137,Zak Maxwell,6507,Regis Lebre,high,bio_extraction,exact,"Brazilian Jiu Jitsublack belt under Regis Lebre, and one of the top representatives of the Gracie Humaitaca",https://www.bjjheroes.com/?p=1137
4310,Tim Spriggs,4411,Julius Park,high,bio_extraction,exact,"Brazilian Jiu-Jitsublack belt under Julius Parkof the Crazy 88 academy, an affiliate of Lloyd Irvin's academy. Born and",https://www.bjjheroes.com/?p=4310
4334,Andre da Silva,634,Wendell Alexander,medium,bio_extraction,initial,"unity as André is a black belt under Wendel Alexander, and the head coach of Nova União's jiu jitsu team, at the",https://www.bjjheroes.com/?p=4334
4481,Mauro Ayres,714,Francisco Albuquerque,high,bio_extraction,exact,"Brazilian jiu-jitsu black belt under Francisco Albuquerque, previously with the Nova Geração academy, later gouing on",https://www.bjjheroes.com/?p=4481
4655,Michael Liera Junior,144,Andre Galvao,high,bio_extraction,exact,"Brazilian jiu-jitsublack belt under André Galvão, of the Atos academy, who is widely recognized as one of th",https://www.bjjheroes.com/?p=4655
4521,Erberth Santos,693,Luiz Guilherme,medium,bio_extraction,initial,"Brazilian jiu-jitsu black belt under Luis Guilherme(also known as Guigo), who was regarded as the sport's top b",https://www.bjjheroes.com/?p=4521
4687,Henry Akins,67,Rickson Gracie,high,bio_extraction,exact,"Brazilian jiu jitsublack belt under Rickson Gracieand a former instructor at Rickson's academy in California, US. Often re",https://www.bjjheroes.com/?p=4687
4943,Bruno Fernandes,297,Carlos Gracie Junior,high,bio_extraction,exact,"Brazilian jiu jitsublack belt under Carlos Gracie Junior, being the founder and head instructor of Montreal's Gracie",https://www.bjjheroes.com/?p=4943
4912,Fernando Gurgel,355,Romero Cavalcanti,high,bio_extraction,exact,"Brazilian jiu-jitsublack belt under Romero Cavalcanti, being also a founding member of the Alliance jiu-jitsu aca",https://www.bjjheroes.com/?p=4912
7856,Fernando Yamasaki,739,Marcelo Behring,high,bio_extraction,exact,"Brazilian jiu jitsublack belt under Marcelo Behring, as well as a judo black belt and former freestyle/greco ro",https://www.bjjheroes.com/?p=7856
4859,Ricardo Rezende,224,Roberto Abreu,high,bio_extraction,exact,"Brazilian jiu jitsublack belt under Roberto Abreu, being one of the most talented grapplers of his generation",https://www.bjjheroes.com/?p=4859
4851,Kim Terra,338,Ricardo Vieira,high,bio_extraction,exact,"Brazilian jiu-jitsublack belt under Ricardo Vieira, who is widely recognized as one of the top representatives",https://www.bjjheroes.com/?p=4851
4877,Sergio Jardim,67,Rickson Gracie,high,bio_extraction,exact,"own as Sergio was a black belt under Rickson Gracieand a member of the original Rolls Gracieacademy, as well as acoral belt",https://www.bjjheroes.com/?p=4877
4794,Roy Harris,566,Joe Moreira,high,bio_extraction,exact,"suworld for being a black belt under Joe Moreiraand is often (wrongly) mentioned as a part of the , the first group of 1",https://www.bjjheroes.com/?p=4794
4993,Rodrigo Pagani,481,Saulo Ribeiro,high,bio_extraction,exact,"Brazilian jiu jitsublack belt under Saulo Ribeiro, being the director of the Ribeiro Jiu Jitsu Association in",https://www.bjjheroes.com/?p=4993
5016,Fabiano Scherner,627,Murilo Bustamante,high,bio_extraction,exact,"Brazilian jiu jitsublack belt under Murilo Bustamante and Duarte, a sport in which he won important titles such as the Brazi",https://www.bjjheroes.com/?p=5016
5020,Enson Inoue,3220,John Lewis,high,bio_extraction,exact,"ican born jiu jitsu black belt under John Lewis, being the founder of the world famous Purebred Academy. A",https://www.bjjheroes.com/?p=5020
5206,Andre Motta,78,Andre Pederneiras,high,bio_extraction,exact,"Brazilian jiu jitsublack belt under André Pederneiras of Nova Uniao, being one of the team's top grappling competitors th",https://www.bjjheroes.com/?p=5206
5223,Carlos Rollyson,22,Carlson Gracie,high,bio_extraction,exact,"ree) who earned his black belt from Master Carlson Gracie, having also a black belt in judo, which he achieved while",https://www.bjjheroes.com/?p=5223
5324,Thomas DeBlass,278,Ricardo Almeida,high,bio_extraction,exact,Brazilian jiu jitsublack belt under Ricardo Almeida. With impressive competitive runs in both jiu jitsu/grappling and mixed mart,https://www.bjjheroes.com/?p=5324
5365,Beneil Dariush,5793,Bruno Paulista,high,bio_extraction,exact,"Brazilian jiu jitsublack belt under Bruno Paulista and Romulo Barral, who was regarded as one of the top grappling prospe",https://www.bjjheroes.com/?p=5365
5391,Dean Liebenberg,396,Carlos Vieira,high,bio_extraction,exact,"Brazilian jiu-jitsublack belt under Carlos Vieira, being also the founder of Vermelho BJJ in Melbourne, Austr",https://www.bjjheroes.com/?p=5391
5410,Venla Luukkonen,6342,Pedro Duarte,high,bio_extraction,exact,"Brazilian jiu jitsublack belt under Pedro Duarte, of the Jyväskylän Fight Club (Hilti BJJ Jyväskylä) in Finl",https://www.bjjheroes.com/?p=5410
5417,Guilherme Augusto,5814,Everdan Olegario,high,bio_extraction,exact,Brazilian jiu-jitsu black belt under the illustrious Everdan Olegário(Mestre Dan). A member of the Alliance academy– Cohab branch,https://www.bjjheroes.com/?p=5417
12084,Guilherme Lambertucci,2416,Felipe Pena,high,bio_extraction,exact,"ler and a jiu-jitsu black belt under Felipe Pena, as well as a representative of the FP Team/Gracie Barracoa",https://www.bjjheroes.com/?p=12084
5447,Michael Musumeci,446,Gilbert Burns,high,bio_extraction,exact,Brazilian jiu-jitsublack belt under Gilbert Burns and Jonatas Gurgel. Musumeci made a name for himself in the lower belt,https://www.bjjheroes.com/?p=5447
5473,Ibrahim Inal,419,Leonardo Vieira,high,bio_extraction,exact,"Brazilian jiu jitsublack belt under Leonardo Vieira, being one of the pioneers and driving forces of this marti",https://www.bjjheroes.com/?p=5473
5617,Jamie Cruz,52,Renzo Gracie,high,bio_extraction,exact,"Brazilian jiu jitsublack belt under Renzo Gracie, being regarded as one of the top grappling instructors in",https://www.bjjheroes.com/?p=5617
5592,Alan Marques,1781,Ralph Gracie,high,bio_extraction,exact,"Brazilian jiu jitsublack belt under Ralph Gracie, and co-founder of On The Mat (OTM), a company that revolut",https://www.bjjheroes.com/?p=5592
5549,Louis Vintaloro,515,Royler Gracie,high,bio_extraction,exact,"Brazilian jiu jitsublack belt under Royler Gracie, being one of the pioneers of this grappling style in New J",https://www.bjjheroes.com/?p=5549
5756,Wellington Luis,1155,Cicero Costha,high,bio_extraction,exact,"Brazilian jiu jitsublack belt under Cicero Costha, and a member of the New School Brotherhood team, an academ",https://www.bjjheroes.com/?p=5756
5909,Thiago Abreu,543,Rodrigo Cavaca,high,bio_extraction,exact,"Brazilian jiu jitsublack belt under Rodrigo Cavacaand a representative of the Checkmatteam in the sport's competitive circuit, hav",https://www.bjjheroes.com/?p=5909
5926,Thiago Gaia,492,Marco Barbosa,high,bio_extraction,exact,"Brazilian jiu-jitsublack belt under Marco Barbosa, having spent most of his lower belt career under the tutel",https://www.bjjheroes.com/?p=5926
5930,Rodrigo Freitas,6186,Aldo Januario,high,bio_extraction,exact,"Brazilian jiu jitsublack belt under Aldo Januário(Caveirinha), known as one of the top competitors of his gen",https://www.bjjheroes.com/?p=5930
5842,Mahamed Aly,1307,Lloyd Irvin,high,bio_extraction,exact,"Brazilian jiu-jitsublack belt under Lloyd Irvin, and a former student of Everaldo Penco as well as Antônio",https://www.bjjheroes.com/?p=5842
5789,Jose Tiago Barros,1155,Cicero Costha,high,bio_extraction,exact,"Brazilian jiu jitsublack belt under Cicero Costha, and one of the top light featherweight competitors of his",https://www.bjjheroes.com/?p=5789
5793,Bruno Paulista,449,Alexandre de Souza,high,bio_extraction,exact,"Brazilian jiu jitsublack belt under Alexandre de Souza, who also worked extensively with Master Deoclecio Paulo. M",https://www.bjjheroes.com/?p=5793
5854,Deborah Maxwell,481,Saulo Ribeiro,high,bio_extraction,exact,"Brazilian jiu jitsublack belt under Saulo Ribeiro, being part of the Woman's BJJ Dirty Dozenas the 3rd woman",https://www.bjjheroes.com/?p=5854
5858,Chris Haueter,1817,Rigan Machado,high,bio_extraction,exact,"Brazilian jiu jitsublack belt under Rigan Machado, a grade achieved on December 1996 making Haueter a member",https://www.bjjheroes.com/?p=5858
5883,Felicia Oh,88,Jean Jacques Machado,high,bio_extraction,exact,"Brazilian jiu jitsublack belt under Jean Jacques Machado, being part of the Woman's BJJ Dirty Dozenas the 6th woman",https://www.bjjheroes.com/?p=5883
5992,Wilson Reis,601,Roberto Godoi,high,bio_extraction,exact,"Brazilian jiu jitsublack belt under Roberto Godoi, being one of the sport's most successful transitions to mi",https://www.bjjheroes.com/?p=5992
6006,Paulo Rezende,935,Leonardo Castello Branco,high,bio_extraction,exact,"Brazilian jiu-jitsublack belt under Leonardo Castello Branco, being an iconic figure of the sport particularly in the Br",https://www.bjjheroes.com/?p=6006
6054,Adriano Moraes,1236,Antonio Carlos Junior,medium,bio_extraction,initial,"Brazilian jiu jitsublack belt under the illustrious Ataíde Junior of Team Constrictor, with whom he became also one of the top mixed",https://www.bjjheroes.com/?p=6054
6033,Nic Ruben Nikolaison,9587,Eduardo Rios,high,bio_extraction,exact,"Brazilian jiu jitsublack belt under Eduardo Rios, being one of the most accomplished grappling competitors i",https://www.bjjheroes.com/?p=6033
6060,Tomoyuki Hashimoto,996,Yuki Nakai,high,bio_extraction,exact,"Brazilian jiu-jitsublack belt under Yuki Nakai, and one of the top rooster weight grapplers of his generat",https://www.bjjheroes.com/?p=6060
6081,Ataide Ludgero Junior,381,Armando Wridt,high,bio_extraction,exact,"Brazilian jiu jitsublack belt under Armando Wridt, being the founder of Constrictor Team, a grappling academy",https://www.bjjheroes.com/?p=6081
6084,Wander Braga,5869,Jorge Pereira,high,bio_extraction,exact,"lian jiu jitsu(BJJ) black belt under Jorge Pereira, being one of the most well known competitors in the BJJ an",https://www.bjjheroes.com/?p=6084
6103,Isaac Doederlein,147,Rubens Charles,high,bio_extraction,exact,"Brazilian jiu jitsublack belt under Rubens Charles , who also trained extensively with Wellington Diasduring h",https://www.bjjheroes.com/?p=6103
6149,Karen Antunes,8218,Mayko Araujo,high,bio_extraction,exact,"Brazilian jiu-jitsublack belt under Mayko Araújo, being also one of the top athletes in the sport's female l",https://www.bjjheroes.com/?p=6149
6151,Hiago George,1155,Cicero Costha,high,bio_extraction,exact,"Brazilian jiu-jitsublack belt under the illustrious Cícero Costha, being also one of the most accomplished light-featherweigh",https://www.bjjheroes.com/?p=6151
6156,Tanner Rice,147,Rubens Charles,high,bio_extraction,exact,"Brazilian jiu jitsublack belt under Rubens Charles , who became known as the first American born athlete to be",https://www.bjjheroes.com/?p=6156
6158,Elan Santiago,960,Mauro Chueng,high,bio_extraction,exact,"Brazilian jiu jitsublack belt under the illustrious Mauro Chueng, being known in the world of grappling for his incredible w",https://www.bjjheroes.com/?p=6158
6167,Ricco Rodriguez,88,Jean Jacques Machado,high,bio_extraction,exact,"Brazilian jiu jitsublack belt under Jean Jacques Machado, and an important figure in the history of the sport, being",https://www.bjjheroes.com/?p=6167
6176,Suyan Queiroz,22,Carlson Gracie,high,bio_extraction,exact,"Brazilian jiu jitsublack belt under Master Carlson Gracie, and one of the main lightweight competitors of the late 19",https://www.bjjheroes.com/?p=6176
6186,Aldo Januario,297,Carlos Gracie Junior,high,bio_extraction,exact,"Brazilian jiu jitsublack belt under Carlos Gracie Junior, who is widely recognized as one of the top grappling coach",https://www.bjjheroes.com/?p=6186
6196,Djalma Spindola,7579,Romulo Azevedo,medium,bio_extraction,initial,Brazilian jiu jitsublack belt under Rodolfo Azevedo and Admilson Brittes. Spindola earned the rank after a glorious campaign,https://www.bjjheroes.com/?p=6196
6203,Carlos Barreto,895,Sergio Souza,high,bio_extraction,exact,"rtial arts (MMA). A black belt under Sergio Souza, Barreto defended the flag of jiu jitsu and the Carlson Gra",https://www.bjjheroes.com/?p=6203
6258,Rodnei Barbosa,6006,Paulo Rezende,high,bio_extraction,exact,"Brazilian jiu-jitsublack belt under the prestigious Paulo Rezende, a coach known for having developed grapplers such as Marce",https://www.bjjheroes.com/?p=6258
6286,Alex Paz,627,Murilo Bustamante,high,bio_extraction,exact,"Brazilian jiu-jitsublack belt under Murilo Bustamante and Ricardo Libório, as well as a multiple-time World and Brazilian Nat",https://www.bjjheroes.com/?p=6286
6311,Emyr Bussade,591,Ricardo Liborio,high,bio_extraction,exact,"Brazilian jiu-jitsu black belt under Ricardo Libório, and a representative of American Top Team (ATT), having bu",https://www.bjjheroes.com/?p=6311
6328,Jason Gagnon,147,Rubens Charles,high,bio_extraction,exact,"Brazilian jiu jitsublack belt under Rubens Charles , being also one of the top Canadian grapplers of his gener",https://www.bjjheroes.com/?p=6328
6419,Marcel Golcalves,224,Roberto Abreu,high,bio_extraction,exact,"Brazilian jiu-jitsublack belt under Roberto Abreu, recognized as the very first student of the Fight Sports t",https://www.bjjheroes.com/?p=6419
6403,Leonardo Dalla,5869,Jorge Pereira,high,bio_extraction,exact,"Brazilian jiu jitsublack belt under Master Jorge Pereira, known as one of the top super-heavyweight competitors duri",https://www.bjjheroes.com/?p=6403
6375,Ruan Oliveira,702,Muzio de Angelis,high,bio_extraction,exact,"Brazilian jiu jitsublack belt under Múzio de Angelis and Leandro Escobar. Ruan stood out in the lower belts of the sport, particularl",https://www.bjjheroes.com/?p=6375
6354,Jonathan Satava,16,Marcelo Garcia,high,bio_extraction,exact,"Brazilian jiu-jitsublack belt under the legendary Marcelo Garcia, being part of the golden generation of grapplers produced",https://www.bjjheroes.com/?p=6354
6351,Alec Baulding,355,Romero Cavalcanti,high,bio_extraction,exact,"Brazilian jiu jitsublack belt under Romero Cavalcanti, being one of the most accomplished grapplers produced by t",https://www.bjjheroes.com/?p=6351
6348,Henrique Gama Filho,714,Francisco Albuquerque,high,bio_extraction,exact,"Brazilian jiu jitsublack belt under Francisco Albuquerque , being also the son of the legendary Pedro Gama Filho, a h",https://www.bjjheroes.com/?p=6348
6342,Pedro Duarte,627,Murilo Bustamante,high,bio_extraction,exact,"Brazilian jiu jitsublack belt under Murilo Bustamante, as well as a former World Champion of the sport, known for",https://www.bjjheroes.com/?p=6342
6432,Yan Lucas,6284,Pirillo Roriz,high,bio_extraction,exact,"Brazilian jiu-jitsublack belt under Pirillo Roriz, and one of the top representatives of Gracie Barra– Ceará.",https://www.bjjheroes.com/?p=6432
6454,Patricia Fontes,875,Lucas Leite,high,bio_extraction,exact,"Brazilian jiu jitsublack belt under Lucas Leite, being one of the most successful competitors of her genera",https://www.bjjheroes.com/?p=6454
6481,Amal Easton,52,Renzo Gracie,high,bio_extraction,exact,"Brazilian jiu jitsublack belt under Renzo Gracie, regarded as a pioneering figure for the South American gra",https://www.bjjheroes.com/?p=6481
6483,Neiman Gracie,52,Renzo Gracie,high,bio_extraction,exact,"Brazilian jiu jitsublack belt under Renzo Gracie, being also the great grandson of Gracie jiu jitsu founder",https://www.bjjheroes.com/?p=6483
6507,Regis Lebre,515,Royler Gracie,high,bio_extraction,exact,"Brazilian jiu-jitsublack belt under Royler Gracie, regarded as one of the pioneers in the US East Coast throu",https://www.bjjheroes.com/?p=6507
6518,Egan Inoue,3220,John Lewis,high,bio_extraction,exact,"su Championships. A black belt under John Lewis, Inoue had a life filled with sporting achievements, which",https://www.bjjheroes.com/?p=6518
6525,Kristina Baarlan,582,Caio Terra,high,bio_extraction,exact,"Brazilian jiu jitsublack belt under Caio Terra, having also trained extensively with Gustavo Dantas.Widely",https://www.bjjheroes.com/?p=6525
6535,James Boran,566,Joe Moreira,high,bio_extraction,exact,"Brazilian jiu jitsublack belt under Joe Moreira, and a pioneering figure for this martial art in the United",https://www.bjjheroes.com/?p=6535
6503,Marcel Fortuna,449,Alexandre de Souza,high,bio_extraction,exact,"Brazilian jiu jitsublack belt under Alexandre de Souza(Pop), and a professional mixed martial arts (MMA) fighter.",https://www.bjjheroes.com/?p=6503
6539,Francisco Pinto Sa,2091,Francisco Sa,high,bio_extraction,exact,"Brazilian jiu jitsublack belt under Master Francisco Sá, being often revered by the grappling community as one of C",https://www.bjjheroes.com/?p=6539
6563,Francisco Iturralde,1403,Fernando Di Piero,high,bio_extraction,exact,"Brazilian jiu jitsublack belt under Fernando Di Pieroof the Alliance academy, being the first big name to come out of E",https://www.bjjheroes.com/?p=6563
6592,Dany Gerard,1583,Mike Fowler,high,bio_extraction,exact,"Brazilian jiu-jitsublack belt under Mike Fowler, being also the first high-level submission grappler ever p",https://www.bjjheroes.com/?p=6592
6596,Jhonny Loureiro,790,Mario Reis,high,bio_extraction,exact,"Brazilian jiu jitsublack belt under Mário Reis, being also one of Alliance's the top middleweight competit",https://www.bjjheroes.com/?p=6596
12788,Luciana Mota,1500,Joao Faria,high,bio_extraction,exact,jitsu athlete and a black belt under João Faria and Diego Castelo Branco who represents the Alliance Team in the spor,https://www.bjjheroes.com/?p=12788
6641,Deborah Gracie Stambovsky,3090,Marcio Stambowsky,high,bio_extraction,exact,"Brazilian jiu jitsublack belt under Márcio Stambowsky, being one of only two women in the Gracie familyto have re",https://www.bjjheroes.com/?p=6641
6683,Ryan Gracie,297,Carlos Gracie Junior,high,bio_extraction,exact,"Brazilian jiu-jitsublack belt under Carlos Gracie Junior, and one of the leading representatives of the Gracie famil",https://www.bjjheroes.com/?p=6683
6756,Rodrigo Silva,78,Andre Pederneiras,high,bio_extraction,exact,"Brazilian jiu jitsu black belt under André Pederneiras, being also one of the main figures behind Nova União's lig",https://www.bjjheroes.com/?p=6756
6761,Tayane Porfirio,666,Alexandre Paiva,high,bio_extraction,exact,Brazilian jiu jitsublack belt under Alexandre Paivaand was one of the main representatives of the Alliance Academy's femal,https://www.bjjheroes.com/?p=6761
6768,Adilson Lima,5223,Carlos Rollyson,high,bio_extraction,exact,Brazilian jiu jitsublack belt under Carlos Rollyson and Carlos Gracie Junior. A historic figure in this martial art throug,https://www.bjjheroes.com/?p=6768
6801,Jose Carlos Lima,5869,Jorge Pereira,medium,bio_extraction,initial,"Brazilian jiu jitsu black belt under Master Júlio César Pereira of GF Team, being also regarded as one of the top rooster weig",https://www.bjjheroes.com/?p=6801
6805,Max Gimenis,5869,Jorge Pereira,medium,bio_extraction,initial,"Brazilian jiu-jitsublack belt under Master Júlio César Pereira, being also one of GF Team's top representatives in the sup",https://www.bjjheroes.com/?p=6805
6825,Fernando Andrade Reis,322,Fabio Gurgel,high,bio_extraction,exact,"Brazilian jiu jitsublack belt under Fábio Gurgel, and a former student of Tiago Rocha, as well as one of All",https://www.bjjheroes.com/?p=6825
7000,Nathiely de Jesus,1155,Cicero Costha,high,bio_extraction,exact,"Brazilian jiu-jitsublack belt under Cícero Costha, being also one of the top grappling competitors of her gen",https://www.bjjheroes.com/?p=7000
7009,Stephen Roberto,5020,Enson Inoue,high,bio_extraction,exact,"Brazilian jiu jitsublack belt under Enson Inoue, being also a pioneer of the sport/ martial art in Guam (as",https://www.bjjheroes.com/?p=7009
7079,Carlos Farias,1204,Roberto Traven,high,bio_extraction,exact,"Brazilian jiu jitsublack belt under Roberto Traven, and an ultra-heavyweight competitor with numerous medals i",https://www.bjjheroes.com/?p=7079
7103,Wagner Mota,562,Eduardo Telles,high,bio_extraction,exact,"Brazilian jiu jitsublack belt under Eduardo Telles and Fernando Tererê, being well known in the grappling circuit as Demian",https://www.bjjheroes.com/?p=7103
7106,Talita Alencar,1178,Theodoro Canal,high,bio_extraction,exact,Brazilian jiu-jitsublack belt under Theodoro Canal and Júlio César Pereira. As an athlete Talita built her career in the,https://www.bjjheroes.com/?p=7106
7114,Marcus Antelante,921,Rafael Barbosa,high,bio_extraction,exact,"Brazilian jiu jitsublack belt under Rafael Barbosa, and former student of André Terêncio, who is known as one",https://www.bjjheroes.com/?p=7114
7123,Luiz Tosta,790,Mario Reis,high,bio_extraction,exact,"Brazilian jiu jitsublack belt under Mario Reisand a professional mixed martial arts (MMA) fighter, known for his affiliation",https://www.bjjheroes.com/?p=7123
7156,Tiago Bravo,702,Muzio de Angelis,high,bio_extraction,exact,"Brazilian jiu-jitsublack belt under Muzio de Angelis, known not only for his work as a coach in the United Arab",https://www.bjjheroes.com/?p=7156
7171,Tiago Pereira,6339,Admilson Brites,high,bio_extraction,exact,"ira was awarded his black belt from the illustrious Admilson Brites, having represented both Gracie Humaitáand the Ribeiro Jiu",https://www.bjjheroes.com/?p=7171
7143,Breno Bittencourt,2583,Alan Moraes,high,bio_extraction,exact,"Brazilian jiu jitsublack belt under Alan Moraes, and a representative of the Carlson Gracielineage in the s",https://www.bjjheroes.com/?p=7143
7256,Jan Buatim,1188,Leandro Lo,high,bio_extraction,exact,"Brazilian jiu jitsublack belt under Leandro Lo, who's also trained extensively with Pedro Mello. One of th",https://www.bjjheroes.com/?p=7256
7231,Manuel Diaz,582,Caio Terra,high,bio_extraction,exact,"Brazilian jiu jitsublack belt under Caio Terra, who also trained extensively with Sandro Santiago. Known a",https://www.bjjheroes.com/?p=7231
7224,Diogo Almeida,5814,Everdan Olegario,high,bio_extraction,exact,"Brazilian jiu-jitsublack belt under Everdan Olegário(Mestre Dan), being a product of the famous , a social proje",https://www.bjjheroes.com/?p=7224
7282,Andre Ushirobira,195,Robson Moura,high,bio_extraction,exact,"Brazilian jiu jitsublack belt under Robson Moura, with wins in important tournaments such as the Master Worl",https://www.bjjheroes.com/?p=7282
7376,Ilke Bulut,249,Anderson Pereira,high,bio_extraction,exact,",Brazilian jiu jitsublack belt under Anderson Pereiraand a one of the top Icon Jiu Jitsu Team representatives in the inter",https://www.bjjheroes.com/?p=7376
7476,Kristian Woodmansee,144,Andre Galvao,high,bio_extraction,exact,"Brazilian jiu jitsublack belt under André Galvão, being also one of the top rooster-weight competitors of hi",https://www.bjjheroes.com/?p=7476
13920,Anabel Lopez,405,Marco Canha,high,manual_audit,manual_audit,ritish grappler and student of Marco Canhaof the Fightzone gym in London who represents Team Checkmat in the sport's g [curadoria: 'student of Marco Canha' claro],https://www.bjjheroes.com/?p=13920
745,Carlos Machado,297,Gastao Gracie,high,manual_audit,manual_audit,"tates of America. A black belt under Gracie Barrafounder Carlos Gracie Junior, Carlos Machado came to the USA in the early 1990's [curadoria: bio diz 'Carlos Gracie Junior', extrator errou]",https://www.bjjheroes.com/?p=745
443,Claudio Mattos,374,Vinicius Magalhaes,high,manual_audit,manual_audit,"wn as is a Jiu Jitsublack belt under Vinicius Magalhães, also known as Draculino, of Gracie Barra, one of the best [curadoria: bio explicita 'Draculino']",https://www.bjjheroes.com/?p=443
1820,Delson Heleno,6768,Adilson Lima,high,manual_audit,manual_audit,"black belt training under the guidance of Adilson Lima, being also a former world champion in BJJ. Full Name:Delso [curadoria: 'under guidance of Adilson Lima' claro]",https://www.bjjheroes.com/?p=1820
11223,Ethan Crelinsten,623,John Danaher,high,manual_audit,manual_audit,"grappler and former student of John Danaher and Firas Zahabi in jiu-jitsu, who represented the New York-based Ren [curadoria: 'student of John Danaher' direto]",https://www.bjjheroes.com/?p=11223
465,Felipe Costa,559,Rodrigo Medeiros,high,manual_audit,manual_audit,"EJJF, and CBJJO). A black belt under Rodrigo Medeiros , Costa was most recognized for reaching the pinnacle of th [curadoria: Felipe Costa e aluno do Comprido historicamente]",https://www.bjjheroes.com/?p=465
3200,Jackson Sousa,338,Ricardo Vieira,high,manual_audit,manual_audit,"Brazilian Jiu-Jitsublack belt under Rico Vieira, a competitor out of the Fightzone academy in Rio de Janeir [curadoria: 'Rico Vieira' e apelido de Ricardo Vieira]",https://www.bjjheroes.com/?p=3200
4706,Javier Vazquez,559,Rodrigo Medeiros,high,manual_audit,manual_audit,"Brazilian jiu jitsublack belt under Rodrigo Medeiros, a rank he achieved in 2003, making him most likely the fir [curadoria: Javier Vazquez e aluno do Comprido]",https://www.bjjheroes.com/?p=4706
1188,Leandro Lo,1155,Cicero Costha,high,manual_audit,manual_audit,"ils here). A former student of Cicero Costha, Leandro Lo's first steps towards grappling stardom were ta [curadoria: 'former student of Cicero Costha' explicito]",https://www.bjjheroes.com/?p=1188
8516,Lucas Valente,374,Vinicius Magalhaes,high,manual_audit,manual_audit,"Brazilian jiu-jitsublack belt under Vinicius Magalhães and Marcelo Azevedo, being also one of the main representatives of the [curadoria: Gracie Barra BH = Draculino]",https://www.bjjheroes.com/?p=8516
13733,Luke Griffith,623,John Danaher,high,manual_audit,manual_audit,"sion grappler and a student of John Danaher,Gordon Ryan, and Garry Tononwho represents team New Wave in [curadoria: New Wave / John Danaher]",https://www.bjjheroes.com/?p=13733
11789,Mason Fowler,582,Caio Terra,high,manual_audit,manual_audit,"nk of black belt. A student of Caio Terra, who worked extensively with Gabriel Procópio, Fowler becam [curadoria: 'student of Caio Terra' explicito]",https://www.bjjheroes.com/?p=11789
921,Rafael Barbosa,1716,Andre Almeida,high,manual_audit,manual_audit,"Brazilian Jiu-Jitsu black belt under André Almeida, being also one of the founding members of the Soul Fighter [curadoria: Andre 'Dedeco' Almeida da Soul Fighters]",https://www.bjjheroes.com/?p=921
194,Rafael Dallinha,559,Rodrigo Medeiros,high,manual_audit,manual_audit,"tsu community, is a black belt under the illustrious Rodrigo Medeirosfrom the world-famous Carlson Gracie . In 2017 Rafael founded a new jiu-jitsu tea [curadoria: Carlson Gracie team + Comprido]",https://www.bjjheroes.com/?p=194
13840,Ricardo Soranco,8409,Ricardo Marques,high,manual_audit,manual_audit,"TT) – Juiz de Fora, under the guidance of Ricardo Marques, who gained recognition as one of the top athletes in the s [curadoria: coach GFTeam JF]",https://www.bjjheroes.com/?p=13840
926,Roberto Alencar,297,Carley Gracie,high,manual_audit,manual_audit,"ilian born Jiu Jitsublack belt under Carlinhos Graciefrom the Gracie Barraacademy. Residing in the United States, this World No [curadoria: 'Carlinhos Gracie da Gracie Barra' = Carlos Gracie Jr]",https://www.bjjheroes.com/?p=926
1761,Samuel Braga,374,Vinicius Magalhaes,high,manual_audit,manual_audit,"Brazilian jiu-jitsublack belt under Vinicius Magalhães(Draculino), a rank he achieved in 5 years, a very rare occa [curadoria: explicito Draculino]",https://www.bjjheroes.com/?p=1761
7582,Sergio Benini,374,Vinicius Magalhaes,high,manual_audit,manual_audit,"Brazilian jiu jitsublack belt under Vinicius Magalhães of Gracie Barra– Belo Horizonte, a team he took over as head coach in [curadoria: Gracie Barra BH = Draculino]",https://www.bjjheroes.com/?p=7582
25,Waldemar Santana,44,Helio Gracie,high,manual_audit,manual_audit,"ecade. Originally a student of Helio Gracie at the Gracie Academy, Waldermar would later turn against his form [curadoria: historicamente aluno de Helio antes de romper]",https://www.bjjheroes.com/?p=25
13518,Isaak Michell,1624,Leonardo Arruda,high,manual_audit,manual_audit,"worked extensively under the guidance of Leo Arruda,John Danaher, as well as Craig Jones. Michell is widely rec [curadoria: primeiro nome listado, Leo Arruda]",https://www.bjjheroes.com/?p=13518
6170,Luigi Mondelli,1716,Andre Almeida,high,manual_audit,manual_audit,"Brazilian jiu jitsublack belt under André Almeida, being widely recognized as one of the top grappling instru [curadoria: Dedeco Almeida]",https://www.bjjheroes.com/?p=6170
6359,Pedro Araujo,374,Vinicius Magalhaes,high,manual_audit,manual_audit,"Brazilian jiu jitsublack belt under Vinícius Magalhães, being one of the top representatives of the Gracie Barra A [curadoria: Gracie Barra = Draculino]",https://www.bjjheroes.com/?p=6359
6833,Jared Weiner,5751,Steve Maxwell,high,manual_audit,manual_audit,"'s decade. A former student of Steve Maxwell and Lloyd Irvin, Weiner's reputation as an instructor has matched his [curadoria: 'former student of Steve Maxwell' explicito]",https://www.bjjheroes.com/?p=6833
6792,Cassio Francis,374,Vinicius Magalhaes,high,manual_audit,manual_audit,"Brazilian jiu jitsublack belt under Vinícius Magalhães, being one of the strongest heavyweight competitors produce [curadoria: Gracie Barra = Draculino]",https://www.bjjheroes.com/?p=6792
7289,Paulo Caruso,524,Osvaldo Alves,high,manual_audit,manual_audit,"k belt and a former student of Osvaldo Alvesin Brazilian jiu jitsu, from whom he earned the rank ofcoral belt. Widely re [curadoria: 'former student of Osvaldo Alves' explicito]",https://www.bjjheroes.com/?p=7289
hist_carlos_sr,Carlos Gracie Senior,hist_maeda,Mitsuyo Maeda,high,manual_curation,manual_curation,Carlos Gracie aprendeu judo com Maeda no Para (~1917-1921),
hist_helio,Helio Gracie,hist_carlos_sr,Carlos Gracie Senior,high,manual_curation,manual_curation,"irmao mais novo de Carlos, aprendeu com ele",
hist_rolls,Rolls Gracie,hist_carlos_sr,Carlos Gracie Senior,high,manual_curation,manual_curation,"sobrinho, formado dentro da familia Gracie",
355,Romero Cavalcanti,hist_rolls,Rolls Gracie,high,manual_curation,manual_curation,faixa-preta pela equipe de Rolls Gracie,https://www.bjjheroes.com/?p=355
297,Carlos Gracie Junior,hist_carlos_sr,Carlos Gracie Senior,high,manual_curation,manual_curation,"filho de Carlos Gracie Sr, formado dentro da familia",https://www.bjjheroes.com/?p=297
67,Rickson Gracie,hist_helio,Helio Gracie,high,manual_curation,manual_curation,filho de Helio Gracie,https://www.bjjheroes.com/?p=67
515,Royler Gracie,hist_helio,Helio Gracie,high,manual_curation,manual_curation,filho de Helio Gracie,https://www.bjjheroes.com/?p=515
743,Royce Gracie,hist_helio,Helio Gracie,high,manual_curation,manual_curation,filho de Helio Gracie,https://www.bjjheroes.com/?p=743
1957,Relson Gracie,hist_helio,Helio Gracie,high,manual_curation,manual_curation,filho de Helio Gracie,https://www.bjjheroes.com/?p=1957
22,Carlson Gracie,hist_carlos_sr,Carlos Gracie Senior,high,manual_curation,manual_curation,filho de Carlos Gracie Sr,https://www.bjjheroes.com/?p=22
52,Renzo Gracie,hist_carlos_sr,Carlos Gracie Senior,high,manual_curation,manual_curation,"neto de Carlos Sr, via linha Robson",https://www.bjjheroes.com/?p=52
1781,Ralph Gracie,hist_carlos_sr,Carlos Gracie Senior,high,manual_curation,manual_curation,"neto de Carlos Sr, via linha Robson",https://www.bjjheroes.com/?p=1781
929,Cesar Gracie,hist_carlos_sr,Carlos Gracie Senior,high,manual_curation,manual_curation,"neto de Carlos Sr, via linha Robson",https://www.bjjheroes.com/?p=929
322,Fabio Gurgel,355,Romero Cavalcanti,high,manual_curation,manual_curation,"co-fundador da Alliance com Jacare Cavalcanti, formado sob ele",https://www.bjjheroes.com/?p=322
144,Andre Galvao,355,Romero Cavalcanti,high,manual_curation,manual_curation,linhagem Alliance via Fernando Terere (Jacare formou Terere),https://www.bjjheroes.com/?p=144
147,Rubens Charles,355,Romero Cavalcanti,high,manual_curation,manual_curation,"descoberto por Terere, linhagem Alliance",https://www.bjjheroes.com/?p=147
88,Jean Jacques Machado,hist_carlos_sr,Carlos Gracie Senior,high,manual_curation,manual_curation,"familia Machado - primos Gracie, formados na familia",https://www.bjjheroes.com/?p=88
1817,Rigan Machado,hist_carlos_sr,Carlos Gracie Senior,high,manual_curation,manual_curation,familia Machado - primos Gracie,https://www.bjjheroes.com/?p=1817
