ibjjf_name,ibjjf_profile_url,academy,gender,ranking_category,ruleset,points,same_academy_people_ids,same_academy_people_names,academy_known_people_count,signal_type,confidence,publication_policy,evidence
Tainan Dalpra Costa,https://ibjjf.com/athletes/tainan-costa,AOJ,male,adult,gi,666,415; 179; 13326; 12554; 11690,Guilherme Mendes; Rafael Mendes; Hiryu Niwa; Iasmin Casser; Jessa Khan,10,academy_name_overlap_only,research_lead,never_publish_as_lineage_without_direct_source,"O ranking da IBJJF associa o atleta à academia ""AOJ""; o acervo possui 10 pessoa(s) com o mesmo nome de academia. Isso não identifica professor nem comprova graduação."
Diego Oliveira Batista,https://ibjjf.com/athletes/diego-batista-65fb12dc74cd,AOJ,male,adult,gi,654,415; 179; 13326; 12554; 11690,Guilherme Mendes; Rafael Mendes; Hiryu Niwa; Iasmin Casser; Jessa Khan,10,academy_name_overlap_only,research_lead,never_publish_as_lineage_without_direct_source,"O ranking da IBJJF associa o atleta à academia ""AOJ""; o acervo possui 10 pessoa(s) com o mesmo nome de academia. Isso não identifica professor nem comprova graduação."
Francisco Papasidero,https://ibjjf.com/athletes/francisco-papasidero,AOJ,male,adult,gi,651.5,415; 179; 13326; 12554; 11690,Guilherme Mendes; Rafael Mendes; Hiryu Niwa; Iasmin Casser; Jessa Khan,10,academy_name_overlap_only,research_lead,never_publish_as_lineage_without_direct_source,"O ranking da IBJJF associa o atleta à academia ""AOJ""; o acervo possui 10 pessoa(s) com o mesmo nome de academia. Isso não identifica professor nem comprova graduação."
Alexandre Papa Manara,https://ibjjf.com/athletes/alexandre-manara,Lotus Club,male,adult,gi,477.0,14205,Alexandre Manara,1,academy_name_overlap_only,research_lead,never_publish_as_lineage_without_direct_source,"O ranking da IBJJF associa o atleta à academia ""Lotus Club""; o acervo possui 1 pessoa(s) com o mesmo nome de academia. Isso não identifica professor nem comprova graduação."
Cole Anthony Abate,https://ibjjf.com/athletes/cole-abate,AOJ,male,adult,gi,413,415; 179; 13326; 12554; 11690,Guilherme Mendes; Rafael Mendes; Hiryu Niwa; Iasmin Casser; Jessa Khan,10,academy_name_overlap_only,research_lead,never_publish_as_lineage_without_direct_source,"O ranking da IBJJF associa o atleta à academia ""AOJ""; o acervo possui 10 pessoa(s) com o mesmo nome de academia. Isso não identifica professor nem comprova graduação."
Jansen Gomes Ramos,https://ibjjf.com/athletes/jansen-ramos,CheckMat,male,adult,gi,412.5,419; 338; 875; 963; 405,Leonardo Vieira; Ricardo Vieira; Lucas Leite; Carlos Vieira Holanda; Marco Canha,85,academy_name_overlap_only,research_lead,never_publish_as_lineage_without_direct_source,"O ranking da IBJJF associa o atleta à academia ""CheckMat""; o acervo possui 85 pessoa(s) com o mesmo nome de academia. Isso não identifica professor nem comprova graduação."
Andy Tomas Murasaki Pereira,https://ibjjf.com/athletes/andy-pereira,AOJ,male,adult,gi,294.0,415; 179; 13326; 12554; 11690,Guilherme Mendes; Rafael Mendes; Hiryu Niwa; Iasmin Casser; Jessa Khan,10,academy_name_overlap_only,research_lead,never_publish_as_lineage_without_direct_source,"O ranking da IBJJF associa o atleta à academia ""AOJ""; o acervo possui 10 pessoa(s) com o mesmo nome de academia. Isso não identifica professor nem comprova graduação."
Ethan Roy Major,https://ibjjf.com/athletes/ethan-major,Toronto BJJ,male,adult,gi,281.5,8783,Yacinta Nguyen,1,academy_name_overlap_only,research_lead,never_publish_as_lineage_without_direct_source,"O ranking da IBJJF associa o atleta à academia ""Toronto BJJ""; o acervo possui 1 pessoa(s) com o mesmo nome de academia. Isso não identifica professor nem comprova graduação."
Marcos Antonio Gomes Guedes,https://ibjjf.com/athletes/marcos-guedes,AOJ,male,adult,gi,197,415; 179; 13326; 12554; 11690,Guilherme Mendes; Rafael Mendes; Hiryu Niwa; Iasmin Casser; Jessa Khan,10,academy_name_overlap_only,research_lead,never_publish_as_lineage_without_direct_source,"O ranking da IBJJF associa o atleta à academia ""AOJ""; o acervo possui 10 pessoa(s) com o mesmo nome de academia. Isso não identifica professor nem comprova graduação."
Mateo Cardona,https://ibjjf.com/athletes/mateo-cardona,AOJ,male,adult,gi,188.0,415; 179; 13326; 12554; 11690,Guilherme Mendes; Rafael Mendes; Hiryu Niwa; Iasmin Casser; Jessa Khan,10,academy_name_overlap_only,research_lead,never_publish_as_lineage_without_direct_source,"O ranking da IBJJF associa o atleta à academia ""AOJ""; o acervo possui 10 pessoa(s) com o mesmo nome de academia. Isso não identifica professor nem comprova graduação."
Guilherme Rodrigues Fernandes,https://ibjjf.com/athletes/guilherme-fernandes-936e3b639cc8,AOJ,male,adult,gi,170,415; 179; 13326; 12554; 11690,Guilherme Mendes; Rafael Mendes; Hiryu Niwa; Iasmin Casser; Jessa Khan,10,academy_name_overlap_only,research_lead,never_publish_as_lineage_without_direct_source,"O ranking da IBJJF associa o atleta à academia ""AOJ""; o acervo possui 10 pessoa(s) com o mesmo nome de academia. Isso não identifica professor nem comprova graduação."
Elijah Amir Dorsey,https://ibjjf.com/athletes/elijah-dorsey,Team Lloyd Irvin,male,adult,gi,153.0,8141; 10638; 13747; 12940; 8128,Aarae Alexander; Angelo Claiborne; Chris Tran; Cory Walker; Donald Achnick,12,academy_name_overlap_only,research_lead,never_publish_as_lineage_without_direct_source,"O ranking da IBJJF associa o atleta à academia ""Team Lloyd Irvin""; o acervo possui 12 pessoa(s) com o mesmo nome de academia. Isso não identifica professor nem comprova graduação."
Roosevelt Pereira Lima de Sousa,https://ibjjf.com/athletes/roosevelt-souza,Fight Sports,male,adult,gi,148.5,224; 11384; 12178; 13473; 13031,Roberto Abreu; Andre Porfirio; Joao Costa; Kauane Silva; Lucas Lisboa,12,academy_name_overlap_only,research_lead,never_publish_as_lineage_without_direct_source,"O ranking da IBJJF associa o atleta à academia ""Fight Sports""; o acervo possui 12 pessoa(s) com o mesmo nome de academia. Isso não identifica professor nem comprova graduação."
Lucas Andre Galvão Protasio,https://ibjjf.com/athletes/lucas-protasio,CheckMat,male,adult,gi,142,419; 338; 875; 963; 405,Leonardo Vieira; Ricardo Vieira; Lucas Leite; Carlos Vieira Holanda; Marco Canha,85,academy_name_overlap_only,research_lead,never_publish_as_lineage_without_direct_source,"O ranking da IBJJF associa o atleta à academia ""CheckMat""; o acervo possui 85 pessoa(s) com o mesmo nome de academia. Isso não identifica professor nem comprova graduação."
Zachary Kaima'alili Kaina-Kokubun,https://ibjjf.com/athletes/zachary-kaina-kokubun,AOJ,male,adult,gi,115,415; 179; 13326; 12554; 11690,Guilherme Mendes; Rafael Mendes; Hiryu Niwa; Iasmin Casser; Jessa Khan,10,academy_name_overlap_only,research_lead,never_publish_as_lineage_without_direct_source,"O ranking da IBJJF associa o atleta à academia ""AOJ""; o acervo possui 10 pessoa(s) com o mesmo nome de academia. Isso não identifica professor nem comprova graduação."
João Pedro Silva de Souza,https://ibjjf.com/athletes/joao-souza-348d39cd682f,AOJ,male,adult,gi,113.0,415; 179; 13326; 12554; 11690,Guilherme Mendes; Rafael Mendes; Hiryu Niwa; Iasmin Casser; Jessa Khan,10,academy_name_overlap_only,research_lead,never_publish_as_lineage_without_direct_source,"O ranking da IBJJF associa o atleta à academia ""AOJ""; o acervo possui 10 pessoa(s) com o mesmo nome de academia. Isso não identifica professor nem comprova graduação."
Marcos Carrozzino,https://ibjjf.com/athletes/marcos-carrozzino,GF Team,male,adult,gi,108.5,203; 8116; 11917; 2035; 9166,Julio Cesar; Dante Leon; Gabriel Marinho; Vitor Henrique; Alexandre Barauna,50,academy_name_overlap_only,research_lead,never_publish_as_lineage_without_direct_source,"O ranking da IBJJF associa o atleta à academia ""GF Team""; o acervo possui 50 pessoa(s) com o mesmo nome de academia. Isso não identifica professor nem comprova graduação."
Leonardo Freitas Piratininga Neves,https://ibjjf.com/athletes/leonardo-neves-dfe331cb52ef,GF Team,male,adult,gi,107.5,203; 8116; 11917; 2035; 9166,Julio Cesar; Dante Leon; Gabriel Marinho; Vitor Henrique; Alexandre Barauna,50,academy_name_overlap_only,research_lead,never_publish_as_lineage_without_direct_source,"O ranking da IBJJF associa o atleta à academia ""GF Team""; o acervo possui 50 pessoa(s) com o mesmo nome de academia. Isso não identifica professor nem comprova graduação."
Clay Landon Mayfield,https://ibjjf.com/athletes/clay-mayfield,Pedigo Submission Fighting,male,adult,gi,107.0,11359; 11808,Heath Pedigo; Andrew Wiltse,2,academy_name_overlap_only,research_lead,never_publish_as_lineage_without_direct_source,"O ranking da IBJJF associa o atleta à academia ""Pedigo Submission Fighting""; o acervo possui 2 pessoa(s) com o mesmo nome de academia. Isso não identifica professor nem comprova graduação."
Harry William Loseby,https://ibjjf.com/athletes/harry-loseby,Roger Gracie Academy,male,adult,gi,97.0,6209; 9261,Felipe Mota; Ross Nicholls,2,academy_name_overlap_only,research_lead,never_publish_as_lineage_without_direct_source,"O ranking da IBJJF associa o atleta à academia ""Roger Gracie Academy""; o acervo possui 2 pessoa(s) com o mesmo nome de academia. Isso não identifica professor nem comprova graduação."
Gustavo Umeoka Ogawa,https://ibjjf.com/athletes/gustavo-ogawa,AOJ,male,adult,gi,93,415; 179; 13326; 12554; 11690,Guilherme Mendes; Rafael Mendes; Hiryu Niwa; Iasmin Casser; Jessa Khan,10,academy_name_overlap_only,research_lead,never_publish_as_lineage_without_direct_source,"O ranking da IBJJF associa o atleta à academia ""AOJ""; o acervo possui 10 pessoa(s) com o mesmo nome de academia. Isso não identifica professor nem comprova graduação."
Leandro Lima de Souza,https://ibjjf.com/athletes/leandro-souza-e6d8bfa7c90c,Lotus Club,male,adult,gi,93.0,14205,Alexandre Manara,1,academy_name_overlap_only,research_lead,never_publish_as_lineage_without_direct_source,"O ranking da IBJJF associa o atleta à academia ""Lotus Club""; o acervo possui 1 pessoa(s) com o mesmo nome de academia. Isso não identifica professor nem comprova graduação."
Harryson Santana Pereira,https://ibjjf.com/athletes/harryson-pereira,Ataque Duplo,male,adult,gi,92.0,11215,Harryson Pereira,1,academy_name_overlap_only,research_lead,never_publish_as_lineage_without_direct_source,"O ranking da IBJJF associa o atleta à academia ""Ataque Duplo""; o acervo possui 1 pessoa(s) com o mesmo nome de academia. Isso não identifica professor nem comprova graduação."
Felipe Carlos Oliveira,https://ibjjf.com/athletes/felipe-oliveira-a8bcb6b880f8,GF Team,male,adult,gi,92.0,203; 8116; 11917; 2035; 9166,Julio Cesar; Dante Leon; Gabriel Marinho; Vitor Henrique; Alexandre Barauna,50,academy_name_overlap_only,research_lead,never_publish_as_lineage_without_direct_source,"O ranking da IBJJF associa o atleta à academia ""GF Team""; o acervo possui 50 pessoa(s) com o mesmo nome de academia. Isso não identifica professor nem comprova graduação."
Charles S. Adorian,https://ibjjf.com/athletes/charles-adorian,Roger Gracie Academy,male,adult,gi,90.0,6209; 9261,Felipe Mota; Ross Nicholls,2,academy_name_overlap_only,research_lead,never_publish_as_lineage_without_direct_source,"O ranking da IBJJF associa o atleta à academia ""Roger Gracie Academy""; o acervo possui 2 pessoa(s) com o mesmo nome de academia. Isso não identifica professor nem comprova graduação."
Mateus Rodrigues de Souza,https://ibjjf.com/athletes/mateus-souza,AOJ,male,adult,gi,83.5,415; 179; 13326; 12554; 11690,Guilherme Mendes; Rafael Mendes; Hiryu Niwa; Iasmin Casser; Jessa Khan,10,academy_name_overlap_only,research_lead,never_publish_as_lineage_without_direct_source,"O ranking da IBJJF associa o atleta à academia ""AOJ""; o acervo possui 10 pessoa(s) com o mesmo nome de academia. Isso não identifica professor nem comprova graduação."
Caio Carreira Ramos,https://ibjjf.com/athletes/caio-ramos,GF Team,male,adult,gi,82.5,203; 8116; 11917; 2035; 9166,Julio Cesar; Dante Leon; Gabriel Marinho; Vitor Henrique; Alexandre Barauna,50,academy_name_overlap_only,research_lead,never_publish_as_lineage_without_direct_source,"O ranking da IBJJF associa o atleta à academia ""GF Team""; o acervo possui 50 pessoa(s) com o mesmo nome de academia. Isso não identifica professor nem comprova graduação."
Steven Alexander Gomez,https://ibjjf.com/athletes/steven-gomez,AOJ,male,adult,gi,82,415; 179; 13326; 12554; 11690,Guilherme Mendes; Rafael Mendes; Hiryu Niwa; Iasmin Casser; Jessa Khan,10,academy_name_overlap_only,research_lead,never_publish_as_lineage_without_direct_source,"O ranking da IBJJF associa o atleta à academia ""AOJ""; o acervo possui 10 pessoa(s) com o mesmo nome de academia. Isso não identifica professor nem comprova graduação."
Alex Sander Fonseca Massena de Lima,https://ibjjf.com/athletes/alex-lima-a1983594d435,CheckMat,male,adult,gi,81.0,419; 338; 875; 963; 405,Leonardo Vieira; Ricardo Vieira; Lucas Leite; Carlos Vieira Holanda; Marco Canha,85,academy_name_overlap_only,research_lead,never_publish_as_lineage_without_direct_source,"O ranking da IBJJF associa o atleta à academia ""CheckMat""; o acervo possui 85 pessoa(s) com o mesmo nome de academia. Isso não identifica professor nem comprova graduação."
Igor Nascimento da Costa Feliz,https://ibjjf.com/athletes/igor-feliz,Future School of Jiu-Jitsu,male,adult,gi,77.0,12225,Igor Feliz,1,academy_name_overlap_only,research_lead,never_publish_as_lineage_without_direct_source,"O ranking da IBJJF associa o atleta à academia ""Future School of Jiu-Jitsu""; o acervo possui 1 pessoa(s) com o mesmo nome de academia. Isso não identifica professor nem comprova graduação."
Gabriel Custódio dos Santos,https://ibjjf.com/athletes/gabriel-santos-8789efb1e5c3,PSLPB Cicero Costha,male,adult,gi,75.5,1155; 13076; 7704; 6151; 13062,Cicero Costha; Francisco Lo; Helton Jose Junior; Hiago George; Leonardo Mario,5,academy_name_overlap_only,research_lead,never_publish_as_lineage_without_direct_source,"O ranking da IBJJF associa o atleta à academia ""PSLPB Cicero Costha""; o acervo possui 5 pessoa(s) com o mesmo nome de academia. Isso não identifica professor nem comprova graduação."
Igor Carlos Alves da Silva,https://ibjjf.com/athletes/igor-silva-5bfd73826a3f,Lotus Club,male,adult,gi,73.0,14205,Alexandre Manara,1,academy_name_overlap_only,research_lead,never_publish_as_lineage_without_direct_source,"O ranking da IBJJF associa o atleta à academia ""Lotus Club""; o acervo possui 1 pessoa(s) com o mesmo nome de academia. Isso não identifica professor nem comprova graduação."
Luca Germinario Ramaci,https://ibjjf.com/athletes/luca-ramaci,AOJ,male,adult,gi,71.0,415; 179; 13326; 12554; 11690,Guilherme Mendes; Rafael Mendes; Hiryu Niwa; Iasmin Casser; Jessa Khan,10,academy_name_overlap_only,research_lead,never_publish_as_lineage_without_direct_source,"O ranking da IBJJF associa o atleta à academia ""AOJ""; o acervo possui 10 pessoa(s) com o mesmo nome de academia. Isso não identifica professor nem comprova graduação."
Devin Patrick Riley,https://ibjjf.com/athletes/devin-riley,Crazy 88,male,adult,gi,69.0,4411,Julius Park,1,academy_name_overlap_only,research_lead,never_publish_as_lineage_without_direct_source,"O ranking da IBJJF associa o atleta à academia ""Crazy 88""; o acervo possui 1 pessoa(s) com o mesmo nome de academia. Isso não identifica professor nem comprova graduação."
Julio Souza Arantes,https://ibjjf.com/athletes/julio-arantes-c94c99462a16,Vision,male,adult,gi,66,13577; 12753; 12845,Brigida Carvalho Felipe; Gabriela Pereira; Thalyta Silva,3,academy_name_overlap_only,research_lead,never_publish_as_lineage_without_direct_source,"O ranking da IBJJF associa o atleta à academia ""Vision""; o acervo possui 3 pessoa(s) com o mesmo nome de academia. Isso não identifica professor nem comprova graduação."
Angelo Paolo Castillejo Sotelo,https://ibjjf.com/athletes/angelo-castillejo,Fight Sports,male,adult,gi,63.0,224; 11384; 12178; 13473; 13031,Roberto Abreu; Andre Porfirio; Joao Costa; Kauane Silva; Lucas Lisboa,12,academy_name_overlap_only,research_lead,never_publish_as_lineage_without_direct_source,"O ranking da IBJJF associa o atleta à academia ""Fight Sports""; o acervo possui 12 pessoa(s) com o mesmo nome de academia. Isso não identifica professor nem comprova graduação."
Bruno Luis Santanna Caglioni,https://ibjjf.com/athletes/bruno-caglioni,The Match Champ,male,adult,gi,61.5,12201,Maria Eduarda Tozoni,1,academy_name_overlap_only,research_lead,never_publish_as_lineage_without_direct_source,"O ranking da IBJJF associa o atleta à academia ""The Match Champ""; o acervo possui 1 pessoa(s) com o mesmo nome de academia. Isso não identifica professor nem comprova graduação."
Vinícius Góes Barbosa,https://ibjjf.com/athletes/vinicius-barbosa-4f6292d2bebe,GF Team,male,adult,gi,60.5,203; 8116; 11917; 2035; 9166,Julio Cesar; Dante Leon; Gabriel Marinho; Vitor Henrique; Alexandre Barauna,50,academy_name_overlap_only,research_lead,never_publish_as_lineage_without_direct_source,"O ranking da IBJJF associa o atleta à academia ""GF Team""; o acervo possui 50 pessoa(s) com o mesmo nome de academia. Isso não identifica professor nem comprova graduação."
João Victor Venturi M. C. de Melo,https://ibjjf.com/athletes/joao-melo-cd71fb965adc,GF Team,male,adult,gi,59.5,203; 8116; 11917; 2035; 9166,Julio Cesar; Dante Leon; Gabriel Marinho; Vitor Henrique; Alexandre Barauna,50,academy_name_overlap_only,research_lead,never_publish_as_lineage_without_direct_source,"O ranking da IBJJF associa o atleta à academia ""GF Team""; o acervo possui 50 pessoa(s) com o mesmo nome de academia. Isso não identifica professor nem comprova graduação."
Pedro de Azevedo Ferreira Rubim,https://ibjjf.com/athletes/pedro-rubim,GF Team,male,adult,gi,59.0,203; 8116; 11917; 2035; 9166,Julio Cesar; Dante Leon; Gabriel Marinho; Vitor Henrique; Alexandre Barauna,50,academy_name_overlap_only,research_lead,never_publish_as_lineage_without_direct_source,"O ranking da IBJJF associa o atleta à academia ""GF Team""; o acervo possui 50 pessoa(s) com o mesmo nome de academia. Isso não identifica professor nem comprova graduação."
Guilherme de Paiva Cordeiro,https://ibjjf.com/athletes/guilherme-cordeiro-53f128e1c117,SAS Team,male,adult,gi,57,9338,Guybson Sa,1,academy_name_overlap_only,research_lead,never_publish_as_lineage_without_direct_source,"O ranking da IBJJF associa o atleta à academia ""SAS Team""; o acervo possui 1 pessoa(s) com o mesmo nome de academia. Isso não identifica professor nem comprova graduação."
Victor Hugo Vasconcelos Nascimento,https://ibjjf.com/athletes/victor-nascimento,Nova União,male,adult,gi,55.5,78; 634; 6756; 4334; 195,Andre Pederneiras; Wendell Alexander; Rodrigo Silva; Andre da Silva; Robson Moura,39,academy_name_overlap_only,research_lead,never_publish_as_lineage_without_direct_source,"O ranking da IBJJF associa o atleta à academia ""Nova União""; o acervo possui 39 pessoa(s) com o mesmo nome de academia. Isso não identifica professor nem comprova graduação."
Gabriel Figueroa de Oliveira,https://ibjjf.com/athletes/gabriel-oliveira-2ba8530121bd,Guigo JJ,male,adult,gi,55,693; 11423; 9483; 11766; 1624,Luiz Guilherme; Meyram Maquine; Eduardo Lopes; Gabriel Costa; Leonardo Arruda,5,academy_name_overlap_only,research_lead,never_publish_as_lineage_without_direct_source,"O ranking da IBJJF associa o atleta à academia ""Guigo JJ""; o acervo possui 5 pessoa(s) com o mesmo nome de academia. Isso não identifica professor nem comprova graduação."
Alexângelo Adriel  Sussuarana de Freitas,https://ibjjf.com/athletes/alexangelo-freitas,PSLPB Cicero Costha,male,adult,gi,53.5,1155; 13076; 7704; 6151; 13062,Cicero Costha; Francisco Lo; Helton Jose Junior; Hiago George; Leonardo Mario,5,academy_name_overlap_only,research_lead,never_publish_as_lineage_without_direct_source,"O ranking da IBJJF associa o atleta à academia ""PSLPB Cicero Costha""; o acervo possui 5 pessoa(s) com o mesmo nome de academia. Isso não identifica professor nem comprova graduação."
Lucas Moreira Lorêdo,https://ibjjf.com/athletes/lucas-loredo,GF Team,male,adult,gi,52.0,203; 8116; 11917; 2035; 9166,Julio Cesar; Dante Leon; Gabriel Marinho; Vitor Henrique; Alexandre Barauna,50,academy_name_overlap_only,research_lead,never_publish_as_lineage_without_direct_source,"O ranking da IBJJF associa o atleta à academia ""GF Team""; o acervo possui 50 pessoa(s) com o mesmo nome de academia. Isso não identifica professor nem comprova graduação."
Pedro Henrique Takadi Cazarre Nakano,https://ibjjf.com/athletes/pedro-nakano,Fight Sports,male,adult,gi,51,224; 11384; 12178; 13473; 13031,Roberto Abreu; Andre Porfirio; Joao Costa; Kauane Silva; Lucas Lisboa,12,academy_name_overlap_only,research_lead,never_publish_as_lineage_without_direct_source,"O ranking da IBJJF associa o atleta à academia ""Fight Sports""; o acervo possui 12 pessoa(s) com o mesmo nome de academia. Isso não identifica professor nem comprova graduação."
Jefferson Alves Goteu,https://ibjjf.com/athletes/jefferson-goteu,CheckMat,male,adult,gi,48.5,419; 338; 875; 963; 405,Leonardo Vieira; Ricardo Vieira; Lucas Leite; Carlos Vieira Holanda; Marco Canha,85,academy_name_overlap_only,research_lead,never_publish_as_lineage_without_direct_source,"O ranking da IBJJF associa o atleta à academia ""CheckMat""; o acervo possui 85 pessoa(s) com o mesmo nome de academia. Isso não identifica professor nem comprova graduação."
Heitor Ferreira M. Senra,https://ibjjf.com/athletes/heitor-senra,Future School of Jiu-Jitsu,male,adult,gi,48,12225,Igor Feliz,1,academy_name_overlap_only,research_lead,never_publish_as_lineage_without_direct_source,"O ranking da IBJJF associa o atleta à academia ""Future School of Jiu-Jitsu""; o acervo possui 1 pessoa(s) com o mesmo nome de academia. Isso não identifica professor nem comprova graduação."
Daniel Sathler Campos,https://ibjjf.com/athletes/daniel-campos,AOJ,male,adult,gi,48,415; 179; 13326; 12554; 11690,Guilherme Mendes; Rafael Mendes; Hiryu Niwa; Iasmin Casser; Jessa Khan,10,academy_name_overlap_only,research_lead,never_publish_as_lineage_without_direct_source,"O ranking da IBJJF associa o atleta à academia ""AOJ""; o acervo possui 10 pessoa(s) com o mesmo nome de academia. Isso não identifica professor nem comprova graduação."
Alex Liscano Filho,https://ibjjf.com/athletes/alex-filho,CheckMat,male,adult,gi,46,419; 338; 875; 963; 405,Leonardo Vieira; Ricardo Vieira; Lucas Leite; Carlos Vieira Holanda; Marco Canha,85,academy_name_overlap_only,research_lead,never_publish_as_lineage_without_direct_source,"O ranking da IBJJF associa o atleta à academia ""CheckMat""; o acervo possui 85 pessoa(s) com o mesmo nome de academia. Isso não identifica professor nem comprova graduação."
Estevão Max Nogara,https://ibjjf.com/athletes/estevao-nogara,GF Team,male,adult,gi,44,203; 8116; 11917; 2035; 9166,Julio Cesar; Dante Leon; Gabriel Marinho; Vitor Henrique; Alexandre Barauna,50,academy_name_overlap_only,research_lead,never_publish_as_lineage_without_direct_source,"O ranking da IBJJF associa o atleta à academia ""GF Team""; o acervo possui 50 pessoa(s) com o mesmo nome de academia. Isso não identifica professor nem comprova graduação."
Antonio Braga Texeira Neto,https://ibjjf.com/athletes/antonio-neto,Nova União,male,adult,gi,43.5,78; 634; 6756; 4334; 195,Andre Pederneiras; Wendell Alexander; Rodrigo Silva; Andre da Silva; Robson Moura,39,academy_name_overlap_only,research_lead,never_publish_as_lineage_without_direct_source,"O ranking da IBJJF associa o atleta à academia ""Nova União""; o acervo possui 39 pessoa(s) com o mesmo nome de academia. Isso não identifica professor nem comprova graduação."
Pedro Henrique Segura Veras,https://ibjjf.com/athletes/pedro-veras,PSLPB Cicero Costha,male,adult,gi,43.5,1155; 13076; 7704; 6151; 13062,Cicero Costha; Francisco Lo; Helton Jose Junior; Hiago George; Leonardo Mario,5,academy_name_overlap_only,research_lead,never_publish_as_lineage_without_direct_source,"O ranking da IBJJF associa o atleta à academia ""PSLPB Cicero Costha""; o acervo possui 5 pessoa(s) com o mesmo nome de academia. Isso não identifica professor nem comprova graduação."
Hygor Brito da Silva,https://ibjjf.com/athletes/hygor-silva,Lotus Club,male,adult,gi,42,14205,Alexandre Manara,1,academy_name_overlap_only,research_lead,never_publish_as_lineage_without_direct_source,"O ranking da IBJJF associa o atleta à academia ""Lotus Club""; o acervo possui 1 pessoa(s) com o mesmo nome de academia. Isso não identifica professor nem comprova graduação."
Felipe Porto Schiavon,https://ibjjf.com/athletes/felipe-schiavon,Fight Sports,male,adult,gi,42.0,224; 11384; 12178; 13473; 13031,Roberto Abreu; Andre Porfirio; Joao Costa; Kauane Silva; Lucas Lisboa,12,academy_name_overlap_only,research_lead,never_publish_as_lineage_without_direct_source,"O ranking da IBJJF associa o atleta à academia ""Fight Sports""; o acervo possui 12 pessoa(s) com o mesmo nome de academia. Isso não identifica professor nem comprova graduação."
An Thien Vu,https://ibjjf.com/athletes/an-vu,Roberto Traven BJJ,male,adult,gi,42.0,7079,Carlos Farias,1,academy_name_overlap_only,research_lead,never_publish_as_lineage_without_direct_source,"O ranking da IBJJF associa o atleta à academia ""Roberto Traven BJJ""; o acervo possui 1 pessoa(s) com o mesmo nome de academia. Isso não identifica professor nem comprova graduação."
Charles Jeffrey Grisafi,https://ibjjf.com/athletes/charles-grisafi,Toronto BJJ,male,adult,gi,38.0,8783,Yacinta Nguyen,1,academy_name_overlap_only,research_lead,never_publish_as_lineage_without_direct_source,"O ranking da IBJJF associa o atleta à academia ""Toronto BJJ""; o acervo possui 1 pessoa(s) com o mesmo nome de academia. Isso não identifica professor nem comprova graduação."
Oscar Gugala,https://ibjjf.com/athletes/oscar-gugala,Roger Gracie Academy,male,adult,gi,38.0,6209; 9261,Felipe Mota; Ross Nicholls,2,academy_name_overlap_only,research_lead,never_publish_as_lineage_without_direct_source,"O ranking da IBJJF associa o atleta à academia ""Roger Gracie Academy""; o acervo possui 2 pessoa(s) com o mesmo nome de academia. Isso não identifica professor nem comprova graduação."
Malachi James C. Edmond,https://ibjjf.com/athletes/malachi-edmond,Team Lloyd Irvin,male,adult,gi,37,8141; 10638; 13747; 12940; 8128,Aarae Alexander; Angelo Claiborne; Chris Tran; Cory Walker; Donald Achnick,12,academy_name_overlap_only,research_lead,never_publish_as_lineage_without_direct_source,"O ranking da IBJJF associa o atleta à academia ""Team Lloyd Irvin""; o acervo possui 12 pessoa(s) com o mesmo nome de academia. Isso não identifica professor nem comprova graduação."
Marlus Salgado de Souza,https://ibjjf.com/athletes/marlus-souza,SAS Team,male,adult,gi,36,9338,Guybson Sa,1,academy_name_overlap_only,research_lead,never_publish_as_lineage_without_direct_source,"O ranking da IBJJF associa o atleta à academia ""SAS Team""; o acervo possui 1 pessoa(s) com o mesmo nome de academia. Isso não identifica professor nem comprova graduação."
Lucas Henrique Teixeira Brandieri,https://ibjjf.com/athletes/lucas-brandieri,GF Team,male,adult,gi,36.0,203; 8116; 11917; 2035; 9166,Julio Cesar; Dante Leon; Gabriel Marinho; Vitor Henrique; Alexandre Barauna,50,academy_name_overlap_only,research_lead,never_publish_as_lineage_without_direct_source,"O ranking da IBJJF associa o atleta à academia ""GF Team""; o acervo possui 50 pessoa(s) com o mesmo nome de academia. Isso não identifica professor nem comprova graduação."
Angelo Dequan Claiborne,https://ibjjf.com/athletes/angelo-claiborne,Team Lloyd Irvin,male,adult,gi,36.0,8141; 10638; 13747; 12940; 8128,Aarae Alexander; Angelo Claiborne; Chris Tran; Cory Walker; Donald Achnick,12,academy_name_overlap_only,research_lead,never_publish_as_lineage_without_direct_source,"O ranking da IBJJF associa o atleta à academia ""Team Lloyd Irvin""; o acervo possui 12 pessoa(s) com o mesmo nome de academia. Isso não identifica professor nem comprova graduação."
Lucas Vinicius Silva Nascimento,https://ibjjf.com/athletes/lucas-nascimento-d5c802e2b266,PSLPB Cicero Costha,male,adult,gi,35,1155; 13076; 7704; 6151; 13062,Cicero Costha; Francisco Lo; Helton Jose Junior; Hiago George; Leonardo Mario,5,academy_name_overlap_only,research_lead,never_publish_as_lineage_without_direct_source,"O ranking da IBJJF associa o atleta à academia ""PSLPB Cicero Costha""; o acervo possui 5 pessoa(s) com o mesmo nome de academia. Isso não identifica professor nem comprova graduação."
Max Li,https://ibjjf.com/athletes/max-li,Toronto BJJ,male,adult,gi,35.0,8783,Yacinta Nguyen,1,academy_name_overlap_only,research_lead,never_publish_as_lineage_without_direct_source,"O ranking da IBJJF associa o atleta à academia ""Toronto BJJ""; o acervo possui 1 pessoa(s) com o mesmo nome de academia. Isso não identifica professor nem comprova graduação."
Matheus Paulo da Costa,https://ibjjf.com/athletes/matheus-2974e019bf2a,CheckMat,male,adult,gi,34.5,419; 338; 875; 963; 405,Leonardo Vieira; Ricardo Vieira; Lucas Leite; Carlos Vieira Holanda; Marco Canha,85,academy_name_overlap_only,research_lead,never_publish_as_lineage_without_direct_source,"O ranking da IBJJF associa o atleta à academia ""CheckMat""; o acervo possui 85 pessoa(s) com o mesmo nome de academia. Isso não identifica professor nem comprova graduação."
Joshua Gerik Joseph Boodhoo-Cere,https://ibjjf.com/athletes/joshua-boodhoo-cere,Future School of Jiu-Jitsu,male,adult,gi,33,12225,Igor Feliz,1,academy_name_overlap_only,research_lead,never_publish_as_lineage_without_direct_source,"O ranking da IBJJF associa o atleta à academia ""Future School of Jiu-Jitsu""; o acervo possui 1 pessoa(s) com o mesmo nome de academia. Isso não identifica professor nem comprova graduação."
Rodrigo Marques de S. Campos,https://ibjjf.com/athletes/rodrigo-campos-476018b0d3ac,GF Team,male,adult,gi,33,203; 8116; 11917; 2035; 9166,Julio Cesar; Dante Leon; Gabriel Marinho; Vitor Henrique; Alexandre Barauna,50,academy_name_overlap_only,research_lead,never_publish_as_lineage_without_direct_source,"O ranking da IBJJF associa o atleta à academia ""GF Team""; o acervo possui 50 pessoa(s) com o mesmo nome de academia. Isso não identifica professor nem comprova graduação."
Kalel Nascimento dos Santos,https://ibjjf.com/athletes/kalel-santos,PSLPB Cicero Costha,male,adult,gi,31.5,1155; 13076; 7704; 6151; 13062,Cicero Costha; Francisco Lo; Helton Jose Junior; Hiago George; Leonardo Mario,5,academy_name_overlap_only,research_lead,never_publish_as_lineage_without_direct_source,"O ranking da IBJJF associa o atleta à academia ""PSLPB Cicero Costha""; o acervo possui 5 pessoa(s) com o mesmo nome de academia. Isso não identifica professor nem comprova graduação."
Rodrigo da Fonseca Pinheiro,https://ibjjf.com/athletes/rodrigo-pinheiro-0af56c98b444,GF Team,male,adult,gi,31,203; 8116; 11917; 2035; 9166,Julio Cesar; Dante Leon; Gabriel Marinho; Vitor Henrique; Alexandre Barauna,50,academy_name_overlap_only,research_lead,never_publish_as_lineage_without_direct_source,"O ranking da IBJJF associa o atleta à academia ""GF Team""; o acervo possui 50 pessoa(s) com o mesmo nome de academia. Isso não identifica professor nem comprova graduação."
Mateo Ezequiel Ruiz,https://ibjjf.com/athletes/mateo-ruiz,Lotus Club,male,adult,gi,30.5,14205,Alexandre Manara,1,academy_name_overlap_only,research_lead,never_publish_as_lineage_without_direct_source,"O ranking da IBJJF associa o atleta à academia ""Lotus Club""; o acervo possui 1 pessoa(s) com o mesmo nome de academia. Isso não identifica professor nem comprova graduação."
Wesley Lopes Caixeta,https://ibjjf.com/athletes/wesley-caixeta,Roger Gracie Academy,male,adult,gi,27.0,6209; 9261,Felipe Mota; Ross Nicholls,2,academy_name_overlap_only,research_lead,never_publish_as_lineage_without_direct_source,"O ranking da IBJJF associa o atleta à academia ""Roger Gracie Academy""; o acervo possui 2 pessoa(s) com o mesmo nome de academia. Isso não identifica professor nem comprova graduação."
Roberto de Abreu Filho,https://ibjjf.com/athletes/roberto-filho-ea233c596cac,Fight Sports,male,adult,gi,27.0,224; 11384; 12178; 13473; 13031,Roberto Abreu; Andre Porfirio; Joao Costa; Kauane Silva; Lucas Lisboa,12,academy_name_overlap_only,research_lead,never_publish_as_lineage_without_direct_source,"O ranking da IBJJF associa o atleta à academia ""Fight Sports""; o acervo possui 12 pessoa(s) com o mesmo nome de academia. Isso não identifica professor nem comprova graduação."
Rafael Reis Leite,https://ibjjf.com/athletes/rafael-leite-0101ee1aa1f3,Vision,male,adult,gi,27,13577; 12753; 12845,Brigida Carvalho Felipe; Gabriela Pereira; Thalyta Silva,3,academy_name_overlap_only,research_lead,never_publish_as_lineage_without_direct_source,"O ranking da IBJJF associa o atleta à academia ""Vision""; o acervo possui 3 pessoa(s) com o mesmo nome de academia. Isso não identifica professor nem comprova graduação."
Gabriel da Luz Costa,https://ibjjf.com/athletes/gabriel-costa-4fa29eca6420,AOJ,male,adult,gi,27,415; 179; 13326; 12554; 11690,Guilherme Mendes; Rafael Mendes; Hiryu Niwa; Iasmin Casser; Jessa Khan,10,academy_name_overlap_only,research_lead,never_publish_as_lineage_without_direct_source,"O ranking da IBJJF associa o atleta à academia ""AOJ""; o acervo possui 10 pessoa(s) com o mesmo nome de academia. Isso não identifica professor nem comprova graduação."
Eric Cong Phan,https://ibjjf.com/athletes/eric-phan,Toronto BJJ,male,adult,gi,27,8783,Yacinta Nguyen,1,academy_name_overlap_only,research_lead,never_publish_as_lineage_without_direct_source,"O ranking da IBJJF associa o atleta à academia ""Toronto BJJ""; o acervo possui 1 pessoa(s) com o mesmo nome de academia. Isso não identifica professor nem comprova graduação."
Alexandre Matheus Nobrega de Souza,https://ibjjf.com/athletes/alexandre-souza-f871dc714088,Guigo JJ,male,adult,gi,26,693; 11423; 9483; 11766; 1624,Luiz Guilherme; Meyram Maquine; Eduardo Lopes; Gabriel Costa; Leonardo Arruda,5,academy_name_overlap_only,research_lead,never_publish_as_lineage_without_direct_source,"O ranking da IBJJF associa o atleta à academia ""Guigo JJ""; o acervo possui 5 pessoa(s) com o mesmo nome de academia. Isso não identifica professor nem comprova graduação."
Warly Antonio Jeronimo da Silva,https://ibjjf.com/athletes/warly-silva,GF Team,male,adult,gi,25,203; 8116; 11917; 2035; 9166,Julio Cesar; Dante Leon; Gabriel Marinho; Vitor Henrique; Alexandre Barauna,50,academy_name_overlap_only,research_lead,never_publish_as_lineage_without_direct_source,"O ranking da IBJJF associa o atleta à academia ""GF Team""; o acervo possui 50 pessoa(s) com o mesmo nome de academia. Isso não identifica professor nem comprova graduação."
Caio Pinheiro Gonçalves,https://ibjjf.com/athletes/caio-goncalves,Lotus Club,male,adult,gi,24.5,14205,Alexandre Manara,1,academy_name_overlap_only,research_lead,never_publish_as_lineage_without_direct_source,"O ranking da IBJJF associa o atleta à academia ""Lotus Club""; o acervo possui 1 pessoa(s) com o mesmo nome de academia. Isso não identifica professor nem comprova graduação."
Elismaique Santos Azevedo,https://ibjjf.com/athletes/elismaique-azevedo,Ns Brotherhood,male,adult,gi,23.0,1188; 7256,Leandro Lo; Jan Buatim,2,academy_name_overlap_only,research_lead,never_publish_as_lineage_without_direct_source,"O ranking da IBJJF associa o atleta à academia ""Ns Brotherhood""; o acervo possui 2 pessoa(s) com o mesmo nome de academia. Isso não identifica professor nem comprova graduação."
Gabriel Cintra Mauricio,https://ibjjf.com/athletes/gabriel-mauricio,Lotus Club,male,adult,gi,23.0,14205,Alexandre Manara,1,academy_name_overlap_only,research_lead,never_publish_as_lineage_without_direct_source,"O ranking da IBJJF associa o atleta à academia ""Lotus Club""; o acervo possui 1 pessoa(s) com o mesmo nome de academia. Isso não identifica professor nem comprova graduação."
Leonardo de Assis Cruz,https://ibjjf.com/athletes/leonardo-cruz-9554451e0aeb,GF Team,male,adult,gi,21.5,203; 8116; 11917; 2035; 9166,Julio Cesar; Dante Leon; Gabriel Marinho; Vitor Henrique; Alexandre Barauna,50,academy_name_overlap_only,research_lead,never_publish_as_lineage_without_direct_source,"O ranking da IBJJF associa o atleta à academia ""GF Team""; o acervo possui 50 pessoa(s) com o mesmo nome de academia. Isso não identifica professor nem comprova graduação."
Zenon Sales Cruz Jr,https://ibjjf.com/athletes/zenon-jr,Lotus Club,male,adult,gi,21.5,14205,Alexandre Manara,1,academy_name_overlap_only,research_lead,never_publish_as_lineage_without_direct_source,"O ranking da IBJJF associa o atleta à academia ""Lotus Club""; o acervo possui 1 pessoa(s) com o mesmo nome de academia. Isso não identifica professor nem comprova graduação."
Daniel Joseph Maira,https://ibjjf.com/athletes/daniel-maira,Movement Art,male,adult,gi,21,12102,Nick Salles,1,academy_name_overlap_only,research_lead,never_publish_as_lineage_without_direct_source,"O ranking da IBJJF associa o atleta à academia ""Movement Art""; o acervo possui 1 pessoa(s) com o mesmo nome de academia. Isso não identifica professor nem comprova graduação."
Jonnatas Gracie Araujo da Silva,https://ibjjf.com/athletes/jonnatas-silva,AOJ,male,adult,gi,21.0,415; 179; 13326; 12554; 11690,Guilherme Mendes; Rafael Mendes; Hiryu Niwa; Iasmin Casser; Jessa Khan,10,academy_name_overlap_only,research_lead,never_publish_as_lineage_without_direct_source,"O ranking da IBJJF associa o atleta à academia ""AOJ""; o acervo possui 10 pessoa(s) com o mesmo nome de academia. Isso não identifica professor nem comprova graduação."
Marcos Gabriel Paes Froede,https://ibjjf.com/athletes/marcos-froede,AOJ,male,adult,gi,20,415; 179; 13326; 12554; 11690,Guilherme Mendes; Rafael Mendes; Hiryu Niwa; Iasmin Casser; Jessa Khan,10,academy_name_overlap_only,research_lead,never_publish_as_lineage_without_direct_source,"O ranking da IBJJF associa o atleta à academia ""AOJ""; o acervo possui 10 pessoa(s) com o mesmo nome de academia. Isso não identifica professor nem comprova graduação."
Andy Sukandar,https://ibjjf.com/athletes/andy-sukandar,Roger Gracie Academy,male,adult,gi,20.0,6209; 9261,Felipe Mota; Ross Nicholls,2,academy_name_overlap_only,research_lead,never_publish_as_lineage_without_direct_source,"O ranking da IBJJF associa o atleta à academia ""Roger Gracie Academy""; o acervo possui 2 pessoa(s) com o mesmo nome de academia. Isso não identifica professor nem comprova graduação."
Marcelo de Souza Lemelle,https://ibjjf.com/athletes/marcelo-lemelle,GF Team,male,adult,gi,19,203; 8116; 11917; 2035; 9166,Julio Cesar; Dante Leon; Gabriel Marinho; Vitor Henrique; Alexandre Barauna,50,academy_name_overlap_only,research_lead,never_publish_as_lineage_without_direct_source,"O ranking da IBJJF associa o atleta à academia ""GF Team""; o acervo possui 50 pessoa(s) com o mesmo nome de academia. Isso não identifica professor nem comprova graduação."
Cory Michael Walker,https://ibjjf.com/athletes/cory-walker,Team Lloyd Irvin,male,adult,gi,18,8141; 10638; 13747; 12940; 8128,Aarae Alexander; Angelo Claiborne; Chris Tran; Cory Walker; Donald Achnick,12,academy_name_overlap_only,research_lead,never_publish_as_lineage_without_direct_source,"O ranking da IBJJF associa o atleta à academia ""Team Lloyd Irvin""; o acervo possui 12 pessoa(s) com o mesmo nome de academia. Isso não identifica professor nem comprova graduação."
João Vitor Domiciano dos Santos de Lima,https://ibjjf.com/athletes/joao-lima-2f28066ac52e,PSLPB Cicero Costha,male,adult,gi,18,1155; 13076; 7704; 6151; 13062,Cicero Costha; Francisco Lo; Helton Jose Junior; Hiago George; Leonardo Mario,5,academy_name_overlap_only,research_lead,never_publish_as_lineage_without_direct_source,"O ranking da IBJJF associa o atleta à academia ""PSLPB Cicero Costha""; o acervo possui 5 pessoa(s) com o mesmo nome de academia. Isso não identifica professor nem comprova graduação."
Dennis Silvano Maciel de Souza,https://ibjjf.com/athletes/dennis-souza,GF Team,male,adult,gi,18,203; 8116; 11917; 2035; 9166,Julio Cesar; Dante Leon; Gabriel Marinho; Vitor Henrique; Alexandre Barauna,50,academy_name_overlap_only,research_lead,never_publish_as_lineage_without_direct_source,"O ranking da IBJJF associa o atleta à academia ""GF Team""; o acervo possui 50 pessoa(s) com o mesmo nome de academia. Isso não identifica professor nem comprova graduação."
Lincoln Rafael Lino Batista Silva,https://ibjjf.com/athletes/lincoln-silva,Ns Brotherhood,male,adult,gi,18,1188; 7256,Leandro Lo; Jan Buatim,2,academy_name_overlap_only,research_lead,never_publish_as_lineage_without_direct_source,"O ranking da IBJJF associa o atleta à academia ""Ns Brotherhood""; o acervo possui 2 pessoa(s) com o mesmo nome de academia. Isso não identifica professor nem comprova graduação."
Michael Christopher Mehl,https://ibjjf.com/athletes/michael-mehl,Bjj Conquest,male,adult,gi,18,7732,Vicente Junior,1,academy_name_overlap_only,research_lead,never_publish_as_lineage_without_direct_source,"O ranking da IBJJF associa o atleta à academia ""Bjj Conquest""; o acervo possui 1 pessoa(s) com o mesmo nome de academia. Isso não identifica professor nem comprova graduação."
Juhyuck Yim,https://ibjjf.com/athletes/juhyuck-yim,John Frankl Jiu-Jitsu,male,adult,gi,18,8842,Wanki Chae,1,academy_name_overlap_only,research_lead,never_publish_as_lineage_without_direct_source,"O ranking da IBJJF associa o atleta à academia ""John Frankl Jiu-Jitsu""; o acervo possui 1 pessoa(s) com o mesmo nome de academia. Isso não identifica professor nem comprova graduação."
Nicholas Benjamin Greene,https://ibjjf.com/athletes/nicholas-greene,Ralph Gracie,male,adult,gi,18.0,2475,Kurt Osiander,1,academy_name_overlap_only,research_lead,never_publish_as_lineage_without_direct_source,"O ranking da IBJJF associa o atleta à academia ""Ralph Gracie""; o acervo possui 1 pessoa(s) com o mesmo nome de academia. Isso não identifica professor nem comprova graduação."
Jacob Irving Joseph Boodhoo-Céré,https://ibjjf.com/athletes/jacob-boodhoo-cere,Future School of Jiu-Jitsu,male,adult,gi,17.0,12225,Igor Feliz,1,academy_name_overlap_only,research_lead,never_publish_as_lineage_without_direct_source,"O ranking da IBJJF associa o atleta à academia ""Future School of Jiu-Jitsu""; o acervo possui 1 pessoa(s) com o mesmo nome de academia. Isso não identifica professor nem comprova graduação."
Eduardo Manuel Farfan Arias,https://ibjjf.com/athletes/eduardo-arias-1a34d3e62b21,Movement Art,male,adult,gi,16,12102,Nick Salles,1,academy_name_overlap_only,research_lead,never_publish_as_lineage_without_direct_source,"O ranking da IBJJF associa o atleta à academia ""Movement Art""; o acervo possui 1 pessoa(s) com o mesmo nome de academia. Isso não identifica professor nem comprova graduação."
Luan Pinheiro da Silva,https://ibjjf.com/athletes/luan-silva-48336239558f,PSLPB Cicero Costha,male,adult,gi,16,1155; 13076; 7704; 6151; 13062,Cicero Costha; Francisco Lo; Helton Jose Junior; Hiago George; Leonardo Mario,5,academy_name_overlap_only,research_lead,never_publish_as_lineage_without_direct_source,"O ranking da IBJJF associa o atleta à academia ""PSLPB Cicero Costha""; o acervo possui 5 pessoa(s) com o mesmo nome de academia. Isso não identifica professor nem comprova graduação."
Jefferson Veloso Fagundes,https://ibjjf.com/athletes/jefferson-fagundes,AOJ,male,adult,gi,16,415; 179; 13326; 12554; 11690,Guilherme Mendes; Rafael Mendes; Hiryu Niwa; Iasmin Casser; Jessa Khan,10,academy_name_overlap_only,research_lead,never_publish_as_lineage_without_direct_source,"O ranking da IBJJF associa o atleta à academia ""AOJ""; o acervo possui 10 pessoa(s) com o mesmo nome de academia. Isso não identifica professor nem comprova graduação."
Douglas Saldanha da Silva,https://ibjjf.com/athletes/douglas-silva-2b6bed262411,GF Team,male,adult,gi,15.5,203; 8116; 11917; 2035; 9166,Julio Cesar; Dante Leon; Gabriel Marinho; Vitor Henrique; Alexandre Barauna,50,academy_name_overlap_only,research_lead,never_publish_as_lineage_without_direct_source,"O ranking da IBJJF associa o atleta à academia ""GF Team""; o acervo possui 50 pessoa(s) com o mesmo nome de academia. Isso não identifica professor nem comprova graduação."
Hiago George Santos Silva,https://ibjjf.com/athletes/hiago-silva,PSLPB Cicero Costha,male,adult,gi,15,1155; 13076; 7704; 6151; 13062,Cicero Costha; Francisco Lo; Helton Jose Junior; Hiago George; Leonardo Mario,5,academy_name_overlap_only,research_lead,never_publish_as_lineage_without_direct_source,"O ranking da IBJJF associa o atleta à academia ""PSLPB Cicero Costha""; o acervo possui 5 pessoa(s) com o mesmo nome de academia. Isso não identifica professor nem comprova graduação."
Valor Ulysses Boyer,https://ibjjf.com/athletes/valor-boyer,Movement Art,male,adult,gi,15,12102,Nick Salles,1,academy_name_overlap_only,research_lead,never_publish_as_lineage_without_direct_source,"O ranking da IBJJF associa o atleta à academia ""Movement Art""; o acervo possui 1 pessoa(s) com o mesmo nome de academia. Isso não identifica professor nem comprova graduação."
Elion Joaquim dos Reis Junior,https://ibjjf.com/athletes/elion-junior,Brazilian Top Team,male,adult,gi,13,627; 8409; 249; 232; 1675,Murilo Bustamante; Ricardo Marques; Anderson Pereira; Jose Mario Sperry; Luis Roberto Duarte,6,academy_name_overlap_only,research_lead,never_publish_as_lineage_without_direct_source,"O ranking da IBJJF associa o atleta à academia ""Brazilian Top Team""; o acervo possui 6 pessoa(s) com o mesmo nome de academia. Isso não identifica professor nem comprova graduação."
Bruno Bressan Garcia,https://ibjjf.com/athletes/bruno-garcia,Lotus Club,male,adult,gi,13,14205,Alexandre Manara,1,academy_name_overlap_only,research_lead,never_publish_as_lineage_without_direct_source,"O ranking da IBJJF associa o atleta à academia ""Lotus Club""; o acervo possui 1 pessoa(s) com o mesmo nome de academia. Isso não identifica professor nem comprova graduação."
Mateus Emanuel Silva dos Santos,https://ibjjf.com/athletes/mateus-santos-df1872717d22,GF Team,male,adult,gi,13,203; 8116; 11917; 2035; 9166,Julio Cesar; Dante Leon; Gabriel Marinho; Vitor Henrique; Alexandre Barauna,50,academy_name_overlap_only,research_lead,never_publish_as_lineage_without_direct_source,"O ranking da IBJJF associa o atleta à academia ""GF Team""; o acervo possui 50 pessoa(s) com o mesmo nome de academia. Isso não identifica professor nem comprova graduação."
Fellipe Trindade Liermann Pessoa,https://ibjjf.com/athletes/fellipe-pessoa,GF Team,male,adult,gi,12,203; 8116; 11917; 2035; 9166,Julio Cesar; Dante Leon; Gabriel Marinho; Vitor Henrique; Alexandre Barauna,50,academy_name_overlap_only,research_lead,never_publish_as_lineage_without_direct_source,"O ranking da IBJJF associa o atleta à academia ""GF Team""; o acervo possui 50 pessoa(s) com o mesmo nome de academia. Isso não identifica professor nem comprova graduação."
Andre Vitor Gonçalves Militao,https://ibjjf.com/athletes/andre-militao,CheckMat,male,adult,gi,12,419; 338; 875; 963; 405,Leonardo Vieira; Ricardo Vieira; Lucas Leite; Carlos Vieira Holanda; Marco Canha,85,academy_name_overlap_only,research_lead,never_publish_as_lineage_without_direct_source,"O ranking da IBJJF associa o atleta à academia ""CheckMat""; o acervo possui 85 pessoa(s) com o mesmo nome de academia. Isso não identifica professor nem comprova graduação."
Lukas Matheus Icavino Aguiar,https://ibjjf.com/athletes/lukas-aguiar,CheckMat,male,adult,gi,12,419; 338; 875; 963; 405,Leonardo Vieira; Ricardo Vieira; Lucas Leite; Carlos Vieira Holanda; Marco Canha,85,academy_name_overlap_only,research_lead,never_publish_as_lineage_without_direct_source,"O ranking da IBJJF associa o atleta à academia ""CheckMat""; o acervo possui 85 pessoa(s) com o mesmo nome de academia. Isso não identifica professor nem comprova graduação."
Tulio Eduardo Santos Pita,https://ibjjf.com/athletes/tulio-pita,CheckMat,male,adult,gi,11.0,419; 338; 875; 963; 405,Leonardo Vieira; Ricardo Vieira; Lucas Leite; Carlos Vieira Holanda; Marco Canha,85,academy_name_overlap_only,research_lead,never_publish_as_lineage_without_direct_source,"O ranking da IBJJF associa o atleta à academia ""CheckMat""; o acervo possui 85 pessoa(s) com o mesmo nome de academia. Isso não identifica professor nem comprova graduação."
José Edicharlles Teixeira de Lima,https://ibjjf.com/athletes/jose-lima-115f0ae1f77f,Zenith BJJ,male,adult,gi,10.5,6006; 11093; 543,Paulo Rezende; Emilio Hernandez; Rodrigo Cavaca,3,academy_name_overlap_only,research_lead,never_publish_as_lineage_without_direct_source,"O ranking da IBJJF associa o atleta à academia ""Zenith BJJ""; o acervo possui 3 pessoa(s) com o mesmo nome de academia. Isso não identifica professor nem comprova graduação."
Ruan da Silva Matos,https://ibjjf.com/athletes/ruan-matos,SAS Team,male,adult,gi,10,9338,Guybson Sa,1,academy_name_overlap_only,research_lead,never_publish_as_lineage_without_direct_source,"O ranking da IBJJF associa o atleta à academia ""SAS Team""; o acervo possui 1 pessoa(s) com o mesmo nome de academia. Isso não identifica professor nem comprova graduação."
Augusto Alves de Abreu Neto,https://ibjjf.com/athletes/augusto-neto-ee0fa69cb70d,CheckMat,male,adult,gi,10,419; 338; 875; 963; 405,Leonardo Vieira; Ricardo Vieira; Lucas Leite; Carlos Vieira Holanda; Marco Canha,85,academy_name_overlap_only,research_lead,never_publish_as_lineage_without_direct_source,"O ranking da IBJJF associa o atleta à academia ""CheckMat""; o acervo possui 85 pessoa(s) com o mesmo nome de academia. Isso não identifica professor nem comprova graduação."
Lazarus Hermes Pantazidis,https://ibjjf.com/athletes/lazarus-pantazidis,Carpe Diem,male,adult,gi,9,9152; 7645; 9559; 6060,Daisuke Shiraki; Masahiro Iwasaki; Rida Haisam; Tomoyuki Hashimoto,4,academy_name_overlap_only,research_lead,never_publish_as_lineage_without_direct_source,"O ranking da IBJJF associa o atleta à academia ""Carpe Diem""; o acervo possui 4 pessoa(s) com o mesmo nome de academia. Isso não identifica professor nem comprova graduação."
Matheus Dantas de Almeida Alves,https://ibjjf.com/athletes/matheus-alves,GF Team,male,adult,gi,9,203; 8116; 11917; 2035; 9166,Julio Cesar; Dante Leon; Gabriel Marinho; Vitor Henrique; Alexandre Barauna,50,academy_name_overlap_only,research_lead,never_publish_as_lineage_without_direct_source,"O ranking da IBJJF associa o atleta à academia ""GF Team""; o acervo possui 50 pessoa(s) com o mesmo nome de academia. Isso não identifica professor nem comprova graduação."
Delphi Yamber Dias Lopes,https://ibjjf.com/athletes/delphi-lopes,PSLPB Cicero Costha,male,adult,gi,9,1155; 13076; 7704; 6151; 13062,Cicero Costha; Francisco Lo; Helton Jose Junior; Hiago George; Leonardo Mario,5,academy_name_overlap_only,research_lead,never_publish_as_lineage_without_direct_source,"O ranking da IBJJF associa o atleta à academia ""PSLPB Cicero Costha""; o acervo possui 5 pessoa(s) com o mesmo nome de academia. Isso não identifica professor nem comprova graduação."
Vinicius Murilo Furio,https://ibjjf.com/athletes/vinicius-furio,Fight Sports,male,adult,gi,9,224; 11384; 12178; 13473; 13031,Roberto Abreu; Andre Porfirio; Joao Costa; Kauane Silva; Lucas Lisboa,12,academy_name_overlap_only,research_lead,never_publish_as_lineage_without_direct_source,"O ranking da IBJJF associa o atleta à academia ""Fight Sports""; o acervo possui 12 pessoa(s) com o mesmo nome de academia. Isso não identifica professor nem comprova graduação."
Arthur Silva Carvalhaes,https://ibjjf.com/athletes/arthur-carvalhaes,GF Team,male,adult,gi,9,203; 8116; 11917; 2035; 9166,Julio Cesar; Dante Leon; Gabriel Marinho; Vitor Henrique; Alexandre Barauna,50,academy_name_overlap_only,research_lead,never_publish_as_lineage_without_direct_source,"O ranking da IBJJF associa o atleta à academia ""GF Team""; o acervo possui 50 pessoa(s) com o mesmo nome de academia. Isso não identifica professor nem comprova graduação."
Marcio Pinheiro Nogueira,https://ibjjf.com/athletes/marcio-nogueira-71f25e7c905c,CheckMat,male,adult,gi,9,419; 338; 875; 963; 405,Leonardo Vieira; Ricardo Vieira; Lucas Leite; Carlos Vieira Holanda; Marco Canha,85,academy_name_overlap_only,research_lead,never_publish_as_lineage_without_direct_source,"O ranking da IBJJF associa o atleta à academia ""CheckMat""; o acervo possui 85 pessoa(s) com o mesmo nome de academia. Isso não identifica professor nem comprova graduação."
Shane Jamil Hill-Taylor,https://ibjjf.com/athletes/shane-hill-taylor,Team Lloyd Irvin,male,adult,gi,9,8141; 10638; 13747; 12940; 8128,Aarae Alexander; Angelo Claiborne; Chris Tran; Cory Walker; Donald Achnick,12,academy_name_overlap_only,research_lead,never_publish_as_lineage_without_direct_source,"O ranking da IBJJF associa o atleta à academia ""Team Lloyd Irvin""; o acervo possui 12 pessoa(s) com o mesmo nome de academia. Isso não identifica professor nem comprova graduação."
Fellipe Andrew Leandro Silva,https://ibjjf.com/athletes/fellipe-silva,AOJ,male,adult,gi,8,415; 179; 13326; 12554; 11690,Guilherme Mendes; Rafael Mendes; Hiryu Niwa; Iasmin Casser; Jessa Khan,10,academy_name_overlap_only,research_lead,never_publish_as_lineage_without_direct_source,"O ranking da IBJJF associa o atleta à academia ""AOJ""; o acervo possui 10 pessoa(s) com o mesmo nome de academia. Isso não identifica professor nem comprova graduação."
Thiago da Silva Macedo,https://ibjjf.com/athletes/thiago-macedo-610ce7d58819,Nova União,male,adult,gi,7.5,78; 634; 6756; 4334; 195,Andre Pederneiras; Wendell Alexander; Rodrigo Silva; Andre da Silva; Robson Moura,39,academy_name_overlap_only,research_lead,never_publish_as_lineage_without_direct_source,"O ranking da IBJJF associa o atleta à academia ""Nova União""; o acervo possui 39 pessoa(s) com o mesmo nome de academia. Isso não identifica professor nem comprova graduação."
Gabriel Nascimento da Silva,https://ibjjf.com/athletes/gabriel-394496,The Match Champ,male,adult,gi,7.5,12201,Maria Eduarda Tozoni,1,academy_name_overlap_only,research_lead,never_publish_as_lineage_without_direct_source,"O ranking da IBJJF associa o atleta à academia ""The Match Champ""; o acervo possui 1 pessoa(s) com o mesmo nome de academia. Isso não identifica professor nem comprova graduação."
Elijah Youngblood C P Pizarro,https://ibjjf.com/athletes/elijah-pizarro-71b4dcc228bf,Roberto Traven BJJ,male,adult,gi,7,7079,Carlos Farias,1,academy_name_overlap_only,research_lead,never_publish_as_lineage_without_direct_source,"O ranking da IBJJF associa o atleta à academia ""Roberto Traven BJJ""; o acervo possui 1 pessoa(s) com o mesmo nome de academia. Isso não identifica professor nem comprova graduação."
Nicolas da Silva Pires,https://ibjjf.com/athletes/nicolas-pires,SAS Team,male,adult,gi,7,9338,Guybson Sa,1,academy_name_overlap_only,research_lead,never_publish_as_lineage_without_direct_source,"O ranking da IBJJF associa o atleta à academia ""SAS Team""; o acervo possui 1 pessoa(s) com o mesmo nome de academia. Isso não identifica professor nem comprova graduação."
Rafael Duarte Luquini,https://ibjjf.com/athletes/rafael-luquini,Guigo JJ,male,adult,gi,7,693; 11423; 9483; 11766; 1624,Luiz Guilherme; Meyram Maquine; Eduardo Lopes; Gabriel Costa; Leonardo Arruda,5,academy_name_overlap_only,research_lead,never_publish_as_lineage_without_direct_source,"O ranking da IBJJF associa o atleta à academia ""Guigo JJ""; o acervo possui 5 pessoa(s) com o mesmo nome de academia. Isso não identifica professor nem comprova graduação."
Rodrigo da Silva Sousa,https://ibjjf.com/athletes/rodrigo-sousa-bf16484b0f07,GF Team,male,adult,gi,7,203; 8116; 11917; 2035; 9166,Julio Cesar; Dante Leon; Gabriel Marinho; Vitor Henrique; Alexandre Barauna,50,academy_name_overlap_only,research_lead,never_publish_as_lineage_without_direct_source,"O ranking da IBJJF associa o atleta à academia ""GF Team""; o acervo possui 50 pessoa(s) com o mesmo nome de academia. Isso não identifica professor nem comprova graduação."
Gustavo da Silva Conceição,https://ibjjf.com/athletes/gustavo-conceicao,GF Team,male,adult,gi,7,203; 8116; 11917; 2035; 9166,Julio Cesar; Dante Leon; Gabriel Marinho; Vitor Henrique; Alexandre Barauna,50,academy_name_overlap_only,research_lead,never_publish_as_lineage_without_direct_source,"O ranking da IBJJF associa o atleta à academia ""GF Team""; o acervo possui 50 pessoa(s) com o mesmo nome de academia. Isso não identifica professor nem comprova graduação."
Robert Oda De Andrade,https://ibjjf.com/athletes/robert-andrade,Carpe Diem,male,adult,gi,6,9152; 7645; 9559; 6060,Daisuke Shiraki; Masahiro Iwasaki; Rida Haisam; Tomoyuki Hashimoto,4,academy_name_overlap_only,research_lead,never_publish_as_lineage_without_direct_source,"O ranking da IBJJF associa o atleta à academia ""Carpe Diem""; o acervo possui 4 pessoa(s) com o mesmo nome de academia. Isso não identifica professor nem comprova graduação."
Mahmoud Mazen Jabr,https://ibjjf.com/athletes/mahmoud-jabr,Pedigo Submission Fighting,male,adult,gi,6,11359; 11808,Heath Pedigo; Andrew Wiltse,2,academy_name_overlap_only,research_lead,never_publish_as_lineage_without_direct_source,"O ranking da IBJJF associa o atleta à academia ""Pedigo Submission Fighting""; o acervo possui 2 pessoa(s) com o mesmo nome de academia. Isso não identifica professor nem comprova graduação."
Zael de Sousa Estevam,https://ibjjf.com/athletes/zael,CheckMat,male,adult,gi,6,419; 338; 875; 963; 405,Leonardo Vieira; Ricardo Vieira; Lucas Leite; Carlos Vieira Holanda; Marco Canha,85,academy_name_overlap_only,research_lead,never_publish_as_lineage_without_direct_source,"O ranking da IBJJF associa o atleta à academia ""CheckMat""; o acervo possui 85 pessoa(s) com o mesmo nome de academia. Isso não identifica professor nem comprova graduação."
Amon Jarret Dessources,https://ibjjf.com/athletes/amon-dessources,Renzo Gracie Academy,male,adult,gi,6,10000; 5649; 7442; 9760; 5617,Doug Pelinkovic; Gary Tonon; Edward Cummings; Frank Rosenthal; Jamie Cruz,10,academy_name_overlap_only,research_lead,never_publish_as_lineage_without_direct_source,"O ranking da IBJJF associa o atleta à academia ""Renzo Gracie Academy""; o acervo possui 10 pessoa(s) com o mesmo nome de academia. Isso não identifica professor nem comprova graduação."
Phellipe Silva Ferreira,https://ibjjf.com/athletes/phellipe-ferreira,GF Team,male,adult,gi,6,203; 8116; 11917; 2035; 9166,Julio Cesar; Dante Leon; Gabriel Marinho; Vitor Henrique; Alexandre Barauna,50,academy_name_overlap_only,research_lead,never_publish_as_lineage_without_direct_source,"O ranking da IBJJF associa o atleta à academia ""GF Team""; o acervo possui 50 pessoa(s) com o mesmo nome de academia. Isso não identifica professor nem comprova graduação."
Riley Ian Schweer,https://ibjjf.com/athletes/riley-schweer,Relson Gracie,male,adult,gi,6,453,Daniel Moraes,1,academy_name_overlap_only,research_lead,never_publish_as_lineage_without_direct_source,"O ranking da IBJJF associa o atleta à academia ""Relson Gracie""; o acervo possui 1 pessoa(s) com o mesmo nome de academia. Isso não identifica professor nem comprova graduação."
Matheus Quintela Juliao Pinheiro,https://ibjjf.com/athletes/matheus-pinheiro-0d3df83bc0d8,PSLPB Cicero Costha,male,adult,gi,5,1155; 13076; 7704; 6151; 13062,Cicero Costha; Francisco Lo; Helton Jose Junior; Hiago George; Leonardo Mario,5,academy_name_overlap_only,research_lead,never_publish_as_lineage_without_direct_source,"O ranking da IBJJF associa o atleta à academia ""PSLPB Cicero Costha""; o acervo possui 5 pessoa(s) com o mesmo nome de academia. Isso não identifica professor nem comprova graduação."
Matheus de Oliveira Batista,https://ibjjf.com/athletes/matheus-batista-5df73276d30f,GF Team,male,adult,gi,5,203; 8116; 11917; 2035; 9166,Julio Cesar; Dante Leon; Gabriel Marinho; Vitor Henrique; Alexandre Barauna,50,academy_name_overlap_only,research_lead,never_publish_as_lineage_without_direct_source,"O ranking da IBJJF associa o atleta à academia ""GF Team""; o acervo possui 50 pessoa(s) com o mesmo nome de academia. Isso não identifica professor nem comprova graduação."
Renan Raschendorfer Eleoterio,https://ibjjf.com/athletes/renan-eleoterio,GF Team,male,adult,gi,5,203; 8116; 11917; 2035; 9166,Julio Cesar; Dante Leon; Gabriel Marinho; Vitor Henrique; Alexandre Barauna,50,academy_name_overlap_only,research_lead,never_publish_as_lineage_without_direct_source,"O ranking da IBJJF associa o atleta à academia ""GF Team""; o acervo possui 50 pessoa(s) com o mesmo nome de academia. Isso não identifica professor nem comprova graduação."
Juan Dias da Conceição,https://ibjjf.com/athletes/juan-conceicao-cf179de74d61,CheckMat,male,adult,gi,4.5,419; 338; 875; 963; 405,Leonardo Vieira; Ricardo Vieira; Lucas Leite; Carlos Vieira Holanda; Marco Canha,85,academy_name_overlap_only,research_lead,never_publish_as_lineage_without_direct_source,"O ranking da IBJJF associa o atleta à academia ""CheckMat""; o acervo possui 85 pessoa(s) com o mesmo nome de academia. Isso não identifica professor nem comprova graduação."
Maxsuell da Silva,https://ibjjf.com/athletes/maxsuell-silva,GF Team,male,adult,gi,4.5,203; 8116; 11917; 2035; 9166,Julio Cesar; Dante Leon; Gabriel Marinho; Vitor Henrique; Alexandre Barauna,50,academy_name_overlap_only,research_lead,never_publish_as_lineage_without_direct_source,"O ranking da IBJJF associa o atleta à academia ""GF Team""; o acervo possui 50 pessoa(s) com o mesmo nome de academia. Isso não identifica professor nem comprova graduação."
Artur dos Santos Oliveira,https://ibjjf.com/athletes/artur-oliveira,GF Team,male,adult,gi,4,203; 8116; 11917; 2035; 9166,Julio Cesar; Dante Leon; Gabriel Marinho; Vitor Henrique; Alexandre Barauna,50,academy_name_overlap_only,research_lead,never_publish_as_lineage_without_direct_source,"O ranking da IBJJF associa o atleta à academia ""GF Team""; o acervo possui 50 pessoa(s) com o mesmo nome de academia. Isso não identifica professor nem comprova graduação."
Emerson da Silva Batista,https://ibjjf.com/athletes/emerson-batista,Lotus Club,male,adult,gi,4,14205,Alexandre Manara,1,academy_name_overlap_only,research_lead,never_publish_as_lineage_without_direct_source,"O ranking da IBJJF associa o atleta à academia ""Lotus Club""; o acervo possui 1 pessoa(s) com o mesmo nome de academia. Isso não identifica professor nem comprova graduação."
Carlos Eduardo Jourdan Nogueira,https://ibjjf.com/athletes/carlos-nogueira-229ef1877a3d,GF Team,male,adult,gi,3,203; 8116; 11917; 2035; 9166,Julio Cesar; Dante Leon; Gabriel Marinho; Vitor Henrique; Alexandre Barauna,50,academy_name_overlap_only,research_lead,never_publish_as_lineage_without_direct_source,"O ranking da IBJJF associa o atleta à academia ""GF Team""; o acervo possui 50 pessoa(s) com o mesmo nome de academia. Isso não identifica professor nem comprova graduação."
Ariel Godoy Magalhães Castro,https://ibjjf.com/athletes/ariel-castro,CheckMat,male,adult,gi,3,419; 338; 875; 963; 405,Leonardo Vieira; Ricardo Vieira; Lucas Leite; Carlos Vieira Holanda; Marco Canha,85,academy_name_overlap_only,research_lead,never_publish_as_lineage_without_direct_source,"O ranking da IBJJF associa o atleta à academia ""CheckMat""; o acervo possui 85 pessoa(s) com o mesmo nome de academia. Isso não identifica professor nem comprova graduação."
Yago Brito de Almeida,https://ibjjf.com/athletes/yago-almeida,Nova União,male,adult,gi,3,78; 634; 6756; 4334; 195,Andre Pederneiras; Wendell Alexander; Rodrigo Silva; Andre da Silva; Robson Moura,39,academy_name_overlap_only,research_lead,never_publish_as_lineage_without_direct_source,"O ranking da IBJJF associa o atleta à academia ""Nova União""; o acervo possui 39 pessoa(s) com o mesmo nome de academia. Isso não identifica professor nem comprova graduação."
Johnif de Oliveira Rocha,https://ibjjf.com/athletes/johnif-rocha,PSLPB Cicero Costha,male,adult,gi,3,1155; 13076; 7704; 6151; 13062,Cicero Costha; Francisco Lo; Helton Jose Junior; Hiago George; Leonardo Mario,5,academy_name_overlap_only,research_lead,never_publish_as_lineage_without_direct_source,"O ranking da IBJJF associa o atleta à academia ""PSLPB Cicero Costha""; o acervo possui 5 pessoa(s) com o mesmo nome de academia. Isso não identifica professor nem comprova graduação."
Daniel Bruno Juvenal da Silva,https://ibjjf.com/athletes/daniel-silva-5f684b5e8709,CheckMat,male,adult,gi,3,419; 338; 875; 963; 405,Leonardo Vieira; Ricardo Vieira; Lucas Leite; Carlos Vieira Holanda; Marco Canha,85,academy_name_overlap_only,research_lead,never_publish_as_lineage_without_direct_source,"O ranking da IBJJF associa o atleta à academia ""CheckMat""; o acervo possui 85 pessoa(s) com o mesmo nome de academia. Isso não identifica professor nem comprova graduação."
Iago Costa Lobo,https://ibjjf.com/athletes/iago-lobo,SAS Team,male,adult,gi,3,9338,Guybson Sa,1,academy_name_overlap_only,research_lead,never_publish_as_lineage_without_direct_source,"O ranking da IBJJF associa o atleta à academia ""SAS Team""; o acervo possui 1 pessoa(s) com o mesmo nome de academia. Isso não identifica professor nem comprova graduação."
Petr Mamaev,https://ibjjf.com/athletes/petr-mamaev,Jungle BJJ,male,adult,gi,3,10318,Eldar Rafigaev,1,academy_name_overlap_only,research_lead,never_publish_as_lineage_without_direct_source,"O ranking da IBJJF associa o atleta à academia ""Jungle BJJ""; o acervo possui 1 pessoa(s) com o mesmo nome de academia. Isso não identifica professor nem comprova graduação."
Guilherme Monteiro Cordeiro,https://ibjjf.com/athletes/guilherme-cordeiro-6ddf032fa40f,Gracie Morumbi,male,adult,gi,3,658,Fabio Leopoldo,1,academy_name_overlap_only,research_lead,never_publish_as_lineage_without_direct_source,"O ranking da IBJJF associa o atleta à academia ""Gracie Morumbi""; o acervo possui 1 pessoa(s) com o mesmo nome de academia. Isso não identifica professor nem comprova graduação."
Breno Santana de Azevedo,https://ibjjf.com/athletes/breno-azevedo,GF Team,male,adult,gi,3,203; 8116; 11917; 2035; 9166,Julio Cesar; Dante Leon; Gabriel Marinho; Vitor Henrique; Alexandre Barauna,50,academy_name_overlap_only,research_lead,never_publish_as_lineage_without_direct_source,"O ranking da IBJJF associa o atleta à academia ""GF Team""; o acervo possui 50 pessoa(s) com o mesmo nome de academia. Isso não identifica professor nem comprova graduação."
Joao Pedro Franca Siqueira,https://ibjjf.com/athletes/joao-siqueira-a914e8a5b897,PSLPB Cicero Costha,male,adult,gi,3,1155; 13076; 7704; 6151; 13062,Cicero Costha; Francisco Lo; Helton Jose Junior; Hiago George; Leonardo Mario,5,academy_name_overlap_only,research_lead,never_publish_as_lineage_without_direct_source,"O ranking da IBJJF associa o atleta à academia ""PSLPB Cicero Costha""; o acervo possui 5 pessoa(s) com o mesmo nome de academia. Isso não identifica professor nem comprova graduação."
Kheubyn Ramos Ferreira,https://ibjjf.com/athletes/kheubyn-ferreira,CheckMat,male,adult,gi,3,419; 338; 875; 963; 405,Leonardo Vieira; Ricardo Vieira; Lucas Leite; Carlos Vieira Holanda; Marco Canha,85,academy_name_overlap_only,research_lead,never_publish_as_lineage_without_direct_source,"O ranking da IBJJF associa o atleta à academia ""CheckMat""; o acervo possui 85 pessoa(s) com o mesmo nome de academia. Isso não identifica professor nem comprova graduação."
Jhonatha Frazão Angelim,https://ibjjf.com/athletes/jhonatha-angelim,GF Team,male,adult,gi,2,203; 8116; 11917; 2035; 9166,Julio Cesar; Dante Leon; Gabriel Marinho; Vitor Henrique; Alexandre Barauna,50,academy_name_overlap_only,research_lead,never_publish_as_lineage_without_direct_source,"O ranking da IBJJF associa o atleta à academia ""GF Team""; o acervo possui 50 pessoa(s) com o mesmo nome de academia. Isso não identifica professor nem comprova graduação."
Matheus Henriquei de A. C.  Marques,https://ibjjf.com/athletes/matheus-marques-76abd6dbc0b2,GF Team,male,adult,gi,2,203; 8116; 11917; 2035; 9166,Julio Cesar; Dante Leon; Gabriel Marinho; Vitor Henrique; Alexandre Barauna,50,academy_name_overlap_only,research_lead,never_publish_as_lineage_without_direct_source,"O ranking da IBJJF associa o atleta à academia ""GF Team""; o acervo possui 50 pessoa(s) com o mesmo nome de academia. Isso não identifica professor nem comprova graduação."
Jose Jovelino da Silva Filho,https://ibjjf.com/athletes/jose-filho-6fa57f99414a,GF Team,male,adult,gi,2,203; 8116; 11917; 2035; 9166,Julio Cesar; Dante Leon; Gabriel Marinho; Vitor Henrique; Alexandre Barauna,50,academy_name_overlap_only,research_lead,never_publish_as_lineage_without_direct_source,"O ranking da IBJJF associa o atleta à academia ""GF Team""; o acervo possui 50 pessoa(s) com o mesmo nome de academia. Isso não identifica professor nem comprova graduação."
Eliel Gomes da Silva,https://ibjjf.com/athletes/eliel-silva,Lotus Club,male,adult,gi,2,14205,Alexandre Manara,1,academy_name_overlap_only,research_lead,never_publish_as_lineage_without_direct_source,"O ranking da IBJJF associa o atleta à academia ""Lotus Club""; o acervo possui 1 pessoa(s) com o mesmo nome de academia. Isso não identifica professor nem comprova graduação."
Juan Diego Rengifo Feijoo,https://ibjjf.com/athletes/juan-feijoo,Nova União,male,adult,gi,2,78; 634; 6756; 4334; 195,Andre Pederneiras; Wendell Alexander; Rodrigo Silva; Andre da Silva; Robson Moura,39,academy_name_overlap_only,research_lead,never_publish_as_lineage_without_direct_source,"O ranking da IBJJF associa o atleta à academia ""Nova União""; o acervo possui 39 pessoa(s) com o mesmo nome de academia. Isso não identifica professor nem comprova graduação."
Eduardo Fernando Plazezwski,https://ibjjf.com/athletes/eduardo-plazezwski,CheckMat,male,adult,gi,2,419; 338; 875; 963; 405,Leonardo Vieira; Ricardo Vieira; Lucas Leite; Carlos Vieira Holanda; Marco Canha,85,academy_name_overlap_only,research_lead,never_publish_as_lineage_without_direct_source,"O ranking da IBJJF associa o atleta à academia ""CheckMat""; o acervo possui 85 pessoa(s) com o mesmo nome de academia. Isso não identifica professor nem comprova graduação."
Eliab H. Evangelista,https://ibjjf.com/athletes/eliab-evangelista,Renzo Gracie Academy,male,adult,gi,2,10000; 5649; 7442; 9760; 5617,Doug Pelinkovic; Gary Tonon; Edward Cummings; Frank Rosenthal; Jamie Cruz,10,academy_name_overlap_only,research_lead,never_publish_as_lineage_without_direct_source,"O ranking da IBJJF associa o atleta à academia ""Renzo Gracie Academy""; o acervo possui 10 pessoa(s) com o mesmo nome de academia. Isso não identifica professor nem comprova graduação."
Yuri Hamid Muradi,https://ibjjf.com/athletes/yuri-muradi,Lotus Club,male,adult,gi,2,14205,Alexandre Manara,1,academy_name_overlap_only,research_lead,never_publish_as_lineage_without_direct_source,"O ranking da IBJJF associa o atleta à academia ""Lotus Club""; o acervo possui 1 pessoa(s) com o mesmo nome de academia. Isso não identifica professor nem comprova graduação."
Willian Mangabeira Reinaldo,https://ibjjf.com/athletes/willian-reinaldo,Brazilian Top Team,male,adult,gi,2,627; 8409; 249; 232; 1675,Murilo Bustamante; Ricardo Marques; Anderson Pereira; Jose Mario Sperry; Luis Roberto Duarte,6,academy_name_overlap_only,research_lead,never_publish_as_lineage_without_direct_source,"O ranking da IBJJF associa o atleta à academia ""Brazilian Top Team""; o acervo possui 6 pessoa(s) com o mesmo nome de academia. Isso não identifica professor nem comprova graduação."
Ronian Israel de Abreu Figueira,https://ibjjf.com/athletes/ronian-figueira,GF Team,male,adult,gi,2,203; 8116; 11917; 2035; 9166,Julio Cesar; Dante Leon; Gabriel Marinho; Vitor Henrique; Alexandre Barauna,50,academy_name_overlap_only,research_lead,never_publish_as_lineage_without_direct_source,"O ranking da IBJJF associa o atleta à academia ""GF Team""; o acervo possui 50 pessoa(s) com o mesmo nome de academia. Isso não identifica professor nem comprova graduação."
Marcelo Henrique de O. Pontes,https://ibjjf.com/athletes/marcelo-211158be6aba,Nova União,male,adult,gi,2,78; 634; 6756; 4334; 195,Andre Pederneiras; Wendell Alexander; Rodrigo Silva; Andre da Silva; Robson Moura,39,academy_name_overlap_only,research_lead,never_publish_as_lineage_without_direct_source,"O ranking da IBJJF associa o atleta à academia ""Nova União""; o acervo possui 39 pessoa(s) com o mesmo nome de academia. Isso não identifica professor nem comprova graduação."
João Marcos de Oliveira Teodoro,https://ibjjf.com/athletes/joao-teodoro,PSLPB Cicero Costha,male,adult,gi,2,1155; 13076; 7704; 6151; 13062,Cicero Costha; Francisco Lo; Helton Jose Junior; Hiago George; Leonardo Mario,5,academy_name_overlap_only,research_lead,never_publish_as_lineage_without_direct_source,"O ranking da IBJJF associa o atleta à academia ""PSLPB Cicero Costha""; o acervo possui 5 pessoa(s) com o mesmo nome de academia. Isso não identifica professor nem comprova graduação."
Andre Vieira Youssef Zayat,https://ibjjf.com/athletes/andre-zayat,GF Team,male,adult,gi,2,203; 8116; 11917; 2035; 9166,Julio Cesar; Dante Leon; Gabriel Marinho; Vitor Henrique; Alexandre Barauna,50,academy_name_overlap_only,research_lead,never_publish_as_lineage_without_direct_source,"O ranking da IBJJF associa o atleta à academia ""GF Team""; o acervo possui 50 pessoa(s) com o mesmo nome de academia. Isso não identifica professor nem comprova graduação."
Keenan Henry Capel,https://ibjjf.com/athletes/keenan-capel,Roger Gracie Academy,male,adult,gi,2,6209; 9261,Felipe Mota; Ross Nicholls,2,academy_name_overlap_only,research_lead,never_publish_as_lineage_without_direct_source,"O ranking da IBJJF associa o atleta à academia ""Roger Gracie Academy""; o acervo possui 2 pessoa(s) com o mesmo nome de academia. Isso não identifica professor nem comprova graduação."
João Vitor Soares de Oliveira,https://ibjjf.com/athletes/joao-oliveira-d185292d0868,Lotus Club,male,adult,gi,2,14205,Alexandre Manara,1,academy_name_overlap_only,research_lead,never_publish_as_lineage_without_direct_source,"O ranking da IBJJF associa o atleta à academia ""Lotus Club""; o acervo possui 1 pessoa(s) com o mesmo nome de academia. Isso não identifica professor nem comprova graduação."
Matheus Cintra de Freitas Costi,https://ibjjf.com/athletes/matheus-costi,CheckMat,male,adult,gi,2,419; 338; 875; 963; 405,Leonardo Vieira; Ricardo Vieira; Lucas Leite; Carlos Vieira Holanda; Marco Canha,85,academy_name_overlap_only,research_lead,never_publish_as_lineage_without_direct_source,"O ranking da IBJJF associa o atleta à academia ""CheckMat""; o acervo possui 85 pessoa(s) com o mesmo nome de academia. Isso não identifica professor nem comprova graduação."
Gabriel Almeida Teixeira Batista,https://ibjjf.com/athletes/gabriel-batista,Vision,male,adult,gi,2,13577; 12753; 12845,Brigida Carvalho Felipe; Gabriela Pereira; Thalyta Silva,3,academy_name_overlap_only,research_lead,never_publish_as_lineage_without_direct_source,"O ranking da IBJJF associa o atleta à academia ""Vision""; o acervo possui 3 pessoa(s) com o mesmo nome de academia. Isso não identifica professor nem comprova graduação."
Luiz Henrique da Silva Cassiano,https://ibjjf.com/athletes/luiz-cassiano,Ns Brotherhood,male,adult,gi,2,1188; 7256,Leandro Lo; Jan Buatim,2,academy_name_overlap_only,research_lead,never_publish_as_lineage_without_direct_source,"O ranking da IBJJF associa o atleta à academia ""Ns Brotherhood""; o acervo possui 2 pessoa(s) com o mesmo nome de academia. Isso não identifica professor nem comprova graduação."
Allex Jhonathan Barbosa Macedo,https://ibjjf.com/athletes/allex-macedo,Guigo JJ,male,adult,gi,1,693; 11423; 9483; 11766; 1624,Luiz Guilherme; Meyram Maquine; Eduardo Lopes; Gabriel Costa; Leonardo Arruda,5,academy_name_overlap_only,research_lead,never_publish_as_lineage_without_direct_source,"O ranking da IBJJF associa o atleta à academia ""Guigo JJ""; o acervo possui 5 pessoa(s) com o mesmo nome de academia. Isso não identifica professor nem comprova graduação."
Caio Sousa Fernandes dos Santos,https://ibjjf.com/athletes/caio-santos-0fe644b98d0b,Lotus Club,male,adult,gi,1,14205,Alexandre Manara,1,academy_name_overlap_only,research_lead,never_publish_as_lineage_without_direct_source,"O ranking da IBJJF associa o atleta à academia ""Lotus Club""; o acervo possui 1 pessoa(s) com o mesmo nome de academia. Isso não identifica professor nem comprova graduação."
Darlison Dos Santos Pimenta,https://ibjjf.com/athletes/darlison-pimenta,GF Team,male,adult,gi,1,203; 8116; 11917; 2035; 9166,Julio Cesar; Dante Leon; Gabriel Marinho; Vitor Henrique; Alexandre Barauna,50,academy_name_overlap_only,research_lead,never_publish_as_lineage_without_direct_source,"O ranking da IBJJF associa o atleta à academia ""GF Team""; o acervo possui 50 pessoa(s) com o mesmo nome de academia. Isso não identifica professor nem comprova graduação."
David Pereira dos Santos,https://ibjjf.com/athletes/david-santos-0f2567f85636,Zenith BJJ,male,adult,gi,1,6006; 11093; 543,Paulo Rezende; Emilio Hernandez; Rodrigo Cavaca,3,academy_name_overlap_only,research_lead,never_publish_as_lineage_without_direct_source,"O ranking da IBJJF associa o atleta à academia ""Zenith BJJ""; o acervo possui 3 pessoa(s) com o mesmo nome de academia. Isso não identifica professor nem comprova graduação."
Vinicius Oliveira de Souza,https://ibjjf.com/athletes/vinicius-361dc4c22530,PSLPB Cicero Costha,male,adult,gi,1,1155; 13076; 7704; 6151; 13062,Cicero Costha; Francisco Lo; Helton Jose Junior; Hiago George; Leonardo Mario,5,academy_name_overlap_only,research_lead,never_publish_as_lineage_without_direct_source,"O ranking da IBJJF associa o atleta à academia ""PSLPB Cicero Costha""; o acervo possui 5 pessoa(s) com o mesmo nome de academia. Isso não identifica professor nem comprova graduação."
Willis da Mota Nunes,https://ibjjf.com/athletes/willis-nunes,AOJ,male,adult,gi,1,415; 179; 13326; 12554; 11690,Guilherme Mendes; Rafael Mendes; Hiryu Niwa; Iasmin Casser; Jessa Khan,10,academy_name_overlap_only,research_lead,never_publish_as_lineage_without_direct_source,"O ranking da IBJJF associa o atleta à academia ""AOJ""; o acervo possui 10 pessoa(s) com o mesmo nome de academia. Isso não identifica professor nem comprova graduação."
Wellington Silva dos Santos,https://ibjjf.com/athletes/wellington-santos-ab76882d59c9,CheckMat,male,adult,gi,1,419; 338; 875; 963; 405,Leonardo Vieira; Ricardo Vieira; Lucas Leite; Carlos Vieira Holanda; Marco Canha,85,academy_name_overlap_only,research_lead,never_publish_as_lineage_without_direct_source,"O ranking da IBJJF associa o atleta à academia ""CheckMat""; o acervo possui 85 pessoa(s) com o mesmo nome de academia. Isso não identifica professor nem comprova graduação."
Federico Tomas Cacho,https://ibjjf.com/athletes/federico-cacho,Vitor Shaolin BJJ,male,adult,gi,1,9064,Silvio Duran,1,academy_name_overlap_only,research_lead,never_publish_as_lineage_without_direct_source,"O ranking da IBJJF associa o atleta à academia ""Vitor Shaolin BJJ""; o acervo possui 1 pessoa(s) com o mesmo nome de academia. Isso não identifica professor nem comprova graduação."
Luan Sousa Lima,https://ibjjf.com/athletes/luan-lima-5e619f0c1a7d,CheckMat,male,adult,gi,1,419; 338; 875; 963; 405,Leonardo Vieira; Ricardo Vieira; Lucas Leite; Carlos Vieira Holanda; Marco Canha,85,academy_name_overlap_only,research_lead,never_publish_as_lineage_without_direct_source,"O ranking da IBJJF associa o atleta à academia ""CheckMat""; o acervo possui 85 pessoa(s) com o mesmo nome de academia. Isso não identifica professor nem comprova graduação."
Caio Augusto Basso,https://ibjjf.com/athletes/caio-basso,Renzo Gracie Academy,male,adult,gi,1,10000; 5649; 7442; 9760; 5617,Doug Pelinkovic; Gary Tonon; Edward Cummings; Frank Rosenthal; Jamie Cruz,10,academy_name_overlap_only,research_lead,never_publish_as_lineage_without_direct_source,"O ranking da IBJJF associa o atleta à academia ""Renzo Gracie Academy""; o acervo possui 10 pessoa(s) com o mesmo nome de academia. Isso não identifica professor nem comprova graduação."
Leonardo Henrique Fraga De Oliveira,https://ibjjf.com/athletes/leonardo-oliveira-403344bf508f,Zenith BJJ,male,adult,gi,1,6006; 11093; 543,Paulo Rezende; Emilio Hernandez; Rodrigo Cavaca,3,academy_name_overlap_only,research_lead,never_publish_as_lineage_without_direct_source,"O ranking da IBJJF associa o atleta à academia ""Zenith BJJ""; o acervo possui 3 pessoa(s) com o mesmo nome de academia. Isso não identifica professor nem comprova graduação."
Lucas Laet Mattos Moutinho,https://ibjjf.com/athletes/lucas-moutinho,GF Team,male,master1,gi,538.5,203; 8116; 11917; 2035; 9166,Julio Cesar; Dante Leon; Gabriel Marinho; Vitor Henrique; Alexandre Barauna,50,academy_name_overlap_only,research_lead,never_publish_as_lineage_without_direct_source,"O ranking da IBJJF associa o atleta à academia ""GF Team""; o acervo possui 50 pessoa(s) com o mesmo nome de academia. Isso não identifica professor nem comprova graduação."
Ygor Machado Dantas,https://ibjjf.com/athletes/ygor-dantas,CheckMat,male,master1,gi,378,419; 338; 875; 963; 405,Leonardo Vieira; Ricardo Vieira; Lucas Leite; Carlos Vieira Holanda; Marco Canha,85,academy_name_overlap_only,research_lead,never_publish_as_lineage_without_direct_source,"O ranking da IBJJF associa o atleta à academia ""CheckMat""; o acervo possui 85 pessoa(s) com o mesmo nome de academia. Isso não identifica professor nem comprova graduação."
Guilherme Bacha Guedes,https://ibjjf.com/athletes/guilherme-guedes,CheckMat,male,master1,gi,267.0,419; 338; 875; 963; 405,Leonardo Vieira; Ricardo Vieira; Lucas Leite; Carlos Vieira Holanda; Marco Canha,85,academy_name_overlap_only,research_lead,never_publish_as_lineage_without_direct_source,"O ranking da IBJJF associa o atleta à academia ""CheckMat""; o acervo possui 85 pessoa(s) com o mesmo nome de academia. Isso não identifica professor nem comprova graduação."
Diogo Aciolle R. L. de Assis,https://ibjjf.com/athletes/diogo-lucas,CheckMat,male,master1,gi,242.5,419; 338; 875; 963; 405,Leonardo Vieira; Ricardo Vieira; Lucas Leite; Carlos Vieira Holanda; Marco Canha,85,academy_name_overlap_only,research_lead,never_publish_as_lineage_without_direct_source,"O ranking da IBJJF associa o atleta à academia ""CheckMat""; o acervo possui 85 pessoa(s) com o mesmo nome de academia. Isso não identifica professor nem comprova graduação."
Floriano Dornas de Amorim Junior,https://ibjjf.com/athletes/floriano-junior,Renzo Gracie Academy,male,master1,gi,232.5,10000; 5649; 7442; 9760; 5617,Doug Pelinkovic; Gary Tonon; Edward Cummings; Frank Rosenthal; Jamie Cruz,10,academy_name_overlap_only,research_lead,never_publish_as_lineage_without_direct_source,"O ranking da IBJJF associa o atleta à academia ""Renzo Gracie Academy""; o acervo possui 10 pessoa(s) com o mesmo nome de academia. Isso não identifica professor nem comprova graduação."
Thyago Cruz Garatina,https://ibjjf.com/athletes/thyago-garatina,GF Team,male,master1,gi,175.5,203; 8116; 11917; 2035; 9166,Julio Cesar; Dante Leon; Gabriel Marinho; Vitor Henrique; Alexandre Barauna,50,academy_name_overlap_only,research_lead,never_publish_as_lineage_without_direct_source,"O ranking da IBJJF associa o atleta à academia ""GF Team""; o acervo possui 50 pessoa(s) com o mesmo nome de academia. Isso não identifica professor nem comprova graduação."
José Tiago da Silva Barros,https://ibjjf.com/athletes/jose-barros,PSLPB Cicero Costha,male,master1,gi,171,1155; 13076; 7704; 6151; 13062,Cicero Costha; Francisco Lo; Helton Jose Junior; Hiago George; Leonardo Mario,5,academy_name_overlap_only,research_lead,never_publish_as_lineage_without_direct_source,"O ranking da IBJJF associa o atleta à academia ""PSLPB Cicero Costha""; o acervo possui 5 pessoa(s) com o mesmo nome de academia. Isso não identifica professor nem comprova graduação."
Nathan J. dos Santos,https://ibjjf.com/athletes/nathan-santos,Toronto BJJ,male,master1,gi,168.0,8783,Yacinta Nguyen,1,academy_name_overlap_only,research_lead,never_publish_as_lineage_without_direct_source,"O ranking da IBJJF associa o atleta à academia ""Toronto BJJ""; o acervo possui 1 pessoa(s) com o mesmo nome de academia. Isso não identifica professor nem comprova graduação."
Leon Denny Zambelli Brito,https://ibjjf.com/athletes/leon-brito,Brazilian Top Team,male,master1,gi,165.5,627; 8409; 249; 232; 1675,Murilo Bustamante; Ricardo Marques; Anderson Pereira; Jose Mario Sperry; Luis Roberto Duarte,6,academy_name_overlap_only,research_lead,never_publish_as_lineage_without_direct_source,"O ranking da IBJJF associa o atleta à academia ""Brazilian Top Team""; o acervo possui 6 pessoa(s) com o mesmo nome de academia. Isso não identifica professor nem comprova graduação."
André Barbosa da Silva Moura,https://ibjjf.com/athletes/andre-moura-4a792fd5674f,GF Team,male,master1,gi,158,203; 8116; 11917; 2035; 9166,Julio Cesar; Dante Leon; Gabriel Marinho; Vitor Henrique; Alexandre Barauna,50,academy_name_overlap_only,research_lead,never_publish_as_lineage_without_direct_source,"O ranking da IBJJF associa o atleta à academia ""GF Team""; o acervo possui 50 pessoa(s) com o mesmo nome de academia. Isso não identifica professor nem comprova graduação."
Dylan Lee Royce,https://ibjjf.com/athletes/dylan-royce,Movement Art,male,master1,gi,147.5,12102,Nick Salles,1,academy_name_overlap_only,research_lead,never_publish_as_lineage_without_direct_source,"O ranking da IBJJF associa o atleta à academia ""Movement Art""; o acervo possui 1 pessoa(s) com o mesmo nome de academia. Isso não identifica professor nem comprova graduação."
Mauro Leopoldo Lima de Freitas,https://ibjjf.com/athletes/mauro-freitas,Brazilian Top Team,male,master1,gi,139,627; 8409; 249; 232; 1675,Murilo Bustamante; Ricardo Marques; Anderson Pereira; Jose Mario Sperry; Luis Roberto Duarte,6,academy_name_overlap_only,research_lead,never_publish_as_lineage_without_direct_source,"O ranking da IBJJF associa o atleta à academia ""Brazilian Top Team""; o acervo possui 6 pessoa(s) com o mesmo nome de academia. Isso não identifica professor nem comprova graduação."
Matheus Felipe da Silva Xavier,https://ibjjf.com/athletes/matheus-xavier,CheckMat,male,master1,gi,138.0,419; 338; 875; 963; 405,Leonardo Vieira; Ricardo Vieira; Lucas Leite; Carlos Vieira Holanda; Marco Canha,85,academy_name_overlap_only,research_lead,never_publish_as_lineage_without_direct_source,"O ranking da IBJJF associa o atleta à academia ""CheckMat""; o acervo possui 85 pessoa(s) com o mesmo nome de academia. Isso não identifica professor nem comprova graduação."
Ricardo Rocha Lima,https://ibjjf.com/athletes/ricardo-lima-d803fee01f9d,Renzo Gracie Academy,male,master1,gi,129.5,10000; 5649; 7442; 9760; 5617,Doug Pelinkovic; Gary Tonon; Edward Cummings; Frank Rosenthal; Jamie Cruz,10,academy_name_overlap_only,research_lead,never_publish_as_lineage_without_direct_source,"O ranking da IBJJF associa o atleta à academia ""Renzo Gracie Academy""; o acervo possui 10 pessoa(s) com o mesmo nome de academia. Isso não identifica professor nem comprova graduação."
Arturas Luskinas,https://ibjjf.com/athletes/arturas-luskinas,Roger Gracie Academy,male,master1,gi,115.5,6209; 9261,Felipe Mota; Ross Nicholls,2,academy_name_overlap_only,research_lead,never_publish_as_lineage_without_direct_source,"O ranking da IBJJF associa o atleta à academia ""Roger Gracie Academy""; o acervo possui 2 pessoa(s) com o mesmo nome de academia. Isso não identifica professor nem comprova graduação."
Miguel Curi Neto,https://ibjjf.com/athletes/miguel-neto-cc882aea7b01,Ushirobira JJ,male,master1,gi,112.0,7282,Andre Ushirobira,1,academy_name_overlap_only,research_lead,never_publish_as_lineage_without_direct_source,"O ranking da IBJJF associa o atleta à academia ""Ushirobira JJ""; o acervo possui 1 pessoa(s) com o mesmo nome de academia. Isso não identifica professor nem comprova graduação."
Thadeu Giannattasio Nobres,https://ibjjf.com/athletes/thadeu-nobres,CheckMat,male,master1,gi,111.5,419; 338; 875; 963; 405,Leonardo Vieira; Ricardo Vieira; Lucas Leite; Carlos Vieira Holanda; Marco Canha,85,academy_name_overlap_only,research_lead,never_publish_as_lineage_without_direct_source,"O ranking da IBJJF associa o atleta à academia ""CheckMat""; o acervo possui 85 pessoa(s) com o mesmo nome de academia. Isso não identifica professor nem comprova graduação."
Orlando Fernando Castillo Andaviza,https://ibjjf.com/athletes/orlando-andaviza,Fight Sports,male,master1,gi,109.5,224; 11384; 12178; 13473; 13031,Roberto Abreu; Andre Porfirio; Joao Costa; Kauane Silva; Lucas Lisboa,12,academy_name_overlap_only,research_lead,never_publish_as_lineage_without_direct_source,"O ranking da IBJJF associa o atleta à academia ""Fight Sports""; o acervo possui 12 pessoa(s) com o mesmo nome de academia. Isso não identifica professor nem comprova graduação."
Lucas Dario Aguiar de Oliveira,https://ibjjf.com/athletes/lucas-oliveira-026d518e923e,GF Team,male,master1,gi,94.5,203; 8116; 11917; 2035; 9166,Julio Cesar; Dante Leon; Gabriel Marinho; Vitor Henrique; Alexandre Barauna,50,academy_name_overlap_only,research_lead,never_publish_as_lineage_without_direct_source,"O ranking da IBJJF associa o atleta à academia ""GF Team""; o acervo possui 50 pessoa(s) com o mesmo nome de academia. Isso não identifica professor nem comprova graduação."
Jaemin Lee,https://ibjjf.com/athletes/jaemin-lee-05f562dbf7c6,John Frankl Jiu-Jitsu,male,master1,gi,81,8842,Wanki Chae,1,academy_name_overlap_only,research_lead,never_publish_as_lineage_without_direct_source,"O ranking da IBJJF associa o atleta à academia ""John Frankl Jiu-Jitsu""; o acervo possui 1 pessoa(s) com o mesmo nome de academia. Isso não identifica professor nem comprova graduação."
David Hussein Mosleh,https://ibjjf.com/athletes/david-mosleh-a8e9e09c951a,Toronto BJJ,male,master1,gi,78,8783,Yacinta Nguyen,1,academy_name_overlap_only,research_lead,never_publish_as_lineage_without_direct_source,"O ranking da IBJJF associa o atleta à academia ""Toronto BJJ""; o acervo possui 1 pessoa(s) com o mesmo nome de academia. Isso não identifica professor nem comprova graduação."
Christopher Michael Wilburn,https://ibjjf.com/athletes/christopher-wilburn,Combat Base,male,master1,gi,73,5858,Chris Haueter,1,academy_name_overlap_only,research_lead,never_publish_as_lineage_without_direct_source,"O ranking da IBJJF associa o atleta à academia ""Combat Base""; o acervo possui 1 pessoa(s) com o mesmo nome de academia. Isso não identifica professor nem comprova graduação."
Jose Joaquin Valenzuela Torres,https://ibjjf.com/athletes/jose-torres-ee5792afc480,Fight Sports,male,master1,gi,71.5,224; 11384; 12178; 13473; 13031,Roberto Abreu; Andre Porfirio; Joao Costa; Kauane Silva; Lucas Lisboa,12,academy_name_overlap_only,research_lead,never_publish_as_lineage_without_direct_source,"O ranking da IBJJF associa o atleta à academia ""Fight Sports""; o acervo possui 12 pessoa(s) com o mesmo nome de academia. Isso não identifica professor nem comprova graduação."
Andres Emilio Alvarado San Andres,https://ibjjf.com/athletes/andres-alvarado,AOJ,male,master1,gi,66,415; 179; 13326; 12554; 11690,Guilherme Mendes; Rafael Mendes; Hiryu Niwa; Iasmin Casser; Jessa Khan,10,academy_name_overlap_only,research_lead,never_publish_as_lineage_without_direct_source,"O ranking da IBJJF associa o atleta à academia ""AOJ""; o acervo possui 10 pessoa(s) com o mesmo nome de academia. Isso não identifica professor nem comprova graduação."
Maurício Faleta Fernandes,https://ibjjf.com/athletes/mauricio-fernandes,Vitor Shaolin BJJ,male,master1,gi,64,9064,Silvio Duran,1,academy_name_overlap_only,research_lead,never_publish_as_lineage_without_direct_source,"O ranking da IBJJF associa o atleta à academia ""Vitor Shaolin BJJ""; o acervo possui 1 pessoa(s) com o mesmo nome de academia. Isso não identifica professor nem comprova graduação."
Iago Rangel da Silva Queiroz,https://ibjjf.com/athletes/iago-queiroz,Academia Marangoni,male,master1,gi,62,7698,Gabriel Marangoni,1,academy_name_overlap_only,research_lead,never_publish_as_lineage_without_direct_source,"O ranking da IBJJF associa o atleta à academia ""Academia Marangoni""; o acervo possui 1 pessoa(s) com o mesmo nome de academia. Isso não identifica professor nem comprova graduação."
Joshua Michael Murdock,https://ibjjf.com/athletes/joshua-murdock,Pedigo Submission Fighting,male,master1,gi,60.0,11359; 11808,Heath Pedigo; Andrew Wiltse,2,academy_name_overlap_only,research_lead,never_publish_as_lineage_without_direct_source,"O ranking da IBJJF associa o atleta à academia ""Pedigo Submission Fighting""; o acervo possui 2 pessoa(s) com o mesmo nome de academia. Isso não identifica professor nem comprova graduação."
Lucas Costa Barros,https://ibjjf.com/athletes/lucas-barros,Demian Maia Jiu-Jitsu,male,master1,gi,59,7103,Wagner Mota,1,academy_name_overlap_only,research_lead,never_publish_as_lineage_without_direct_source,"O ranking da IBJJF associa o atleta à academia ""Demian Maia Jiu-Jitsu""; o acervo possui 1 pessoa(s) com o mesmo nome de academia. Isso não identifica professor nem comprova graduação."
Marcos Antônio de Castro Bezerra,https://ibjjf.com/athletes/marcos-bezerra-10c988129697,Brazilian Top Team,male,master1,gi,59,627; 8409; 249; 232; 1675,Murilo Bustamante; Ricardo Marques; Anderson Pereira; Jose Mario Sperry; Luis Roberto Duarte,6,academy_name_overlap_only,research_lead,never_publish_as_lineage_without_direct_source,"O ranking da IBJJF associa o atleta à academia ""Brazilian Top Team""; o acervo possui 6 pessoa(s) com o mesmo nome de academia. Isso não identifica professor nem comprova graduação."
Anaue Pavanello,https://ibjjf.com/athletes/anaue-pavanello,Guigo JJ,male,master1,gi,58.5,693; 11423; 9483; 11766; 1624,Luiz Guilherme; Meyram Maquine; Eduardo Lopes; Gabriel Costa; Leonardo Arruda,5,academy_name_overlap_only,research_lead,never_publish_as_lineage_without_direct_source,"O ranking da IBJJF associa o atleta à academia ""Guigo JJ""; o acervo possui 5 pessoa(s) com o mesmo nome de academia. Isso não identifica professor nem comprova graduação."
Antonio Sebastian Torres Von Buchwald,https://ibjjf.com/athletes/antonio-buchwald,AOJ,male,master1,gi,58.5,415; 179; 13326; 12554; 11690,Guilherme Mendes; Rafael Mendes; Hiryu Niwa; Iasmin Casser; Jessa Khan,10,academy_name_overlap_only,research_lead,never_publish_as_lineage_without_direct_source,"O ranking da IBJJF associa o atleta à academia ""AOJ""; o acervo possui 10 pessoa(s) com o mesmo nome de academia. Isso não identifica professor nem comprova graduação."
Abdul Rasheed Ali Perez,https://ibjjf.com/athletes/abdul-perez,Renzo Gracie Academy,male,master1,gi,56.0,10000; 5649; 7442; 9760; 5617,Doug Pelinkovic; Gary Tonon; Edward Cummings; Frank Rosenthal; Jamie Cruz,10,academy_name_overlap_only,research_lead,never_publish_as_lineage_without_direct_source,"O ranking da IBJJF associa o atleta à academia ""Renzo Gracie Academy""; o acervo possui 10 pessoa(s) com o mesmo nome de academia. Isso não identifica professor nem comprova graduação."
Daniel Sena Paulino,https://ibjjf.com/athletes/daniel-paulino,Renzo Gracie Academy,male,master1,gi,50,10000; 5649; 7442; 9760; 5617,Doug Pelinkovic; Gary Tonon; Edward Cummings; Frank Rosenthal; Jamie Cruz,10,academy_name_overlap_only,research_lead,never_publish_as_lineage_without_direct_source,"O ranking da IBJJF associa o atleta à academia ""Renzo Gracie Academy""; o acervo possui 10 pessoa(s) com o mesmo nome de academia. Isso não identifica professor nem comprova graduação."
Adam Michael O. Scratch,https://ibjjf.com/athletes/adam-scratch,Toronto BJJ,male,master1,gi,50.0,8783,Yacinta Nguyen,1,academy_name_overlap_only,research_lead,never_publish_as_lineage_without_direct_source,"O ranking da IBJJF associa o atleta à academia ""Toronto BJJ""; o acervo possui 1 pessoa(s) com o mesmo nome de academia. Isso não identifica professor nem comprova graduação."
Raphael Dillon da Gama Cansanção,https://ibjjf.com/athletes/raphael-cansancao,CheckMat,male,master1,gi,47,419; 338; 875; 963; 405,Leonardo Vieira; Ricardo Vieira; Lucas Leite; Carlos Vieira Holanda; Marco Canha,85,academy_name_overlap_only,research_lead,never_publish_as_lineage_without_direct_source,"O ranking da IBJJF associa o atleta à academia ""CheckMat""; o acervo possui 85 pessoa(s) com o mesmo nome de academia. Isso não identifica professor nem comprova graduação."
Pedro Fernando Rocha Novaes,https://ibjjf.com/athletes/pedro-novaes-5af045f20a9f,GF Team,male,master1,gi,46.5,203; 8116; 11917; 2035; 9166,Julio Cesar; Dante Leon; Gabriel Marinho; Vitor Henrique; Alexandre Barauna,50,academy_name_overlap_only,research_lead,never_publish_as_lineage_without_direct_source,"O ranking da IBJJF associa o atleta à academia ""GF Team""; o acervo possui 50 pessoa(s) com o mesmo nome de academia. Isso não identifica professor nem comprova graduação."
Jyan Carlos da Rosa,https://ibjjf.com/athletes/jyan-rosa,Ataque Duplo,male,master1,gi,45.0,11215,Harryson Pereira,1,academy_name_overlap_only,research_lead,never_publish_as_lineage_without_direct_source,"O ranking da IBJJF associa o atleta à academia ""Ataque Duplo""; o acervo possui 1 pessoa(s) com o mesmo nome de academia. Isso não identifica professor nem comprova graduação."
Babar Raja,https://ibjjf.com/athletes/babar-raja,Roger Gracie Academy,male,master1,gi,45,6209; 9261,Felipe Mota; Ross Nicholls,2,academy_name_overlap_only,research_lead,never_publish_as_lineage_without_direct_source,"O ranking da IBJJF associa o atleta à academia ""Roger Gracie Academy""; o acervo possui 2 pessoa(s) com o mesmo nome de academia. Isso não identifica professor nem comprova graduação."
Clovis de Albuquerque Mauricio,https://ibjjf.com/athletes/clovis-mauricio,Nova União,male,master1,gi,41,78; 634; 6756; 4334; 195,Andre Pederneiras; Wendell Alexander; Rodrigo Silva; Andre da Silva; Robson Moura,39,academy_name_overlap_only,research_lead,never_publish_as_lineage_without_direct_source,"O ranking da IBJJF associa o atleta à academia ""Nova União""; o acervo possui 39 pessoa(s) com o mesmo nome de academia. Isso não identifica professor nem comprova graduação."
Rogério Jardim dos Santos Jr,https://ibjjf.com/athletes/rogerio-jr,GF Team,male,master1,gi,39,203; 8116; 11917; 2035; 9166,Julio Cesar; Dante Leon; Gabriel Marinho; Vitor Henrique; Alexandre Barauna,50,academy_name_overlap_only,research_lead,never_publish_as_lineage_without_direct_source,"O ranking da IBJJF associa o atleta à academia ""GF Team""; o acervo possui 50 pessoa(s) com o mesmo nome de academia. Isso não identifica professor nem comprova graduação."
Lucas da Silva Ramos,https://ibjjf.com/athletes/lucas-ramos-6ad431fef5fd,GF Team,male,master1,gi,39,203; 8116; 11917; 2035; 9166,Julio Cesar; Dante Leon; Gabriel Marinho; Vitor Henrique; Alexandre Barauna,50,academy_name_overlap_only,research_lead,never_publish_as_lineage_without_direct_source,"O ranking da IBJJF associa o atleta à academia ""GF Team""; o acervo possui 50 pessoa(s) com o mesmo nome de academia. Isso não identifica professor nem comprova graduação."
Cleberson Raimundo Rodrigues Silva,https://ibjjf.com/athletes/cleberson-silva,GF Team,male,master1,gi,36,203; 8116; 11917; 2035; 9166,Julio Cesar; Dante Leon; Gabriel Marinho; Vitor Henrique; Alexandre Barauna,50,academy_name_overlap_only,research_lead,never_publish_as_lineage_without_direct_source,"O ranking da IBJJF associa o atleta à academia ""GF Team""; o acervo possui 50 pessoa(s) com o mesmo nome de academia. Isso não identifica professor nem comprova graduação."
Carlos Alberto Freires dos Santos Junior,https://ibjjf.com/athletes/carlos-junior-79f6a47c364f,Nova União,male,master1,gi,36,78; 634; 6756; 4334; 195,Andre Pederneiras; Wendell Alexander; Rodrigo Silva; Andre da Silva; Robson Moura,39,academy_name_overlap_only,research_lead,never_publish_as_lineage_without_direct_source,"O ranking da IBJJF associa o atleta à academia ""Nova União""; o acervo possui 39 pessoa(s) com o mesmo nome de academia. Isso não identifica professor nem comprova graduação."
Yoshiatsu Tanaka,https://ibjjf.com/athletes/yoshiatsu-tanaka,Carpe Diem,male,master1,gi,36,9152; 7645; 9559; 6060,Daisuke Shiraki; Masahiro Iwasaki; Rida Haisam; Tomoyuki Hashimoto,4,academy_name_overlap_only,research_lead,never_publish_as_lineage_without_direct_source,"O ranking da IBJJF associa o atleta à academia ""Carpe Diem""; o acervo possui 4 pessoa(s) com o mesmo nome de academia. Isso não identifica professor nem comprova graduação."
Gustavo Alvares Penna,https://ibjjf.com/athletes/gustavo-penna,Brazilian Top Team,male,master1,gi,36,627; 8409; 249; 232; 1675,Murilo Bustamante; Ricardo Marques; Anderson Pereira; Jose Mario Sperry; Luis Roberto Duarte,6,academy_name_overlap_only,research_lead,never_publish_as_lineage_without_direct_source,"O ranking da IBJJF associa o atleta à academia ""Brazilian Top Team""; o acervo possui 6 pessoa(s) com o mesmo nome de academia. Isso não identifica professor nem comprova graduação."
Rodrigo Francioni Dias,https://ibjjf.com/athletes/rodrigo-dias,Fight Sports,male,master1,gi,36,224; 11384; 12178; 13473; 13031,Roberto Abreu; Andre Porfirio; Joao Costa; Kauane Silva; Lucas Lisboa,12,academy_name_overlap_only,research_lead,never_publish_as_lineage_without_direct_source,"O ranking da IBJJF associa o atleta à academia ""Fight Sports""; o acervo possui 12 pessoa(s) com o mesmo nome de academia. Isso não identifica professor nem comprova graduação."
Lucas Hilario dos Santos,https://ibjjf.com/athletes/lucas-santos,Fight Sports,male,master1,gi,35.5,224; 11384; 12178; 13473; 13031,Roberto Abreu; Andre Porfirio; Joao Costa; Kauane Silva; Lucas Lisboa,12,academy_name_overlap_only,research_lead,never_publish_as_lineage_without_direct_source,"O ranking da IBJJF associa o atleta à academia ""Fight Sports""; o acervo possui 12 pessoa(s) com o mesmo nome de academia. Isso não identifica professor nem comprova graduação."
Romário Rodrigues da Silva,https://ibjjf.com/athletes/romario-silva-f57356433166,Ataque Duplo,male,master1,gi,33.0,11215,Harryson Pereira,1,academy_name_overlap_only,research_lead,never_publish_as_lineage_without_direct_source,"O ranking da IBJJF associa o atleta à academia ""Ataque Duplo""; o acervo possui 1 pessoa(s) com o mesmo nome de academia. Isso não identifica professor nem comprova graduação."
Wallyson Lima Bezerra,https://ibjjf.com/athletes/wallyson-bezerra,Guigo JJ,male,master1,gi,33.0,693; 11423; 9483; 11766; 1624,Luiz Guilherme; Meyram Maquine; Eduardo Lopes; Gabriel Costa; Leonardo Arruda,5,academy_name_overlap_only,research_lead,never_publish_as_lineage_without_direct_source,"O ranking da IBJJF associa o atleta à academia ""Guigo JJ""; o acervo possui 5 pessoa(s) com o mesmo nome de academia. Isso não identifica professor nem comprova graduação."
Rafael Eugenio Pereira,https://ibjjf.com/athletes/rafael-pereira-fda87ad2702d,CheckMat,male,master1,gi,33.0,419; 338; 875; 963; 405,Leonardo Vieira; Ricardo Vieira; Lucas Leite; Carlos Vieira Holanda; Marco Canha,85,academy_name_overlap_only,research_lead,never_publish_as_lineage_without_direct_source,"O ranking da IBJJF associa o atleta à academia ""CheckMat""; o acervo possui 85 pessoa(s) com o mesmo nome de academia. Isso não identifica professor nem comprova graduação."
Israel Vieira Motta,https://ibjjf.com/athletes/israel-motta,De La Riva JJ,male,master1,gi,32.5,7928,Claudia Doval,1,academy_name_overlap_only,research_lead,never_publish_as_lineage_without_direct_source,"O ranking da IBJJF associa o atleta à academia ""De La Riva JJ""; o acervo possui 1 pessoa(s) com o mesmo nome de academia. Isso não identifica professor nem comprova graduação."
Daniel Peter Scanno,https://ibjjf.com/athletes/daniel-scanno,Renzo Gracie Academy,male,master1,gi,32.5,10000; 5649; 7442; 9760; 5617,Doug Pelinkovic; Gary Tonon; Edward Cummings; Frank Rosenthal; Jamie Cruz,10,academy_name_overlap_only,research_lead,never_publish_as_lineage_without_direct_source,"O ranking da IBJJF associa o atleta à academia ""Renzo Gracie Academy""; o acervo possui 10 pessoa(s) com o mesmo nome de academia. Isso não identifica professor nem comprova graduação."
Pedro Ivo de Carvalho Catugy,https://ibjjf.com/athletes/pedro-catugy,GF Team,male,master1,gi,32.0,203; 8116; 11917; 2035; 9166,Julio Cesar; Dante Leon; Gabriel Marinho; Vitor Henrique; Alexandre Barauna,50,academy_name_overlap_only,research_lead,never_publish_as_lineage_without_direct_source,"O ranking da IBJJF associa o atleta à academia ""GF Team""; o acervo possui 50 pessoa(s) com o mesmo nome de academia. Isso não identifica professor nem comprova graduação."
Igor Lessa Guimaraes da Silva,https://ibjjf.com/athletes/igor-silva-c46ae547be4d,De La Riva JJ,male,master1,gi,31.5,7928,Claudia Doval,1,academy_name_overlap_only,research_lead,never_publish_as_lineage_without_direct_source,"O ranking da IBJJF associa o atleta à academia ""De La Riva JJ""; o acervo possui 1 pessoa(s) com o mesmo nome de academia. Isso não identifica professor nem comprova graduação."
Dirk Allen Richards,https://ibjjf.com/athletes/dirk-richards,Team Shawn Hammonds,male,master1,gi,31,9845,Chad Hardy,1,academy_name_overlap_only,research_lead,never_publish_as_lineage_without_direct_source,"O ranking da IBJJF associa o atleta à academia ""Team Shawn Hammonds""; o acervo possui 1 pessoa(s) com o mesmo nome de academia. Isso não identifica professor nem comprova graduação."
Felix Protásio Soares da Conceição,https://ibjjf.com/athletes/felix-conceicao,Guigo JJ,male,master1,gi,30,693; 11423; 9483; 11766; 1624,Luiz Guilherme; Meyram Maquine; Eduardo Lopes; Gabriel Costa; Leonardo Arruda,5,academy_name_overlap_only,research_lead,never_publish_as_lineage_without_direct_source,"O ranking da IBJJF associa o atleta à academia ""Guigo JJ""; o acervo possui 5 pessoa(s) com o mesmo nome de academia. Isso não identifica professor nem comprova graduação."
Gabriel Sosa Tell Ribeiro,https://ibjjf.com/athletes/gabriel-ribeiro,CheckMat,male,master1,gi,29.0,419; 338; 875; 963; 405,Leonardo Vieira; Ricardo Vieira; Lucas Leite; Carlos Vieira Holanda; Marco Canha,85,academy_name_overlap_only,research_lead,never_publish_as_lineage_without_direct_source,"O ranking da IBJJF associa o atleta à academia ""CheckMat""; o acervo possui 85 pessoa(s) com o mesmo nome de academia. Isso não identifica professor nem comprova graduação."
Vinnicius Lamas Coutinho,https://ibjjf.com/athletes/vinnicius-coutinho,Roger Gracie Academy,male,master1,gi,29,6209; 9261,Felipe Mota; Ross Nicholls,2,academy_name_overlap_only,research_lead,never_publish_as_lineage_without_direct_source,"O ranking da IBJJF associa o atleta à academia ""Roger Gracie Academy""; o acervo possui 2 pessoa(s) com o mesmo nome de academia. Isso não identifica professor nem comprova graduação."
Pedro Henrique Dias Conti Souza,https://ibjjf.com/athletes/pedro-souza,CheckMat,male,master1,gi,27,419; 338; 875; 963; 405,Leonardo Vieira; Ricardo Vieira; Lucas Leite; Carlos Vieira Holanda; Marco Canha,85,academy_name_overlap_only,research_lead,never_publish_as_lineage_without_direct_source,"O ranking da IBJJF associa o atleta à academia ""CheckMat""; o acervo possui 85 pessoa(s) com o mesmo nome de academia. Isso não identifica professor nem comprova graduação."
Ezekiel O. Okunola,https://ibjjf.com/athletes/ezekiel-okunola,Renzo Gracie Academy,male,master1,gi,27,10000; 5649; 7442; 9760; 5617,Doug Pelinkovic; Gary Tonon; Edward Cummings; Frank Rosenthal; Jamie Cruz,10,academy_name_overlap_only,research_lead,never_publish_as_lineage_without_direct_source,"O ranking da IBJJF associa o atleta à academia ""Renzo Gracie Academy""; o acervo possui 10 pessoa(s) com o mesmo nome de academia. Isso não identifica professor nem comprova graduação."
Thomás de Oliveira Mendes,https://ibjjf.com/athletes/thomas-mendes,Brazilian Top Team,male,master1,gi,27,627; 8409; 249; 232; 1675,Murilo Bustamante; Ricardo Marques; Anderson Pereira; Jose Mario Sperry; Luis Roberto Duarte,6,academy_name_overlap_only,research_lead,never_publish_as_lineage_without_direct_source,"O ranking da IBJJF associa o atleta à academia ""Brazilian Top Team""; o acervo possui 6 pessoa(s) com o mesmo nome de academia. Isso não identifica professor nem comprova graduação."
Ezra Tau Fa'alogo,https://ibjjf.com/athletes/ezra-fa-alogo,Roger Gracie Academy,male,master1,gi,27,6209; 9261,Felipe Mota; Ross Nicholls,2,academy_name_overlap_only,research_lead,never_publish_as_lineage_without_direct_source,"O ranking da IBJJF associa o atleta à academia ""Roger Gracie Academy""; o acervo possui 2 pessoa(s) com o mesmo nome de academia. Isso não identifica professor nem comprova graduação."
Kecio Estevam Martins Sousa,https://ibjjf.com/athletes/kecio-sousa,Brazilian Top Team,male,master1,gi,27,627; 8409; 249; 232; 1675,Murilo Bustamante; Ricardo Marques; Anderson Pereira; Jose Mario Sperry; Luis Roberto Duarte,6,academy_name_overlap_only,research_lead,never_publish_as_lineage_without_direct_source,"O ranking da IBJJF associa o atleta à academia ""Brazilian Top Team""; o acervo possui 6 pessoa(s) com o mesmo nome de academia. Isso não identifica professor nem comprova graduação."
Russell W Whitt II,https://ibjjf.com/athletes/russell-whitt,Team Shawn Hammonds,male,master1,gi,27,9845,Chad Hardy,1,academy_name_overlap_only,research_lead,never_publish_as_lineage_without_direct_source,"O ranking da IBJJF associa o atleta à academia ""Team Shawn Hammonds""; o acervo possui 1 pessoa(s) com o mesmo nome de academia. Isso não identifica professor nem comprova graduação."
Kwan Yeong Jeong,https://ibjjf.com/athletes/kwan-jeong-37162fca27fc,John Frankl Jiu-Jitsu,male,master1,gi,27,8842,Wanki Chae,1,academy_name_overlap_only,research_lead,never_publish_as_lineage_without_direct_source,"O ranking da IBJJF associa o atleta à academia ""John Frankl Jiu-Jitsu""; o acervo possui 1 pessoa(s) com o mesmo nome de academia. Isso não identifica professor nem comprova graduação."
Diego Patrick Vieira de Souza,https://ibjjf.com/athletes/diego-souza-dacdba59ec6e,Ataque Duplo,male,master1,gi,26.0,11215,Harryson Pereira,1,academy_name_overlap_only,research_lead,never_publish_as_lineage_without_direct_source,"O ranking da IBJJF associa o atleta à academia ""Ataque Duplo""; o acervo possui 1 pessoa(s) com o mesmo nome de academia. Isso não identifica professor nem comprova graduação."
Alex Jordan Contreras,https://ibjjf.com/athletes/alex-contreras,AOJ,male,master1,gi,25.5,415; 179; 13326; 12554; 11690,Guilherme Mendes; Rafael Mendes; Hiryu Niwa; Iasmin Casser; Jessa Khan,10,academy_name_overlap_only,research_lead,never_publish_as_lineage_without_direct_source,"O ranking da IBJJF associa o atleta à academia ""AOJ""; o acervo possui 10 pessoa(s) com o mesmo nome de academia. Isso não identifica professor nem comprova graduação."
Gustavo Mascarenhas Borges,https://ibjjf.com/athletes/gustavo-borges-f3daa36b2bde,GF Team,male,master1,gi,25,203; 8116; 11917; 2035; 9166,Julio Cesar; Dante Leon; Gabriel Marinho; Vitor Henrique; Alexandre Barauna,50,academy_name_overlap_only,research_lead,never_publish_as_lineage_without_direct_source,"O ranking da IBJJF associa o atleta à academia ""GF Team""; o acervo possui 50 pessoa(s) com o mesmo nome de academia. Isso não identifica professor nem comprova graduação."
Arthur Ian Lawler,https://ibjjf.com/athletes/arthur-lawler,Team Shawn Hammonds,male,master1,gi,24.5,9845,Chad Hardy,1,academy_name_overlap_only,research_lead,never_publish_as_lineage_without_direct_source,"O ranking da IBJJF associa o atleta à academia ""Team Shawn Hammonds""; o acervo possui 1 pessoa(s) com o mesmo nome de academia. Isso não identifica professor nem comprova graduação."
Vitor Fernandes Buentes dos Santos,https://ibjjf.com/athletes/vitor-santos-60569b32e2d8,CheckMat,male,master1,gi,24.0,419; 338; 875; 963; 405,Leonardo Vieira; Ricardo Vieira; Lucas Leite; Carlos Vieira Holanda; Marco Canha,85,academy_name_overlap_only,research_lead,never_publish_as_lineage_without_direct_source,"O ranking da IBJJF associa o atleta à academia ""CheckMat""; o acervo possui 85 pessoa(s) com o mesmo nome de academia. Isso não identifica professor nem comprova graduação."
David Ian Monserrate,https://ibjjf.com/athletes/david-monserrate,Renzo Gracie Academy,male,master1,gi,24,10000; 5649; 7442; 9760; 5617,Doug Pelinkovic; Gary Tonon; Edward Cummings; Frank Rosenthal; Jamie Cruz,10,academy_name_overlap_only,research_lead,never_publish_as_lineage_without_direct_source,"O ranking da IBJJF associa o atleta à academia ""Renzo Gracie Academy""; o acervo possui 10 pessoa(s) com o mesmo nome de academia. Isso não identifica professor nem comprova graduação."
Abner Soares de Souza,https://ibjjf.com/athletes/abner-souza,Brazilian Top Team,male,master1,gi,23,627; 8409; 249; 232; 1675,Murilo Bustamante; Ricardo Marques; Anderson Pereira; Jose Mario Sperry; Luis Roberto Duarte,6,academy_name_overlap_only,research_lead,never_publish_as_lineage_without_direct_source,"O ranking da IBJJF associa o atleta à academia ""Brazilian Top Team""; o acervo possui 6 pessoa(s) com o mesmo nome de academia. Isso não identifica professor nem comprova graduação."
Brandon Joseph Williams,https://ibjjf.com/athletes/brandon-williams,Roberto Traven BJJ,male,master1,gi,23,7079,Carlos Farias,1,academy_name_overlap_only,research_lead,never_publish_as_lineage_without_direct_source,"O ranking da IBJJF associa o atleta à academia ""Roberto Traven BJJ""; o acervo possui 1 pessoa(s) com o mesmo nome de academia. Isso não identifica professor nem comprova graduação."
Corey Hunter Anderson,https://ibjjf.com/athletes/corey-anderson,Roberto Traven BJJ,male,master1,gi,22.5,7079,Carlos Farias,1,academy_name_overlap_only,research_lead,never_publish_as_lineage_without_direct_source,"O ranking da IBJJF associa o atleta à academia ""Roberto Traven BJJ""; o acervo possui 1 pessoa(s) com o mesmo nome de academia. Isso não identifica professor nem comprova graduação."
Andres O. Poveda Jurado,https://ibjjf.com/athletes/andres-poveda,Vitor Shaolin BJJ,male,master1,gi,21,9064,Silvio Duran,1,academy_name_overlap_only,research_lead,never_publish_as_lineage_without_direct_source,"O ranking da IBJJF associa o atleta à academia ""Vitor Shaolin BJJ""; o acervo possui 1 pessoa(s) com o mesmo nome de academia. Isso não identifica professor nem comprova graduação."
Gennaro Gianfranco Yucra Mancilla,https://ibjjf.com/athletes/gennaro-yucra,Pedigo Submission Fighting,male,master1,gi,21,11359; 11808,Heath Pedigo; Andrew Wiltse,2,academy_name_overlap_only,research_lead,never_publish_as_lineage_without_direct_source,"O ranking da IBJJF associa o atleta à academia ""Pedigo Submission Fighting""; o acervo possui 2 pessoa(s) com o mesmo nome de academia. Isso não identifica professor nem comprova graduação."
Tiago Awdziej Pagnocca,https://ibjjf.com/athletes/tiago-pagnocca,CheckMat,male,master1,gi,20,419; 338; 875; 963; 405,Leonardo Vieira; Ricardo Vieira; Lucas Leite; Carlos Vieira Holanda; Marco Canha,85,academy_name_overlap_only,research_lead,never_publish_as_lineage_without_direct_source,"O ranking da IBJJF associa o atleta à academia ""CheckMat""; o acervo possui 85 pessoa(s) com o mesmo nome de academia. Isso não identifica professor nem comprova graduação."
Marcelo Lopes Dantas,https://ibjjf.com/athletes/marcelo-dantas-a898a43c3acf,SAS Team,male,master1,gi,20,9338,Guybson Sa,1,academy_name_overlap_only,research_lead,never_publish_as_lineage_without_direct_source,"O ranking da IBJJF associa o atleta à academia ""SAS Team""; o acervo possui 1 pessoa(s) com o mesmo nome de academia. Isso não identifica professor nem comprova graduação."
Welliton Costa Campos,https://ibjjf.com/athletes/welliton-campos,CheckMat,male,master1,gi,20,419; 338; 875; 963; 405,Leonardo Vieira; Ricardo Vieira; Lucas Leite; Carlos Vieira Holanda; Marco Canha,85,academy_name_overlap_only,research_lead,never_publish_as_lineage_without_direct_source,"O ranking da IBJJF associa o atleta à academia ""CheckMat""; o acervo possui 85 pessoa(s) com o mesmo nome de academia. Isso não identifica professor nem comprova graduação."
Rodrigo de Souza Barni,https://ibjjf.com/athletes/rodrigo-barni,Nova União,male,master1,gi,19,78; 634; 6756; 4334; 195,Andre Pederneiras; Wendell Alexander; Rodrigo Silva; Andre da Silva; Robson Moura,39,academy_name_overlap_only,research_lead,never_publish_as_lineage_without_direct_source,"O ranking da IBJJF associa o atleta à academia ""Nova União""; o acervo possui 39 pessoa(s) com o mesmo nome de academia. Isso não identifica professor nem comprova graduação."
Cesar de Sousa Siqueira,https://ibjjf.com/athletes/cesar-siqueira,CheckMat,male,master1,gi,18,419; 338; 875; 963; 405,Leonardo Vieira; Ricardo Vieira; Lucas Leite; Carlos Vieira Holanda; Marco Canha,85,academy_name_overlap_only,research_lead,never_publish_as_lineage_without_direct_source,"O ranking da IBJJF associa o atleta à academia ""CheckMat""; o acervo possui 85 pessoa(s) com o mesmo nome de academia. Isso não identifica professor nem comprova graduação."
Otavio de Souza Nalati,https://ibjjf.com/athletes/otavio-nalati,Guigo JJ,male,master1,gi,18.0,693; 11423; 9483; 11766; 1624,Luiz Guilherme; Meyram Maquine; Eduardo Lopes; Gabriel Costa; Leonardo Arruda,5,academy_name_overlap_only,research_lead,never_publish_as_lineage_without_direct_source,"O ranking da IBJJF associa o atleta à academia ""Guigo JJ""; o acervo possui 5 pessoa(s) com o mesmo nome de academia. Isso não identifica professor nem comprova graduação."
Matthew James Furzeland Carvalho,https://ibjjf.com/athletes/matthew-carvalho,Toronto BJJ,male,master1,gi,18,8783,Yacinta Nguyen,1,academy_name_overlap_only,research_lead,never_publish_as_lineage_without_direct_source,"O ranking da IBJJF associa o atleta à academia ""Toronto BJJ""; o acervo possui 1 pessoa(s) com o mesmo nome de academia. Isso não identifica professor nem comprova graduação."
Erik Rocha de Alencar,https://ibjjf.com/athletes/erik-alencar,GF Team,male,master1,gi,18,203; 8116; 11917; 2035; 9166,Julio Cesar; Dante Leon; Gabriel Marinho; Vitor Henrique; Alexandre Barauna,50,academy_name_overlap_only,research_lead,never_publish_as_lineage_without_direct_source,"O ranking da IBJJF associa o atleta à academia ""GF Team""; o acervo possui 50 pessoa(s) com o mesmo nome de academia. Isso não identifica professor nem comprova graduação."
Carlos Wescley Souza Silva,https://ibjjf.com/athletes/carlos-silva-fd1aa80b89c4,CheckMat,male,master1,gi,18,419; 338; 875; 963; 405,Leonardo Vieira; Ricardo Vieira; Lucas Leite; Carlos Vieira Holanda; Marco Canha,85,academy_name_overlap_only,research_lead,never_publish_as_lineage_without_direct_source,"O ranking da IBJJF associa o atleta à academia ""CheckMat""; o acervo possui 85 pessoa(s) com o mesmo nome de academia. Isso não identifica professor nem comprova graduação."
Ritchely Barbosa Souto Sousa,https://ibjjf.com/athletes/ritchely-sousa,CheckMat,male,master1,gi,18,419; 338; 875; 963; 405,Leonardo Vieira; Ricardo Vieira; Lucas Leite; Carlos Vieira Holanda; Marco Canha,85,academy_name_overlap_only,research_lead,never_publish_as_lineage_without_direct_source,"O ranking da IBJJF associa o atleta à academia ""CheckMat""; o acervo possui 85 pessoa(s) com o mesmo nome de academia. Isso não identifica professor nem comprova graduação."
Douglas de Bortolo Souza,https://ibjjf.com/athletes/douglas-souza-60be2317d64b,GF Team,male,master1,gi,18,203; 8116; 11917; 2035; 9166,Julio Cesar; Dante Leon; Gabriel Marinho; Vitor Henrique; Alexandre Barauna,50,academy_name_overlap_only,research_lead,never_publish_as_lineage_without_direct_source,"O ranking da IBJJF associa o atleta à academia ""GF Team""; o acervo possui 50 pessoa(s) com o mesmo nome de academia. Isso não identifica professor nem comprova graduação."
Raul Fernandes Almeida,https://ibjjf.com/athletes/raul-almeida,Nova União,male,master1,gi,16,78; 634; 6756; 4334; 195,Andre Pederneiras; Wendell Alexander; Rodrigo Silva; Andre da Silva; Robson Moura,39,academy_name_overlap_only,research_lead,never_publish_as_lineage_without_direct_source,"O ranking da IBJJF associa o atleta à academia ""Nova União""; o acervo possui 39 pessoa(s) com o mesmo nome de academia. Isso não identifica professor nem comprova graduação."
Alexandre de Souza Vieira,https://ibjjf.com/athletes/alexandre-vieira,Brazilian Top Team,male,master1,gi,15.5,627; 8409; 249; 232; 1675,Murilo Bustamante; Ricardo Marques; Anderson Pereira; Jose Mario Sperry; Luis Roberto Duarte,6,academy_name_overlap_only,research_lead,never_publish_as_lineage_without_direct_source,"O ranking da IBJJF associa o atleta à academia ""Brazilian Top Team""; o acervo possui 6 pessoa(s) com o mesmo nome de academia. Isso não identifica professor nem comprova graduação."
André Astolfo Baccarin,https://ibjjf.com/athletes/andre-baccarin,PSLPB Cicero Costha,male,master1,gi,15,1155; 13076; 7704; 6151; 13062,Cicero Costha; Francisco Lo; Helton Jose Junior; Hiago George; Leonardo Mario,5,academy_name_overlap_only,research_lead,never_publish_as_lineage_without_direct_source,"O ranking da IBJJF associa o atleta à academia ""PSLPB Cicero Costha""; o acervo possui 5 pessoa(s) com o mesmo nome de academia. Isso não identifica professor nem comprova graduação."
Junwoo Park,https://ibjjf.com/athletes/junwoo-park,John Frankl Jiu-Jitsu,male,master1,gi,15,8842,Wanki Chae,1,academy_name_overlap_only,research_lead,never_publish_as_lineage_without_direct_source,"O ranking da IBJJF associa o atleta à academia ""John Frankl Jiu-Jitsu""; o acervo possui 1 pessoa(s) com o mesmo nome de academia. Isso não identifica professor nem comprova graduação."
Diogo Del Nero Santos,https://ibjjf.com/athletes/diogo-santos,CheckMat,male,master1,gi,14,419; 338; 875; 963; 405,Leonardo Vieira; Ricardo Vieira; Lucas Leite; Carlos Vieira Holanda; Marco Canha,85,academy_name_overlap_only,research_lead,never_publish_as_lineage_without_direct_source,"O ranking da IBJJF associa o atleta à academia ""CheckMat""; o acervo possui 85 pessoa(s) com o mesmo nome de academia. Isso não identifica professor nem comprova graduação."
Marcos Roberto Pettan Chaddad,https://ibjjf.com/athletes/marcos-chaddad,CheckMat,male,master1,gi,13.5,419; 338; 875; 963; 405,Leonardo Vieira; Ricardo Vieira; Lucas Leite; Carlos Vieira Holanda; Marco Canha,85,academy_name_overlap_only,research_lead,never_publish_as_lineage_without_direct_source,"O ranking da IBJJF associa o atleta à academia ""CheckMat""; o acervo possui 85 pessoa(s) com o mesmo nome de academia. Isso não identifica professor nem comprova graduação."
Giovanny Hiroshi Akiyama,https://ibjjf.com/athletes/giovanny-akiyama,Lotus Club,male,master1,gi,13,14205,Alexandre Manara,1,academy_name_overlap_only,research_lead,never_publish_as_lineage_without_direct_source,"O ranking da IBJJF associa o atleta à academia ""Lotus Club""; o acervo possui 1 pessoa(s) com o mesmo nome de academia. Isso não identifica professor nem comprova graduação."
Jeison Pinto Silva Siqueira,https://ibjjf.com/athletes/jeison-siqueira,CheckMat,male,master1,gi,12.5,419; 338; 875; 963; 405,Leonardo Vieira; Ricardo Vieira; Lucas Leite; Carlos Vieira Holanda; Marco Canha,85,academy_name_overlap_only,research_lead,never_publish_as_lineage_without_direct_source,"O ranking da IBJJF associa o atleta à academia ""CheckMat""; o acervo possui 85 pessoa(s) com o mesmo nome de academia. Isso não identifica professor nem comprova graduação."
Paulo Guilherme dos Santos Filho,https://ibjjf.com/athletes/paulo-filho-150dadec1c44,GF Team,male,master1,gi,12.5,203; 8116; 11917; 2035; 9166,Julio Cesar; Dante Leon; Gabriel Marinho; Vitor Henrique; Alexandre Barauna,50,academy_name_overlap_only,research_lead,never_publish_as_lineage_without_direct_source,"O ranking da IBJJF associa o atleta à academia ""GF Team""; o acervo possui 50 pessoa(s) com o mesmo nome de academia. Isso não identifica professor nem comprova graduação."
Matthew Bryan Camardi,https://ibjjf.com/athletes/matthew-camardi,Big Brothers,male,master1,gi,12.5,6403,Leonardo Dalla,1,academy_name_overlap_only,research_lead,never_publish_as_lineage_without_direct_source,"O ranking da IBJJF associa o atleta à academia ""Big Brothers""; o acervo possui 1 pessoa(s) com o mesmo nome de academia. Isso não identifica professor nem comprova graduação."
Enrique Augusto March,https://ibjjf.com/athletes/enrique-march,Fight Sports,male,master1,gi,12,224; 11384; 12178; 13473; 13031,Roberto Abreu; Andre Porfirio; Joao Costa; Kauane Silva; Lucas Lisboa,12,academy_name_overlap_only,research_lead,never_publish_as_lineage_without_direct_source,"O ranking da IBJJF associa o atleta à academia ""Fight Sports""; o acervo possui 12 pessoa(s) com o mesmo nome de academia. Isso não identifica professor nem comprova graduação."
Fabio Salcedo Barbosa,https://ibjjf.com/athletes/fabio-barbosa-76cc0e0d0df9,GF Team,male,master1,gi,12,203; 8116; 11917; 2035; 9166,Julio Cesar; Dante Leon; Gabriel Marinho; Vitor Henrique; Alexandre Barauna,50,academy_name_overlap_only,research_lead,never_publish_as_lineage_without_direct_source,"O ranking da IBJJF associa o atleta à academia ""GF Team""; o acervo possui 50 pessoa(s) com o mesmo nome de academia. Isso não identifica professor nem comprova graduação."
Silvio Duran de Barros Saraiva,https://ibjjf.com/athletes/silvio-saraiva,Vitor Shaolin BJJ,male,master1,gi,12,9064,Silvio Duran,1,academy_name_overlap_only,research_lead,never_publish_as_lineage_without_direct_source,"O ranking da IBJJF associa o atleta à academia ""Vitor Shaolin BJJ""; o acervo possui 1 pessoa(s) com o mesmo nome de academia. Isso não identifica professor nem comprova graduação."
Jean Luca Varela Adamy,https://ibjjf.com/athletes/jean-adamy,Ns Brotherhood,male,master1,gi,12,1188; 7256,Leandro Lo; Jan Buatim,2,academy_name_overlap_only,research_lead,never_publish_as_lineage_without_direct_source,"O ranking da IBJJF associa o atleta à academia ""Ns Brotherhood""; o acervo possui 2 pessoa(s) com o mesmo nome de academia. Isso não identifica professor nem comprova graduação."
Thiago Ferreira Medeiros,https://ibjjf.com/athletes/thiago-c89cbcd1e358,CheckMat,male,master1,gi,12,419; 338; 875; 963; 405,Leonardo Vieira; Ricardo Vieira; Lucas Leite; Carlos Vieira Holanda; Marco Canha,85,academy_name_overlap_only,research_lead,never_publish_as_lineage_without_direct_source,"O ranking da IBJJF associa o atleta à academia ""CheckMat""; o acervo possui 85 pessoa(s) com o mesmo nome de academia. Isso não identifica professor nem comprova graduação."
Alessandro Roman Camargo,https://ibjjf.com/athletes/alessandro-camargo,Toronto BJJ,male,master1,gi,12,8783,Yacinta Nguyen,1,academy_name_overlap_only,research_lead,never_publish_as_lineage_without_direct_source,"O ranking da IBJJF associa o atleta à academia ""Toronto BJJ""; o acervo possui 1 pessoa(s) com o mesmo nome de academia. Isso não identifica professor nem comprova graduação."
Hussain Zakrijev,https://ibjjf.com/athletes/hussain-zakrijev,Roger Gracie Academy,male,master1,gi,12,6209; 9261,Felipe Mota; Ross Nicholls,2,academy_name_overlap_only,research_lead,never_publish_as_lineage_without_direct_source,"O ranking da IBJJF associa o atleta à academia ""Roger Gracie Academy""; o acervo possui 2 pessoa(s) com o mesmo nome de academia. Isso não identifica professor nem comprova graduação."
Alex Lewis Smith,https://ibjjf.com/athletes/alex-smith,Roger Gracie Academy,male,master1,gi,12,6209; 9261,Felipe Mota; Ross Nicholls,2,academy_name_overlap_only,research_lead,never_publish_as_lineage_without_direct_source,"O ranking da IBJJF associa o atleta à academia ""Roger Gracie Academy""; o acervo possui 2 pessoa(s) com o mesmo nome de academia. Isso não identifica professor nem comprova graduação."
Andre de Oliveira Barreto,https://ibjjf.com/athletes/andre-barreto,GF Team,male,master1,gi,12,203; 8116; 11917; 2035; 9166,Julio Cesar; Dante Leon; Gabriel Marinho; Vitor Henrique; Alexandre Barauna,50,academy_name_overlap_only,research_lead,never_publish_as_lineage_without_direct_source,"O ranking da IBJJF associa o atleta à academia ""GF Team""; o acervo possui 50 pessoa(s) com o mesmo nome de academia. Isso não identifica professor nem comprova graduação."
Gabriel Fraga de Souza,https://ibjjf.com/athletes/gabriel-souza-a6d4ff2d48d3,GF Team,male,master1,gi,12,203; 8116; 11917; 2035; 9166,Julio Cesar; Dante Leon; Gabriel Marinho; Vitor Henrique; Alexandre Barauna,50,academy_name_overlap_only,research_lead,never_publish_as_lineage_without_direct_source,"O ranking da IBJJF associa o atleta à academia ""GF Team""; o acervo possui 50 pessoa(s) com o mesmo nome de academia. Isso não identifica professor nem comprova graduação."
Felipe Tadeu Rosa,https://ibjjf.com/athletes/felipe-rosa,PSLPB Cicero Costha,male,master1,gi,11.5,1155; 13076; 7704; 6151; 13062,Cicero Costha; Francisco Lo; Helton Jose Junior; Hiago George; Leonardo Mario,5,academy_name_overlap_only,research_lead,never_publish_as_lineage_without_direct_source,"O ranking da IBJJF associa o atleta à academia ""PSLPB Cicero Costha""; o acervo possui 5 pessoa(s) com o mesmo nome de academia. Isso não identifica professor nem comprova graduação."
Romes Pereira Ramos Junior,https://ibjjf.com/athletes/romes-junior,Rio Grappling Club,male,master1,gi,11.0,960; 535,Mauro Chueng; Roberto Atalla,2,academy_name_overlap_only,research_lead,never_publish_as_lineage_without_direct_source,"O ranking da IBJJF associa o atleta à academia ""Rio Grappling Club""; o acervo possui 2 pessoa(s) com o mesmo nome de academia. Isso não identifica professor nem comprova graduação."
Jonatan Natanael Guedes da Silva,https://ibjjf.com/athletes/jonatan-silva-b1bd559f3e1f,CheckMat,male,master1,gi,11.0,419; 338; 875; 963; 405,Leonardo Vieira; Ricardo Vieira; Lucas Leite; Carlos Vieira Holanda; Marco Canha,85,academy_name_overlap_only,research_lead,never_publish_as_lineage_without_direct_source,"O ranking da IBJJF associa o atleta à academia ""CheckMat""; o acervo possui 85 pessoa(s) com o mesmo nome de academia. Isso não identifica professor nem comprova graduação."
Rafael Braga Gomes,https://ibjjf.com/athletes/rafael-gomes-a8e6d18ce4bd,CheckMat,male,master1,gi,11,419; 338; 875; 963; 405,Leonardo Vieira; Ricardo Vieira; Lucas Leite; Carlos Vieira Holanda; Marco Canha,85,academy_name_overlap_only,research_lead,never_publish_as_lineage_without_direct_source,"O ranking da IBJJF associa o atleta à academia ""CheckMat""; o acervo possui 85 pessoa(s) com o mesmo nome de academia. Isso não identifica professor nem comprova graduação."
Francisco Grisolia Santoro,https://ibjjf.com/athletes/francisco-santoro,GF Team,male,master1,gi,11.0,203; 8116; 11917; 2035; 9166,Julio Cesar; Dante Leon; Gabriel Marinho; Vitor Henrique; Alexandre Barauna,50,academy_name_overlap_only,research_lead,never_publish_as_lineage_without_direct_source,"O ranking da IBJJF associa o atleta à academia ""GF Team""; o acervo possui 50 pessoa(s) com o mesmo nome de academia. Isso não identifica professor nem comprova graduação."
David B. Zennario,https://ibjjf.com/athletes/david-zennario,Bjj Conquest,male,master1,gi,11,7732,Vicente Junior,1,academy_name_overlap_only,research_lead,never_publish_as_lineage_without_direct_source,"O ranking da IBJJF associa o atleta à academia ""Bjj Conquest""; o acervo possui 1 pessoa(s) com o mesmo nome de academia. Isso não identifica professor nem comprova graduação."
Robson Costa Sá,https://ibjjf.com/athletes/robson-sa,SAS Team,male,master1,gi,9.5,9338,Guybson Sa,1,academy_name_overlap_only,research_lead,never_publish_as_lineage_without_direct_source,"O ranking da IBJJF associa o atleta à academia ""SAS Team""; o acervo possui 1 pessoa(s) com o mesmo nome de academia. Isso não identifica professor nem comprova graduação."
Carlos Henrique Sedlacek Filho,https://ibjjf.com/athletes/carlos-filho-15cb10b934fd,The Match Champ,male,master1,gi,9,12201,Maria Eduarda Tozoni,1,academy_name_overlap_only,research_lead,never_publish_as_lineage_without_direct_source,"O ranking da IBJJF associa o atleta à academia ""The Match Champ""; o acervo possui 1 pessoa(s) com o mesmo nome de academia. Isso não identifica professor nem comprova graduação."
Leandro Vieira Nascimento Raposo,https://ibjjf.com/athletes/leandro-raposo,Ataque Duplo,male,master1,gi,9,11215,Harryson Pereira,1,academy_name_overlap_only,research_lead,never_publish_as_lineage_without_direct_source,"O ranking da IBJJF associa o atleta à academia ""Ataque Duplo""; o acervo possui 1 pessoa(s) com o mesmo nome de academia. Isso não identifica professor nem comprova graduação."
Lucas Amorim Magalhães,https://ibjjf.com/athletes/lucas-magalhaes-1ed83c07e366,CheckMat,male,master1,gi,9,419; 338; 875; 963; 405,Leonardo Vieira; Ricardo Vieira; Lucas Leite; Carlos Vieira Holanda; Marco Canha,85,academy_name_overlap_only,research_lead,never_publish_as_lineage_without_direct_source,"O ranking da IBJJF associa o atleta à academia ""CheckMat""; o acervo possui 85 pessoa(s) com o mesmo nome de academia. Isso não identifica professor nem comprova graduação."
Sebastiano Giaimo,https://ibjjf.com/athletes/sebastiano-giaimo,Roger Gracie Academy,male,master1,gi,9,6209; 9261,Felipe Mota; Ross Nicholls,2,academy_name_overlap_only,research_lead,never_publish_as_lineage_without_direct_source,"O ranking da IBJJF associa o atleta à academia ""Roger Gracie Academy""; o acervo possui 2 pessoa(s) com o mesmo nome de academia. Isso não identifica professor nem comprova graduação."
Michael Bakhtiyarov,https://ibjjf.com/athletes/michael-bakhtiyarov,Toronto BJJ,male,master1,gi,9.0,8783,Yacinta Nguyen,1,academy_name_overlap_only,research_lead,never_publish_as_lineage_without_direct_source,"O ranking da IBJJF associa o atleta à academia ""Toronto BJJ""; o acervo possui 1 pessoa(s) com o mesmo nome de academia. Isso não identifica professor nem comprova graduação."
Rafael Neves Palermo,https://ibjjf.com/athletes/rafael-palermo,Brazilian Top Team,male,master1,gi,9.0,627; 8409; 249; 232; 1675,Murilo Bustamante; Ricardo Marques; Anderson Pereira; Jose Mario Sperry; Luis Roberto Duarte,6,academy_name_overlap_only,research_lead,never_publish_as_lineage_without_direct_source,"O ranking da IBJJF associa o atleta à academia ""Brazilian Top Team""; o acervo possui 6 pessoa(s) com o mesmo nome de academia. Isso não identifica professor nem comprova graduação."
Rhuan Duarte,https://ibjjf.com/athletes/rhuan-duarte,Zenith BJJ,male,master1,gi,9.0,6006; 11093; 543,Paulo Rezende; Emilio Hernandez; Rodrigo Cavaca,3,academy_name_overlap_only,research_lead,never_publish_as_lineage_without_direct_source,"O ranking da IBJJF associa o atleta à academia ""Zenith BJJ""; o acervo possui 3 pessoa(s) com o mesmo nome de academia. Isso não identifica professor nem comprova graduação."
Franco Harlen do N. Gondin,https://ibjjf.com/athletes/franco-gondin,Nova União,male,master1,gi,9,78; 634; 6756; 4334; 195,Andre Pederneiras; Wendell Alexander; Rodrigo Silva; Andre da Silva; Robson Moura,39,academy_name_overlap_only,research_lead,never_publish_as_lineage_without_direct_source,"O ranking da IBJJF associa o atleta à academia ""Nova União""; o acervo possui 39 pessoa(s) com o mesmo nome de academia. Isso não identifica professor nem comprova graduação."
Kaio Felipe Martins,https://ibjjf.com/athletes/kaio-martins,Gracie Humaita,male,master1,gi,9,515; 903; 1445; 613; 6339,Royler Gracie; Leticia Ribeiro; Rolker Gracie; Wellington Dias; Admilson Brites,34,academy_name_overlap_only,research_lead,never_publish_as_lineage_without_direct_source,"O ranking da IBJJF associa o atleta à academia ""Gracie Humaita""; o acervo possui 34 pessoa(s) com o mesmo nome de academia. Isso não identifica professor nem comprova graduação."
Andre Jose Costa Santos,https://ibjjf.com/athletes/andre-santos-daddbc3d833d,GF Team,male,master1,gi,9,203; 8116; 11917; 2035; 9166,Julio Cesar; Dante Leon; Gabriel Marinho; Vitor Henrique; Alexandre Barauna,50,academy_name_overlap_only,research_lead,never_publish_as_lineage_without_direct_source,"O ranking da IBJJF associa o atleta à academia ""GF Team""; o acervo possui 50 pessoa(s) com o mesmo nome de academia. Isso não identifica professor nem comprova graduação."
Pedro Salgado Vianna,https://ibjjf.com/athletes/pedro-vianna-32678a662fc1,CheckMat,male,master1,gi,9,419; 338; 875; 963; 405,Leonardo Vieira; Ricardo Vieira; Lucas Leite; Carlos Vieira Holanda; Marco Canha,85,academy_name_overlap_only,research_lead,never_publish_as_lineage_without_direct_source,"O ranking da IBJJF associa o atleta à academia ""CheckMat""; o acervo possui 85 pessoa(s) com o mesmo nome de academia. Isso não identifica professor nem comprova graduação."
Adercino de Jesus,https://ibjjf.com/athletes/adercino-jesus,Nova União,male,master1,gi,9,78; 634; 6756; 4334; 195,Andre Pederneiras; Wendell Alexander; Rodrigo Silva; Andre da Silva; Robson Moura,39,academy_name_overlap_only,research_lead,never_publish_as_lineage_without_direct_source,"O ranking da IBJJF associa o atleta à academia ""Nova União""; o acervo possui 39 pessoa(s) com o mesmo nome de academia. Isso não identifica professor nem comprova graduação."
Ederson Antonio do Nascimento Junior,https://ibjjf.com/athletes/ederson-junior,Brazilian Top Team,male,master1,gi,9,627; 8409; 249; 232; 1675,Murilo Bustamante; Ricardo Marques; Anderson Pereira; Jose Mario Sperry; Luis Roberto Duarte,6,academy_name_overlap_only,research_lead,never_publish_as_lineage_without_direct_source,"O ranking da IBJJF associa o atleta à academia ""Brazilian Top Team""; o acervo possui 6 pessoa(s) com o mesmo nome de academia. Isso não identifica professor nem comprova graduação."
Kang Hongbi,https://ibjjf.com/athletes/kang-hongbi,John Frankl Jiu-Jitsu,male,master1,gi,9,8842,Wanki Chae,1,academy_name_overlap_only,research_lead,never_publish_as_lineage_without_direct_source,"O ranking da IBJJF associa o atleta à academia ""John Frankl Jiu-Jitsu""; o acervo possui 1 pessoa(s) com o mesmo nome de academia. Isso não identifica professor nem comprova graduação."
Michael David Maclean,https://ibjjf.com/athletes/michael-maclean,Relson Gracie,male,master1,gi,9,453,Daniel Moraes,1,academy_name_overlap_only,research_lead,never_publish_as_lineage_without_direct_source,"O ranking da IBJJF associa o atleta à academia ""Relson Gracie""; o acervo possui 1 pessoa(s) com o mesmo nome de academia. Isso não identifica professor nem comprova graduação."
Mauricio Fernandes de Holanda Santos,https://ibjjf.com/athletes/mauricio-santos-a07b2461bdb8,Brazilian Top Team,male,master1,gi,9,627; 8409; 249; 232; 1675,Murilo Bustamante; Ricardo Marques; Anderson Pereira; Jose Mario Sperry; Luis Roberto Duarte,6,academy_name_overlap_only,research_lead,never_publish_as_lineage_without_direct_source,"O ranking da IBJJF associa o atleta à academia ""Brazilian Top Team""; o acervo possui 6 pessoa(s) com o mesmo nome de academia. Isso não identifica professor nem comprova graduação."
George Uther Brandão R. Baldessarini,https://ibjjf.com/athletes/george-baldessarini,GF Team,male,master1,gi,9,203; 8116; 11917; 2035; 9166,Julio Cesar; Dante Leon; Gabriel Marinho; Vitor Henrique; Alexandre Barauna,50,academy_name_overlap_only,research_lead,never_publish_as_lineage_without_direct_source,"O ranking da IBJJF associa o atleta à academia ""GF Team""; o acervo possui 50 pessoa(s) com o mesmo nome de academia. Isso não identifica professor nem comprova graduação."
Jordan Louis Stone,https://ibjjf.com/athletes/jordan-stone,Big Brothers,male,master1,gi,9,6403,Leonardo Dalla,1,academy_name_overlap_only,research_lead,never_publish_as_lineage_without_direct_source,"O ranking da IBJJF associa o atleta à academia ""Big Brothers""; o acervo possui 1 pessoa(s) com o mesmo nome de academia. Isso não identifica professor nem comprova graduação."
Dyego Fernandes,https://ibjjf.com/athletes/dyego-fernandes,GF Team,male,master1,gi,8,203; 8116; 11917; 2035; 9166,Julio Cesar; Dante Leon; Gabriel Marinho; Vitor Henrique; Alexandre Barauna,50,academy_name_overlap_only,research_lead,never_publish_as_lineage_without_direct_source,"O ranking da IBJJF associa o atleta à academia ""GF Team""; o acervo possui 50 pessoa(s) com o mesmo nome de academia. Isso não identifica professor nem comprova graduação."
Oscar Fernández Calderón,https://ibjjf.com/athletes/oscar-calderon-17696e5bfc68,CFC Team,male,master1,gi,8,9697,Sergio Calderon,1,academy_name_overlap_only,research_lead,never_publish_as_lineage_without_direct_source,"O ranking da IBJJF associa o atleta à academia ""CFC Team""; o acervo possui 1 pessoa(s) com o mesmo nome de academia. Isso não identifica professor nem comprova graduação."
Stuart L Batta,https://ibjjf.com/athletes/stuart-batta,Team Shawn Hammonds,male,master1,gi,8,9845,Chad Hardy,1,academy_name_overlap_only,research_lead,never_publish_as_lineage_without_direct_source,"O ranking da IBJJF associa o atleta à academia ""Team Shawn Hammonds""; o acervo possui 1 pessoa(s) com o mesmo nome de academia. Isso não identifica professor nem comprova graduação."
Othon Bruno M. Mendonça,https://ibjjf.com/athletes/othon-mendonca,GF Team,male,master1,gi,8,203; 8116; 11917; 2035; 9166,Julio Cesar; Dante Leon; Gabriel Marinho; Vitor Henrique; Alexandre Barauna,50,academy_name_overlap_only,research_lead,never_publish_as_lineage_without_direct_source,"O ranking da IBJJF associa o atleta à academia ""GF Team""; o acervo possui 50 pessoa(s) com o mesmo nome de academia. Isso não identifica professor nem comprova graduação."
Alex Luiz de Jesus Portella,https://ibjjf.com/athletes/alex-portella,GF Team,male,master1,gi,8,203; 8116; 11917; 2035; 9166,Julio Cesar; Dante Leon; Gabriel Marinho; Vitor Henrique; Alexandre Barauna,50,academy_name_overlap_only,research_lead,never_publish_as_lineage_without_direct_source,"O ranking da IBJJF associa o atleta à academia ""GF Team""; o acervo possui 50 pessoa(s) com o mesmo nome de academia. Isso não identifica professor nem comprova graduação."
Sebastian Andres Alvarado San Andres,https://ibjjf.com/athletes/sebastian-alvarado,AOJ,male,master1,gi,8,415; 179; 13326; 12554; 11690,Guilherme Mendes; Rafael Mendes; Hiryu Niwa; Iasmin Casser; Jessa Khan,10,academy_name_overlap_only,research_lead,never_publish_as_lineage_without_direct_source,"O ranking da IBJJF associa o atleta à academia ""AOJ""; o acervo possui 10 pessoa(s) com o mesmo nome de academia. Isso não identifica professor nem comprova graduação."
Guilherme  Peres de Oliveira,https://ibjjf.com/athletes/guilherme-oliveira-e25e158647d6,GF Team,male,master1,gi,8,203; 8116; 11917; 2035; 9166,Julio Cesar; Dante Leon; Gabriel Marinho; Vitor Henrique; Alexandre Barauna,50,academy_name_overlap_only,research_lead,never_publish_as_lineage_without_direct_source,"O ranking da IBJJF associa o atleta à academia ""GF Team""; o acervo possui 50 pessoa(s) com o mesmo nome de academia. Isso não identifica professor nem comprova graduação."
Klevulys Lucindo Pereira,https://ibjjf.com/athletes/klevulys-pereira,Toronto BJJ,male,master1,gi,7.5,8783,Yacinta Nguyen,1,academy_name_overlap_only,research_lead,never_publish_as_lineage_without_direct_source,"O ranking da IBJJF associa o atleta à academia ""Toronto BJJ""; o acervo possui 1 pessoa(s) com o mesmo nome de academia. Isso não identifica professor nem comprova graduação."
Alejandro Colin,https://ibjjf.com/athletes/alejandro-colin,Fight Sports,male,master1,gi,7,224; 11384; 12178; 13473; 13031,Roberto Abreu; Andre Porfirio; Joao Costa; Kauane Silva; Lucas Lisboa,12,academy_name_overlap_only,research_lead,never_publish_as_lineage_without_direct_source,"O ranking da IBJJF associa o atleta à academia ""Fight Sports""; o acervo possui 12 pessoa(s) com o mesmo nome de academia. Isso não identifica professor nem comprova graduação."
Alan dos Santos Silva,https://ibjjf.com/athletes/alan-silva-8864695becae,CheckMat,male,master1,gi,7,419; 338; 875; 963; 405,Leonardo Vieira; Ricardo Vieira; Lucas Leite; Carlos Vieira Holanda; Marco Canha,85,academy_name_overlap_only,research_lead,never_publish_as_lineage_without_direct_source,"O ranking da IBJJF associa o atleta à academia ""CheckMat""; o acervo possui 85 pessoa(s) com o mesmo nome de academia. Isso não identifica professor nem comprova graduação."
Janderson Vicente da Silva,https://ibjjf.com/athletes/janderson-silva,CheckMat,male,master1,gi,7,419; 338; 875; 963; 405,Leonardo Vieira; Ricardo Vieira; Lucas Leite; Carlos Vieira Holanda; Marco Canha,85,academy_name_overlap_only,research_lead,never_publish_as_lineage_without_direct_source,"O ranking da IBJJF associa o atleta à academia ""CheckMat""; o acervo possui 85 pessoa(s) com o mesmo nome de academia. Isso não identifica professor nem comprova graduação."
Antonio Francisco Rocha Barros,https://ibjjf.com/athletes/antonio-barros-9474bb7e2cbb,The Match Champ,male,master1,gi,6,12201,Maria Eduarda Tozoni,1,academy_name_overlap_only,research_lead,never_publish_as_lineage_without_direct_source,"O ranking da IBJJF associa o atleta à academia ""The Match Champ""; o acervo possui 1 pessoa(s) com o mesmo nome de academia. Isso não identifica professor nem comprova graduação."
Eduardo Maues de Jesus,https://ibjjf.com/athletes/eduardo-jesus,Fight Sports,male,master1,gi,6,224; 11384; 12178; 13473; 13031,Roberto Abreu; Andre Porfirio; Joao Costa; Kauane Silva; Lucas Lisboa,12,academy_name_overlap_only,research_lead,never_publish_as_lineage_without_direct_source,"O ranking da IBJJF associa o atleta à academia ""Fight Sports""; o acervo possui 12 pessoa(s) com o mesmo nome de academia. Isso não identifica professor nem comprova graduação."
Wesley dos Santos Rosa,https://ibjjf.com/athletes/wesley-rosa,Striker JJ,male,master1,gi,6,12277,Pedro Agrizzi,1,academy_name_overlap_only,research_lead,never_publish_as_lineage_without_direct_source,"O ranking da IBJJF associa o atleta à academia ""Striker JJ""; o acervo possui 1 pessoa(s) com o mesmo nome de academia. Isso não identifica professor nem comprova graduação."
Fylipe Pires de Almeida Chaves,https://ibjjf.com/athletes/fylipe-chaves,CheckMat,male,master1,gi,6,419; 338; 875; 963; 405,Leonardo Vieira; Ricardo Vieira; Lucas Leite; Carlos Vieira Holanda; Marco Canha,85,academy_name_overlap_only,research_lead,never_publish_as_lineage_without_direct_source,"O ranking da IBJJF associa o atleta à academia ""CheckMat""; o acervo possui 85 pessoa(s) com o mesmo nome de academia. Isso não identifica professor nem comprova graduação."
Omar A. Jimenez,https://ibjjf.com/athletes/omar-jimenez,Renzo Gracie Academy,male,master1,gi,6,10000; 5649; 7442; 9760; 5617,Doug Pelinkovic; Gary Tonon; Edward Cummings; Frank Rosenthal; Jamie Cruz,10,academy_name_overlap_only,research_lead,never_publish_as_lineage_without_direct_source,"O ranking da IBJJF associa o atleta à academia ""Renzo Gracie Academy""; o acervo possui 10 pessoa(s) com o mesmo nome de academia. Isso não identifica professor nem comprova graduação."
Breno Hoyos Guimarães,https://ibjjf.com/athletes/breno-guimaraes,Gracie Humaita,male,master1,gi,6,515; 903; 1445; 613; 6339,Royler Gracie; Leticia Ribeiro; Rolker Gracie; Wellington Dias; Admilson Brites,34,academy_name_overlap_only,research_lead,never_publish_as_lineage_without_direct_source,"O ranking da IBJJF associa o atleta à academia ""Gracie Humaita""; o acervo possui 34 pessoa(s) com o mesmo nome de academia. Isso não identifica professor nem comprova graduação."
Rafael Ferreira da Silva,https://ibjjf.com/athletes/rafael-silva-a89e617ad712,PSLPB Cicero Costha,male,master1,gi,6,1155; 13076; 7704; 6151; 13062,Cicero Costha; Francisco Lo; Helton Jose Junior; Hiago George; Leonardo Mario,5,academy_name_overlap_only,research_lead,never_publish_as_lineage_without_direct_source,"O ranking da IBJJF associa o atleta à academia ""PSLPB Cicero Costha""; o acervo possui 5 pessoa(s) com o mesmo nome de academia. Isso não identifica professor nem comprova graduação."
Bartosz Paweł Lewandowski,https://ibjjf.com/athletes/bartosz-lewandowski,Roger Gracie Academy,male,master1,gi,4.5,6209; 9261,Felipe Mota; Ross Nicholls,2,academy_name_overlap_only,research_lead,never_publish_as_lineage_without_direct_source,"O ranking da IBJJF associa o atleta à academia ""Roger Gracie Academy""; o acervo possui 2 pessoa(s) com o mesmo nome de academia. Isso não identifica professor nem comprova graduação."
Magno de Souza Luz,https://ibjjf.com/athletes/magno-luz,PSLPB Cicero Costha,male,master1,gi,4,1155; 13076; 7704; 6151; 13062,Cicero Costha; Francisco Lo; Helton Jose Junior; Hiago George; Leonardo Mario,5,academy_name_overlap_only,research_lead,never_publish_as_lineage_without_direct_source,"O ranking da IBJJF associa o atleta à academia ""PSLPB Cicero Costha""; o acervo possui 5 pessoa(s) com o mesmo nome de academia. Isso não identifica professor nem comprova graduação."
Glaucio Luiz dos Santos Rosa,https://ibjjf.com/athletes/glaucio-rosa,GF Team,male,master1,gi,4,203; 8116; 11917; 2035; 9166,Julio Cesar; Dante Leon; Gabriel Marinho; Vitor Henrique; Alexandre Barauna,50,academy_name_overlap_only,research_lead,never_publish_as_lineage_without_direct_source,"O ranking da IBJJF associa o atleta à academia ""GF Team""; o acervo possui 50 pessoa(s) com o mesmo nome de academia. Isso não identifica professor nem comprova graduação."
Christopher Shawn Parise,https://ibjjf.com/athletes/christopher-parise,Big Brothers,male,master1,gi,4,6403,Leonardo Dalla,1,academy_name_overlap_only,research_lead,never_publish_as_lineage_without_direct_source,"O ranking da IBJJF associa o atleta à academia ""Big Brothers""; o acervo possui 1 pessoa(s) com o mesmo nome de academia. Isso não identifica professor nem comprova graduação."
Caique Rodrigues Honorio,https://ibjjf.com/athletes/caique-honorio,CheckMat,male,master1,gi,4,419; 338; 875; 963; 405,Leonardo Vieira; Ricardo Vieira; Lucas Leite; Carlos Vieira Holanda; Marco Canha,85,academy_name_overlap_only,research_lead,never_publish_as_lineage_without_direct_source,"O ranking da IBJJF associa o atleta à academia ""CheckMat""; o acervo possui 85 pessoa(s) com o mesmo nome de academia. Isso não identifica professor nem comprova graduação."
Alexandre de Kallys F. E. Rodrigues,https://ibjjf.com/athletes/alexandre-rodrigues-3e2191ee70ca,CheckMat,male,master1,gi,4,419; 338; 875; 963; 405,Leonardo Vieira; Ricardo Vieira; Lucas Leite; Carlos Vieira Holanda; Marco Canha,85,academy_name_overlap_only,research_lead,never_publish_as_lineage_without_direct_source,"O ranking da IBJJF associa o atleta à academia ""CheckMat""; o acervo possui 85 pessoa(s) com o mesmo nome de academia. Isso não identifica professor nem comprova graduação."
Luan Fernandes de  Souza,https://ibjjf.com/athletes/luan-souza-4e4bfaa0b94d,GF Team,male,master1,gi,4,203; 8116; 11917; 2035; 9166,Julio Cesar; Dante Leon; Gabriel Marinho; Vitor Henrique; Alexandre Barauna,50,academy_name_overlap_only,research_lead,never_publish_as_lineage_without_direct_source,"O ranking da IBJJF associa o atleta à academia ""GF Team""; o acervo possui 50 pessoa(s) com o mesmo nome de academia. Isso não identifica professor nem comprova graduação."
David Samuel Wilcox,https://ibjjf.com/athletes/david-wilcox,Toronto BJJ,male,master1,gi,3,8783,Yacinta Nguyen,1,academy_name_overlap_only,research_lead,never_publish_as_lineage_without_direct_source,"O ranking da IBJJF associa o atleta à academia ""Toronto BJJ""; o acervo possui 1 pessoa(s) com o mesmo nome de academia. Isso não identifica professor nem comprova graduação."
Gabriel Alves dos Santos,https://ibjjf.com/athletes/gabriel-santos-d3648931d52d,GF Team,male,master1,gi,3,203; 8116; 11917; 2035; 9166,Julio Cesar; Dante Leon; Gabriel Marinho; Vitor Henrique; Alexandre Barauna,50,academy_name_overlap_only,research_lead,never_publish_as_lineage_without_direct_source,"O ranking da IBJJF associa o atleta à academia ""GF Team""; o acervo possui 50 pessoa(s) com o mesmo nome de academia. Isso não identifica professor nem comprova graduação."
Jaisson Roberto Santos Amarante,https://ibjjf.com/athletes/jaisson-amarante,Ns Brotherhood,male,master1,gi,3,1188; 7256,Leandro Lo; Jan Buatim,2,academy_name_overlap_only,research_lead,never_publish_as_lineage_without_direct_source,"O ranking da IBJJF associa o atleta à academia ""Ns Brotherhood""; o acervo possui 2 pessoa(s) com o mesmo nome de academia. Isso não identifica professor nem comprova graduação."
Matthew Edward Pasquale,https://ibjjf.com/athletes/matthew-pasquale,Toronto BJJ,male,master1,gi,3,8783,Yacinta Nguyen,1,academy_name_overlap_only,research_lead,never_publish_as_lineage_without_direct_source,"O ranking da IBJJF associa o atleta à academia ""Toronto BJJ""; o acervo possui 1 pessoa(s) com o mesmo nome de academia. Isso não identifica professor nem comprova graduação."
Randy William Sheets,https://ibjjf.com/athletes/randy-sheets,Bjj Conquest,male,master1,gi,3,7732,Vicente Junior,1,academy_name_overlap_only,research_lead,never_publish_as_lineage_without_direct_source,"O ranking da IBJJF associa o atleta à academia ""Bjj Conquest""; o acervo possui 1 pessoa(s) com o mesmo nome de academia. Isso não identifica professor nem comprova graduação."
Albert Sant'anna de Carvalho,https://ibjjf.com/athletes/albert-carvalho,GF Team,male,master1,gi,3,203; 8116; 11917; 2035; 9166,Julio Cesar; Dante Leon; Gabriel Marinho; Vitor Henrique; Alexandre Barauna,50,academy_name_overlap_only,research_lead,never_publish_as_lineage_without_direct_source,"O ranking da IBJJF associa o atleta à academia ""GF Team""; o acervo possui 50 pessoa(s) com o mesmo nome de academia. Isso não identifica professor nem comprova graduação."
Jim Roger Joji Eriksson,https://ibjjf.com/athletes/jim-eriksson,Carpe Diem,male,master1,gi,3,9152; 7645; 9559; 6060,Daisuke Shiraki; Masahiro Iwasaki; Rida Haisam; Tomoyuki Hashimoto,4,academy_name_overlap_only,research_lead,never_publish_as_lineage_without_direct_source,"O ranking da IBJJF associa o atleta à academia ""Carpe Diem""; o acervo possui 4 pessoa(s) com o mesmo nome de academia. Isso não identifica professor nem comprova graduação."
Paulo Cesar Yaginuma,https://ibjjf.com/athletes/paulo-yaginuma,Carpe Diem,male,master1,gi,3,9152; 7645; 9559; 6060,Daisuke Shiraki; Masahiro Iwasaki; Rida Haisam; Tomoyuki Hashimoto,4,academy_name_overlap_only,research_lead,never_publish_as_lineage_without_direct_source,"O ranking da IBJJF associa o atleta à academia ""Carpe Diem""; o acervo possui 4 pessoa(s) com o mesmo nome de academia. Isso não identifica professor nem comprova graduação."
Daniel Hudson Gomes Nunes,https://ibjjf.com/athletes/daniel-nunes-02e077ebc75a,Demian Maia Jiu-Jitsu,male,master1,gi,3,7103,Wagner Mota,1,academy_name_overlap_only,research_lead,never_publish_as_lineage_without_direct_source,"O ranking da IBJJF associa o atleta à academia ""Demian Maia Jiu-Jitsu""; o acervo possui 1 pessoa(s) com o mesmo nome de academia. Isso não identifica professor nem comprova graduação."
Robson Santana da Costa Oliveira,https://ibjjf.com/athletes/robson-oliveira-10b5e2329463,De La Riva JJ,male,master1,gi,3,7928,Claudia Doval,1,academy_name_overlap_only,research_lead,never_publish_as_lineage_without_direct_source,"O ranking da IBJJF associa o atleta à academia ""De La Riva JJ""; o acervo possui 1 pessoa(s) com o mesmo nome de academia. Isso não identifica professor nem comprova graduação."
Emil Joseph,https://ibjjf.com/athletes/emil-joseph,Toronto BJJ,male,master1,gi,3,8783,Yacinta Nguyen,1,academy_name_overlap_only,research_lead,never_publish_as_lineage_without_direct_source,"O ranking da IBJJF associa o atleta à academia ""Toronto BJJ""; o acervo possui 1 pessoa(s) com o mesmo nome de academia. Isso não identifica professor nem comprova graduação."
Eliandro Soares de Carvalho,https://ibjjf.com/athletes/eliandro-4ec06da21101,Nova União,male,master1,gi,3,78; 634; 6756; 4334; 195,Andre Pederneiras; Wendell Alexander; Rodrigo Silva; Andre da Silva; Robson Moura,39,academy_name_overlap_only,research_lead,never_publish_as_lineage_without_direct_source,"O ranking da IBJJF associa o atleta à academia ""Nova União""; o acervo possui 39 pessoa(s) com o mesmo nome de academia. Isso não identifica professor nem comprova graduação."
Zeolino Pereira Martins,https://ibjjf.com/athletes/zeolino-martins,Nova União,male,master1,gi,3,78; 634; 6756; 4334; 195,Andre Pederneiras; Wendell Alexander; Rodrigo Silva; Andre da Silva; Robson Moura,39,academy_name_overlap_only,research_lead,never_publish_as_lineage_without_direct_source,"O ranking da IBJJF associa o atleta à academia ""Nova União""; o acervo possui 39 pessoa(s) com o mesmo nome de academia. Isso não identifica professor nem comprova graduação."
Marcio Fabricio Fernandes da Paixão,https://ibjjf.com/athletes/marcio-paixao-7a7f98277e90,CheckMat,male,master1,gi,3,419; 338; 875; 963; 405,Leonardo Vieira; Ricardo Vieira; Lucas Leite; Carlos Vieira Holanda; Marco Canha,85,academy_name_overlap_only,research_lead,never_publish_as_lineage_without_direct_source,"O ranking da IBJJF associa o atleta à academia ""CheckMat""; o acervo possui 85 pessoa(s) com o mesmo nome de academia. Isso não identifica professor nem comprova graduação."
Klewerton Jonathans Ribeiro da Silva,https://ibjjf.com/athletes/klewerton-silva,Nova União,male,master1,gi,3,78; 634; 6756; 4334; 195,Andre Pederneiras; Wendell Alexander; Rodrigo Silva; Andre da Silva; Robson Moura,39,academy_name_overlap_only,research_lead,never_publish_as_lineage_without_direct_source,"O ranking da IBJJF associa o atleta à academia ""Nova União""; o acervo possui 39 pessoa(s) com o mesmo nome de academia. Isso não identifica professor nem comprova graduação."
Leandro de Paula Guimaraes,https://ibjjf.com/athletes/leandro-guimaraes-25be8ba39382,GF Team,male,master1,gi,3,203; 8116; 11917; 2035; 9166,Julio Cesar; Dante Leon; Gabriel Marinho; Vitor Henrique; Alexandre Barauna,50,academy_name_overlap_only,research_lead,never_publish_as_lineage_without_direct_source,"O ranking da IBJJF associa o atleta à academia ""GF Team""; o acervo possui 50 pessoa(s) com o mesmo nome de academia. Isso não identifica professor nem comprova graduação."
Igor Pio Freitas,https://ibjjf.com/athletes/igor-freitas,GF Team,male,master1,gi,3,203; 8116; 11917; 2035; 9166,Julio Cesar; Dante Leon; Gabriel Marinho; Vitor Henrique; Alexandre Barauna,50,academy_name_overlap_only,research_lead,never_publish_as_lineage_without_direct_source,"O ranking da IBJJF associa o atleta à academia ""GF Team""; o acervo possui 50 pessoa(s) com o mesmo nome de academia. Isso não identifica professor nem comprova graduação."
Rodrigo da Silva Muniz Santos,https://ibjjf.com/athletes/rodrigo-santos-a330565a7c2f,GF Team,male,master1,gi,3,203; 8116; 11917; 2035; 9166,Julio Cesar; Dante Leon; Gabriel Marinho; Vitor Henrique; Alexandre Barauna,50,academy_name_overlap_only,research_lead,never_publish_as_lineage_without_direct_source,"O ranking da IBJJF associa o atleta à academia ""GF Team""; o acervo possui 50 pessoa(s) com o mesmo nome de academia. Isso não identifica professor nem comprova graduação."
Marcelo Cristian Jose Bruzzo,https://ibjjf.com/athletes/marcelo-bruzzo,Fight Sports,male,master1,gi,3,224; 11384; 12178; 13473; 13031,Roberto Abreu; Andre Porfirio; Joao Costa; Kauane Silva; Lucas Lisboa,12,academy_name_overlap_only,research_lead,never_publish_as_lineage_without_direct_source,"O ranking da IBJJF associa o atleta à academia ""Fight Sports""; o acervo possui 12 pessoa(s) com o mesmo nome de academia. Isso não identifica professor nem comprova graduação."
Cody Elmore Jones,https://ibjjf.com/athletes/cody-jones,Roberto Traven BJJ,male,master1,gi,3,7079,Carlos Farias,1,academy_name_overlap_only,research_lead,never_publish_as_lineage_without_direct_source,"O ranking da IBJJF associa o atleta à academia ""Roberto Traven BJJ""; o acervo possui 1 pessoa(s) com o mesmo nome de academia. Isso não identifica professor nem comprova graduação."
Guerin Wayne Lewis,https://ibjjf.com/athletes/guerin-lewis,Team Shawn Hammonds,male,master1,gi,3,9845,Chad Hardy,1,academy_name_overlap_only,research_lead,never_publish_as_lineage_without_direct_source,"O ranking da IBJJF associa o atleta à academia ""Team Shawn Hammonds""; o acervo possui 1 pessoa(s) com o mesmo nome de academia. Isso não identifica professor nem comprova graduação."
James  Marshall Wallace,https://ibjjf.com/athletes/james-wallace,American Top Team,male,master1,gi,3,591; 1716; 975; 1713; 3479,Ricardo Liborio; Andre Almeida; Jonatas Gurgel; Fabiano Silva; Gezary Matuda,7,academy_name_overlap_only,research_lead,never_publish_as_lineage_without_direct_source,"O ranking da IBJJF associa o atleta à academia ""American Top Team""; o acervo possui 7 pessoa(s) com o mesmo nome de academia. Isso não identifica professor nem comprova graduação."
Matheus dos Santos Castro,https://ibjjf.com/athletes/matheus-castro-33946f5fe80b,Lotus Club,male,master1,gi,3,14205,Alexandre Manara,1,academy_name_overlap_only,research_lead,never_publish_as_lineage_without_direct_source,"O ranking da IBJJF associa o atleta à academia ""Lotus Club""; o acervo possui 1 pessoa(s) com o mesmo nome de academia. Isso não identifica professor nem comprova graduação."
Breno Barboza Souza Silva,https://ibjjf.com/athletes/breno-silva-767132874acc,CheckMat,male,master1,gi,3,419; 338; 875; 963; 405,Leonardo Vieira; Ricardo Vieira; Lucas Leite; Carlos Vieira Holanda; Marco Canha,85,academy_name_overlap_only,research_lead,never_publish_as_lineage_without_direct_source,"O ranking da IBJJF associa o atleta à academia ""CheckMat""; o acervo possui 85 pessoa(s) com o mesmo nome de academia. Isso não identifica professor nem comprova graduação."
Franklin Lima de Oliveira Junior,https://ibjjf.com/athletes/franklin-junior-5eacff4afa71,CheckMat,male,master1,gi,3,419; 338; 875; 963; 405,Leonardo Vieira; Ricardo Vieira; Lucas Leite; Carlos Vieira Holanda; Marco Canha,85,academy_name_overlap_only,research_lead,never_publish_as_lineage_without_direct_source,"O ranking da IBJJF associa o atleta à academia ""CheckMat""; o acervo possui 85 pessoa(s) com o mesmo nome de academia. Isso não identifica professor nem comprova graduação."
Itamar Marcelo Dias Neves,https://ibjjf.com/athletes/itamar-neves,GF Team,male,master1,gi,3,203; 8116; 11917; 2035; 9166,Julio Cesar; Dante Leon; Gabriel Marinho; Vitor Henrique; Alexandre Barauna,50,academy_name_overlap_only,research_lead,never_publish_as_lineage_without_direct_source,"O ranking da IBJJF associa o atleta à academia ""GF Team""; o acervo possui 50 pessoa(s) com o mesmo nome de academia. Isso não identifica professor nem comprova graduação."
Paulo Ricardo Vieira Frederes,https://ibjjf.com/athletes/paulo-frederes,CheckMat,male,master1,gi,3,419; 338; 875; 963; 405,Leonardo Vieira; Ricardo Vieira; Lucas Leite; Carlos Vieira Holanda; Marco Canha,85,academy_name_overlap_only,research_lead,never_publish_as_lineage_without_direct_source,"O ranking da IBJJF associa o atleta à academia ""CheckMat""; o acervo possui 85 pessoa(s) com o mesmo nome de academia. Isso não identifica professor nem comprova graduação."
Yan Carlson Alves Marques,https://ibjjf.com/athletes/yan-marques,GF Team,male,master1,gi,3,203; 8116; 11917; 2035; 9166,Julio Cesar; Dante Leon; Gabriel Marinho; Vitor Henrique; Alexandre Barauna,50,academy_name_overlap_only,research_lead,never_publish_as_lineage_without_direct_source,"O ranking da IBJJF associa o atleta à academia ""GF Team""; o acervo possui 50 pessoa(s) com o mesmo nome de academia. Isso não identifica professor nem comprova graduação."
Kevin Chung,https://ibjjf.com/athletes/kevin-chung,Big Brothers,male,master1,gi,3,6403,Leonardo Dalla,1,academy_name_overlap_only,research_lead,never_publish_as_lineage_without_direct_source,"O ranking da IBJJF associa o atleta à academia ""Big Brothers""; o acervo possui 1 pessoa(s) com o mesmo nome de academia. Isso não identifica professor nem comprova graduação."
Leonir Irineu de Castro,https://ibjjf.com/athletes/leonir-castro,PSLPB Cicero Costha,male,master1,gi,2,1155; 13076; 7704; 6151; 13062,Cicero Costha; Francisco Lo; Helton Jose Junior; Hiago George; Leonardo Mario,5,academy_name_overlap_only,research_lead,never_publish_as_lineage_without_direct_source,"O ranking da IBJJF associa o atleta à academia ""PSLPB Cicero Costha""; o acervo possui 5 pessoa(s) com o mesmo nome de academia. Isso não identifica professor nem comprova graduação."
Luciano Mariano,https://ibjjf.com/athletes/luciano-mariano,Top Brother,male,master1,gi,2,2512; 1386,Cezar Guimarães; Davi Ramos,2,academy_name_overlap_only,research_lead,never_publish_as_lineage_without_direct_source,"O ranking da IBJJF associa o atleta à academia ""Top Brother""; o acervo possui 2 pessoa(s) com o mesmo nome de academia. Isso não identifica professor nem comprova graduação."
Luiz Felipe Vicente da Silva,https://ibjjf.com/athletes/luiz-silva-987fa5a8a834,GF Team,male,master1,gi,2,203; 8116; 11917; 2035; 9166,Julio Cesar; Dante Leon; Gabriel Marinho; Vitor Henrique; Alexandre Barauna,50,academy_name_overlap_only,research_lead,never_publish_as_lineage_without_direct_source,"O ranking da IBJJF associa o atleta à academia ""GF Team""; o acervo possui 50 pessoa(s) com o mesmo nome de academia. Isso não identifica professor nem comprova graduação."
Flávio Andrade dos Santos,https://ibjjf.com/athletes/flavio-santos-1dd17f09353d,De La Riva JJ,male,master1,gi,2,7928,Claudia Doval,1,academy_name_overlap_only,research_lead,never_publish_as_lineage_without_direct_source,"O ranking da IBJJF associa o atleta à academia ""De La Riva JJ""; o acervo possui 1 pessoa(s) com o mesmo nome de academia. Isso não identifica professor nem comprova graduação."
Luan Goncalves Pinto Piquera Giacobino,https://ibjjf.com/athletes/luan-giacobino,CheckMat,male,master1,gi,2,419; 338; 875; 963; 405,Leonardo Vieira; Ricardo Vieira; Lucas Leite; Carlos Vieira Holanda; Marco Canha,85,academy_name_overlap_only,research_lead,never_publish_as_lineage_without_direct_source,"O ranking da IBJJF associa o atleta à academia ""CheckMat""; o acervo possui 85 pessoa(s) com o mesmo nome de academia. Isso não identifica professor nem comprova graduação."
Felipe Rafael Pinheiro Maciel,https://ibjjf.com/athletes/felipe-maciel-663094e82cc1,Lotus Club,male,master1,gi,2,14205,Alexandre Manara,1,academy_name_overlap_only,research_lead,never_publish_as_lineage_without_direct_source,"O ranking da IBJJF associa o atleta à academia ""Lotus Club""; o acervo possui 1 pessoa(s) com o mesmo nome de academia. Isso não identifica professor nem comprova graduação."
Joseph Andrew Ciotti,https://ibjjf.com/athletes/jay-ciotti,Fight Sports,male,master1,gi,2,224; 11384; 12178; 13473; 13031,Roberto Abreu; Andre Porfirio; Joao Costa; Kauane Silva; Lucas Lisboa,12,academy_name_overlap_only,research_lead,never_publish_as_lineage_without_direct_source,"O ranking da IBJJF associa o atleta à academia ""Fight Sports""; o acervo possui 12 pessoa(s) com o mesmo nome de academia. Isso não identifica professor nem comprova graduação."
Yuri farias Spineli Lopes,https://ibjjf.com/athletes/yuri,Guigo JJ,male,master1,gi,2,693; 11423; 9483; 11766; 1624,Luiz Guilherme; Meyram Maquine; Eduardo Lopes; Gabriel Costa; Leonardo Arruda,5,academy_name_overlap_only,research_lead,never_publish_as_lineage_without_direct_source,"O ranking da IBJJF associa o atleta à academia ""Guigo JJ""; o acervo possui 5 pessoa(s) com o mesmo nome de academia. Isso não identifica professor nem comprova graduação."
João Jonas de Albuquerque Bisneto,https://ibjjf.com/athletes/joao-bisneto-3ac4ba2adf5b,GF Team,male,master1,gi,2,203; 8116; 11917; 2035; 9166,Julio Cesar; Dante Leon; Gabriel Marinho; Vitor Henrique; Alexandre Barauna,50,academy_name_overlap_only,research_lead,never_publish_as_lineage_without_direct_source,"O ranking da IBJJF associa o atleta à academia ""GF Team""; o acervo possui 50 pessoa(s) com o mesmo nome de academia. Isso não identifica professor nem comprova graduação."
Aslhan Vinícius da Silva Santana,https://ibjjf.com/athletes/aslhan-santana,CheckMat,male,master1,gi,2,419; 338; 875; 963; 405,Leonardo Vieira; Ricardo Vieira; Lucas Leite; Carlos Vieira Holanda; Marco Canha,85,academy_name_overlap_only,research_lead,never_publish_as_lineage_without_direct_source,"O ranking da IBJJF associa o atleta à academia ""CheckMat""; o acervo possui 85 pessoa(s) com o mesmo nome de academia. Isso não identifica professor nem comprova graduação."
Iago da Cunha Magalhães,https://ibjjf.com/athletes/iago-magalhaes,CheckMat,male,master1,gi,2,419; 338; 875; 963; 405,Leonardo Vieira; Ricardo Vieira; Lucas Leite; Carlos Vieira Holanda; Marco Canha,85,academy_name_overlap_only,research_lead,never_publish_as_lineage_without_direct_source,"O ranking da IBJJF associa o atleta à academia ""CheckMat""; o acervo possui 85 pessoa(s) com o mesmo nome de academia. Isso não identifica professor nem comprova graduação."
Kauê Júlio Rodrigues,https://ibjjf.com/athletes/kaue-rodrigues,The Match Champ,male,master1,gi,2,12201,Maria Eduarda Tozoni,1,academy_name_overlap_only,research_lead,never_publish_as_lineage_without_direct_source,"O ranking da IBJJF associa o atleta à academia ""The Match Champ""; o acervo possui 1 pessoa(s) com o mesmo nome de academia. Isso não identifica professor nem comprova graduação."
Alberto Souza Barros,https://ibjjf.com/athletes/alberto-barros,GF Team,male,master1,gi,2,203; 8116; 11917; 2035; 9166,Julio Cesar; Dante Leon; Gabriel Marinho; Vitor Henrique; Alexandre Barauna,50,academy_name_overlap_only,research_lead,never_publish_as_lineage_without_direct_source,"O ranking da IBJJF associa o atleta à academia ""GF Team""; o acervo possui 50 pessoa(s) com o mesmo nome de academia. Isso não identifica professor nem comprova graduação."
Caio Cesar Pinto dos Santos,https://ibjjf.com/athletes/caio-santos-4f360a8115eb,Gracie Humaita,male,master1,gi,2,515; 903; 1445; 613; 6339,Royler Gracie; Leticia Ribeiro; Rolker Gracie; Wellington Dias; Admilson Brites,34,academy_name_overlap_only,research_lead,never_publish_as_lineage_without_direct_source,"O ranking da IBJJF associa o atleta à academia ""Gracie Humaita""; o acervo possui 34 pessoa(s) com o mesmo nome de academia. Isso não identifica professor nem comprova graduação."
Daniel Cardoso Luz Telles,https://ibjjf.com/athletes/daniel-telles,GF Team,male,master1,gi,2,203; 8116; 11917; 2035; 9166,Julio Cesar; Dante Leon; Gabriel Marinho; Vitor Henrique; Alexandre Barauna,50,academy_name_overlap_only,research_lead,never_publish_as_lineage_without_direct_source,"O ranking da IBJJF associa o atleta à academia ""GF Team""; o acervo possui 50 pessoa(s) com o mesmo nome de academia. Isso não identifica professor nem comprova graduação."
Djalma Guilherme Bauer de Oliveira,https://ibjjf.com/athletes/djalma-oliveira,GF Team,male,master1,gi,2,203; 8116; 11917; 2035; 9166,Julio Cesar; Dante Leon; Gabriel Marinho; Vitor Henrique; Alexandre Barauna,50,academy_name_overlap_only,research_lead,never_publish_as_lineage_without_direct_source,"O ranking da IBJJF associa o atleta à academia ""GF Team""; o acervo possui 50 pessoa(s) com o mesmo nome de academia. Isso não identifica professor nem comprova graduação."
Brandon F Rios,https://ibjjf.com/athletes/brandon-rios,Sektor BJJ,male,master1,gi,2,12617,Sean Roberts,1,academy_name_overlap_only,research_lead,never_publish_as_lineage_without_direct_source,"O ranking da IBJJF associa o atleta à academia ""Sektor BJJ""; o acervo possui 1 pessoa(s) com o mesmo nome de academia. Isso não identifica professor nem comprova graduação."
Stephen Thomas Bonfardin,https://ibjjf.com/athletes/stephen-bonfardin,Fight Sports,male,master1,gi,2,224; 11384; 12178; 13473; 13031,Roberto Abreu; Andre Porfirio; Joao Costa; Kauane Silva; Lucas Lisboa,12,academy_name_overlap_only,research_lead,never_publish_as_lineage_without_direct_source,"O ranking da IBJJF associa o atleta à academia ""Fight Sports""; o acervo possui 12 pessoa(s) com o mesmo nome de academia. Isso não identifica professor nem comprova graduação."
Dayron Vazquez,https://ibjjf.com/athletes/dayron-vazquez,Renzo Gracie Academy,male,master1,gi,2,10000; 5649; 7442; 9760; 5617,Doug Pelinkovic; Gary Tonon; Edward Cummings; Frank Rosenthal; Jamie Cruz,10,academy_name_overlap_only,research_lead,never_publish_as_lineage_without_direct_source,"O ranking da IBJJF associa o atleta à academia ""Renzo Gracie Academy""; o acervo possui 10 pessoa(s) com o mesmo nome de academia. Isso não identifica professor nem comprova graduação."
Renan do Nascimento Lima,https://ibjjf.com/athletes/renan-d59dfd067858,CheckMat,male,master1,gi,2,419; 338; 875; 963; 405,Leonardo Vieira; Ricardo Vieira; Lucas Leite; Carlos Vieira Holanda; Marco Canha,85,academy_name_overlap_only,research_lead,never_publish_as_lineage_without_direct_source,"O ranking da IBJJF associa o atleta à academia ""CheckMat""; o acervo possui 85 pessoa(s) com o mesmo nome de academia. Isso não identifica professor nem comprova graduação."
Rafael Ribeiro da Silva,https://ibjjf.com/athletes/rafael-silva-30e800ee92f7,XCoach,male,master1,gi,2,13392,Gabriel Volante,1,academy_name_overlap_only,research_lead,never_publish_as_lineage_without_direct_source,"O ranking da IBJJF associa o atleta à academia ""XCoach""; o acervo possui 1 pessoa(s) com o mesmo nome de academia. Isso não identifica professor nem comprova graduação."
João Lucas B. Vera Cruz,https://ibjjf.com/athletes/joao-cruz-6bd900ad32e6,CheckMat,male,master1,gi,2,419; 338; 875; 963; 405,Leonardo Vieira; Ricardo Vieira; Lucas Leite; Carlos Vieira Holanda; Marco Canha,85,academy_name_overlap_only,research_lead,never_publish_as_lineage_without_direct_source,"O ranking da IBJJF associa o atleta à academia ""CheckMat""; o acervo possui 85 pessoa(s) com o mesmo nome de academia. Isso não identifica professor nem comprova graduação."
Francisco Edivan Soares de Sousa,https://ibjjf.com/athletes/francisco-sousa-1814da43e9de,PSLPB Cicero Costha,male,master1,gi,2,1155; 13076; 7704; 6151; 13062,Cicero Costha; Francisco Lo; Helton Jose Junior; Hiago George; Leonardo Mario,5,academy_name_overlap_only,research_lead,never_publish_as_lineage_without_direct_source,"O ranking da IBJJF associa o atleta à academia ""PSLPB Cicero Costha""; o acervo possui 5 pessoa(s) com o mesmo nome de academia. Isso não identifica professor nem comprova graduação."
José Thales Gonçalves Mota,https://ibjjf.com/athletes/jose-mota-bb7130fc0e66,CheckMat,male,master1,gi,2,419; 338; 875; 963; 405,Leonardo Vieira; Ricardo Vieira; Lucas Leite; Carlos Vieira Holanda; Marco Canha,85,academy_name_overlap_only,research_lead,never_publish_as_lineage_without_direct_source,"O ranking da IBJJF associa o atleta à academia ""CheckMat""; o acervo possui 85 pessoa(s) com o mesmo nome de academia. Isso não identifica professor nem comprova graduação."
Caio Luis Dias Santos,https://ibjjf.com/athletes/caio-santos-f45c6d30ca24,CheckMat,male,master1,gi,1,419; 338; 875; 963; 405,Leonardo Vieira; Ricardo Vieira; Lucas Leite; Carlos Vieira Holanda; Marco Canha,85,academy_name_overlap_only,research_lead,never_publish_as_lineage_without_direct_source,"O ranking da IBJJF associa o atleta à academia ""CheckMat""; o acervo possui 85 pessoa(s) com o mesmo nome de academia. Isso não identifica professor nem comprova graduação."
Luis Roberto de Castro,https://ibjjf.com/athletes/luis-castro-3aa71120ff60,CheckMat,male,master1,gi,1,419; 338; 875; 963; 405,Leonardo Vieira; Ricardo Vieira; Lucas Leite; Carlos Vieira Holanda; Marco Canha,85,academy_name_overlap_only,research_lead,never_publish_as_lineage_without_direct_source,"O ranking da IBJJF associa o atleta à academia ""CheckMat""; o acervo possui 85 pessoa(s) com o mesmo nome de academia. Isso não identifica professor nem comprova graduação."
Luiz Claudio Oliveira Finocchio,https://ibjjf.com/athletes/luiz-finocchio,Roger Gracie Academy,male,master1,gi,1,6209; 9261,Felipe Mota; Ross Nicholls,2,academy_name_overlap_only,research_lead,never_publish_as_lineage_without_direct_source,"O ranking da IBJJF associa o atleta à academia ""Roger Gracie Academy""; o acervo possui 2 pessoa(s) com o mesmo nome de academia. Isso não identifica professor nem comprova graduação."
Ighor Luis Alvim Horta,https://ibjjf.com/athletes/ighor-horta,Brazilian Top Team,male,master1,gi,1,627; 8409; 249; 232; 1675,Murilo Bustamante; Ricardo Marques; Anderson Pereira; Jose Mario Sperry; Luis Roberto Duarte,6,academy_name_overlap_only,research_lead,never_publish_as_lineage_without_direct_source,"O ranking da IBJJF associa o atleta à academia ""Brazilian Top Team""; o acervo possui 6 pessoa(s) com o mesmo nome de academia. Isso não identifica professor nem comprova graduação."
Carlos Fabricio Gomes da Silva,https://ibjjf.com/athletes/carlos-silva-75b8e9bad254,GF Team,male,master1,gi,1,203; 8116; 11917; 2035; 9166,Julio Cesar; Dante Leon; Gabriel Marinho; Vitor Henrique; Alexandre Barauna,50,academy_name_overlap_only,research_lead,never_publish_as_lineage_without_direct_source,"O ranking da IBJJF associa o atleta à academia ""GF Team""; o acervo possui 50 pessoa(s) com o mesmo nome de academia. Isso não identifica professor nem comprova graduação."
Samuel de Azevedo Elias,https://ibjjf.com/athletes/samuel-elias,Ushirobira JJ,male,master1,gi,1,7282,Andre Ushirobira,1,academy_name_overlap_only,research_lead,never_publish_as_lineage_without_direct_source,"O ranking da IBJJF associa o atleta à academia ""Ushirobira JJ""; o acervo possui 1 pessoa(s) com o mesmo nome de academia. Isso não identifica professor nem comprova graduação."
Ivan Gabriel Honorato,https://ibjjf.com/athletes/ivan-honorato-00ea843ed06e,Ns Brotherhood,male,master1,gi,1,1188; 7256,Leandro Lo; Jan Buatim,2,academy_name_overlap_only,research_lead,never_publish_as_lineage_without_direct_source,"O ranking da IBJJF associa o atleta à academia ""Ns Brotherhood""; o acervo possui 2 pessoa(s) com o mesmo nome de academia. Isso não identifica professor nem comprova graduação."
Pedro Moraes Cureau,https://ibjjf.com/athletes/pedro-cureau,Ns Brotherhood,male,master1,gi,1,1188; 7256,Leandro Lo; Jan Buatim,2,academy_name_overlap_only,research_lead,never_publish_as_lineage_without_direct_source,"O ranking da IBJJF associa o atleta à academia ""Ns Brotherhood""; o acervo possui 2 pessoa(s) com o mesmo nome de academia. Isso não identifica professor nem comprova graduação."
Douglas Wellington Nascimento Alves,https://ibjjf.com/athletes/douglas-alves-237395a7727d,De La Riva JJ,male,master1,gi,1,7928,Claudia Doval,1,academy_name_overlap_only,research_lead,never_publish_as_lineage_without_direct_source,"O ranking da IBJJF associa o atleta à academia ""De La Riva JJ""; o acervo possui 1 pessoa(s) com o mesmo nome de academia. Isso não identifica professor nem comprova graduação."
Alison de Souza Nunes,https://ibjjf.com/athletes/alison-nunes,CheckMat,male,master1,gi,1,419; 338; 875; 963; 405,Leonardo Vieira; Ricardo Vieira; Lucas Leite; Carlos Vieira Holanda; Marco Canha,85,academy_name_overlap_only,research_lead,never_publish_as_lineage_without_direct_source,"O ranking da IBJJF associa o atleta à academia ""CheckMat""; o acervo possui 85 pessoa(s) com o mesmo nome de academia. Isso não identifica professor nem comprova graduação."
Eduardo da Silva Conceição,https://ibjjf.com/athletes/eduardo-conceicao-562dd79eb016,Gracie Humaita,male,master1,gi,1,515; 903; 1445; 613; 6339,Royler Gracie; Leticia Ribeiro; Rolker Gracie; Wellington Dias; Admilson Brites,34,academy_name_overlap_only,research_lead,never_publish_as_lineage_without_direct_source,"O ranking da IBJJF associa o atleta à academia ""Gracie Humaita""; o acervo possui 34 pessoa(s) com o mesmo nome de academia. Isso não identifica professor nem comprova graduação."
Marcelo Rodrigues A. Ludovino,https://ibjjf.com/athletes/marcelo-ludovino,CheckMat,male,master1,gi,1,419; 338; 875; 963; 405,Leonardo Vieira; Ricardo Vieira; Lucas Leite; Carlos Vieira Holanda; Marco Canha,85,academy_name_overlap_only,research_lead,never_publish_as_lineage_without_direct_source,"O ranking da IBJJF associa o atleta à academia ""CheckMat""; o acervo possui 85 pessoa(s) com o mesmo nome de academia. Isso não identifica professor nem comprova graduação."
Joao Pereira,https://ibjjf.com/athletes/joao-pereira-ea3d1a63c865,Renzo Gracie Academy,male,master1,gi,1,10000; 5649; 7442; 9760; 5617,Doug Pelinkovic; Gary Tonon; Edward Cummings; Frank Rosenthal; Jamie Cruz,10,academy_name_overlap_only,research_lead,never_publish_as_lineage_without_direct_source,"O ranking da IBJJF associa o atleta à academia ""Renzo Gracie Academy""; o acervo possui 10 pessoa(s) com o mesmo nome de academia. Isso não identifica professor nem comprova graduação."
Thiago Giannelli Bertoni,https://ibjjf.com/athletes/thiago-bertoni,Gracie Humaita,male,master1,gi,1,515; 903; 1445; 613; 6339,Royler Gracie; Leticia Ribeiro; Rolker Gracie; Wellington Dias; Admilson Brites,34,academy_name_overlap_only,research_lead,never_publish_as_lineage_without_direct_source,"O ranking da IBJJF associa o atleta à academia ""Gracie Humaita""; o acervo possui 34 pessoa(s) com o mesmo nome de academia. Isso não identifica professor nem comprova graduação."
Julian L. Synan,https://ibjjf.com/athletes/julian-synan,Roberto Traven BJJ,male,master1,gi,1,7079,Carlos Farias,1,academy_name_overlap_only,research_lead,never_publish_as_lineage_without_direct_source,"O ranking da IBJJF associa o atleta à academia ""Roberto Traven BJJ""; o acervo possui 1 pessoa(s) com o mesmo nome de academia. Isso não identifica professor nem comprova graduação."
Daniel A Toffolo,https://ibjjf.com/athletes/daniel-toffolo,Vitor Shaolin BJJ,male,master1,gi,1,9064,Silvio Duran,1,academy_name_overlap_only,research_lead,never_publish_as_lineage_without_direct_source,"O ranking da IBJJF associa o atleta à academia ""Vitor Shaolin BJJ""; o acervo possui 1 pessoa(s) com o mesmo nome de academia. Isso não identifica professor nem comprova graduação."
Jett Stuart Hattaway,https://ibjjf.com/athletes/jett-hattaway,Roberto Traven BJJ,male,master1,gi,1,7079,Carlos Farias,1,academy_name_overlap_only,research_lead,never_publish_as_lineage_without_direct_source,"O ranking da IBJJF associa o atleta à academia ""Roberto Traven BJJ""; o acervo possui 1 pessoa(s) com o mesmo nome de academia. Isso não identifica professor nem comprova graduação."
Brent Austin Walter,https://ibjjf.com/athletes/brent-walter,Bjj Conquest,male,master1,gi,1,7732,Vicente Junior,1,academy_name_overlap_only,research_lead,never_publish_as_lineage_without_direct_source,"O ranking da IBJJF associa o atleta à academia ""Bjj Conquest""; o acervo possui 1 pessoa(s) com o mesmo nome de academia. Isso não identifica professor nem comprova graduação."
Rogério Nogueira dos Anjos,https://ibjjf.com/athletes/rogerio-anjos,Rio Grappling Club,male,master1,gi,1,960; 535,Mauro Chueng; Roberto Atalla,2,academy_name_overlap_only,research_lead,never_publish_as_lineage_without_direct_source,"O ranking da IBJJF associa o atleta à academia ""Rio Grappling Club""; o acervo possui 2 pessoa(s) com o mesmo nome de academia. Isso não identifica professor nem comprova graduação."
Guilherme Vinicius Clementino Giorgiani,https://ibjjf.com/athletes/guilherme-giorgiani,GF Team,male,master1,gi,1,203; 8116; 11917; 2035; 9166,Julio Cesar; Dante Leon; Gabriel Marinho; Vitor Henrique; Alexandre Barauna,50,academy_name_overlap_only,research_lead,never_publish_as_lineage_without_direct_source,"O ranking da IBJJF associa o atleta à academia ""GF Team""; o acervo possui 50 pessoa(s) com o mesmo nome de academia. Isso não identifica professor nem comprova graduação."
Henrique Aparecido O. de Sousa,https://ibjjf.com/athletes/henrique-sousa-0550897e471c,CheckMat,male,master1,gi,1,419; 338; 875; 963; 405,Leonardo Vieira; Ricardo Vieira; Lucas Leite; Carlos Vieira Holanda; Marco Canha,85,academy_name_overlap_only,research_lead,never_publish_as_lineage_without_direct_source,"O ranking da IBJJF associa o atleta à academia ""CheckMat""; o acervo possui 85 pessoa(s) com o mesmo nome de academia. Isso não identifica professor nem comprova graduação."
Lincoln Silva Paiva,https://ibjjf.com/athletes/lincoln-paiva,PSLPB Cicero Costha,male,master1,gi,1,1155; 13076; 7704; 6151; 13062,Cicero Costha; Francisco Lo; Helton Jose Junior; Hiago George; Leonardo Mario,5,academy_name_overlap_only,research_lead,never_publish_as_lineage_without_direct_source,"O ranking da IBJJF associa o atleta à academia ""PSLPB Cicero Costha""; o acervo possui 5 pessoa(s) com o mesmo nome de academia. Isso não identifica professor nem comprova graduação."
Alan Costa Monteiro,https://ibjjf.com/athletes/alan-monteiro,Striker JJ,male,master1,gi,1,12277,Pedro Agrizzi,1,academy_name_overlap_only,research_lead,never_publish_as_lineage_without_direct_source,"O ranking da IBJJF associa o atleta à academia ""Striker JJ""; o acervo possui 1 pessoa(s) com o mesmo nome de academia. Isso não identifica professor nem comprova graduação."
Thiago Cidro dos Santos,https://ibjjf.com/athletes/thiago-santos-e4e180d27ed0,GF Team,male,master2,gi,217.0,203; 8116; 11917; 2035; 9166,Julio Cesar; Dante Leon; Gabriel Marinho; Vitor Henrique; Alexandre Barauna,50,academy_name_overlap_only,research_lead,never_publish_as_lineage_without_direct_source,"O ranking da IBJJF associa o atleta à academia ""GF Team""; o acervo possui 50 pessoa(s) com o mesmo nome de academia. Isso não identifica professor nem comprova graduação."
Thiago Barreto Marques,https://ibjjf.com/athletes/thiago-marques-6c2a56ce9d13,CheckMat,male,master2,gi,180.0,419; 338; 875; 963; 405,Leonardo Vieira; Ricardo Vieira; Lucas Leite; Carlos Vieira Holanda; Marco Canha,85,academy_name_overlap_only,research_lead,never_publish_as_lineage_without_direct_source,"O ranking da IBJJF associa o atleta à academia ""CheckMat""; o acervo possui 85 pessoa(s) com o mesmo nome de academia. Isso não identifica professor nem comprova graduação."
Matthew Steven Gillette,https://ibjjf.com/athletes/matthew-gillette,Maracaba BJJ,male,master2,gi,165.0,7747; 10240,Andre Maracaba; Jake Watson,2,academy_name_overlap_only,research_lead,never_publish_as_lineage_without_direct_source,"O ranking da IBJJF associa o atleta à academia ""Maracaba BJJ""; o acervo possui 2 pessoa(s) com o mesmo nome de academia. Isso não identifica professor nem comprova graduação."
Samuel Corey M Phelps,https://ibjjf.com/athletes/corey-phelps,BETA Academy,male,master2,gi,131.5,7512,Nakapan Phungephorn,1,academy_name_overlap_only,research_lead,never_publish_as_lineage_without_direct_source,"O ranking da IBJJF associa o atleta à academia ""BETA Academy""; o acervo possui 1 pessoa(s) com o mesmo nome de academia. Isso não identifica professor nem comprova graduação."
Jorge Luiz Nakamura,https://ibjjf.com/athletes/jorge-nakamura,GF Team,male,master2,gi,126,203; 8116; 11917; 2035; 9166,Julio Cesar; Dante Leon; Gabriel Marinho; Vitor Henrique; Alexandre Barauna,50,academy_name_overlap_only,research_lead,never_publish_as_lineage_without_direct_source,"O ranking da IBJJF associa o atleta à academia ""GF Team""; o acervo possui 50 pessoa(s) com o mesmo nome de academia. Isso não identifica professor nem comprova graduação."
Raphael de Souza Nobrega,https://ibjjf.com/athletes/raphael-nobrega,Top Brother,male,master2,gi,99.5,2512; 1386,Cezar Guimarães; Davi Ramos,2,academy_name_overlap_only,research_lead,never_publish_as_lineage_without_direct_source,"O ranking da IBJJF associa o atleta à academia ""Top Brother""; o acervo possui 2 pessoa(s) com o mesmo nome de academia. Isso não identifica professor nem comprova graduação."
Felipe Sansone de Oliveira,https://ibjjf.com/athletes/felipe-oliveira,Roger Gracie Academy,male,master2,gi,99.5,6209; 9261,Felipe Mota; Ross Nicholls,2,academy_name_overlap_only,research_lead,never_publish_as_lineage_without_direct_source,"O ranking da IBJJF associa o atleta à academia ""Roger Gracie Academy""; o acervo possui 2 pessoa(s) com o mesmo nome de academia. Isso não identifica professor nem comprova graduação."
Manuel Ray Gonzales II,https://ibjjf.com/athletes/manuel-ii,Ralph Gracie,male,master2,gi,99,2475,Kurt Osiander,1,academy_name_overlap_only,research_lead,never_publish_as_lineage_without_direct_source,"O ranking da IBJJF associa o atleta à academia ""Ralph Gracie""; o acervo possui 1 pessoa(s) com o mesmo nome de academia. Isso não identifica professor nem comprova graduação."
Giancarlo Baratela,https://ibjjf.com/athletes/giancarlo-baratela,CheckMat,male,master2,gi,93.0,419; 338; 875; 963; 405,Leonardo Vieira; Ricardo Vieira; Lucas Leite; Carlos Vieira Holanda; Marco Canha,85,academy_name_overlap_only,research_lead,never_publish_as_lineage_without_direct_source,"O ranking da IBJJF associa o atleta à academia ""CheckMat""; o acervo possui 85 pessoa(s) com o mesmo nome de academia. Isso não identifica professor nem comprova graduação."
Alberto Ramos de Araujo Oliveira,https://ibjjf.com/athletes/alberto-oliveira,GF Team,male,master2,gi,91.0,203; 8116; 11917; 2035; 9166,Julio Cesar; Dante Leon; Gabriel Marinho; Vitor Henrique; Alexandre Barauna,50,academy_name_overlap_only,research_lead,never_publish_as_lineage_without_direct_source,"O ranking da IBJJF associa o atleta à academia ""GF Team""; o acervo possui 50 pessoa(s) com o mesmo nome de academia. Isso não identifica professor nem comprova graduação."
Jakson Joaquim de Oliveira,https://ibjjf.com/athletes/jakson-oliveira,CheckMat,male,master2,gi,88.5,419; 338; 875; 963; 405,Leonardo Vieira; Ricardo Vieira; Lucas Leite; Carlos Vieira Holanda; Marco Canha,85,academy_name_overlap_only,research_lead,never_publish_as_lineage_without_direct_source,"O ranking da IBJJF associa o atleta à academia ""CheckMat""; o acervo possui 85 pessoa(s) com o mesmo nome de academia. Isso não identifica professor nem comprova graduação."
Leon Braz Amancio,https://ibjjf.com/athletes/leon-amancio,CheckMat,male,master2,gi,87,419; 338; 875; 963; 405,Leonardo Vieira; Ricardo Vieira; Lucas Leite; Carlos Vieira Holanda; Marco Canha,85,academy_name_overlap_only,research_lead,never_publish_as_lineage_without_direct_source,"O ranking da IBJJF associa o atleta à academia ""CheckMat""; o acervo possui 85 pessoa(s) com o mesmo nome de academia. Isso não identifica professor nem comprova graduação."
Rafael Barbosa Carvalho da Costa,https://ibjjf.com/athletes/rafael-costa-e23932a2d47a,Renzo Gracie Academy,male,master2,gi,76.0,10000; 5649; 7442; 9760; 5617,Doug Pelinkovic; Gary Tonon; Edward Cummings; Frank Rosenthal; Jamie Cruz,10,academy_name_overlap_only,research_lead,never_publish_as_lineage_without_direct_source,"O ranking da IBJJF associa o atleta à academia ""Renzo Gracie Academy""; o acervo possui 10 pessoa(s) com o mesmo nome de academia. Isso não identifica professor nem comprova graduação."
Coty Allen Kellison,https://ibjjf.com/athletes/coty-kellison,Pedigo Submission Fighting,male,master2,gi,70,11359; 11808,Heath Pedigo; Andrew Wiltse,2,academy_name_overlap_only,research_lead,never_publish_as_lineage_without_direct_source,"O ranking da IBJJF associa o atleta à academia ""Pedigo Submission Fighting""; o acervo possui 2 pessoa(s) com o mesmo nome de academia. Isso não identifica professor nem comprova graduação."
Nicholas Giles Wolz,https://ibjjf.com/athletes/nicholas-wolz,Fight Sports,male,master2,gi,66.0,224; 11384; 12178; 13473; 13031,Roberto Abreu; Andre Porfirio; Joao Costa; Kauane Silva; Lucas Lisboa,12,academy_name_overlap_only,research_lead,never_publish_as_lineage_without_direct_source,"O ranking da IBJJF associa o atleta à academia ""Fight Sports""; o acervo possui 12 pessoa(s) com o mesmo nome de academia. Isso não identifica professor nem comprova graduação."
Vitor Raminelli Lattari,https://ibjjf.com/athletes/vitor-lattari,Cia Paulista,male,master2,gi,62,396; 1097; 872; 2324; 1517,Carlos Vieira; Waldomiro Perez; Maximiliano Trombini; Eduardo Santoro; Alexandre Santos,9,academy_name_overlap_only,research_lead,never_publish_as_lineage_without_direct_source,"O ranking da IBJJF associa o atleta à academia ""Cia Paulista""; o acervo possui 9 pessoa(s) com o mesmo nome de academia. Isso não identifica professor nem comprova graduação."
Emerson da Silva Moreira,https://ibjjf.com/athletes/emerson-moreira-eac44e140766,GF Team,male,master2,gi,59.0,203; 8116; 11917; 2035; 9166,Julio Cesar; Dante Leon; Gabriel Marinho; Vitor Henrique; Alexandre Barauna,50,academy_name_overlap_only,research_lead,never_publish_as_lineage_without_direct_source,"O ranking da IBJJF associa o atleta à academia ""GF Team""; o acervo possui 50 pessoa(s) com o mesmo nome de academia. Isso não identifica professor nem comprova graduação."
Igor Lamothe Rajs,https://ibjjf.com/athletes/igor-rajs,Fight Sports,male,master2,gi,56,224; 11384; 12178; 13473; 13031,Roberto Abreu; Andre Porfirio; Joao Costa; Kauane Silva; Lucas Lisboa,12,academy_name_overlap_only,research_lead,never_publish_as_lineage_without_direct_source,"O ranking da IBJJF associa o atleta à academia ""Fight Sports""; o acervo possui 12 pessoa(s) com o mesmo nome de academia. Isso não identifica professor nem comprova graduação."
Flávio Chaves Filho,https://ibjjf.com/athletes/flavio-filho,CheckMat,male,master2,gi,51,419; 338; 875; 963; 405,Leonardo Vieira; Ricardo Vieira; Lucas Leite; Carlos Vieira Holanda; Marco Canha,85,academy_name_overlap_only,research_lead,never_publish_as_lineage_without_direct_source,"O ranking da IBJJF associa o atleta à academia ""CheckMat""; o acervo possui 85 pessoa(s) com o mesmo nome de academia. Isso não identifica professor nem comprova graduação."
André Ceará da Silva,https://ibjjf.com/athletes/andre-04e0b2d0612e,CheckMat,male,master2,gi,48.0,419; 338; 875; 963; 405,Leonardo Vieira; Ricardo Vieira; Lucas Leite; Carlos Vieira Holanda; Marco Canha,85,academy_name_overlap_only,research_lead,never_publish_as_lineage_without_direct_source,"O ranking da IBJJF associa o atleta à academia ""CheckMat""; o acervo possui 85 pessoa(s) com o mesmo nome de academia. Isso não identifica professor nem comprova graduação."
Italo Ramon Magalhães Vieira,https://ibjjf.com/athletes/italo-vieira,CheckMat,male,master2,gi,46.5,419; 338; 875; 963; 405,Leonardo Vieira; Ricardo Vieira; Lucas Leite; Carlos Vieira Holanda; Marco Canha,85,academy_name_overlap_only,research_lead,never_publish_as_lineage_without_direct_source,"O ranking da IBJJF associa o atleta à academia ""CheckMat""; o acervo possui 85 pessoa(s) com o mesmo nome de academia. Isso não identifica professor nem comprova graduação."
Julio Cesar Moraes Rufino,https://ibjjf.com/athletes/julio-rufino,GF Team,male,master2,gi,46,203; 8116; 11917; 2035; 9166,Julio Cesar; Dante Leon; Gabriel Marinho; Vitor Henrique; Alexandre Barauna,50,academy_name_overlap_only,research_lead,never_publish_as_lineage_without_direct_source,"O ranking da IBJJF associa o atleta à academia ""GF Team""; o acervo possui 50 pessoa(s) com o mesmo nome de academia. Isso não identifica professor nem comprova graduação."
Marcus Vinicius Bruno Gonçalves,https://ibjjf.com/athletes/marcus-goncalves,Guigo JJ,male,master2,gi,43,693; 11423; 9483; 11766; 1624,Luiz Guilherme; Meyram Maquine; Eduardo Lopes; Gabriel Costa; Leonardo Arruda,5,academy_name_overlap_only,research_lead,never_publish_as_lineage_without_direct_source,"O ranking da IBJJF associa o atleta à academia ""Guigo JJ""; o acervo possui 5 pessoa(s) com o mesmo nome de academia. Isso não identifica professor nem comprova graduação."
Felipe Rene Nunes de Oliveira,https://ibjjf.com/athletes/felipe-oliveira-095e4c59dd2d,PSLPB Cicero Costha,male,master2,gi,43,1155; 13076; 7704; 6151; 13062,Cicero Costha; Francisco Lo; Helton Jose Junior; Hiago George; Leonardo Mario,5,academy_name_overlap_only,research_lead,never_publish_as_lineage_without_direct_source,"O ranking da IBJJF associa o atleta à academia ""PSLPB Cicero Costha""; o acervo possui 5 pessoa(s) com o mesmo nome de academia. Isso não identifica professor nem comprova graduação."
Rafael Marangoni de Oliveira,https://ibjjf.com/athletes/rafael-oliveira-66dc6d4c79c6,Academia Marangoni,male,master2,gi,40.5,7698,Gabriel Marangoni,1,academy_name_overlap_only,research_lead,never_publish_as_lineage_without_direct_source,"O ranking da IBJJF associa o atleta à academia ""Academia Marangoni""; o acervo possui 1 pessoa(s) com o mesmo nome de academia. Isso não identifica professor nem comprova graduação."
Bruno de Barros Endson,https://ibjjf.com/athletes/bruno-endson,Nova Geração,male,master2,gi,40,714; 311; 1640; 1707; 4481,Francisco Albuquerque; Alexandre Pimentel; Andre Monteiro; Bruno Ferreira; Mauro Ayres,5,academy_name_overlap_only,research_lead,never_publish_as_lineage_without_direct_source,"O ranking da IBJJF associa o atleta à academia ""Nova Geração""; o acervo possui 5 pessoa(s) com o mesmo nome de academia. Isso não identifica professor nem comprova graduação."
John Coleman Hamlett,https://ibjjf.com/athletes/john-hamlett,BETA Academy,male,master2,gi,37.5,7512,Nakapan Phungephorn,1,academy_name_overlap_only,research_lead,never_publish_as_lineage_without_direct_source,"O ranking da IBJJF associa o atleta à academia ""BETA Academy""; o acervo possui 1 pessoa(s) com o mesmo nome de academia. Isso não identifica professor nem comprova graduação."
Guilherme Araujo Silva,https://ibjjf.com/athletes/guilherme-silva-20470643a739,GF Team,male,master2,gi,37.0,203; 8116; 11917; 2035; 9166,Julio Cesar; Dante Leon; Gabriel Marinho; Vitor Henrique; Alexandre Barauna,50,academy_name_overlap_only,research_lead,never_publish_as_lineage_without_direct_source,"O ranking da IBJJF associa o atleta à academia ""GF Team""; o acervo possui 50 pessoa(s) com o mesmo nome de academia. Isso não identifica professor nem comprova graduação."
Marius Rudnickas,https://ibjjf.com/athletes/marius-rudnickas,Roger Gracie Academy,male,master2,gi,36.0,6209; 9261,Felipe Mota; Ross Nicholls,2,academy_name_overlap_only,research_lead,never_publish_as_lineage_without_direct_source,"O ranking da IBJJF associa o atleta à academia ""Roger Gracie Academy""; o acervo possui 2 pessoa(s) com o mesmo nome de academia. Isso não identifica professor nem comprova graduação."
Fernando Carlos Ferreira,https://ibjjf.com/athletes/fernando-ferreira-3d1e7e7a2c5f,SAS Team,male,master2,gi,30.0,9338,Guybson Sa,1,academy_name_overlap_only,research_lead,never_publish_as_lineage_without_direct_source,"O ranking da IBJJF associa o atleta à academia ""SAS Team""; o acervo possui 1 pessoa(s) com o mesmo nome de academia. Isso não identifica professor nem comprova graduação."
Daniel J. Rodriguez,https://ibjjf.com/athletes/daniel-rodriguez-7998ee23e275,Uflacker Academy,male,master2,gi,28,7821,Christian Uflaker,1,academy_name_overlap_only,research_lead,never_publish_as_lineage_without_direct_source,"O ranking da IBJJF associa o atleta à academia ""Uflacker Academy""; o acervo possui 1 pessoa(s) com o mesmo nome de academia. Isso não identifica professor nem comprova graduação."
Kleyton dos Santos Monteiro,https://ibjjf.com/athletes/kleyton-monteiro,GF Team,male,master2,gi,27.5,203; 8116; 11917; 2035; 9166,Julio Cesar; Dante Leon; Gabriel Marinho; Vitor Henrique; Alexandre Barauna,50,academy_name_overlap_only,research_lead,never_publish_as_lineage_without_direct_source,"O ranking da IBJJF associa o atleta à academia ""GF Team""; o acervo possui 50 pessoa(s) com o mesmo nome de academia. Isso não identifica professor nem comprova graduação."
Brett Anthony Dodd 2nd,https://ibjjf.com/athletes/brett-2nd,Bjj Conquest,male,master2,gi,27,7732,Vicente Junior,1,academy_name_overlap_only,research_lead,never_publish_as_lineage_without_direct_source,"O ranking da IBJJF associa o atleta à academia ""Bjj Conquest""; o acervo possui 1 pessoa(s) com o mesmo nome de academia. Isso não identifica professor nem comprova graduação."
Victor Del Corso Bomfim,https://ibjjf.com/athletes/victor-bomfim,GF Team,male,master2,gi,27,203; 8116; 11917; 2035; 9166,Julio Cesar; Dante Leon; Gabriel Marinho; Vitor Henrique; Alexandre Barauna,50,academy_name_overlap_only,research_lead,never_publish_as_lineage_without_direct_source,"O ranking da IBJJF associa o atleta à academia ""GF Team""; o acervo possui 50 pessoa(s) com o mesmo nome de academia. Isso não identifica professor nem comprova graduação."
Colm Curley,https://ibjjf.com/athletes/colm-curley,Jungle BJJ,male,master2,gi,27,10318,Eldar Rafigaev,1,academy_name_overlap_only,research_lead,never_publish_as_lineage_without_direct_source,"O ranking da IBJJF associa o atleta à academia ""Jungle BJJ""; o acervo possui 1 pessoa(s) com o mesmo nome de academia. Isso não identifica professor nem comprova graduação."
Fabio da Silva,https://ibjjf.com/athletes/fabio-silva-c69fa8aeb7ea,GF Team,male,master2,gi,27,203; 8116; 11917; 2035; 9166,Julio Cesar; Dante Leon; Gabriel Marinho; Vitor Henrique; Alexandre Barauna,50,academy_name_overlap_only,research_lead,never_publish_as_lineage_without_direct_source,"O ranking da IBJJF associa o atleta à academia ""GF Team""; o acervo possui 50 pessoa(s) com o mesmo nome de academia. Isso não identifica professor nem comprova graduação."
Blake Edouard Bourassa,https://ibjjf.com/athletes/blake-bourassa,Fight Sports,male,master2,gi,27,224; 11384; 12178; 13473; 13031,Roberto Abreu; Andre Porfirio; Joao Costa; Kauane Silva; Lucas Lisboa,12,academy_name_overlap_only,research_lead,never_publish_as_lineage_without_direct_source,"O ranking da IBJJF associa o atleta à academia ""Fight Sports""; o acervo possui 12 pessoa(s) com o mesmo nome de academia. Isso não identifica professor nem comprova graduação."
Rafael Ferreira Maia,https://ibjjf.com/athletes/rafael-maia,Roberto Traven BJJ,male,master2,gi,27,7079,Carlos Farias,1,academy_name_overlap_only,research_lead,never_publish_as_lineage_without_direct_source,"O ranking da IBJJF associa o atleta à academia ""Roberto Traven BJJ""; o acervo possui 1 pessoa(s) com o mesmo nome de academia. Isso não identifica professor nem comprova graduação."
Jorge Moreno Olivas,https://ibjjf.com/athletes/jorge-olivas,Renzo Gracie Mexico,male,master2,gi,25.5,9377,Alexis Alduncin,1,academy_name_overlap_only,research_lead,never_publish_as_lineage_without_direct_source,"O ranking da IBJJF associa o atleta à academia ""Renzo Gracie Mexico""; o acervo possui 1 pessoa(s) com o mesmo nome de academia. Isso não identifica professor nem comprova graduação."
Luciano Mandotti de Souza,https://ibjjf.com/athletes/luciano-souza-4601d2bc68a2,Roberto Traven BJJ,male,master2,gi,25,7079,Carlos Farias,1,academy_name_overlap_only,research_lead,never_publish_as_lineage_without_direct_source,"O ranking da IBJJF associa o atleta à academia ""Roberto Traven BJJ""; o acervo possui 1 pessoa(s) com o mesmo nome de academia. Isso não identifica professor nem comprova graduação."
Carlos Alberto Makla Filho,https://ibjjf.com/athletes/carlos-filho-ad6c71289d21,Brazilian Top Team,male,master2,gi,23,627; 8409; 249; 232; 1675,Murilo Bustamante; Ricardo Marques; Anderson Pereira; Jose Mario Sperry; Luis Roberto Duarte,6,academy_name_overlap_only,research_lead,never_publish_as_lineage_without_direct_source,"O ranking da IBJJF associa o atleta à academia ""Brazilian Top Team""; o acervo possui 6 pessoa(s) com o mesmo nome de academia. Isso não identifica professor nem comprova graduação."
Satoshi Kurata,https://ibjjf.com/athletes/satoshi-kurata,Nexusense,male,master2,gi,21,8536,Yuta Shimada,1,academy_name_overlap_only,research_lead,never_publish_as_lineage_without_direct_source,"O ranking da IBJJF associa o atleta à academia ""Nexusense""; o acervo possui 1 pessoa(s) com o mesmo nome de academia. Isso não identifica professor nem comprova graduação."
Augusto Tsukuda Ichisato,https://ibjjf.com/athletes/augusto-ichisato,Guigo JJ,male,master2,gi,21.0,693; 11423; 9483; 11766; 1624,Luiz Guilherme; Meyram Maquine; Eduardo Lopes; Gabriel Costa; Leonardo Arruda,5,academy_name_overlap_only,research_lead,never_publish_as_lineage_without_direct_source,"O ranking da IBJJF associa o atleta à academia ""Guigo JJ""; o acervo possui 5 pessoa(s) com o mesmo nome de academia. Isso não identifica professor nem comprova graduação."
Elfren Angelo Vibar,https://ibjjf.com/athletes/elfren-vibar,Team Shawn Hammonds,male,master2,gi,20,9845,Chad Hardy,1,academy_name_overlap_only,research_lead,never_publish_as_lineage_without_direct_source,"O ranking da IBJJF associa o atleta à academia ""Team Shawn Hammonds""; o acervo possui 1 pessoa(s) com o mesmo nome de academia. Isso não identifica professor nem comprova graduação."
Marciano dos Santos,https://ibjjf.com/athletes/marciano-santos,CheckMat,male,master2,gi,19,419; 338; 875; 963; 405,Leonardo Vieira; Ricardo Vieira; Lucas Leite; Carlos Vieira Holanda; Marco Canha,85,academy_name_overlap_only,research_lead,never_publish_as_lineage_without_direct_source,"O ranking da IBJJF associa o atleta à academia ""CheckMat""; o acervo possui 85 pessoa(s) com o mesmo nome de academia. Isso não identifica professor nem comprova graduação."
Absolão Perez e Silva,https://ibjjf.com/athletes/absolao-silva,CheckMat,male,master2,gi,19.0,419; 338; 875; 963; 405,Leonardo Vieira; Ricardo Vieira; Lucas Leite; Carlos Vieira Holanda; Marco Canha,85,academy_name_overlap_only,research_lead,never_publish_as_lineage_without_direct_source,"O ranking da IBJJF associa o atleta à academia ""CheckMat""; o acervo possui 85 pessoa(s) com o mesmo nome de academia. Isso não identifica professor nem comprova graduação."
Rogério Acácio de Medeiros Junior,https://ibjjf.com/athletes/rogerio-junior-2c59e5ece919,Ataque Duplo,male,master2,gi,18,11215,Harryson Pereira,1,academy_name_overlap_only,research_lead,never_publish_as_lineage_without_direct_source,"O ranking da IBJJF associa o atleta à academia ""Ataque Duplo""; o acervo possui 1 pessoa(s) com o mesmo nome de academia. Isso não identifica professor nem comprova graduação."
Emil Tadeusz Wajerowicz,https://ibjjf.com/athletes/emil-wajerowicz,Roger Gracie Academy,male,master2,gi,18,6209; 9261,Felipe Mota; Ross Nicholls,2,academy_name_overlap_only,research_lead,never_publish_as_lineage_without_direct_source,"O ranking da IBJJF associa o atleta à academia ""Roger Gracie Academy""; o acervo possui 2 pessoa(s) com o mesmo nome de academia. Isso não identifica professor nem comprova graduação."
Breno Vidal Silva Nunes,https://ibjjf.com/athletes/breno-nunes,CheckMat,male,master2,gi,18,419; 338; 875; 963; 405,Leonardo Vieira; Ricardo Vieira; Lucas Leite; Carlos Vieira Holanda; Marco Canha,85,academy_name_overlap_only,research_lead,never_publish_as_lineage_without_direct_source,"O ranking da IBJJF associa o atleta à academia ""CheckMat""; o acervo possui 85 pessoa(s) com o mesmo nome de academia. Isso não identifica professor nem comprova graduação."
Jorge Luis Bezerra,https://ibjjf.com/athletes/jorge-bezerra,CheckMat,male,master2,gi,18,419; 338; 875; 963; 405,Leonardo Vieira; Ricardo Vieira; Lucas Leite; Carlos Vieira Holanda; Marco Canha,85,academy_name_overlap_only,research_lead,never_publish_as_lineage_without_direct_source,"O ranking da IBJJF associa o atleta à academia ""CheckMat""; o acervo possui 85 pessoa(s) com o mesmo nome de academia. Isso não identifica professor nem comprova graduação."
Guy Alan Poxon,https://ibjjf.com/athletes/guy-poxon,Roger Gracie Academy,male,master2,gi,18,6209; 9261,Felipe Mota; Ross Nicholls,2,academy_name_overlap_only,research_lead,never_publish_as_lineage_without_direct_source,"O ranking da IBJJF associa o atleta à academia ""Roger Gracie Academy""; o acervo possui 2 pessoa(s) com o mesmo nome de academia. Isso não identifica professor nem comprova graduação."
Toni Ribeiro Santos,https://ibjjf.com/athletes/toni-santos,Academia Marangoni,male,master2,gi,18,7698,Gabriel Marangoni,1,academy_name_overlap_only,research_lead,never_publish_as_lineage_without_direct_source,"O ranking da IBJJF associa o atleta à academia ""Academia Marangoni""; o acervo possui 1 pessoa(s) com o mesmo nome de academia. Isso não identifica professor nem comprova graduação."
Carlos Robson Gracie Filho,https://ibjjf.com/athletes/carlos-filho-719dc50a128c,Renzo Gracie Academy,male,master2,gi,18,10000; 5649; 7442; 9760; 5617,Doug Pelinkovic; Gary Tonon; Edward Cummings; Frank Rosenthal; Jamie Cruz,10,academy_name_overlap_only,research_lead,never_publish_as_lineage_without_direct_source,"O ranking da IBJJF associa o atleta à academia ""Renzo Gracie Academy""; o acervo possui 10 pessoa(s) com o mesmo nome de academia. Isso não identifica professor nem comprova graduação."
Estevão dos Santos,https://ibjjf.com/athletes/estevao-santos,The Match Champ,male,master2,gi,18,12201,Maria Eduarda Tozoni,1,academy_name_overlap_only,research_lead,never_publish_as_lineage_without_direct_source,"O ranking da IBJJF associa o atleta à academia ""The Match Champ""; o acervo possui 1 pessoa(s) com o mesmo nome de academia. Isso não identifica professor nem comprova graduação."
Agacy de Oliveira Gomes,https://ibjjf.com/athletes/agacy-gomes,CheckMat,male,master2,gi,18,419; 338; 875; 963; 405,Leonardo Vieira; Ricardo Vieira; Lucas Leite; Carlos Vieira Holanda; Marco Canha,85,academy_name_overlap_only,research_lead,never_publish_as_lineage_without_direct_source,"O ranking da IBJJF associa o atleta à academia ""CheckMat""; o acervo possui 85 pessoa(s) com o mesmo nome de academia. Isso não identifica professor nem comprova graduação."
Arthur Castilho Gil,https://ibjjf.com/athletes/arthur-gil,Zenith BJJ,male,master2,gi,18,6006; 11093; 543,Paulo Rezende; Emilio Hernandez; Rodrigo Cavaca,3,academy_name_overlap_only,research_lead,never_publish_as_lineage_without_direct_source,"O ranking da IBJJF associa o atleta à academia ""Zenith BJJ""; o acervo possui 3 pessoa(s) com o mesmo nome de academia. Isso não identifica professor nem comprova graduação."
Francisco Willian Mesquita Bastos,https://ibjjf.com/athletes/william-bastos,SAS Team,male,master2,gi,18,9338,Guybson Sa,1,academy_name_overlap_only,research_lead,never_publish_as_lineage_without_direct_source,"O ranking da IBJJF associa o atleta à academia ""SAS Team""; o acervo possui 1 pessoa(s) com o mesmo nome de academia. Isso não identifica professor nem comprova graduação."
Jean Luca Moreno Bacan,https://ibjjf.com/athletes/jean-bacan,Nova União,male,master2,gi,17,78; 634; 6756; 4334; 195,Andre Pederneiras; Wendell Alexander; Rodrigo Silva; Andre da Silva; Robson Moura,39,academy_name_overlap_only,research_lead,never_publish_as_lineage_without_direct_source,"O ranking da IBJJF associa o atleta à academia ""Nova União""; o acervo possui 39 pessoa(s) com o mesmo nome de academia. Isso não identifica professor nem comprova graduação."
Dennis Marques Salles,https://ibjjf.com/athletes/dennis-salles,GF Team,male,master2,gi,16.5,203; 8116; 11917; 2035; 9166,Julio Cesar; Dante Leon; Gabriel Marinho; Vitor Henrique; Alexandre Barauna,50,academy_name_overlap_only,research_lead,never_publish_as_lineage_without_direct_source,"O ranking da IBJJF associa o atleta à academia ""GF Team""; o acervo possui 50 pessoa(s) com o mesmo nome de academia. Isso não identifica professor nem comprova graduação."
Thiago Sabonaro da Silva,https://ibjjf.com/athletes/thiago-silva-36740c4fd402,Cia Paulista,male,master2,gi,15.5,396; 1097; 872; 2324; 1517,Carlos Vieira; Waldomiro Perez; Maximiliano Trombini; Eduardo Santoro; Alexandre Santos,9,academy_name_overlap_only,research_lead,never_publish_as_lineage_without_direct_source,"O ranking da IBJJF associa o atleta à academia ""Cia Paulista""; o acervo possui 9 pessoa(s) com o mesmo nome de academia. Isso não identifica professor nem comprova graduação."
Douglas Rodrigo Moreira de Oliveira,https://ibjjf.com/athletes/douglas-oliveira-a676a59b90e6,Ns Brotherhood,male,master2,gi,15,1188; 7256,Leandro Lo; Jan Buatim,2,academy_name_overlap_only,research_lead,never_publish_as_lineage_without_direct_source,"O ranking da IBJJF associa o atleta à academia ""Ns Brotherhood""; o acervo possui 2 pessoa(s) com o mesmo nome de academia. Isso não identifica professor nem comprova graduação."
Paulo Ricardo T. M. de Lemos,https://ibjjf.com/athletes/paulo-lemos,Ns Brotherhood,male,master2,gi,15,1188; 7256,Leandro Lo; Jan Buatim,2,academy_name_overlap_only,research_lead,never_publish_as_lineage_without_direct_source,"O ranking da IBJJF associa o atleta à academia ""Ns Brotherhood""; o acervo possui 2 pessoa(s) com o mesmo nome de academia. Isso não identifica professor nem comprova graduação."
Kyle Soumar,https://ibjjf.com/athletes/kyle-soumar,Brasa,male,master2,gi,15,702; 112; 935; 579; 559,Muzio de Angelis; Demian Maia; Leonardo Castello Branco; Octavio Couto; Rodrigo Medeiros,7,academy_name_overlap_only,research_lead,never_publish_as_lineage_without_direct_source,"O ranking da IBJJF associa o atleta à academia ""Brasa""; o acervo possui 7 pessoa(s) com o mesmo nome de academia. Isso não identifica professor nem comprova graduação."
Izaias Fortunato,https://ibjjf.com/athletes/izaias-fortunato,GF Team,male,master2,gi,13.5,203; 8116; 11917; 2035; 9166,Julio Cesar; Dante Leon; Gabriel Marinho; Vitor Henrique; Alexandre Barauna,50,academy_name_overlap_only,research_lead,never_publish_as_lineage_without_direct_source,"O ranking da IBJJF associa o atleta à academia ""GF Team""; o acervo possui 50 pessoa(s) com o mesmo nome de academia. Isso não identifica professor nem comprova graduação."
Elijah Molly Gbollie Jr,https://ibjjf.com/athletes/elijah-jr,Bjj Conquest,male,master2,gi,12.5,7732,Vicente Junior,1,academy_name_overlap_only,research_lead,never_publish_as_lineage_without_direct_source,"O ranking da IBJJF associa o atleta à academia ""Bjj Conquest""; o acervo possui 1 pessoa(s) com o mesmo nome de academia. Isso não identifica professor nem comprova graduação."
Robert Monroe Galvan II,https://ibjjf.com/athletes/robert-galvan,Maracaba BJJ,male,master2,gi,12,7747; 10240,Andre Maracaba; Jake Watson,2,academy_name_overlap_only,research_lead,never_publish_as_lineage_without_direct_source,"O ranking da IBJJF associa o atleta à academia ""Maracaba BJJ""; o acervo possui 2 pessoa(s) com o mesmo nome de academia. Isso não identifica professor nem comprova graduação."
Glauber Luis Malta de Souza,https://ibjjf.com/athletes/glauber-souza-d2df059304c5,GF Team,male,master2,gi,12,203; 8116; 11917; 2035; 9166,Julio Cesar; Dante Leon; Gabriel Marinho; Vitor Henrique; Alexandre Barauna,50,academy_name_overlap_only,research_lead,never_publish_as_lineage_without_direct_source,"O ranking da IBJJF associa o atleta à academia ""GF Team""; o acervo possui 50 pessoa(s) com o mesmo nome de academia. Isso não identifica professor nem comprova graduação."
Ricardo Antônio Oliveira Ferreira Jr.,https://ibjjf.com/athletes/ricardo-junior-09212eccf1ae,Renzo Gracie,male,master2,gi,11,52; 278; 1858; 11919; 1329,Renzo Gracie; Ricardo Almeida; Matt Serra; Daniel Gracie; Gerardi Rinaldi,6,academy_name_overlap_only,research_lead,never_publish_as_lineage_without_direct_source,"O ranking da IBJJF associa o atleta à academia ""Renzo Gracie""; o acervo possui 6 pessoa(s) com o mesmo nome de academia. Isso não identifica professor nem comprova graduação."
Rodrigo da Silva Aleixo,https://ibjjf.com/athletes/rodrigo-aleixo,Gracie Humaita,male,master2,gi,10.5,515; 903; 1445; 613; 6339,Royler Gracie; Leticia Ribeiro; Rolker Gracie; Wellington Dias; Admilson Brites,34,academy_name_overlap_only,research_lead,never_publish_as_lineage_without_direct_source,"O ranking da IBJJF associa o atleta à academia ""Gracie Humaita""; o acervo possui 34 pessoa(s) com o mesmo nome de academia. Isso não identifica professor nem comprova graduação."
Carlos Eduardo Tostes Dias,https://ibjjf.com/athletes/carlos-dias,Brazilian Top Team,male,master2,gi,10.5,627; 8409; 249; 232; 1675,Murilo Bustamante; Ricardo Marques; Anderson Pereira; Jose Mario Sperry; Luis Roberto Duarte,6,academy_name_overlap_only,research_lead,never_publish_as_lineage_without_direct_source,"O ranking da IBJJF associa o atleta à academia ""Brazilian Top Team""; o acervo possui 6 pessoa(s) com o mesmo nome de academia. Isso não identifica professor nem comprova graduação."
Marcus Vinícius Moraes dos Santos,https://ibjjf.com/athletes/marcus-santos,GF Team,male,master2,gi,10,203; 8116; 11917; 2035; 9166,Julio Cesar; Dante Leon; Gabriel Marinho; Vitor Henrique; Alexandre Barauna,50,academy_name_overlap_only,research_lead,never_publish_as_lineage_without_direct_source,"O ranking da IBJJF associa o atleta à academia ""GF Team""; o acervo possui 50 pessoa(s) com o mesmo nome de academia. Isso não identifica professor nem comprova graduação."
Bernardo Manoel Gedeon Tonini,https://ibjjf.com/athletes/bernardo-tonini,CheckMat,male,master2,gi,10,419; 338; 875; 963; 405,Leonardo Vieira; Ricardo Vieira; Lucas Leite; Carlos Vieira Holanda; Marco Canha,85,academy_name_overlap_only,research_lead,never_publish_as_lineage_without_direct_source,"O ranking da IBJJF associa o atleta à academia ""CheckMat""; o acervo possui 85 pessoa(s) com o mesmo nome de academia. Isso não identifica professor nem comprova graduação."
Thiago Oliveira da Silva,https://ibjjf.com/athletes/thiago-silva-1dd7bdf2d38e,GF Team,male,master2,gi,9,203; 8116; 11917; 2035; 9166,Julio Cesar; Dante Leon; Gabriel Marinho; Vitor Henrique; Alexandre Barauna,50,academy_name_overlap_only,research_lead,never_publish_as_lineage_without_direct_source,"O ranking da IBJJF associa o atleta à academia ""GF Team""; o acervo possui 50 pessoa(s) com o mesmo nome de academia. Isso não identifica professor nem comprova graduação."
Francisco Leandro Ferreira da Silva,https://ibjjf.com/athletes/francisco-silva-8a9805fe1d1f,PSLPB Cicero Costha,male,master2,gi,9,1155; 13076; 7704; 6151; 13062,Cicero Costha; Francisco Lo; Helton Jose Junior; Hiago George; Leonardo Mario,5,academy_name_overlap_only,research_lead,never_publish_as_lineage_without_direct_source,"O ranking da IBJJF associa o atleta à academia ""PSLPB Cicero Costha""; o acervo possui 5 pessoa(s) com o mesmo nome de academia. Isso não identifica professor nem comprova graduação."
Francisco Iuri Torres Marinho Mourão,https://ibjjf.com/athletes/francisco-mourao,CheckMat,male,master2,gi,9,419; 338; 875; 963; 405,Leonardo Vieira; Ricardo Vieira; Lucas Leite; Carlos Vieira Holanda; Marco Canha,85,academy_name_overlap_only,research_lead,never_publish_as_lineage_without_direct_source,"O ranking da IBJJF associa o atleta à academia ""CheckMat""; o acervo possui 85 pessoa(s) com o mesmo nome de academia. Isso não identifica professor nem comprova graduação."
Paulo Henrique L. Martins,https://ibjjf.com/athletes/paulo-martins-98cbe3e94882,CheckMat,male,master2,gi,9,419; 338; 875; 963; 405,Leonardo Vieira; Ricardo Vieira; Lucas Leite; Carlos Vieira Holanda; Marco Canha,85,academy_name_overlap_only,research_lead,never_publish_as_lineage_without_direct_source,"O ranking da IBJJF associa o atleta à academia ""CheckMat""; o acervo possui 85 pessoa(s) com o mesmo nome de academia. Isso não identifica professor nem comprova graduação."
Marcos Ferrucci,https://ibjjf.com/athletes/marcos-ferrucci,CheckMat,male,master2,gi,9,419; 338; 875; 963; 405,Leonardo Vieira; Ricardo Vieira; Lucas Leite; Carlos Vieira Holanda; Marco Canha,85,academy_name_overlap_only,research_lead,never_publish_as_lineage_without_direct_source,"O ranking da IBJJF associa o atleta à academia ""CheckMat""; o acervo possui 85 pessoa(s) com o mesmo nome de academia. Isso não identifica professor nem comprova graduação."
Heron Xavier de Oliveira Júnior,https://ibjjf.com/athletes/heron-junior,GF Team,male,master2,gi,9,203; 8116; 11917; 2035; 9166,Julio Cesar; Dante Leon; Gabriel Marinho; Vitor Henrique; Alexandre Barauna,50,academy_name_overlap_only,research_lead,never_publish_as_lineage_without_direct_source,"O ranking da IBJJF associa o atleta à academia ""GF Team""; o acervo possui 50 pessoa(s) com o mesmo nome de academia. Isso não identifica professor nem comprova graduação."
Rafael Zilio,https://ibjjf.com/athletes/rafael-zilio,De La Riva JJ,male,master2,gi,9,7928,Claudia Doval,1,academy_name_overlap_only,research_lead,never_publish_as_lineage_without_direct_source,"O ranking da IBJJF associa o atleta à academia ""De La Riva JJ""; o acervo possui 1 pessoa(s) com o mesmo nome de academia. Isso não identifica professor nem comprova graduação."
Gustavo Henrique Ferreira,https://ibjjf.com/athletes/gustavo-ferreira-e13d8de6f28a,GF Team,male,master2,gi,9,203; 8116; 11917; 2035; 9166,Julio Cesar; Dante Leon; Gabriel Marinho; Vitor Henrique; Alexandre Barauna,50,academy_name_overlap_only,research_lead,never_publish_as_lineage_without_direct_source,"O ranking da IBJJF associa o atleta à academia ""GF Team""; o acervo possui 50 pessoa(s) com o mesmo nome de academia. Isso não identifica professor nem comprova graduação."
Chase Ernest Smith,https://ibjjf.com/athletes/chase-smith-d3aed6057dab,AOJ,male,master2,gi,9,415; 179; 13326; 12554; 11690,Guilherme Mendes; Rafael Mendes; Hiryu Niwa; Iasmin Casser; Jessa Khan,10,academy_name_overlap_only,research_lead,never_publish_as_lineage_without_direct_source,"O ranking da IBJJF associa o atleta à academia ""AOJ""; o acervo possui 10 pessoa(s) com o mesmo nome de academia. Isso não identifica professor nem comprova graduação."
Scott Vincent Schepis,https://ibjjf.com/athletes/scott-schepis,Renzo Gracie Academy,male,master2,gi,9,10000; 5649; 7442; 9760; 5617,Doug Pelinkovic; Gary Tonon; Edward Cummings; Frank Rosenthal; Jamie Cruz,10,academy_name_overlap_only,research_lead,never_publish_as_lineage_without_direct_source,"O ranking da IBJJF associa o atleta à academia ""Renzo Gracie Academy""; o acervo possui 10 pessoa(s) com o mesmo nome de academia. Isso não identifica professor nem comprova graduação."
Alysson Bruno Silva Vieira,https://ibjjf.com/athletes/alysson-vieira,PSLPB Cicero Costha,male,master2,gi,9,1155; 13076; 7704; 6151; 13062,Cicero Costha; Francisco Lo; Helton Jose Junior; Hiago George; Leonardo Mario,5,academy_name_overlap_only,research_lead,never_publish_as_lineage_without_direct_source,"O ranking da IBJJF associa o atleta à academia ""PSLPB Cicero Costha""; o acervo possui 5 pessoa(s) com o mesmo nome de academia. Isso não identifica professor nem comprova graduação."
Flank Henrique Pereira de Carvalho,https://ibjjf.com/athletes/flank-carvalho,Brazilian Top Team,male,master2,gi,9,627; 8409; 249; 232; 1675,Murilo Bustamante; Ricardo Marques; Anderson Pereira; Jose Mario Sperry; Luis Roberto Duarte,6,academy_name_overlap_only,research_lead,never_publish_as_lineage_without_direct_source,"O ranking da IBJJF associa o atleta à academia ""Brazilian Top Team""; o acervo possui 6 pessoa(s) com o mesmo nome de academia. Isso não identifica professor nem comprova graduação."
Patrick Furtado Carvalho,https://ibjjf.com/athletes/patrick-carvalho-2c7b7ecf523e,Rio Grappling Club,male,master2,gi,9,960; 535,Mauro Chueng; Roberto Atalla,2,academy_name_overlap_only,research_lead,never_publish_as_lineage_without_direct_source,"O ranking da IBJJF associa o atleta à academia ""Rio Grappling Club""; o acervo possui 2 pessoa(s) com o mesmo nome de academia. Isso não identifica professor nem comprova graduação."
Vasili Nikolaev,https://ibjjf.com/athletes/vasili-nikolaev,AOJ,male,master2,gi,8,415; 179; 13326; 12554; 11690,Guilherme Mendes; Rafael Mendes; Hiryu Niwa; Iasmin Casser; Jessa Khan,10,academy_name_overlap_only,research_lead,never_publish_as_lineage_without_direct_source,"O ranking da IBJJF associa o atleta à academia ""AOJ""; o acervo possui 10 pessoa(s) com o mesmo nome de academia. Isso não identifica professor nem comprova graduação."
Andrew McColl,https://ibjjf.com/athletes/andrew-mccoll,Toronto BJJ,male,master2,gi,7,8783,Yacinta Nguyen,1,academy_name_overlap_only,research_lead,never_publish_as_lineage_without_direct_source,"O ranking da IBJJF associa o atleta à academia ""Toronto BJJ""; o acervo possui 1 pessoa(s) com o mesmo nome de academia. Isso não identifica professor nem comprova graduação."
Leonardo Felipe Reinert,https://ibjjf.com/athletes/leonardo-reinert,The Match Champ,male,master2,gi,7,12201,Maria Eduarda Tozoni,1,academy_name_overlap_only,research_lead,never_publish_as_lineage_without_direct_source,"O ranking da IBJJF associa o atleta à academia ""The Match Champ""; o acervo possui 1 pessoa(s) com o mesmo nome de academia. Isso não identifica professor nem comprova graduação."
Marco Giovanni Locatelli Benitez,https://ibjjf.com/athletes/marco-benitez,Ataque Duplo,male,master2,gi,7,11215,Harryson Pereira,1,academy_name_overlap_only,research_lead,never_publish_as_lineage_without_direct_source,"O ranking da IBJJF associa o atleta à academia ""Ataque Duplo""; o acervo possui 1 pessoa(s) com o mesmo nome de academia. Isso não identifica professor nem comprova graduação."
Matthew D Garber,https://ibjjf.com/athletes/matthew-garber,Brasa,male,master2,gi,6,702; 112; 935; 579; 559,Muzio de Angelis; Demian Maia; Leonardo Castello Branco; Octavio Couto; Rodrigo Medeiros,7,academy_name_overlap_only,research_lead,never_publish_as_lineage_without_direct_source,"O ranking da IBJJF associa o atleta à academia ""Brasa""; o acervo possui 7 pessoa(s) com o mesmo nome de academia. Isso não identifica professor nem comprova graduação."
Pedro Alexandre Lopes Belchior,https://ibjjf.com/athletes/pedro-belchior,Guigo JJ,male,master2,gi,6,693; 11423; 9483; 11766; 1624,Luiz Guilherme; Meyram Maquine; Eduardo Lopes; Gabriel Costa; Leonardo Arruda,5,academy_name_overlap_only,research_lead,never_publish_as_lineage_without_direct_source,"O ranking da IBJJF associa o atleta à academia ""Guigo JJ""; o acervo possui 5 pessoa(s) com o mesmo nome de academia. Isso não identifica professor nem comprova graduação."
Isaias Alves Madeira,https://ibjjf.com/athletes/isaias-madeira,Vitor Shaolin BJJ,male,master2,gi,6,9064,Silvio Duran,1,academy_name_overlap_only,research_lead,never_publish_as_lineage_without_direct_source,"O ranking da IBJJF associa o atleta à academia ""Vitor Shaolin BJJ""; o acervo possui 1 pessoa(s) com o mesmo nome de academia. Isso não identifica professor nem comprova graduação."
Franklin Catrinck Afonso de Carvalho,https://ibjjf.com/athletes/franklin-carvalho,Gracie Humaita,male,master2,gi,6,515; 903; 1445; 613; 6339,Royler Gracie; Leticia Ribeiro; Rolker Gracie; Wellington Dias; Admilson Brites,34,academy_name_overlap_only,research_lead,never_publish_as_lineage_without_direct_source,"O ranking da IBJJF associa o atleta à academia ""Gracie Humaita""; o acervo possui 34 pessoa(s) com o mesmo nome de academia. Isso não identifica professor nem comprova graduação."
James Randall Guyton,https://ibjjf.com/athletes/james-guyton,AOJ,male,master2,gi,6,415; 179; 13326; 12554; 11690,Guilherme Mendes; Rafael Mendes; Hiryu Niwa; Iasmin Casser; Jessa Khan,10,academy_name_overlap_only,research_lead,never_publish_as_lineage_without_direct_source,"O ranking da IBJJF associa o atleta à academia ""AOJ""; o acervo possui 10 pessoa(s) com o mesmo nome de academia. Isso não identifica professor nem comprova graduação."
Trevor J. Schultz,https://ibjjf.com/athletes/trevor-schultz,Pedigo Submission Fighting,male,master2,gi,6,11359; 11808,Heath Pedigo; Andrew Wiltse,2,academy_name_overlap_only,research_lead,never_publish_as_lineage_without_direct_source,"O ranking da IBJJF associa o atleta à academia ""Pedigo Submission Fighting""; o acervo possui 2 pessoa(s) com o mesmo nome de academia. Isso não identifica professor nem comprova graduação."
Raphael Pereira Vieira,https://ibjjf.com/athletes/raphael-93c631fbe466,CheckMat,male,master2,gi,6,419; 338; 875; 963; 405,Leonardo Vieira; Ricardo Vieira; Lucas Leite; Carlos Vieira Holanda; Marco Canha,85,academy_name_overlap_only,research_lead,never_publish_as_lineage_without_direct_source,"O ranking da IBJJF associa o atleta à academia ""CheckMat""; o acervo possui 85 pessoa(s) com o mesmo nome de academia. Isso não identifica professor nem comprova graduação."
Dustin Kim,https://ibjjf.com/athletes/dustin-kim,Brasa,male,master2,gi,6,702; 112; 935; 579; 559,Muzio de Angelis; Demian Maia; Leonardo Castello Branco; Octavio Couto; Rodrigo Medeiros,7,academy_name_overlap_only,research_lead,never_publish_as_lineage_without_direct_source,"O ranking da IBJJF associa o atleta à academia ""Brasa""; o acervo possui 7 pessoa(s) com o mesmo nome de academia. Isso não identifica professor nem comprova graduação."
Jefferson da Silva Barboza,https://ibjjf.com/athletes/jefferson-barboza-0e53d64d04cb,Ns Brotherhood,male,master2,gi,6,1188; 7256,Leandro Lo; Jan Buatim,2,academy_name_overlap_only,research_lead,never_publish_as_lineage_without_direct_source,"O ranking da IBJJF associa o atleta à academia ""Ns Brotherhood""; o acervo possui 2 pessoa(s) com o mesmo nome de academia. Isso não identifica professor nem comprova graduação."
Odair Jose Fernandes dos Santos,https://ibjjf.com/athletes/odair-santos-33ddf5c0aea6,PSLPB Cicero Costha,male,master2,gi,6,1155; 13076; 7704; 6151; 13062,Cicero Costha; Francisco Lo; Helton Jose Junior; Hiago George; Leonardo Mario,5,academy_name_overlap_only,research_lead,never_publish_as_lineage_without_direct_source,"O ranking da IBJJF associa o atleta à academia ""PSLPB Cicero Costha""; o acervo possui 5 pessoa(s) com o mesmo nome de academia. Isso não identifica professor nem comprova graduação."
Jackson Djavan de Souza,https://ibjjf.com/athletes/jackson-djavan,Lotus Club,male,master2,gi,5,14205,Alexandre Manara,1,academy_name_overlap_only,research_lead,never_publish_as_lineage_without_direct_source,"O ranking da IBJJF associa o atleta à academia ""Lotus Club""; o acervo possui 1 pessoa(s) com o mesmo nome de academia. Isso não identifica professor nem comprova graduação."
Eliandro José Libânia,https://ibjjf.com/athletes/eliandro-libania,Nova União,male,master2,gi,5,78; 634; 6756; 4334; 195,Andre Pederneiras; Wendell Alexander; Rodrigo Silva; Andre da Silva; Robson Moura,39,academy_name_overlap_only,research_lead,never_publish_as_lineage_without_direct_source,"O ranking da IBJJF associa o atleta à academia ""Nova União""; o acervo possui 39 pessoa(s) com o mesmo nome de academia. Isso não identifica professor nem comprova graduação."
Tyson Lucas Neyland,https://ibjjf.com/athletes/tyson-neyland,Roberto Traven BJJ,male,master2,gi,5,7079,Carlos Farias,1,academy_name_overlap_only,research_lead,never_publish_as_lineage_without_direct_source,"O ranking da IBJJF associa o atleta à academia ""Roberto Traven BJJ""; o acervo possui 1 pessoa(s) com o mesmo nome de academia. Isso não identifica professor nem comprova graduação."
João Paulo Bertuccelli,https://ibjjf.com/athletes/joao-bertuccelli,AOJ,male,master2,gi,4,415; 179; 13326; 12554; 11690,Guilherme Mendes; Rafael Mendes; Hiryu Niwa; Iasmin Casser; Jessa Khan,10,academy_name_overlap_only,research_lead,never_publish_as_lineage_without_direct_source,"O ranking da IBJJF associa o atleta à academia ""AOJ""; o acervo possui 10 pessoa(s) com o mesmo nome de academia. Isso não identifica professor nem comprova graduação."
Ricardo Totina,https://ibjjf.com/athletes/ricardo-totina,CheckMat,male,master2,gi,4,419; 338; 875; 963; 405,Leonardo Vieira; Ricardo Vieira; Lucas Leite; Carlos Vieira Holanda; Marco Canha,85,academy_name_overlap_only,research_lead,never_publish_as_lineage_without_direct_source,"O ranking da IBJJF associa o atleta à academia ""CheckMat""; o acervo possui 85 pessoa(s) com o mesmo nome de academia. Isso não identifica professor nem comprova graduação."
Gregor Fagundes Leal,https://ibjjf.com/athletes/gregor-leal,Guigo JJ,male,master2,gi,4,693; 11423; 9483; 11766; 1624,Luiz Guilherme; Meyram Maquine; Eduardo Lopes; Gabriel Costa; Leonardo Arruda,5,academy_name_overlap_only,research_lead,never_publish_as_lineage_without_direct_source,"O ranking da IBJJF associa o atleta à academia ""Guigo JJ""; o acervo possui 5 pessoa(s) com o mesmo nome de academia. Isso não identifica professor nem comprova graduação."
Caio Rodrigo Cardoso Soares,https://ibjjf.com/athletes/caio-soares-7977ebeeac00,Lotus Club,male,master2,gi,4,14205,Alexandre Manara,1,academy_name_overlap_only,research_lead,never_publish_as_lineage_without_direct_source,"O ranking da IBJJF associa o atleta à academia ""Lotus Club""; o acervo possui 1 pessoa(s) com o mesmo nome de academia. Isso não identifica professor nem comprova graduação."
Heron Souza Albuquerque Ramos,https://ibjjf.com/athletes/heron-ramos,CheckMat,male,master2,gi,4,419; 338; 875; 963; 405,Leonardo Vieira; Ricardo Vieira; Lucas Leite; Carlos Vieira Holanda; Marco Canha,85,academy_name_overlap_only,research_lead,never_publish_as_lineage_without_direct_source,"O ranking da IBJJF associa o atleta à academia ""CheckMat""; o acervo possui 85 pessoa(s) com o mesmo nome de academia. Isso não identifica professor nem comprova graduação."
Diogo Pena de Jesus,https://ibjjf.com/athletes/diogo-jesus,CheckMat,male,master2,gi,4,419; 338; 875; 963; 405,Leonardo Vieira; Ricardo Vieira; Lucas Leite; Carlos Vieira Holanda; Marco Canha,85,academy_name_overlap_only,research_lead,never_publish_as_lineage_without_direct_source,"O ranking da IBJJF associa o atleta à academia ""CheckMat""; o acervo possui 85 pessoa(s) com o mesmo nome de academia. Isso não identifica professor nem comprova graduação."
Fernando Gomes Vaz,https://ibjjf.com/athletes/fernando-469e4531c590,CheckMat,male,master2,gi,4,419; 338; 875; 963; 405,Leonardo Vieira; Ricardo Vieira; Lucas Leite; Carlos Vieira Holanda; Marco Canha,85,academy_name_overlap_only,research_lead,never_publish_as_lineage_without_direct_source,"O ranking da IBJJF associa o atleta à academia ""CheckMat""; o acervo possui 85 pessoa(s) com o mesmo nome de academia. Isso não identifica professor nem comprova graduação."
Samir Ahmed Memon,https://ibjjf.com/athletes/samir-memon,Renzo Gracie Academy,male,master2,gi,3.5,10000; 5649; 7442; 9760; 5617,Doug Pelinkovic; Gary Tonon; Edward Cummings; Frank Rosenthal; Jamie Cruz,10,academy_name_overlap_only,research_lead,never_publish_as_lineage_without_direct_source,"O ranking da IBJJF associa o atleta à academia ""Renzo Gracie Academy""; o acervo possui 10 pessoa(s) com o mesmo nome de academia. Isso não identifica professor nem comprova graduação."
Jonathan Handel,https://ibjjf.com/athletes/jonathan-handel,Toronto BJJ,male,master2,gi,3,8783,Yacinta Nguyen,1,academy_name_overlap_only,research_lead,never_publish_as_lineage_without_direct_source,"O ranking da IBJJF associa o atleta à academia ""Toronto BJJ""; o acervo possui 1 pessoa(s) com o mesmo nome de academia. Isso não identifica professor nem comprova graduação."
Felipe Freitas Dantas,https://ibjjf.com/athletes/felipe-dantas,Nova União,male,master2,gi,3,78; 634; 6756; 4334; 195,Andre Pederneiras; Wendell Alexander; Rodrigo Silva; Andre da Silva; Robson Moura,39,academy_name_overlap_only,research_lead,never_publish_as_lineage_without_direct_source,"O ranking da IBJJF associa o atleta à academia ""Nova União""; o acervo possui 39 pessoa(s) com o mesmo nome de academia. Isso não identifica professor nem comprova graduação."
Eduardo Correa Coraça de Brito,https://ibjjf.com/athletes/eduardo-brito,GF Team,male,master2,gi,3,203; 8116; 11917; 2035; 9166,Julio Cesar; Dante Leon; Gabriel Marinho; Vitor Henrique; Alexandre Barauna,50,academy_name_overlap_only,research_lead,never_publish_as_lineage_without_direct_source,"O ranking da IBJJF associa o atleta à academia ""GF Team""; o acervo possui 50 pessoa(s) com o mesmo nome de academia. Isso não identifica professor nem comprova graduação."
Roger Quintanilla Araya,https://ibjjf.com/athletes/roger-araya,Brasa,male,master2,gi,3,702; 112; 935; 579; 559,Muzio de Angelis; Demian Maia; Leonardo Castello Branco; Octavio Couto; Rodrigo Medeiros,7,academy_name_overlap_only,research_lead,never_publish_as_lineage_without_direct_source,"O ranking da IBJJF associa o atleta à academia ""Brasa""; o acervo possui 7 pessoa(s) com o mesmo nome de academia. Isso não identifica professor nem comprova graduação."
Leandro Fabrício do Nascimento,https://ibjjf.com/athletes/leandro-nascimento,Brazilian Top Team,male,master2,gi,3,627; 8409; 249; 232; 1675,Murilo Bustamante; Ricardo Marques; Anderson Pereira; Jose Mario Sperry; Luis Roberto Duarte,6,academy_name_overlap_only,research_lead,never_publish_as_lineage_without_direct_source,"O ranking da IBJJF associa o atleta à academia ""Brazilian Top Team""; o acervo possui 6 pessoa(s) com o mesmo nome de academia. Isso não identifica professor nem comprova graduação."
Paulo Yoshinori Kawahira,https://ibjjf.com/athletes/paulo-kawahira,Vitor Shaolin BJJ,male,master2,gi,3,9064,Silvio Duran,1,academy_name_overlap_only,research_lead,never_publish_as_lineage_without_direct_source,"O ranking da IBJJF associa o atleta à academia ""Vitor Shaolin BJJ""; o acervo possui 1 pessoa(s) com o mesmo nome de academia. Isso não identifica professor nem comprova graduação."
Thomas Mietz,https://ibjjf.com/athletes/thomas-mietz,Carpe Diem,male,master2,gi,3,9152; 7645; 9559; 6060,Daisuke Shiraki; Masahiro Iwasaki; Rida Haisam; Tomoyuki Hashimoto,4,academy_name_overlap_only,research_lead,never_publish_as_lineage_without_direct_source,"O ranking da IBJJF associa o atleta à academia ""Carpe Diem""; o acervo possui 4 pessoa(s) com o mesmo nome de academia. Isso não identifica professor nem comprova graduação."
Marcelo Ferreira da Costa Filho,https://ibjjf.com/athletes/marcelo-filho-beab46173243,CheckMat,male,master2,gi,3,419; 338; 875; 963; 405,Leonardo Vieira; Ricardo Vieira; Lucas Leite; Carlos Vieira Holanda; Marco Canha,85,academy_name_overlap_only,research_lead,never_publish_as_lineage_without_direct_source,"O ranking da IBJJF associa o atleta à academia ""CheckMat""; o acervo possui 85 pessoa(s) com o mesmo nome de academia. Isso não identifica professor nem comprova graduação."
Nilton Barbosa de Oliveira Junior,https://ibjjf.com/athletes/nilton-junior,GF Team,male,master2,gi,3,203; 8116; 11917; 2035; 9166,Julio Cesar; Dante Leon; Gabriel Marinho; Vitor Henrique; Alexandre Barauna,50,academy_name_overlap_only,research_lead,never_publish_as_lineage_without_direct_source,"O ranking da IBJJF associa o atleta à academia ""GF Team""; o acervo possui 50 pessoa(s) com o mesmo nome de academia. Isso não identifica professor nem comprova graduação."
Marcos Jose Turella,https://ibjjf.com/athletes/marcos-turella,Ns Brotherhood,male,master2,gi,3,1188; 7256,Leandro Lo; Jan Buatim,2,academy_name_overlap_only,research_lead,never_publish_as_lineage_without_direct_source,"O ranking da IBJJF associa o atleta à academia ""Ns Brotherhood""; o acervo possui 2 pessoa(s) com o mesmo nome de academia. Isso não identifica professor nem comprova graduação."
Luiz Henrique da Silva,https://ibjjf.com/athletes/luiz-silva-52f0f750224a,CheckMat,male,master2,gi,3,419; 338; 875; 963; 405,Leonardo Vieira; Ricardo Vieira; Lucas Leite; Carlos Vieira Holanda; Marco Canha,85,academy_name_overlap_only,research_lead,never_publish_as_lineage_without_direct_source,"O ranking da IBJJF associa o atleta à academia ""CheckMat""; o acervo possui 85 pessoa(s) com o mesmo nome de academia. Isso não identifica professor nem comprova graduação."
Drumon Bonet Alves,https://ibjjf.com/athletes/drumon-alves,Nova União,male,master2,gi,3,78; 634; 6756; 4334; 195,Andre Pederneiras; Wendell Alexander; Rodrigo Silva; Andre da Silva; Robson Moura,39,academy_name_overlap_only,research_lead,never_publish_as_lineage_without_direct_source,"O ranking da IBJJF associa o atleta à academia ""Nova União""; o acervo possui 39 pessoa(s) com o mesmo nome de academia. Isso não identifica professor nem comprova graduação."
Victor Assis Piscopo Gloria,https://ibjjf.com/athletes/victor-gloria,GF Team,male,master2,gi,3,203; 8116; 11917; 2035; 9166,Julio Cesar; Dante Leon; Gabriel Marinho; Vitor Henrique; Alexandre Barauna,50,academy_name_overlap_only,research_lead,never_publish_as_lineage_without_direct_source,"O ranking da IBJJF associa o atleta à academia ""GF Team""; o acervo possui 50 pessoa(s) com o mesmo nome de academia. Isso não identifica professor nem comprova graduação."
Camilo Andres Silva,https://ibjjf.com/athletes/camilo-silva,Fight Sports,male,master2,gi,3,224; 11384; 12178; 13473; 13031,Roberto Abreu; Andre Porfirio; Joao Costa; Kauane Silva; Lucas Lisboa,12,academy_name_overlap_only,research_lead,never_publish_as_lineage_without_direct_source,"O ranking da IBJJF associa o atleta à academia ""Fight Sports""; o acervo possui 12 pessoa(s) com o mesmo nome de academia. Isso não identifica professor nem comprova graduação."
Vinícius Garcia de Freitas Santos,https://ibjjf.com/athletes/vinicius-santos,PSLPB Cicero Costha,male,master2,gi,3,1155; 13076; 7704; 6151; 13062,Cicero Costha; Francisco Lo; Helton Jose Junior; Hiago George; Leonardo Mario,5,academy_name_overlap_only,research_lead,never_publish_as_lineage_without_direct_source,"O ranking da IBJJF associa o atleta à academia ""PSLPB Cicero Costha""; o acervo possui 5 pessoa(s) com o mesmo nome de academia. Isso não identifica professor nem comprova graduação."
Everton Carvalho Chaves Neto,https://ibjjf.com/athletes/everton-neto,De La Riva JJ,male,master2,gi,3,7928,Claudia Doval,1,academy_name_overlap_only,research_lead,never_publish_as_lineage_without_direct_source,"O ranking da IBJJF associa o atleta à academia ""De La Riva JJ""; o acervo possui 1 pessoa(s) com o mesmo nome de academia. Isso não identifica professor nem comprova graduação."
Bruno Alves dos Santos,https://ibjjf.com/athletes/bruno-santos-8e17ab9c8d9a,GF Team,male,master2,gi,3,203; 8116; 11917; 2035; 9166,Julio Cesar; Dante Leon; Gabriel Marinho; Vitor Henrique; Alexandre Barauna,50,academy_name_overlap_only,research_lead,never_publish_as_lineage_without_direct_source,"O ranking da IBJJF associa o atleta à academia ""GF Team""; o acervo possui 50 pessoa(s) com o mesmo nome de academia. Isso não identifica professor nem comprova graduação."
Jean Michel Conrado,https://ibjjf.com/athletes/jean-conrado,GF Team,male,master2,gi,3,203; 8116; 11917; 2035; 9166,Julio Cesar; Dante Leon; Gabriel Marinho; Vitor Henrique; Alexandre Barauna,50,academy_name_overlap_only,research_lead,never_publish_as_lineage_without_direct_source,"O ranking da IBJJF associa o atleta à academia ""GF Team""; o acervo possui 50 pessoa(s) com o mesmo nome de academia. Isso não identifica professor nem comprova graduação."
José Welligton Bezerra da Silva,https://ibjjf.com/athletes/jose-silva-946fedff82e5,CheckMat,male,master2,gi,3,419; 338; 875; 963; 405,Leonardo Vieira; Ricardo Vieira; Lucas Leite; Carlos Vieira Holanda; Marco Canha,85,academy_name_overlap_only,research_lead,never_publish_as_lineage_without_direct_source,"O ranking da IBJJF associa o atleta à academia ""CheckMat""; o acervo possui 85 pessoa(s) com o mesmo nome de academia. Isso não identifica professor nem comprova graduação."
Daniel de Oliveira Ribeiro,https://ibjjf.com/athletes/daniel-ribeiro-58e2bf060afa,GF Team,male,master2,gi,3,203; 8116; 11917; 2035; 9166,Julio Cesar; Dante Leon; Gabriel Marinho; Vitor Henrique; Alexandre Barauna,50,academy_name_overlap_only,research_lead,never_publish_as_lineage_without_direct_source,"O ranking da IBJJF associa o atleta à academia ""GF Team""; o acervo possui 50 pessoa(s) com o mesmo nome de academia. Isso não identifica professor nem comprova graduação."
Luiz André Arcanjo Siqueira,https://ibjjf.com/athletes/luiz-siqueira,The Match Champ,male,master2,gi,3,12201,Maria Eduarda Tozoni,1,academy_name_overlap_only,research_lead,never_publish_as_lineage_without_direct_source,"O ranking da IBJJF associa o atleta à academia ""The Match Champ""; o acervo possui 1 pessoa(s) com o mesmo nome de academia. Isso não identifica professor nem comprova graduação."
Diego Vinicius de Moraes,https://ibjjf.com/athletes/diego-moraes,GF Team,male,master2,gi,3,203; 8116; 11917; 2035; 9166,Julio Cesar; Dante Leon; Gabriel Marinho; Vitor Henrique; Alexandre Barauna,50,academy_name_overlap_only,research_lead,never_publish_as_lineage_without_direct_source,"O ranking da IBJJF associa o atleta à academia ""GF Team""; o acervo possui 50 pessoa(s) com o mesmo nome de academia. Isso não identifica professor nem comprova graduação."
Diogo Felipe Martins,https://ibjjf.com/athletes/diogo-martins,Gracie Humaita,male,master2,gi,3,515; 903; 1445; 613; 6339,Royler Gracie; Leticia Ribeiro; Rolker Gracie; Wellington Dias; Admilson Brites,34,academy_name_overlap_only,research_lead,never_publish_as_lineage_without_direct_source,"O ranking da IBJJF associa o atleta à academia ""Gracie Humaita""; o acervo possui 34 pessoa(s) com o mesmo nome de academia. Isso não identifica professor nem comprova graduação."
Robison de Oliveira Santos,https://ibjjf.com/athletes/robison-a85b6659e38b,CheckMat,male,master2,gi,3,419; 338; 875; 963; 405,Leonardo Vieira; Ricardo Vieira; Lucas Leite; Carlos Vieira Holanda; Marco Canha,85,academy_name_overlap_only,research_lead,never_publish_as_lineage_without_direct_source,"O ranking da IBJJF associa o atleta à academia ""CheckMat""; o acervo possui 85 pessoa(s) com o mesmo nome de academia. Isso não identifica professor nem comprova graduação."
Cayo Cilas Bezerra da Silva,https://ibjjf.com/athletes/cayo,Brazilian Top Team,male,master2,gi,3,627; 8409; 249; 232; 1675,Murilo Bustamante; Ricardo Marques; Anderson Pereira; Jose Mario Sperry; Luis Roberto Duarte,6,academy_name_overlap_only,research_lead,never_publish_as_lineage_without_direct_source,"O ranking da IBJJF associa o atleta à academia ""Brazilian Top Team""; o acervo possui 6 pessoa(s) com o mesmo nome de academia. Isso não identifica professor nem comprova graduação."
Kyle Philip Casey,https://ibjjf.com/athletes/kyle-casey-3a985167b8cf,Fight Sports,male,master2,gi,3,224; 11384; 12178; 13473; 13031,Roberto Abreu; Andre Porfirio; Joao Costa; Kauane Silva; Lucas Lisboa,12,academy_name_overlap_only,research_lead,never_publish_as_lineage_without_direct_source,"O ranking da IBJJF associa o atleta à academia ""Fight Sports""; o acervo possui 12 pessoa(s) com o mesmo nome de academia. Isso não identifica professor nem comprova graduação."
Benevenuto Cayo Gasparian Sartori,https://ibjjf.com/athletes/benevenuto-sartori,Guigo JJ,male,master2,gi,3,693; 11423; 9483; 11766; 1624,Luiz Guilherme; Meyram Maquine; Eduardo Lopes; Gabriel Costa; Leonardo Arruda,5,academy_name_overlap_only,research_lead,never_publish_as_lineage_without_direct_source,"O ranking da IBJJF associa o atleta à academia ""Guigo JJ""; o acervo possui 5 pessoa(s) com o mesmo nome de academia. Isso não identifica professor nem comprova graduação."
Adewale Akorede Adelakun,https://ibjjf.com/athletes/adewale-adelakun,Team Lloyd Irvin,male,master2,gi,3,8141; 10638; 13747; 12940; 8128,Aarae Alexander; Angelo Claiborne; Chris Tran; Cory Walker; Donald Achnick,12,academy_name_overlap_only,research_lead,never_publish_as_lineage_without_direct_source,"O ranking da IBJJF associa o atleta à academia ""Team Lloyd Irvin""; o acervo possui 12 pessoa(s) com o mesmo nome de academia. Isso não identifica professor nem comprova graduação."
Diego Elias Morales,https://ibjjf.com/athletes/diego-morales-8ace7d2a3049,Big Brothers,male,master2,gi,3,6403,Leonardo Dalla,1,academy_name_overlap_only,research_lead,never_publish_as_lineage_without_direct_source,"O ranking da IBJJF associa o atleta à academia ""Big Brothers""; o acervo possui 1 pessoa(s) com o mesmo nome de academia. Isso não identifica professor nem comprova graduação."
Wendel Lopes de Paulo,https://ibjjf.com/athletes/wendel-paulo,Striker JJ,male,master2,gi,2,12277,Pedro Agrizzi,1,academy_name_overlap_only,research_lead,never_publish_as_lineage_without_direct_source,"O ranking da IBJJF associa o atleta à academia ""Striker JJ""; o acervo possui 1 pessoa(s) com o mesmo nome de academia. Isso não identifica professor nem comprova graduação."
Paulo Frederico Magueta Schmidt,https://ibjjf.com/athletes/paulo-schmidt,CheckMat,male,master2,gi,2,419; 338; 875; 963; 405,Leonardo Vieira; Ricardo Vieira; Lucas Leite; Carlos Vieira Holanda; Marco Canha,85,academy_name_overlap_only,research_lead,never_publish_as_lineage_without_direct_source,"O ranking da IBJJF associa o atleta à academia ""CheckMat""; o acervo possui 85 pessoa(s) com o mesmo nome de academia. Isso não identifica professor nem comprova graduação."
Andrew Joseph Browne,https://ibjjf.com/athletes/andrew-browne,Team Shawn Hammonds,male,master2,gi,2,9845,Chad Hardy,1,academy_name_overlap_only,research_lead,never_publish_as_lineage_without_direct_source,"O ranking da IBJJF associa o atleta à academia ""Team Shawn Hammonds""; o acervo possui 1 pessoa(s) com o mesmo nome de academia. Isso não identifica professor nem comprova graduação."
Paulo Henrique Nogueira de Araujo,https://ibjjf.com/athletes/paulo-araujo-a3e53391584c,Gracie Humaita,male,master2,gi,2,515; 903; 1445; 613; 6339,Royler Gracie; Leticia Ribeiro; Rolker Gracie; Wellington Dias; Admilson Brites,34,academy_name_overlap_only,research_lead,never_publish_as_lineage_without_direct_source,"O ranking da IBJJF associa o atleta à academia ""Gracie Humaita""; o acervo possui 34 pessoa(s) com o mesmo nome de academia. Isso não identifica professor nem comprova graduação."
Charles A Chapman,https://ibjjf.com/athletes/charles-chapman,Combat Base,male,master2,gi,2,5858,Chris Haueter,1,academy_name_overlap_only,research_lead,never_publish_as_lineage_without_direct_source,"O ranking da IBJJF associa o atleta à academia ""Combat Base""; o acervo possui 1 pessoa(s) com o mesmo nome de academia. Isso não identifica professor nem comprova graduação."
Janderson de Matos Andrade,https://ibjjf.com/athletes/janderson-andrade,GF Team,male,master2,gi,2,203; 8116; 11917; 2035; 9166,Julio Cesar; Dante Leon; Gabriel Marinho; Vitor Henrique; Alexandre Barauna,50,academy_name_overlap_only,research_lead,never_publish_as_lineage_without_direct_source,"O ranking da IBJJF associa o atleta à academia ""GF Team""; o acervo possui 50 pessoa(s) com o mesmo nome de academia. Isso não identifica professor nem comprova graduação."
Celso Kiyoshi Sugimoto,https://ibjjf.com/athletes/celso-sugimoto,CheckMat,male,master2,gi,2,419; 338; 875; 963; 405,Leonardo Vieira; Ricardo Vieira; Lucas Leite; Carlos Vieira Holanda; Marco Canha,85,academy_name_overlap_only,research_lead,never_publish_as_lineage_without_direct_source,"O ranking da IBJJF associa o atleta à academia ""CheckMat""; o acervo possui 85 pessoa(s) com o mesmo nome de academia. Isso não identifica professor nem comprova graduação."
Higor Cordeiro Barbosa,https://ibjjf.com/athletes/higor-barbosa,SAS Team,male,master2,gi,2,9338,Guybson Sa,1,academy_name_overlap_only,research_lead,never_publish_as_lineage_without_direct_source,"O ranking da IBJJF associa o atleta à academia ""SAS Team""; o acervo possui 1 pessoa(s) com o mesmo nome de academia. Isso não identifica professor nem comprova graduação."
Marcus Vinicius Tavares Silveira,https://ibjjf.com/athletes/marcus-silveira,GF Team,male,master2,gi,2,203; 8116; 11917; 2035; 9166,Julio Cesar; Dante Leon; Gabriel Marinho; Vitor Henrique; Alexandre Barauna,50,academy_name_overlap_only,research_lead,never_publish_as_lineage_without_direct_source,"O ranking da IBJJF associa o atleta à academia ""GF Team""; o acervo possui 50 pessoa(s) com o mesmo nome de academia. Isso não identifica professor nem comprova graduação."
Raphael Bittencourt Quintanilha,https://ibjjf.com/athletes/raphael-quintanilha,GF Team,male,master2,gi,2,203; 8116; 11917; 2035; 9166,Julio Cesar; Dante Leon; Gabriel Marinho; Vitor Henrique; Alexandre Barauna,50,academy_name_overlap_only,research_lead,never_publish_as_lineage_without_direct_source,"O ranking da IBJJF associa o atleta à academia ""GF Team""; o acervo possui 50 pessoa(s) com o mesmo nome de academia. Isso não identifica professor nem comprova graduação."
Marcos de Almeida Godinho Junior,https://ibjjf.com/athletes/marcos-junior-28c6add6139d,Lotus Club,male,master2,gi,2,14205,Alexandre Manara,1,academy_name_overlap_only,research_lead,never_publish_as_lineage_without_direct_source,"O ranking da IBJJF associa o atleta à academia ""Lotus Club""; o acervo possui 1 pessoa(s) com o mesmo nome de academia. Isso não identifica professor nem comprova graduação."
Samuel Ribeiro Viana,https://ibjjf.com/athletes/samuel-476986,CheckMat,male,master2,gi,2,419; 338; 875; 963; 405,Leonardo Vieira; Ricardo Vieira; Lucas Leite; Carlos Vieira Holanda; Marco Canha,85,academy_name_overlap_only,research_lead,never_publish_as_lineage_without_direct_source,"O ranking da IBJJF associa o atleta à academia ""CheckMat""; o acervo possui 85 pessoa(s) com o mesmo nome de academia. Isso não identifica professor nem comprova graduação."
Bruno Roberto Ferreira Faria,https://ibjjf.com/athletes/bruno-faria-f8483019044f,CheckMat,male,master2,gi,2,419; 338; 875; 963; 405,Leonardo Vieira; Ricardo Vieira; Lucas Leite; Carlos Vieira Holanda; Marco Canha,85,academy_name_overlap_only,research_lead,never_publish_as_lineage_without_direct_source,"O ranking da IBJJF associa o atleta à academia ""CheckMat""; o acervo possui 85 pessoa(s) com o mesmo nome de academia. Isso não identifica professor nem comprova graduação."
Jhonathan Andersom Parente Moreira,https://ibjjf.com/athletes/jhonathan-moreira,PSLPB Cicero Costha,male,master2,gi,2,1155; 13076; 7704; 6151; 13062,Cicero Costha; Francisco Lo; Helton Jose Junior; Hiago George; Leonardo Mario,5,academy_name_overlap_only,research_lead,never_publish_as_lineage_without_direct_source,"O ranking da IBJJF associa o atleta à academia ""PSLPB Cicero Costha""; o acervo possui 5 pessoa(s) com o mesmo nome de academia. Isso não identifica professor nem comprova graduação."
Diego Esteves Pacheco,https://ibjjf.com/athletes/diego-pacheco,Lotus Club,male,master2,gi,1,14205,Alexandre Manara,1,academy_name_overlap_only,research_lead,never_publish_as_lineage_without_direct_source,"O ranking da IBJJF associa o atleta à academia ""Lotus Club""; o acervo possui 1 pessoa(s) com o mesmo nome de academia. Isso não identifica professor nem comprova graduação."
Franklin Sousa de Almeida,https://ibjjf.com/athletes/franklin-almeida,Cia Paulista,male,master2,gi,1,396; 1097; 872; 2324; 1517,Carlos Vieira; Waldomiro Perez; Maximiliano Trombini; Eduardo Santoro; Alexandre Santos,9,academy_name_overlap_only,research_lead,never_publish_as_lineage_without_direct_source,"O ranking da IBJJF associa o atleta à academia ""Cia Paulista""; o acervo possui 9 pessoa(s) com o mesmo nome de academia. Isso não identifica professor nem comprova graduação."
Cesar Alberto Benavides Guerrero,https://ibjjf.com/athletes/alberto-benavides,Fight Sports,male,master2,gi,1,224; 11384; 12178; 13473; 13031,Roberto Abreu; Andre Porfirio; Joao Costa; Kauane Silva; Lucas Lisboa,12,academy_name_overlap_only,research_lead,never_publish_as_lineage_without_direct_source,"O ranking da IBJJF associa o atleta à academia ""Fight Sports""; o acervo possui 12 pessoa(s) com o mesmo nome de academia. Isso não identifica professor nem comprova graduação."
Jonathan Marshall Morrell,https://ibjjf.com/athletes/jonathan-morrell,Team Shawn Hammonds,male,master2,gi,1,9845,Chad Hardy,1,academy_name_overlap_only,research_lead,never_publish_as_lineage_without_direct_source,"O ranking da IBJJF associa o atleta à academia ""Team Shawn Hammonds""; o acervo possui 1 pessoa(s) com o mesmo nome de academia. Isso não identifica professor nem comprova graduação."
Cristian Moraes Ramos,https://ibjjf.com/athletes/cristian-ramos,Zenith BJJ,male,master2,gi,1,6006; 11093; 543,Paulo Rezende; Emilio Hernandez; Rodrigo Cavaca,3,academy_name_overlap_only,research_lead,never_publish_as_lineage_without_direct_source,"O ranking da IBJJF associa o atleta à academia ""Zenith BJJ""; o acervo possui 3 pessoa(s) com o mesmo nome de academia. Isso não identifica professor nem comprova graduação."
Elon Hodge,https://ibjjf.com/athletes/elon-hodge,Renzo Gracie Academy,male,master2,gi,1,10000; 5649; 7442; 9760; 5617,Doug Pelinkovic; Gary Tonon; Edward Cummings; Frank Rosenthal; Jamie Cruz,10,academy_name_overlap_only,research_lead,never_publish_as_lineage_without_direct_source,"O ranking da IBJJF associa o atleta à academia ""Renzo Gracie Academy""; o acervo possui 10 pessoa(s) com o mesmo nome de academia. Isso não identifica professor nem comprova graduação."
Gregorio Nicolas da Roza Pinga,https://ibjjf.com/athletes/gregorio-pinga,Renzo Gracie Academy,male,master2,gi,1,10000; 5649; 7442; 9760; 5617,Doug Pelinkovic; Gary Tonon; Edward Cummings; Frank Rosenthal; Jamie Cruz,10,academy_name_overlap_only,research_lead,never_publish_as_lineage_without_direct_source,"O ranking da IBJJF associa o atleta à academia ""Renzo Gracie Academy""; o acervo possui 10 pessoa(s) com o mesmo nome de academia. Isso não identifica professor nem comprova graduação."
Luiz Fernando da Silva,https://ibjjf.com/athletes/luiz-silva-ce6017014084,Ns Brotherhood,male,master2,gi,1,1188; 7256,Leandro Lo; Jan Buatim,2,academy_name_overlap_only,research_lead,never_publish_as_lineage_without_direct_source,"O ranking da IBJJF associa o atleta à academia ""Ns Brotherhood""; o acervo possui 2 pessoa(s) com o mesmo nome de academia. Isso não identifica professor nem comprova graduação."
Wallace Lobo da Silva,https://ibjjf.com/athletes/wallace-silva-0383d0c6d5fd,GF Team,male,master2,gi,1,203; 8116; 11917; 2035; 9166,Julio Cesar; Dante Leon; Gabriel Marinho; Vitor Henrique; Alexandre Barauna,50,academy_name_overlap_only,research_lead,never_publish_as_lineage_without_direct_source,"O ranking da IBJJF associa o atleta à academia ""GF Team""; o acervo possui 50 pessoa(s) com o mesmo nome de academia. Isso não identifica professor nem comprova graduação."
Argelio Chappotin III,https://ibjjf.com/athletes/argelio-chappotin,Bjj Conquest,male,master2,gi,1,7732,Vicente Junior,1,academy_name_overlap_only,research_lead,never_publish_as_lineage_without_direct_source,"O ranking da IBJJF associa o atleta à academia ""Bjj Conquest""; o acervo possui 1 pessoa(s) com o mesmo nome de academia. Isso não identifica professor nem comprova graduação."
Christopher Lloyd Creamer,https://ibjjf.com/athletes/christopher-creamer,Brazilian Fight Factory,male,master2,gi,1,13172,Andrew Tackett,1,academy_name_overlap_only,research_lead,never_publish_as_lineage_without_direct_source,"O ranking da IBJJF associa o atleta à academia ""Brazilian Fight Factory""; o acervo possui 1 pessoa(s) com o mesmo nome de academia. Isso não identifica professor nem comprova graduação."
Raphael Antonio Garcia,https://ibjjf.com/athletes/raphael-garcia-f66dedfd2d11,BETA Academy,male,master2,gi,1,7512,Nakapan Phungephorn,1,academy_name_overlap_only,research_lead,never_publish_as_lineage_without_direct_source,"O ranking da IBJJF associa o atleta à academia ""BETA Academy""; o acervo possui 1 pessoa(s) com o mesmo nome de academia. Isso não identifica professor nem comprova graduação."
Thomas Raymond Morehead,https://ibjjf.com/athletes/thomas-morehead,Bjj Conquest,male,master2,gi,1,7732,Vicente Junior,1,academy_name_overlap_only,research_lead,never_publish_as_lineage_without_direct_source,"O ranking da IBJJF associa o atleta à academia ""Bjj Conquest""; o acervo possui 1 pessoa(s) com o mesmo nome de academia. Isso não identifica professor nem comprova graduação."
Anthony Michael Garavalia,https://ibjjf.com/athletes/anthony-garavalia,Big Brothers,male,master2,gi,1,6403,Leonardo Dalla,1,academy_name_overlap_only,research_lead,never_publish_as_lineage_without_direct_source,"O ranking da IBJJF associa o atleta à academia ""Big Brothers""; o acervo possui 1 pessoa(s) com o mesmo nome de academia. Isso não identifica professor nem comprova graduação."
Leonardo da Silva Alencar Costa,https://ibjjf.com/athletes/leonardo-costa-840435c99d5a,Striker JJ,male,master2,gi,1,12277,Pedro Agrizzi,1,academy_name_overlap_only,research_lead,never_publish_as_lineage_without_direct_source,"O ranking da IBJJF associa o atleta à academia ""Striker JJ""; o acervo possui 1 pessoa(s) com o mesmo nome de academia. Isso não identifica professor nem comprova graduação."
Pedro Henrique de Melo Coutinho Vieira,https://ibjjf.com/athletes/pedro-vieira-19b31b6000eb,GF Team,male,master2,gi,1,203; 8116; 11917; 2035; 9166,Julio Cesar; Dante Leon; Gabriel Marinho; Vitor Henrique; Alexandre Barauna,50,academy_name_overlap_only,research_lead,never_publish_as_lineage_without_direct_source,"O ranking da IBJJF associa o atleta à academia ""GF Team""; o acervo possui 50 pessoa(s) com o mesmo nome de academia. Isso não identifica professor nem comprova graduação."
Thiago Marques Teixeira Silva,https://ibjjf.com/athletes/thiago-silva-f5b0ebd55c47,Lotus Club,male,master2,gi,1,14205,Alexandre Manara,1,academy_name_overlap_only,research_lead,never_publish_as_lineage_without_direct_source,"O ranking da IBJJF associa o atleta à academia ""Lotus Club""; o acervo possui 1 pessoa(s) com o mesmo nome de academia. Isso não identifica professor nem comprova graduação."
Daniel Queiroz da Silva,https://ibjjf.com/athletes/daniel-silva-30961e05b1b7,PSLPB Cicero Costha,male,master3,gi,418.5,1155; 13076; 7704; 6151; 13062,Cicero Costha; Francisco Lo; Helton Jose Junior; Hiago George; Leonardo Mario,5,academy_name_overlap_only,research_lead,never_publish_as_lineage_without_direct_source,"O ranking da IBJJF associa o atleta à academia ""PSLPB Cicero Costha""; o acervo possui 5 pessoa(s) com o mesmo nome de academia. Isso não identifica professor nem comprova graduação."
Arthur Cesar Sampaio Jacintho,https://ibjjf.com/athletes/arthur-jacintho,GF Team,male,master3,gi,373.5,203; 8116; 11917; 2035; 9166,Julio Cesar; Dante Leon; Gabriel Marinho; Vitor Henrique; Alexandre Barauna,50,academy_name_overlap_only,research_lead,never_publish_as_lineage_without_direct_source,"O ranking da IBJJF associa o atleta à academia ""GF Team""; o acervo possui 50 pessoa(s) com o mesmo nome de academia. Isso não identifica professor nem comprova graduação."
Ryan Jon Schneider,https://ibjjf.com/athletes/ryan-schneider,AOJ,male,master3,gi,308.0,415; 179; 13326; 12554; 11690,Guilherme Mendes; Rafael Mendes; Hiryu Niwa; Iasmin Casser; Jessa Khan,10,academy_name_overlap_only,research_lead,never_publish_as_lineage_without_direct_source,"O ranking da IBJJF associa o atleta à academia ""AOJ""; o acervo possui 10 pessoa(s) com o mesmo nome de academia. Isso não identifica professor nem comprova graduação."
William Porter V. Durkee,https://ibjjf.com/athletes/william-durkee,Fight Sports,male,master3,gi,252.0,224; 11384; 12178; 13473; 13031,Roberto Abreu; Andre Porfirio; Joao Costa; Kauane Silva; Lucas Lisboa,12,academy_name_overlap_only,research_lead,never_publish_as_lineage_without_direct_source,"O ranking da IBJJF associa o atleta à academia ""Fight Sports""; o acervo possui 12 pessoa(s) com o mesmo nome de academia. Isso não identifica professor nem comprova graduação."
Hugo Luiz de Azevedo,https://ibjjf.com/athletes/hugo-azevedo,CheckMat,male,master3,gi,227.5,419; 338; 875; 963; 405,Leonardo Vieira; Ricardo Vieira; Lucas Leite; Carlos Vieira Holanda; Marco Canha,85,academy_name_overlap_only,research_lead,never_publish_as_lineage_without_direct_source,"O ranking da IBJJF associa o atleta à academia ""CheckMat""; o acervo possui 85 pessoa(s) com o mesmo nome de academia. Isso não identifica professor nem comprova graduação."
Timothy Michael McNamara,https://ibjjf.com/athletes/timothy-mcnamara,Renzo Gracie Academy,male,master3,gi,226.5,10000; 5649; 7442; 9760; 5617,Doug Pelinkovic; Gary Tonon; Edward Cummings; Frank Rosenthal; Jamie Cruz,10,academy_name_overlap_only,research_lead,never_publish_as_lineage_without_direct_source,"O ranking da IBJJF associa o atleta à academia ""Renzo Gracie Academy""; o acervo possui 10 pessoa(s) com o mesmo nome de academia. Isso não identifica professor nem comprova graduação."
Mauricio da Silva,https://ibjjf.com/athletes/mauricio-silva-7c1b85219e52,Ns Brotherhood,male,master3,gi,216.0,1188; 7256,Leandro Lo; Jan Buatim,2,academy_name_overlap_only,research_lead,never_publish_as_lineage_without_direct_source,"O ranking da IBJJF associa o atleta à academia ""Ns Brotherhood""; o acervo possui 2 pessoa(s) com o mesmo nome de academia. Isso não identifica professor nem comprova graduação."
Nicholas M. Albin,https://ibjjf.com/athletes/nicholas-albin,Team Shawn Hammonds,male,master3,gi,135.0,9845,Chad Hardy,1,academy_name_overlap_only,research_lead,never_publish_as_lineage_without_direct_source,"O ranking da IBJJF associa o atleta à academia ""Team Shawn Hammonds""; o acervo possui 1 pessoa(s) com o mesmo nome de academia. Isso não identifica professor nem comprova graduação."
Diego Gamonal Nogueira,https://ibjjf.com/athletes/diego-nogueira,Brazilian Top Team,male,master3,gi,116.0,627; 8409; 249; 232; 1675,Murilo Bustamante; Ricardo Marques; Anderson Pereira; Jose Mario Sperry; Luis Roberto Duarte,6,academy_name_overlap_only,research_lead,never_publish_as_lineage_without_direct_source,"O ranking da IBJJF associa o atleta à academia ""Brazilian Top Team""; o acervo possui 6 pessoa(s) com o mesmo nome de academia. Isso não identifica professor nem comprova graduação."
Rafael Ferreira dos Santos,https://ibjjf.com/athletes/rafael-santos-9fd67f0a5bb8,Carlson Gracie,male,master3,gi,110.0,22; 5998; 2062; 2583; 690,Carlson Gracie; Carlson Gracie Junior; Crezio de Souza; Alan Moraes; Fernando Marques,20,academy_name_overlap_only,research_lead,never_publish_as_lineage_without_direct_source,"O ranking da IBJJF associa o atleta à academia ""Carlson Gracie""; o acervo possui 20 pessoa(s) com o mesmo nome de academia. Isso não identifica professor nem comprova graduação."
William Gonçalves Martins,https://ibjjf.com/athletes/william-martins,PSLPB Cicero Costha,male,master3,gi,109.5,1155; 13076; 7704; 6151; 13062,Cicero Costha; Francisco Lo; Helton Jose Junior; Hiago George; Leonardo Mario,5,academy_name_overlap_only,research_lead,never_publish_as_lineage_without_direct_source,"O ranking da IBJJF associa o atleta à academia ""PSLPB Cicero Costha""; o acervo possui 5 pessoa(s) com o mesmo nome de academia. Isso não identifica professor nem comprova graduação."
Carlos Eduardo Enes Raymundo,https://ibjjf.com/athletes/carlos-raymundo,GF Team,male,master3,gi,108,203; 8116; 11917; 2035; 9166,Julio Cesar; Dante Leon; Gabriel Marinho; Vitor Henrique; Alexandre Barauna,50,academy_name_overlap_only,research_lead,never_publish_as_lineage_without_direct_source,"O ranking da IBJJF associa o atleta à academia ""GF Team""; o acervo possui 50 pessoa(s) com o mesmo nome de academia. Isso não identifica professor nem comprova graduação."
Augusto Ferrari Amaro de Andrade,https://ibjjf.com/athletes/augusto-andrade,Ns Brotherhood,male,master3,gi,103.5,1188; 7256,Leandro Lo; Jan Buatim,2,academy_name_overlap_only,research_lead,never_publish_as_lineage_without_direct_source,"O ranking da IBJJF associa o atleta à academia ""Ns Brotherhood""; o acervo possui 2 pessoa(s) com o mesmo nome de academia. Isso não identifica professor nem comprova graduação."
Wellington Miranda de Oliveira,https://ibjjf.com/athletes/wellington-oliveira-4f524ae4ada8,Ataque Duplo,male,master3,gi,103.0,11215,Harryson Pereira,1,academy_name_overlap_only,research_lead,never_publish_as_lineage_without_direct_source,"O ranking da IBJJF associa o atleta à academia ""Ataque Duplo""; o acervo possui 1 pessoa(s) com o mesmo nome de academia. Isso não identifica professor nem comprova graduação."
Douglas Fernandes da Silva,https://ibjjf.com/athletes/douglas-silva-b84c15d842f7,Brazilian Top Team,male,master3,gi,101.5,627; 8409; 249; 232; 1675,Murilo Bustamante; Ricardo Marques; Anderson Pereira; Jose Mario Sperry; Luis Roberto Duarte,6,academy_name_overlap_only,research_lead,never_publish_as_lineage_without_direct_source,"O ranking da IBJJF associa o atleta à academia ""Brazilian Top Team""; o acervo possui 6 pessoa(s) com o mesmo nome de academia. Isso não identifica professor nem comprova graduação."
Lucas da Silva Oliveira,https://ibjjf.com/athletes/lucas-oliveira-104da084c5f4,CheckMat,male,master3,gi,94.5,419; 338; 875; 963; 405,Leonardo Vieira; Ricardo Vieira; Lucas Leite; Carlos Vieira Holanda; Marco Canha,85,academy_name_overlap_only,research_lead,never_publish_as_lineage_without_direct_source,"O ranking da IBJJF associa o atleta à academia ""CheckMat""; o acervo possui 85 pessoa(s) com o mesmo nome de academia. Isso não identifica professor nem comprova graduação."
Lúcio Flavio Mattos de Oliveira,https://ibjjf.com/athletes/lucio-oliveira,GF Team,male,master3,gi,90,203; 8116; 11917; 2035; 9166,Julio Cesar; Dante Leon; Gabriel Marinho; Vitor Henrique; Alexandre Barauna,50,academy_name_overlap_only,research_lead,never_publish_as_lineage_without_direct_source,"O ranking da IBJJF associa o atleta à academia ""GF Team""; o acervo possui 50 pessoa(s) com o mesmo nome de academia. Isso não identifica professor nem comprova graduação."
Gilhan Bae,https://ibjjf.com/athletes/gilhan-bae,Carpe Diem,male,master3,gi,81,9152; 7645; 9559; 6060,Daisuke Shiraki; Masahiro Iwasaki; Rida Haisam; Tomoyuki Hashimoto,4,academy_name_overlap_only,research_lead,never_publish_as_lineage_without_direct_source,"O ranking da IBJJF associa o atleta à academia ""Carpe Diem""; o acervo possui 4 pessoa(s) com o mesmo nome de academia. Isso não identifica professor nem comprova graduação."
Simão Uchôa Sales da Silva,https://ibjjf.com/athletes/simao-silva,De La Riva JJ,male,master3,gi,80,7928,Claudia Doval,1,academy_name_overlap_only,research_lead,never_publish_as_lineage_without_direct_source,"O ranking da IBJJF associa o atleta à academia ""De La Riva JJ""; o acervo possui 1 pessoa(s) com o mesmo nome de academia. Isso não identifica professor nem comprova graduação."
William Alexander Weisser,https://ibjjf.com/athletes/william-weisser,Movement Art,male,master3,gi,79,12102,Nick Salles,1,academy_name_overlap_only,research_lead,never_publish_as_lineage_without_direct_source,"O ranking da IBJJF associa o atleta à academia ""Movement Art""; o acervo possui 1 pessoa(s) com o mesmo nome de academia. Isso não identifica professor nem comprova graduação."
Rafael Souza do Nascimento,https://ibjjf.com/athletes/rafael-nascimento-3072901d886d,GF Team,male,master3,gi,76.5,203; 8116; 11917; 2035; 9166,Julio Cesar; Dante Leon; Gabriel Marinho; Vitor Henrique; Alexandre Barauna,50,academy_name_overlap_only,research_lead,never_publish_as_lineage_without_direct_source,"O ranking da IBJJF associa o atleta à academia ""GF Team""; o acervo possui 50 pessoa(s) com o mesmo nome de academia. Isso não identifica professor nem comprova graduação."
Orlando Figueredo dos Santos,https://ibjjf.com/athletes/orlando-santos,PSLPB Cicero Costha,male,master3,gi,76.0,1155; 13076; 7704; 6151; 13062,Cicero Costha; Francisco Lo; Helton Jose Junior; Hiago George; Leonardo Mario,5,academy_name_overlap_only,research_lead,never_publish_as_lineage_without_direct_source,"O ranking da IBJJF associa o atleta à academia ""PSLPB Cicero Costha""; o acervo possui 5 pessoa(s) com o mesmo nome de academia. Isso não identifica professor nem comprova graduação."
Denis Mitchel Batista Pinto,https://ibjjf.com/athletes/denis-pinto,Fight Sports,male,master3,gi,70,224; 11384; 12178; 13473; 13031,Roberto Abreu; Andre Porfirio; Joao Costa; Kauane Silva; Lucas Lisboa,12,academy_name_overlap_only,research_lead,never_publish_as_lineage_without_direct_source,"O ranking da IBJJF associa o atleta à academia ""Fight Sports""; o acervo possui 12 pessoa(s) com o mesmo nome de academia. Isso não identifica professor nem comprova graduação."
Richard Arreola,https://ibjjf.com/athletes/richard-arreola,AOJ,male,master3,gi,65,415; 179; 13326; 12554; 11690,Guilherme Mendes; Rafael Mendes; Hiryu Niwa; Iasmin Casser; Jessa Khan,10,academy_name_overlap_only,research_lead,never_publish_as_lineage_without_direct_source,"O ranking da IBJJF associa o atleta à academia ""AOJ""; o acervo possui 10 pessoa(s) com o mesmo nome de academia. Isso não identifica professor nem comprova graduação."
Leonardo Andrade Santos Laiola,https://ibjjf.com/athletes/leonardo-laiola,CheckMat,male,master3,gi,64,419; 338; 875; 963; 405,Leonardo Vieira; Ricardo Vieira; Lucas Leite; Carlos Vieira Holanda; Marco Canha,85,academy_name_overlap_only,research_lead,never_publish_as_lineage_without_direct_source,"O ranking da IBJJF associa o atleta à academia ""CheckMat""; o acervo possui 85 pessoa(s) com o mesmo nome de academia. Isso não identifica professor nem comprova graduação."
Andre Ribeiro da Cunha,https://ibjjf.com/athletes/andre-cunha-e01b3926c937,Zenith BJJ,male,master3,gi,63,6006; 11093; 543,Paulo Rezende; Emilio Hernandez; Rodrigo Cavaca,3,academy_name_overlap_only,research_lead,never_publish_as_lineage_without_direct_source,"O ranking da IBJJF associa o atleta à academia ""Zenith BJJ""; o acervo possui 3 pessoa(s) com o mesmo nome de academia. Isso não identifica professor nem comprova graduação."
Antonio Henriques Junior,https://ibjjf.com/athletes/antonio-junior-14504bda2ee1,Roger Gracie Academy,male,master3,gi,61.5,6209; 9261,Felipe Mota; Ross Nicholls,2,academy_name_overlap_only,research_lead,never_publish_as_lineage_without_direct_source,"O ranking da IBJJF associa o atleta à academia ""Roger Gracie Academy""; o acervo possui 2 pessoa(s) com o mesmo nome de academia. Isso não identifica professor nem comprova graduação."
Márcio Tiago Moreira,https://ibjjf.com/athletes/marcio-moreira,Ralph Gracie,male,master3,gi,60,2475,Kurt Osiander,1,academy_name_overlap_only,research_lead,never_publish_as_lineage_without_direct_source,"O ranking da IBJJF associa o atleta à academia ""Ralph Gracie""; o acervo possui 1 pessoa(s) com o mesmo nome de academia. Isso não identifica professor nem comprova graduação."
Rodolpho Braga Fortunato,https://ibjjf.com/athletes/rodolpho-fortunato,Guigo JJ,male,master3,gi,58,693; 11423; 9483; 11766; 1624,Luiz Guilherme; Meyram Maquine; Eduardo Lopes; Gabriel Costa; Leonardo Arruda,5,academy_name_overlap_only,research_lead,never_publish_as_lineage_without_direct_source,"O ranking da IBJJF associa o atleta à academia ""Guigo JJ""; o acervo possui 5 pessoa(s) com o mesmo nome de academia. Isso não identifica professor nem comprova graduação."
Armando Guedes Neto,https://ibjjf.com/athletes/armando-neto-566acebf18c3,GF Team,male,master3,gi,54,203; 8116; 11917; 2035; 9166,Julio Cesar; Dante Leon; Gabriel Marinho; Vitor Henrique; Alexandre Barauna,50,academy_name_overlap_only,research_lead,never_publish_as_lineage_without_direct_source,"O ranking da IBJJF associa o atleta à academia ""GF Team""; o acervo possui 50 pessoa(s) com o mesmo nome de academia. Isso não identifica professor nem comprova graduação."
Evandro Marcos Ferreira Pena,https://ibjjf.com/athletes/evandro-pena,Guigo JJ,male,master3,gi,54,693; 11423; 9483; 11766; 1624,Luiz Guilherme; Meyram Maquine; Eduardo Lopes; Gabriel Costa; Leonardo Arruda,5,academy_name_overlap_only,research_lead,never_publish_as_lineage_without_direct_source,"O ranking da IBJJF associa o atleta à academia ""Guigo JJ""; o acervo possui 5 pessoa(s) com o mesmo nome de academia. Isso não identifica professor nem comprova graduação."
Koutaku Kawazu,https://ibjjf.com/athletes/koutaku-kawazu,Carpe Diem,male,master3,gi,54,9152; 7645; 9559; 6060,Daisuke Shiraki; Masahiro Iwasaki; Rida Haisam; Tomoyuki Hashimoto,4,academy_name_overlap_only,research_lead,never_publish_as_lineage_without_direct_source,"O ranking da IBJJF associa o atleta à academia ""Carpe Diem""; o acervo possui 4 pessoa(s) com o mesmo nome de academia. Isso não identifica professor nem comprova graduação."
Fabio Neres dos Santos,https://ibjjf.com/athletes/fabio-santos-2313fbf995b9,GF Team,male,master3,gi,54,203; 8116; 11917; 2035; 9166,Julio Cesar; Dante Leon; Gabriel Marinho; Vitor Henrique; Alexandre Barauna,50,academy_name_overlap_only,research_lead,never_publish_as_lineage_without_direct_source,"O ranking da IBJJF associa o atleta à academia ""GF Team""; o acervo possui 50 pessoa(s) com o mesmo nome de academia. Isso não identifica professor nem comprova graduação."
Everton Silva Farias dos Santos,https://ibjjf.com/athletes/everton-santos-db0f7f9bbc55,CheckMat,male,master3,gi,52,419; 338; 875; 963; 405,Leonardo Vieira; Ricardo Vieira; Lucas Leite; Carlos Vieira Holanda; Marco Canha,85,academy_name_overlap_only,research_lead,never_publish_as_lineage_without_direct_source,"O ranking da IBJJF associa o atleta à academia ""CheckMat""; o acervo possui 85 pessoa(s) com o mesmo nome de academia. Isso não identifica professor nem comprova graduação."
Karl Arrue Meliga,https://ibjjf.com/athletes/karl-meliga,Ns Brotherhood,male,master3,gi,51.0,1188; 7256,Leandro Lo; Jan Buatim,2,academy_name_overlap_only,research_lead,never_publish_as_lineage_without_direct_source,"O ranking da IBJJF associa o atleta à academia ""Ns Brotherhood""; o acervo possui 2 pessoa(s) com o mesmo nome de academia. Isso não identifica professor nem comprova graduação."
Omar S. Delgado,https://ibjjf.com/athletes/omar-delgado-532094b498c9,Vitor Shaolin BJJ,male,master3,gi,51,9064,Silvio Duran,1,academy_name_overlap_only,research_lead,never_publish_as_lineage_without_direct_source,"O ranking da IBJJF associa o atleta à academia ""Vitor Shaolin BJJ""; o acervo possui 1 pessoa(s) com o mesmo nome de academia. Isso não identifica professor nem comprova graduação."
Thiago de Oliveira Dutra,https://ibjjf.com/athletes/thiago-dutra,Striker JJ,male,master3,gi,47.0,12277,Pedro Agrizzi,1,academy_name_overlap_only,research_lead,never_publish_as_lineage_without_direct_source,"O ranking da IBJJF associa o atleta à academia ""Striker JJ""; o acervo possui 1 pessoa(s) com o mesmo nome de academia. Isso não identifica professor nem comprova graduação."
Anibal Ricardo Retto Chacon,https://ibjjf.com/athletes/anibal-chacon,Renzo Gracie Academy,male,master3,gi,45,10000; 5649; 7442; 9760; 5617,Doug Pelinkovic; Gary Tonon; Edward Cummings; Frank Rosenthal; Jamie Cruz,10,academy_name_overlap_only,research_lead,never_publish_as_lineage_without_direct_source,"O ranking da IBJJF associa o atleta à academia ""Renzo Gracie Academy""; o acervo possui 10 pessoa(s) com o mesmo nome de academia. Isso não identifica professor nem comprova graduação."
Theodoro Gabriel Canal Almeida,https://ibjjf.com/athletes/theodoro-almeida,GF Team,male,master3,gi,45,203; 8116; 11917; 2035; 9166,Julio Cesar; Dante Leon; Gabriel Marinho; Vitor Henrique; Alexandre Barauna,50,academy_name_overlap_only,research_lead,never_publish_as_lineage_without_direct_source,"O ranking da IBJJF associa o atleta à academia ""GF Team""; o acervo possui 50 pessoa(s) com o mesmo nome de academia. Isso não identifica professor nem comprova graduação."
Thiago Alves Rocha,https://ibjjf.com/athletes/thiago-rocha,Gracie Humaita,male,master3,gi,43.5,515; 903; 1445; 613; 6339,Royler Gracie; Leticia Ribeiro; Rolker Gracie; Wellington Dias; Admilson Brites,34,academy_name_overlap_only,research_lead,never_publish_as_lineage_without_direct_source,"O ranking da IBJJF associa o atleta à academia ""Gracie Humaita""; o acervo possui 34 pessoa(s) com o mesmo nome de academia. Isso não identifica professor nem comprova graduação."
Jairton Medeiros do Nascimento,https://ibjjf.com/athletes/jairton-nascimento,Gracie Humaita,male,master3,gi,43,515; 903; 1445; 613; 6339,Royler Gracie; Leticia Ribeiro; Rolker Gracie; Wellington Dias; Admilson Brites,34,academy_name_overlap_only,research_lead,never_publish_as_lineage_without_direct_source,"O ranking da IBJJF associa o atleta à academia ""Gracie Humaita""; o acervo possui 34 pessoa(s) com o mesmo nome de academia. Isso não identifica professor nem comprova graduação."
Lucinaldo Timotio dos Santos,https://ibjjf.com/athletes/lucinaldo-santos,CheckMat,male,master3,gi,37.5,419; 338; 875; 963; 405,Leonardo Vieira; Ricardo Vieira; Lucas Leite; Carlos Vieira Holanda; Marco Canha,85,academy_name_overlap_only,research_lead,never_publish_as_lineage_without_direct_source,"O ranking da IBJJF associa o atleta à academia ""CheckMat""; o acervo possui 85 pessoa(s) com o mesmo nome de academia. Isso não identifica professor nem comprova graduação."
Ricardo Borges Bortoluzzi,https://ibjjf.com/athletes/ricardo-bortoluzzi,Ataque Duplo,male,master3,gi,36,11215,Harryson Pereira,1,academy_name_overlap_only,research_lead,never_publish_as_lineage_without_direct_source,"O ranking da IBJJF associa o atleta à academia ""Ataque Duplo""; o acervo possui 1 pessoa(s) com o mesmo nome de academia. Isso não identifica professor nem comprova graduação."
Crystian da Cunha,https://ibjjf.com/athletes/crystian-cunha,The Match Champ,male,master3,gi,36,12201,Maria Eduarda Tozoni,1,academy_name_overlap_only,research_lead,never_publish_as_lineage_without_direct_source,"O ranking da IBJJF associa o atleta à academia ""The Match Champ""; o acervo possui 1 pessoa(s) com o mesmo nome de academia. Isso não identifica professor nem comprova graduação."
Higor Paterra,https://ibjjf.com/athletes/higor-paterra,PSLPB Cicero Costha,male,master3,gi,36,1155; 13076; 7704; 6151; 13062,Cicero Costha; Francisco Lo; Helton Jose Junior; Hiago George; Leonardo Mario,5,academy_name_overlap_only,research_lead,never_publish_as_lineage_without_direct_source,"O ranking da IBJJF associa o atleta à academia ""PSLPB Cicero Costha""; o acervo possui 5 pessoa(s) com o mesmo nome de academia. Isso não identifica professor nem comprova graduação."
Paulo Roberto Batista,https://ibjjf.com/athletes/paulo-batista,CheckMat,male,master3,gi,32,419; 338; 875; 963; 405,Leonardo Vieira; Ricardo Vieira; Lucas Leite; Carlos Vieira Holanda; Marco Canha,85,academy_name_overlap_only,research_lead,never_publish_as_lineage_without_direct_source,"O ranking da IBJJF associa o atleta à academia ""CheckMat""; o acervo possui 85 pessoa(s) com o mesmo nome de academia. Isso não identifica professor nem comprova graduação."
João Marcio dos S. Pontes,https://ibjjf.com/athletes/joao-pontes,Nova União,male,master3,gi,31.5,78; 634; 6756; 4334; 195,Andre Pederneiras; Wendell Alexander; Rodrigo Silva; Andre da Silva; Robson Moura,39,academy_name_overlap_only,research_lead,never_publish_as_lineage_without_direct_source,"O ranking da IBJJF associa o atleta à academia ""Nova União""; o acervo possui 39 pessoa(s) com o mesmo nome de academia. Isso não identifica professor nem comprova graduação."
Ricardo Henrique de Oliveira,https://ibjjf.com/athletes/ricardo-oliveira-24f6f1d95489,Nova União,male,master3,gi,30.0,78; 634; 6756; 4334; 195,Andre Pederneiras; Wendell Alexander; Rodrigo Silva; Andre da Silva; Robson Moura,39,academy_name_overlap_only,research_lead,never_publish_as_lineage_without_direct_source,"O ranking da IBJJF associa o atleta à academia ""Nova União""; o acervo possui 39 pessoa(s) com o mesmo nome de academia. Isso não identifica professor nem comprova graduação."
Jonatas Barbosa Dantas,https://ibjjf.com/athletes/jonatas-dantas,GF Team,male,master3,gi,30,203; 8116; 11917; 2035; 9166,Julio Cesar; Dante Leon; Gabriel Marinho; Vitor Henrique; Alexandre Barauna,50,academy_name_overlap_only,research_lead,never_publish_as_lineage_without_direct_source,"O ranking da IBJJF associa o atleta à academia ""GF Team""; o acervo possui 50 pessoa(s) com o mesmo nome de academia. Isso não identifica professor nem comprova graduação."
Eduardo da Silva Vieira,https://ibjjf.com/athletes/eduardo-vieira,GF Team,male,master3,gi,29,203; 8116; 11917; 2035; 9166,Julio Cesar; Dante Leon; Gabriel Marinho; Vitor Henrique; Alexandre Barauna,50,academy_name_overlap_only,research_lead,never_publish_as_lineage_without_direct_source,"O ranking da IBJJF associa o atleta à academia ""GF Team""; o acervo possui 50 pessoa(s) com o mesmo nome de academia. Isso não identifica professor nem comprova graduação."
Arlindo Augusto Teixeira Paiva,https://ibjjf.com/athletes/arlindo-paiva,GF Team,male,master3,gi,28,203; 8116; 11917; 2035; 9166,Julio Cesar; Dante Leon; Gabriel Marinho; Vitor Henrique; Alexandre Barauna,50,academy_name_overlap_only,research_lead,never_publish_as_lineage_without_direct_source,"O ranking da IBJJF associa o atleta à academia ""GF Team""; o acervo possui 50 pessoa(s) com o mesmo nome de academia. Isso não identifica professor nem comprova graduação."
Fernando Bruno Silva de Oliveira,https://ibjjf.com/athletes/fernando-oliveira-bbedf60c538b,Nova União,male,master3,gi,27,78; 634; 6756; 4334; 195,Andre Pederneiras; Wendell Alexander; Rodrigo Silva; Andre da Silva; Robson Moura,39,academy_name_overlap_only,research_lead,never_publish_as_lineage_without_direct_source,"O ranking da IBJJF associa o atleta à academia ""Nova União""; o acervo possui 39 pessoa(s) com o mesmo nome de academia. Isso não identifica professor nem comprova graduação."
Bernardo Moura Parente Neiva Santos,https://ibjjf.com/athletes/bernardo-santos,De La Riva JJ,male,master3,gi,27,7928,Claudia Doval,1,academy_name_overlap_only,research_lead,never_publish_as_lineage_without_direct_source,"O ranking da IBJJF associa o atleta à academia ""De La Riva JJ""; o acervo possui 1 pessoa(s) com o mesmo nome de academia. Isso não identifica professor nem comprova graduação."
Joel Carlos Melo da Silva,https://ibjjf.com/athletes/joel-silva-561b33a32535,CheckMat,male,master3,gi,27,419; 338; 875; 963; 405,Leonardo Vieira; Ricardo Vieira; Lucas Leite; Carlos Vieira Holanda; Marco Canha,85,academy_name_overlap_only,research_lead,never_publish_as_lineage_without_direct_source,"O ranking da IBJJF associa o atleta à academia ""CheckMat""; o acervo possui 85 pessoa(s) com o mesmo nome de academia. Isso não identifica professor nem comprova graduação."
Victor Callagham Correia de Souza,https://ibjjf.com/athletes/victor-souza,GF Team,male,master3,gi,27,203; 8116; 11917; 2035; 9166,Julio Cesar; Dante Leon; Gabriel Marinho; Vitor Henrique; Alexandre Barauna,50,academy_name_overlap_only,research_lead,never_publish_as_lineage_without_direct_source,"O ranking da IBJJF associa o atleta à academia ""GF Team""; o acervo possui 50 pessoa(s) com o mesmo nome de academia. Isso não identifica professor nem comprova graduação."
Danilo Pacheco dos Santos,https://ibjjf.com/athletes/danilo-santos-8ffe46220a17,Demian Maia Jiu-Jitsu,male,master3,gi,27,7103,Wagner Mota,1,academy_name_overlap_only,research_lead,never_publish_as_lineage_without_direct_source,"O ranking da IBJJF associa o atleta à academia ""Demian Maia Jiu-Jitsu""; o acervo possui 1 pessoa(s) com o mesmo nome de academia. Isso não identifica professor nem comprova graduação."
Colin Geoffrey Todd,https://ibjjf.com/athletes/colin-todd,Roger Gracie Academy,male,master3,gi,24,6209; 9261,Felipe Mota; Ross Nicholls,2,academy_name_overlap_only,research_lead,never_publish_as_lineage_without_direct_source,"O ranking da IBJJF associa o atleta à academia ""Roger Gracie Academy""; o acervo possui 2 pessoa(s) com o mesmo nome de academia. Isso não identifica professor nem comprova graduação."
Marcos Jordão Teixeira do Amaral Neto,https://ibjjf.com/athletes/marcos-neto-804048010b1f,Demian Maia Jiu-Jitsu,male,master3,gi,21.0,7103,Wagner Mota,1,academy_name_overlap_only,research_lead,never_publish_as_lineage_without_direct_source,"O ranking da IBJJF associa o atleta à academia ""Demian Maia Jiu-Jitsu""; o acervo possui 1 pessoa(s) com o mesmo nome de academia. Isso não identifica professor nem comprova graduação."
Rodrigo Henrique Cavaca,https://ibjjf.com/athletes/rodrigo-cavaca,Zenith BJJ,male,master3,gi,21,6006; 11093; 543,Paulo Rezende; Emilio Hernandez; Rodrigo Cavaca,3,academy_name_overlap_only,research_lead,never_publish_as_lineage_without_direct_source,"O ranking da IBJJF associa o atleta à academia ""Zenith BJJ""; o acervo possui 3 pessoa(s) com o mesmo nome de academia. Isso não identifica professor nem comprova graduação."
Junio Everton Leite,https://ibjjf.com/athletes/junio-leite,Gracie Humaita,male,master3,gi,20.5,515; 903; 1445; 613; 6339,Royler Gracie; Leticia Ribeiro; Rolker Gracie; Wellington Dias; Admilson Brites,34,academy_name_overlap_only,research_lead,never_publish_as_lineage_without_direct_source,"O ranking da IBJJF associa o atleta à academia ""Gracie Humaita""; o acervo possui 34 pessoa(s) com o mesmo nome de academia. Isso não identifica professor nem comprova graduação."
Jerry Dale Vanzant II,https://ibjjf.com/athletes/jerry-ii,Carlson Gracie,male,master3,gi,20,22; 5998; 2062; 2583; 690,Carlson Gracie; Carlson Gracie Junior; Crezio de Souza; Alan Moraes; Fernando Marques,20,academy_name_overlap_only,research_lead,never_publish_as_lineage_without_direct_source,"O ranking da IBJJF associa o atleta à academia ""Carlson Gracie""; o acervo possui 20 pessoa(s) com o mesmo nome de academia. Isso não identifica professor nem comprova graduação."
Rinaldo Luiz da Rocha Junior,https://ibjjf.com/athletes/rinaldo-junior,PSLPB Cicero Costha,male,master3,gi,20,1155; 13076; 7704; 6151; 13062,Cicero Costha; Francisco Lo; Helton Jose Junior; Hiago George; Leonardo Mario,5,academy_name_overlap_only,research_lead,never_publish_as_lineage_without_direct_source,"O ranking da IBJJF associa o atleta à academia ""PSLPB Cicero Costha""; o acervo possui 5 pessoa(s) com o mesmo nome de academia. Isso não identifica professor nem comprova graduação."
Anderson Estevão Magon Canhizares,https://ibjjf.com/athletes/anderson-magon,CheckMat,male,master3,gi,19,419; 338; 875; 963; 405,Leonardo Vieira; Ricardo Vieira; Lucas Leite; Carlos Vieira Holanda; Marco Canha,85,academy_name_overlap_only,research_lead,never_publish_as_lineage_without_direct_source,"O ranking da IBJJF associa o atleta à academia ""CheckMat""; o acervo possui 85 pessoa(s) com o mesmo nome de academia. Isso não identifica professor nem comprova graduação."
Wallace Luiz Rodrigues de Castro,https://ibjjf.com/athletes/wallace-castro,GF Team,male,master3,gi,18,203; 8116; 11917; 2035; 9166,Julio Cesar; Dante Leon; Gabriel Marinho; Vitor Henrique; Alexandre Barauna,50,academy_name_overlap_only,research_lead,never_publish_as_lineage_without_direct_source,"O ranking da IBJJF associa o atleta à academia ""GF Team""; o acervo possui 50 pessoa(s) com o mesmo nome de academia. Isso não identifica professor nem comprova graduação."
Luíz Vicente da Silva Júnior,https://ibjjf.com/athletes/luiz-junior-8db387b03846,Bjj Conquest,male,master3,gi,18,7732,Vicente Junior,1,academy_name_overlap_only,research_lead,never_publish_as_lineage_without_direct_source,"O ranking da IBJJF associa o atleta à academia ""Bjj Conquest""; o acervo possui 1 pessoa(s) com o mesmo nome de academia. Isso não identifica professor nem comprova graduação."
Jason Teal,https://ibjjf.com/athletes/jason-teal,Toronto BJJ,male,master3,gi,18,8783,Yacinta Nguyen,1,academy_name_overlap_only,research_lead,never_publish_as_lineage_without_direct_source,"O ranking da IBJJF associa o atleta à academia ""Toronto BJJ""; o acervo possui 1 pessoa(s) com o mesmo nome de academia. Isso não identifica professor nem comprova graduação."
Patrick J. Wayne,https://ibjjf.com/athletes/patrick-wayne,Renzo Gracie Academy,male,master3,gi,18,10000; 5649; 7442; 9760; 5617,Doug Pelinkovic; Gary Tonon; Edward Cummings; Frank Rosenthal; Jamie Cruz,10,academy_name_overlap_only,research_lead,never_publish_as_lineage_without_direct_source,"O ranking da IBJJF associa o atleta à academia ""Renzo Gracie Academy""; o acervo possui 10 pessoa(s) com o mesmo nome de academia. Isso não identifica professor nem comprova graduação."
Bruno dos Santos Bastos,https://ibjjf.com/athletes/bruno-bastos-9c70380c6dbc,Top Brother,male,master3,gi,18,2512; 1386,Cezar Guimarães; Davi Ramos,2,academy_name_overlap_only,research_lead,never_publish_as_lineage_without_direct_source,"O ranking da IBJJF associa o atleta à academia ""Top Brother""; o acervo possui 2 pessoa(s) com o mesmo nome de academia. Isso não identifica professor nem comprova graduação."
Rômulo dos Santos Gonçalves,https://ibjjf.com/athletes/romulo-a810c9e0af97,CheckMat,male,master3,gi,18,419; 338; 875; 963; 405,Leonardo Vieira; Ricardo Vieira; Lucas Leite; Carlos Vieira Holanda; Marco Canha,85,academy_name_overlap_only,research_lead,never_publish_as_lineage_without_direct_source,"O ranking da IBJJF associa o atleta à academia ""CheckMat""; o acervo possui 85 pessoa(s) com o mesmo nome de academia. Isso não identifica professor nem comprova graduação."
Lidio Henrique da Silva Santos,https://ibjjf.com/athletes/lidio-santos,CheckMat,male,master3,gi,18,419; 338; 875; 963; 405,Leonardo Vieira; Ricardo Vieira; Lucas Leite; Carlos Vieira Holanda; Marco Canha,85,academy_name_overlap_only,research_lead,never_publish_as_lineage_without_direct_source,"O ranking da IBJJF associa o atleta à academia ""CheckMat""; o acervo possui 85 pessoa(s) com o mesmo nome de academia. Isso não identifica professor nem comprova graduação."
Derrick J Encinas,https://ibjjf.com/athletes/derrick-encinas,Team Shawn Hammonds,male,master3,gi,18,9845,Chad Hardy,1,academy_name_overlap_only,research_lead,never_publish_as_lineage_without_direct_source,"O ranking da IBJJF associa o atleta à academia ""Team Shawn Hammonds""; o acervo possui 1 pessoa(s) com o mesmo nome de academia. Isso não identifica professor nem comprova graduação."
Thiago G. T. de Oliveira Marques,https://ibjjf.com/athletes/thiago-marques,Relson Gracie,male,master3,gi,18,453,Daniel Moraes,1,academy_name_overlap_only,research_lead,never_publish_as_lineage_without_direct_source,"O ranking da IBJJF associa o atleta à academia ""Relson Gracie""; o acervo possui 1 pessoa(s) com o mesmo nome de academia. Isso não identifica professor nem comprova graduação."
João Paulo Oliveira Marques,https://ibjjf.com/athletes/joao-marques-b030a0303641,Brazilian Top Team,male,master3,gi,18,627; 8409; 249; 232; 1675,Murilo Bustamante; Ricardo Marques; Anderson Pereira; Jose Mario Sperry; Luis Roberto Duarte,6,academy_name_overlap_only,research_lead,never_publish_as_lineage_without_direct_source,"O ranking da IBJJF associa o atleta à academia ""Brazilian Top Team""; o acervo possui 6 pessoa(s) com o mesmo nome de academia. Isso não identifica professor nem comprova graduação."
João Paulo Martins Miranda,https://ibjjf.com/athletes/joao-miranda-cb1f3108702d,Brazilian Top Team,male,master3,gi,18,627; 8409; 249; 232; 1675,Murilo Bustamante; Ricardo Marques; Anderson Pereira; Jose Mario Sperry; Luis Roberto Duarte,6,academy_name_overlap_only,research_lead,never_publish_as_lineage_without_direct_source,"O ranking da IBJJF associa o atleta à academia ""Brazilian Top Team""; o acervo possui 6 pessoa(s) com o mesmo nome de academia. Isso não identifica professor nem comprova graduação."
Assad Jorge Schoucair Filho,https://ibjjf.com/athletes/assad-filho,GF Team,male,master3,gi,17,203; 8116; 11917; 2035; 9166,Julio Cesar; Dante Leon; Gabriel Marinho; Vitor Henrique; Alexandre Barauna,50,academy_name_overlap_only,research_lead,never_publish_as_lineage_without_direct_source,"O ranking da IBJJF associa o atleta à academia ""GF Team""; o acervo possui 50 pessoa(s) com o mesmo nome de academia. Isso não identifica professor nem comprova graduação."
Fernando Nascimento Araujo,https://ibjjf.com/athletes/fernando-araujo,Jungle BJJ,male,master3,gi,16.5,10318,Eldar Rafigaev,1,academy_name_overlap_only,research_lead,never_publish_as_lineage_without_direct_source,"O ranking da IBJJF associa o atleta à academia ""Jungle BJJ""; o acervo possui 1 pessoa(s) com o mesmo nome de academia. Isso não identifica professor nem comprova graduação."
Thomas Matthew Wortman,https://ibjjf.com/athletes/thomas-wortman,AOJ,male,master3,gi,14,415; 179; 13326; 12554; 11690,Guilherme Mendes; Rafael Mendes; Hiryu Niwa; Iasmin Casser; Jessa Khan,10,academy_name_overlap_only,research_lead,never_publish_as_lineage_without_direct_source,"O ranking da IBJJF associa o atleta à academia ""AOJ""; o acervo possui 10 pessoa(s) com o mesmo nome de academia. Isso não identifica professor nem comprova graduação."
Carlos Eduardo Lima Rachid de Paula,https://ibjjf.com/athletes/carlos-paula,Ns Brotherhood,male,master3,gi,13.5,1188; 7256,Leandro Lo; Jan Buatim,2,academy_name_overlap_only,research_lead,never_publish_as_lineage_without_direct_source,"O ranking da IBJJF associa o atleta à academia ""Ns Brotherhood""; o acervo possui 2 pessoa(s) com o mesmo nome de academia. Isso não identifica professor nem comprova graduação."
Matthew James Viers,https://ibjjf.com/athletes/matthew-viers,AOJ,male,master3,gi,13.5,415; 179; 13326; 12554; 11690,Guilherme Mendes; Rafael Mendes; Hiryu Niwa; Iasmin Casser; Jessa Khan,10,academy_name_overlap_only,research_lead,never_publish_as_lineage_without_direct_source,"O ranking da IBJJF associa o atleta à academia ""AOJ""; o acervo possui 10 pessoa(s) com o mesmo nome de academia. Isso não identifica professor nem comprova graduação."
Elielson Ferreira Brito,https://ibjjf.com/athletes/elielson-brito,Academia Marangoni,male,master3,gi,12,7698,Gabriel Marangoni,1,academy_name_overlap_only,research_lead,never_publish_as_lineage_without_direct_source,"O ranking da IBJJF associa o atleta à academia ""Academia Marangoni""; o acervo possui 1 pessoa(s) com o mesmo nome de academia. Isso não identifica professor nem comprova graduação."
Wilian Pereira Chavez,https://ibjjf.com/athletes/william-chavez,PSLPB Cicero Costha,male,master3,gi,12,1155; 13076; 7704; 6151; 13062,Cicero Costha; Francisco Lo; Helton Jose Junior; Hiago George; Leonardo Mario,5,academy_name_overlap_only,research_lead,never_publish_as_lineage_without_direct_source,"O ranking da IBJJF associa o atleta à academia ""PSLPB Cicero Costha""; o acervo possui 5 pessoa(s) com o mesmo nome de academia. Isso não identifica professor nem comprova graduação."
Hemerson Hubaldo da Silva,https://ibjjf.com/athletes/hemerson-silva,Nova União,male,master3,gi,12,78; 634; 6756; 4334; 195,Andre Pederneiras; Wendell Alexander; Rodrigo Silva; Andre da Silva; Robson Moura,39,academy_name_overlap_only,research_lead,never_publish_as_lineage_without_direct_source,"O ranking da IBJJF associa o atleta à academia ""Nova União""; o acervo possui 39 pessoa(s) com o mesmo nome de academia. Isso não identifica professor nem comprova graduação."
Cyrio Xavier M. de Araújo,https://ibjjf.com/athletes/cyrio,CheckMat,male,master3,gi,11.0,419; 338; 875; 963; 405,Leonardo Vieira; Ricardo Vieira; Lucas Leite; Carlos Vieira Holanda; Marco Canha,85,academy_name_overlap_only,research_lead,never_publish_as_lineage_without_direct_source,"O ranking da IBJJF associa o atleta à academia ""CheckMat""; o acervo possui 85 pessoa(s) com o mesmo nome de academia. Isso não identifica professor nem comprova graduação."
Cassiano Giraldeli de Melo,https://ibjjf.com/athletes/cassiano-melo,CheckMat,male,master3,gi,11.0,419; 338; 875; 963; 405,Leonardo Vieira; Ricardo Vieira; Lucas Leite; Carlos Vieira Holanda; Marco Canha,85,academy_name_overlap_only,research_lead,never_publish_as_lineage_without_direct_source,"O ranking da IBJJF associa o atleta à academia ""CheckMat""; o acervo possui 85 pessoa(s) com o mesmo nome de academia. Isso não identifica professor nem comprova graduação."
Wolfgang Y. R. Finol,https://ibjjf.com/athletes/wolfgang-finol,Fight Sports,male,master3,gi,10.5,224; 11384; 12178; 13473; 13031,Roberto Abreu; Andre Porfirio; Joao Costa; Kauane Silva; Lucas Lisboa,12,academy_name_overlap_only,research_lead,never_publish_as_lineage_without_direct_source,"O ranking da IBJJF associa o atleta à academia ""Fight Sports""; o acervo possui 12 pessoa(s) com o mesmo nome de academia. Isso não identifica professor nem comprova graduação."
João Marcelo Briggs da Cruz,https://ibjjf.com/athletes/joao-cruz,Nova Geração,male,master3,gi,10,714; 311; 1640; 1707; 4481,Francisco Albuquerque; Alexandre Pimentel; Andre Monteiro; Bruno Ferreira; Mauro Ayres,5,academy_name_overlap_only,research_lead,never_publish_as_lineage_without_direct_source,"O ranking da IBJJF associa o atleta à academia ""Nova Geração""; o acervo possui 5 pessoa(s) com o mesmo nome de academia. Isso não identifica professor nem comprova graduação."
Arthur Nogueira Dib,https://ibjjf.com/athletes/arthur-dib,De La Riva JJ,male,master3,gi,10.0,7928,Claudia Doval,1,academy_name_overlap_only,research_lead,never_publish_as_lineage_without_direct_source,"O ranking da IBJJF associa o atleta à academia ""De La Riva JJ""; o acervo possui 1 pessoa(s) com o mesmo nome de academia. Isso não identifica professor nem comprova graduação."
Douglas Araújo Monge,https://ibjjf.com/athletes/douglas-monge,XCoach,male,master3,gi,10,13392,Gabriel Volante,1,academy_name_overlap_only,research_lead,never_publish_as_lineage_without_direct_source,"O ranking da IBJJF associa o atleta à academia ""XCoach""; o acervo possui 1 pessoa(s) com o mesmo nome de academia. Isso não identifica professor nem comprova graduação."
Renato Menezes dos Santos,https://ibjjf.com/athletes/renato-santos-c947a3635b71,GF Team,male,master3,gi,10,203; 8116; 11917; 2035; 9166,Julio Cesar; Dante Leon; Gabriel Marinho; Vitor Henrique; Alexandre Barauna,50,academy_name_overlap_only,research_lead,never_publish_as_lineage_without_direct_source,"O ranking da IBJJF associa o atleta à academia ""GF Team""; o acervo possui 50 pessoa(s) com o mesmo nome de academia. Isso não identifica professor nem comprova graduação."
Mirko Silvestri,https://ibjjf.com/athletes/mirko-silvestri,Aeterna Jiu-Jitsu,male,master3,gi,9,7082,Luca Anacoreta,1,academy_name_overlap_only,research_lead,never_publish_as_lineage_without_direct_source,"O ranking da IBJJF associa o atleta à academia ""Aeterna Jiu-Jitsu""; o acervo possui 1 pessoa(s) com o mesmo nome de academia. Isso não identifica professor nem comprova graduação."
Adilson Rodrigues dos Santos,https://ibjjf.com/athletes/adilson-santos,Ns Brotherhood,male,master3,gi,9,1188; 7256,Leandro Lo; Jan Buatim,2,academy_name_overlap_only,research_lead,never_publish_as_lineage_without_direct_source,"O ranking da IBJJF associa o atleta à academia ""Ns Brotherhood""; o acervo possui 2 pessoa(s) com o mesmo nome de academia. Isso não identifica professor nem comprova graduação."
Marcus A Beach-Larrieu,https://ibjjf.com/athletes/marcus-larrieu,Carlson Gracie,male,master3,gi,9,22; 5998; 2062; 2583; 690,Carlson Gracie; Carlson Gracie Junior; Crezio de Souza; Alan Moraes; Fernando Marques,20,academy_name_overlap_only,research_lead,never_publish_as_lineage_without_direct_source,"O ranking da IBJJF associa o atleta à academia ""Carlson Gracie""; o acervo possui 20 pessoa(s) com o mesmo nome de academia. Isso não identifica professor nem comprova graduação."
Royce Gunnar Curtiss,https://ibjjf.com/athletes/royce-curtiss,Renzo Gracie Academy,male,master3,gi,9,10000; 5649; 7442; 9760; 5617,Doug Pelinkovic; Gary Tonon; Edward Cummings; Frank Rosenthal; Jamie Cruz,10,academy_name_overlap_only,research_lead,never_publish_as_lineage_without_direct_source,"O ranking da IBJJF associa o atleta à academia ""Renzo Gracie Academy""; o acervo possui 10 pessoa(s) com o mesmo nome de academia. Isso não identifica professor nem comprova graduação."
Eduardo da Silva Carneiro,https://ibjjf.com/athletes/eduardo-carneiro,Zenith BJJ,male,master3,gi,9,6006; 11093; 543,Paulo Rezende; Emilio Hernandez; Rodrigo Cavaca,3,academy_name_overlap_only,research_lead,never_publish_as_lineage_without_direct_source,"O ranking da IBJJF associa o atleta à academia ""Zenith BJJ""; o acervo possui 3 pessoa(s) com o mesmo nome de academia. Isso não identifica professor nem comprova graduação."
Allen de Lima Perea,https://ibjjf.com/athletes/allen-perea,Nova União,male,master3,gi,9,78; 634; 6756; 4334; 195,Andre Pederneiras; Wendell Alexander; Rodrigo Silva; Andre da Silva; Robson Moura,39,academy_name_overlap_only,research_lead,never_publish_as_lineage_without_direct_source,"O ranking da IBJJF associa o atleta à academia ""Nova União""; o acervo possui 39 pessoa(s) com o mesmo nome de academia. Isso não identifica professor nem comprova graduação."
Gamal Atta,https://ibjjf.com/athletes/gamal-atta,Ns Brotherhood,male,master3,gi,9,1188; 7256,Leandro Lo; Jan Buatim,2,academy_name_overlap_only,research_lead,never_publish_as_lineage_without_direct_source,"O ranking da IBJJF associa o atleta à academia ""Ns Brotherhood""; o acervo possui 2 pessoa(s) com o mesmo nome de academia. Isso não identifica professor nem comprova graduação."
Marcelo Magalhaes Villela Dias,https://ibjjf.com/athletes/marcelo-dias-39b8cd5e1d82,Brazilian Top Team,male,master3,gi,9,627; 8409; 249; 232; 1675,Murilo Bustamante; Ricardo Marques; Anderson Pereira; Jose Mario Sperry; Luis Roberto Duarte,6,academy_name_overlap_only,research_lead,never_publish_as_lineage_without_direct_source,"O ranking da IBJJF associa o atleta à academia ""Brazilian Top Team""; o acervo possui 6 pessoa(s) com o mesmo nome de academia. Isso não identifica professor nem comprova graduação."
Mário Simões Sousa Graça,https://ibjjf.com/athletes/mario-graca,GF Team,male,master3,gi,9,203; 8116; 11917; 2035; 9166,Julio Cesar; Dante Leon; Gabriel Marinho; Vitor Henrique; Alexandre Barauna,50,academy_name_overlap_only,research_lead,never_publish_as_lineage_without_direct_source,"O ranking da IBJJF associa o atleta à academia ""GF Team""; o acervo possui 50 pessoa(s) com o mesmo nome de academia. Isso não identifica professor nem comprova graduação."
Carlos Alberto Paredes,https://ibjjf.com/athletes/carlos-paredes,Fight Sports,male,master3,gi,9,224; 11384; 12178; 13473; 13031,Roberto Abreu; Andre Porfirio; Joao Costa; Kauane Silva; Lucas Lisboa,12,academy_name_overlap_only,research_lead,never_publish_as_lineage_without_direct_source,"O ranking da IBJJF associa o atleta à academia ""Fight Sports""; o acervo possui 12 pessoa(s) com o mesmo nome de academia. Isso não identifica professor nem comprova graduação."
Rafael Eduardo Ramirez,https://ibjjf.com/athletes/rafael-ramirez,Fight Sports,male,master3,gi,9,224; 11384; 12178; 13473; 13031,Roberto Abreu; Andre Porfirio; Joao Costa; Kauane Silva; Lucas Lisboa,12,academy_name_overlap_only,research_lead,never_publish_as_lineage_without_direct_source,"O ranking da IBJJF associa o atleta à academia ""Fight Sports""; o acervo possui 12 pessoa(s) com o mesmo nome de academia. Isso não identifica professor nem comprova graduação."
Luiz Paulo Barbosa Alves,https://ibjjf.com/athletes/luiz-alves-ce75c63efc05,CheckMat,male,master3,gi,9,419; 338; 875; 963; 405,Leonardo Vieira; Ricardo Vieira; Lucas Leite; Carlos Vieira Holanda; Marco Canha,85,academy_name_overlap_only,research_lead,never_publish_as_lineage_without_direct_source,"O ranking da IBJJF associa o atleta à academia ""CheckMat""; o acervo possui 85 pessoa(s) com o mesmo nome de academia. Isso não identifica professor nem comprova graduação."
Louis Anthony Cugini,https://ibjjf.com/athletes/louis-cugini,Vitor Shaolin BJJ,male,master3,gi,9,9064,Silvio Duran,1,academy_name_overlap_only,research_lead,never_publish_as_lineage_without_direct_source,"O ranking da IBJJF associa o atleta à academia ""Vitor Shaolin BJJ""; o acervo possui 1 pessoa(s) com o mesmo nome de academia. Isso não identifica professor nem comprova graduação."
Carlos Eduardo Mendez Nieto,https://ibjjf.com/athletes/carlos-mendez,Relson Gracie,male,master3,gi,9,453,Daniel Moraes,1,academy_name_overlap_only,research_lead,never_publish_as_lineage_without_direct_source,"O ranking da IBJJF associa o atleta à academia ""Relson Gracie""; o acervo possui 1 pessoa(s) com o mesmo nome de academia. Isso não identifica professor nem comprova graduação."
Luis G. Borngraeber,https://ibjjf.com/athletes/luis-borngraeber,Renzo Gracie Academy,male,master3,gi,9,10000; 5649; 7442; 9760; 5617,Doug Pelinkovic; Gary Tonon; Edward Cummings; Frank Rosenthal; Jamie Cruz,10,academy_name_overlap_only,research_lead,never_publish_as_lineage_without_direct_source,"O ranking da IBJJF associa o atleta à academia ""Renzo Gracie Academy""; o acervo possui 10 pessoa(s) com o mesmo nome de academia. Isso não identifica professor nem comprova graduação."
Luciano Veras Martins,https://ibjjf.com/athletes/luciano-martins-a6f39b329f88,GF Team,male,master3,gi,9,203; 8116; 11917; 2035; 9166,Julio Cesar; Dante Leon; Gabriel Marinho; Vitor Henrique; Alexandre Barauna,50,academy_name_overlap_only,research_lead,never_publish_as_lineage_without_direct_source,"O ranking da IBJJF associa o atleta à academia ""GF Team""; o acervo possui 50 pessoa(s) com o mesmo nome de academia. Isso não identifica professor nem comprova graduação."
Carlos Alexandre de C. Rodrigues,https://ibjjf.com/athletes/carlos-rodrigues,Big Brothers,male,master3,gi,9,6403,Leonardo Dalla,1,academy_name_overlap_only,research_lead,never_publish_as_lineage_without_direct_source,"O ranking da IBJJF associa o atleta à academia ""Big Brothers""; o acervo possui 1 pessoa(s) com o mesmo nome de academia. Isso não identifica professor nem comprova graduação."
Jon Timothy Daw,https://ibjjf.com/athletes/jon-daw,Future School of Jiu-Jitsu,male,master3,gi,8,12225,Igor Feliz,1,academy_name_overlap_only,research_lead,never_publish_as_lineage_without_direct_source,"O ranking da IBJJF associa o atleta à academia ""Future School of Jiu-Jitsu""; o acervo possui 1 pessoa(s) com o mesmo nome de academia. Isso não identifica professor nem comprova graduação."
James Frank Haourt,https://ibjjf.com/athletes/james-haourt,Toronto BJJ,male,master3,gi,7.5,8783,Yacinta Nguyen,1,academy_name_overlap_only,research_lead,never_publish_as_lineage_without_direct_source,"O ranking da IBJJF associa o atleta à academia ""Toronto BJJ""; o acervo possui 1 pessoa(s) com o mesmo nome de academia. Isso não identifica professor nem comprova graduação."
Luiz Felipe Bragiao,https://ibjjf.com/athletes/luiz-bragiao,Carlson Gracie,male,master3,gi,7.5,22; 5998; 2062; 2583; 690,Carlson Gracie; Carlson Gracie Junior; Crezio de Souza; Alan Moraes; Fernando Marques,20,academy_name_overlap_only,research_lead,never_publish_as_lineage_without_direct_source,"O ranking da IBJJF associa o atleta à academia ""Carlson Gracie""; o acervo possui 20 pessoa(s) com o mesmo nome de academia. Isso não identifica professor nem comprova graduação."
Eder Paulo Moraes Fernandes,https://ibjjf.com/athletes/eder-fernandes,De La Riva JJ,male,master3,gi,7,7928,Claudia Doval,1,academy_name_overlap_only,research_lead,never_publish_as_lineage_without_direct_source,"O ranking da IBJJF associa o atleta à academia ""De La Riva JJ""; o acervo possui 1 pessoa(s) com o mesmo nome de academia. Isso não identifica professor nem comprova graduação."
Eliezer Douglas Pedroso,https://ibjjf.com/athletes/eliezer-pedroso,Toronto BJJ,male,master3,gi,7,8783,Yacinta Nguyen,1,academy_name_overlap_only,research_lead,never_publish_as_lineage_without_direct_source,"O ranking da IBJJF associa o atleta à academia ""Toronto BJJ""; o acervo possui 1 pessoa(s) com o mesmo nome de academia. Isso não identifica professor nem comprova graduação."
José Marcos G. F. B. Geronymo,https://ibjjf.com/athletes/jose-geronymo,XCoach,male,master3,gi,7,13392,Gabriel Volante,1,academy_name_overlap_only,research_lead,never_publish_as_lineage_without_direct_source,"O ranking da IBJJF associa o atleta à academia ""XCoach""; o acervo possui 1 pessoa(s) com o mesmo nome de academia. Isso não identifica professor nem comprova graduação."
Celso Ricardo Devito,https://ibjjf.com/athletes/celso-devito,PSLPB Cicero Costha,male,master3,gi,6,1155; 13076; 7704; 6151; 13062,Cicero Costha; Francisco Lo; Helton Jose Junior; Hiago George; Leonardo Mario,5,academy_name_overlap_only,research_lead,never_publish_as_lineage_without_direct_source,"O ranking da IBJJF associa o atleta à academia ""PSLPB Cicero Costha""; o acervo possui 5 pessoa(s) com o mesmo nome de academia. Isso não identifica professor nem comprova graduação."
Fernando Lucas Guimarães Bicalho,https://ibjjf.com/athletes/fernando-bicalho,Guigo JJ,male,master3,gi,6,693; 11423; 9483; 11766; 1624,Luiz Guilherme; Meyram Maquine; Eduardo Lopes; Gabriel Costa; Leonardo Arruda,5,academy_name_overlap_only,research_lead,never_publish_as_lineage_without_direct_source,"O ranking da IBJJF associa o atleta à academia ""Guigo JJ""; o acervo possui 5 pessoa(s) com o mesmo nome de academia. Isso não identifica professor nem comprova graduação."
Paulo Alexandre de Souza,https://ibjjf.com/athletes/paulo-souza-5fe7bef83b37,GF Team,male,master3,gi,6,203; 8116; 11917; 2035; 9166,Julio Cesar; Dante Leon; Gabriel Marinho; Vitor Henrique; Alexandre Barauna,50,academy_name_overlap_only,research_lead,never_publish_as_lineage_without_direct_source,"O ranking da IBJJF associa o atleta à academia ""GF Team""; o acervo possui 50 pessoa(s) com o mesmo nome de academia. Isso não identifica professor nem comprova graduação."
Cleverson Gomes Nogueira,https://ibjjf.com/athletes/cleverson,CheckMat,male,master3,gi,6,419; 338; 875; 963; 405,Leonardo Vieira; Ricardo Vieira; Lucas Leite; Carlos Vieira Holanda; Marco Canha,85,academy_name_overlap_only,research_lead,never_publish_as_lineage_without_direct_source,"O ranking da IBJJF associa o atleta à academia ""CheckMat""; o acervo possui 85 pessoa(s) com o mesmo nome de academia. Isso não identifica professor nem comprova graduação."
Sammy Dias Sampaio,https://ibjjf.com/athletes/sammy-sampaio,CheckMat,male,master3,gi,6,419; 338; 875; 963; 405,Leonardo Vieira; Ricardo Vieira; Lucas Leite; Carlos Vieira Holanda; Marco Canha,85,academy_name_overlap_only,research_lead,never_publish_as_lineage_without_direct_source,"O ranking da IBJJF associa o atleta à academia ""CheckMat""; o acervo possui 85 pessoa(s) com o mesmo nome de academia. Isso não identifica professor nem comprova graduação."
Ricardo Gripa Guzzo,https://ibjjf.com/athletes/ricardo-guzzo,CheckMat,male,master3,gi,6,419; 338; 875; 963; 405,Leonardo Vieira; Ricardo Vieira; Lucas Leite; Carlos Vieira Holanda; Marco Canha,85,academy_name_overlap_only,research_lead,never_publish_as_lineage_without_direct_source,"O ranking da IBJJF associa o atleta à academia ""CheckMat""; o acervo possui 85 pessoa(s) com o mesmo nome de academia. Isso não identifica professor nem comprova graduação."
Rodrigo Salustino Amâncio,https://ibjjf.com/athletes/rodrigo-amancio,CheckMat,male,master3,gi,6,419; 338; 875; 963; 405,Leonardo Vieira; Ricardo Vieira; Lucas Leite; Carlos Vieira Holanda; Marco Canha,85,academy_name_overlap_only,research_lead,never_publish_as_lineage_without_direct_source,"O ranking da IBJJF associa o atleta à academia ""CheckMat""; o acervo possui 85 pessoa(s) com o mesmo nome de academia. Isso não identifica professor nem comprova graduação."
Hailton Maia da Silva Junior,https://ibjjf.com/athletes/hailton,CheckMat,male,master3,gi,6,419; 338; 875; 963; 405,Leonardo Vieira; Ricardo Vieira; Lucas Leite; Carlos Vieira Holanda; Marco Canha,85,academy_name_overlap_only,research_lead,never_publish_as_lineage_without_direct_source,"O ranking da IBJJF associa o atleta à academia ""CheckMat""; o acervo possui 85 pessoa(s) com o mesmo nome de academia. Isso não identifica professor nem comprova graduação."
Andrew Kim,https://ibjjf.com/athletes/andrew-kim-785266c1c4fe,Roberto Traven BJJ,male,master3,gi,6,7079,Carlos Farias,1,academy_name_overlap_only,research_lead,never_publish_as_lineage_without_direct_source,"O ranking da IBJJF associa o atleta à academia ""Roberto Traven BJJ""; o acervo possui 1 pessoa(s) com o mesmo nome de academia. Isso não identifica professor nem comprova graduação."
Steven Kenoris Toliver,https://ibjjf.com/athletes/steven-toliver,Bjj Conquest,male,master3,gi,6,7732,Vicente Junior,1,academy_name_overlap_only,research_lead,never_publish_as_lineage_without_direct_source,"O ranking da IBJJF associa o atleta à academia ""Bjj Conquest""; o acervo possui 1 pessoa(s) com o mesmo nome de academia. Isso não identifica professor nem comprova graduação."
Diego Alberto Montenegro Koerber,https://ibjjf.com/athletes/diego-koerber,Fight Sports,male,master3,gi,6,224; 11384; 12178; 13473; 13031,Roberto Abreu; Andre Porfirio; Joao Costa; Kauane Silva; Lucas Lisboa,12,academy_name_overlap_only,research_lead,never_publish_as_lineage_without_direct_source,"O ranking da IBJJF associa o atleta à academia ""Fight Sports""; o acervo possui 12 pessoa(s) com o mesmo nome de academia. Isso não identifica professor nem comprova graduação."
Evander Carlos Dias,https://ibjjf.com/athletes/evander-dias,GF Team,male,master3,gi,6,203; 8116; 11917; 2035; 9166,Julio Cesar; Dante Leon; Gabriel Marinho; Vitor Henrique; Alexandre Barauna,50,academy_name_overlap_only,research_lead,never_publish_as_lineage_without_direct_source,"O ranking da IBJJF associa o atleta à academia ""GF Team""; o acervo possui 50 pessoa(s) com o mesmo nome de academia. Isso não identifica professor nem comprova graduação."
Ulric Szabo,https://ibjjf.com/athletes/ulric-szabo,Brasa,male,master3,gi,6,702; 112; 935; 579; 559,Muzio de Angelis; Demian Maia; Leonardo Castello Branco; Octavio Couto; Rodrigo Medeiros,7,academy_name_overlap_only,research_lead,never_publish_as_lineage_without_direct_source,"O ranking da IBJJF associa o atleta à academia ""Brasa""; o acervo possui 7 pessoa(s) com o mesmo nome de academia. Isso não identifica professor nem comprova graduação."
Luis Fernando De La Fuente,https://ibjjf.com/athletes/luis-fuente,Carlson Gracie,male,master3,gi,6,22; 5998; 2062; 2583; 690,Carlson Gracie; Carlson Gracie Junior; Crezio de Souza; Alan Moraes; Fernando Marques,20,academy_name_overlap_only,research_lead,never_publish_as_lineage_without_direct_source,"O ranking da IBJJF associa o atleta à academia ""Carlson Gracie""; o acervo possui 20 pessoa(s) com o mesmo nome de academia. Isso não identifica professor nem comprova graduação."
Kenneth L Martin,https://ibjjf.com/athletes/kenneth-martin,Pedigo Submission Fighting,male,master3,gi,6,11359; 11808,Heath Pedigo; Andrew Wiltse,2,academy_name_overlap_only,research_lead,never_publish_as_lineage_without_direct_source,"O ranking da IBJJF associa o atleta à academia ""Pedigo Submission Fighting""; o acervo possui 2 pessoa(s) com o mesmo nome de academia. Isso não identifica professor nem comprova graduação."
Isaac Viana de Quadros,https://ibjjf.com/athletes/isaac-quadros,CheckMat,male,master3,gi,6,419; 338; 875; 963; 405,Leonardo Vieira; Ricardo Vieira; Lucas Leite; Carlos Vieira Holanda; Marco Canha,85,academy_name_overlap_only,research_lead,never_publish_as_lineage_without_direct_source,"O ranking da IBJJF associa o atleta à academia ""CheckMat""; o acervo possui 85 pessoa(s) com o mesmo nome de academia. Isso não identifica professor nem comprova graduação."
Christopher Douglas Pontes de Oliveira,https://ibjjf.com/athletes/christopher-oliveira,CheckMat,male,master3,gi,6,419; 338; 875; 963; 405,Leonardo Vieira; Ricardo Vieira; Lucas Leite; Carlos Vieira Holanda; Marco Canha,85,academy_name_overlap_only,research_lead,never_publish_as_lineage_without_direct_source,"O ranking da IBJJF associa o atleta à academia ""CheckMat""; o acervo possui 85 pessoa(s) com o mesmo nome de academia. Isso não identifica professor nem comprova graduação."
Walter Pereira da Silva Junior,https://ibjjf.com/athletes/walter-junior-f34df75dd1ae,Lotus Club,male,master3,gi,6,14205,Alexandre Manara,1,academy_name_overlap_only,research_lead,never_publish_as_lineage_without_direct_source,"O ranking da IBJJF associa o atleta à academia ""Lotus Club""; o acervo possui 1 pessoa(s) com o mesmo nome de academia. Isso não identifica professor nem comprova graduação."
Felipe Cristovão Osti,https://ibjjf.com/athletes/felipe-osti,Zenith BJJ,male,master3,gi,6,6006; 11093; 543,Paulo Rezende; Emilio Hernandez; Rodrigo Cavaca,3,academy_name_overlap_only,research_lead,never_publish_as_lineage_without_direct_source,"O ranking da IBJJF associa o atleta à academia ""Zenith BJJ""; o acervo possui 3 pessoa(s) com o mesmo nome de academia. Isso não identifica professor nem comprova graduação."
Vagner de Almeida Marinho,https://ibjjf.com/athletes/vagner-marinho,De La Riva JJ,male,master3,gi,6,7928,Claudia Doval,1,academy_name_overlap_only,research_lead,never_publish_as_lineage_without_direct_source,"O ranking da IBJJF associa o atleta à academia ""De La Riva JJ""; o acervo possui 1 pessoa(s) com o mesmo nome de academia. Isso não identifica professor nem comprova graduação."
Kenneth Scott Davis Jr.,https://ibjjf.com/athletes/kenneth-davis,Roberto Traven BJJ,male,master3,gi,6,7079,Carlos Farias,1,academy_name_overlap_only,research_lead,never_publish_as_lineage_without_direct_source,"O ranking da IBJJF associa o atleta à academia ""Roberto Traven BJJ""; o acervo possui 1 pessoa(s) com o mesmo nome de academia. Isso não identifica professor nem comprova graduação."
Moizés Constatino Ferreira Neto,https://ibjjf.com/athletes/moizes-neto,Gracie Humaita,male,master3,gi,6,515; 903; 1445; 613; 6339,Royler Gracie; Leticia Ribeiro; Rolker Gracie; Wellington Dias; Admilson Brites,34,academy_name_overlap_only,research_lead,never_publish_as_lineage_without_direct_source,"O ranking da IBJJF associa o atleta à academia ""Gracie Humaita""; o acervo possui 34 pessoa(s) com o mesmo nome de academia. Isso não identifica professor nem comprova graduação."
Sérgio Martins Cardoso,https://ibjjf.com/athletes/sergio-cardoso,SAS Team,male,master3,gi,5,9338,Guybson Sa,1,academy_name_overlap_only,research_lead,never_publish_as_lineage_without_direct_source,"O ranking da IBJJF associa o atleta à academia ""SAS Team""; o acervo possui 1 pessoa(s) com o mesmo nome de academia. Isso não identifica professor nem comprova graduação."
Julio Cesar Costa Leão,https://ibjjf.com/athletes/julio-leao,GF Team,male,master3,gi,5,203; 8116; 11917; 2035; 9166,Julio Cesar; Dante Leon; Gabriel Marinho; Vitor Henrique; Alexandre Barauna,50,academy_name_overlap_only,research_lead,never_publish_as_lineage_without_direct_source,"O ranking da IBJJF associa o atleta à academia ""GF Team""; o acervo possui 50 pessoa(s) com o mesmo nome de academia. Isso não identifica professor nem comprova graduação."
Carlos Eduardo da Silva Guedes,https://ibjjf.com/athletes/carlos-guedes,Vision,male,master3,gi,5,13577; 12753; 12845,Brigida Carvalho Felipe; Gabriela Pereira; Thalyta Silva,3,academy_name_overlap_only,research_lead,never_publish_as_lineage_without_direct_source,"O ranking da IBJJF associa o atleta à academia ""Vision""; o acervo possui 3 pessoa(s) com o mesmo nome de academia. Isso não identifica professor nem comprova graduação."
Paolo Enrique Velazquez Cardenas,https://ibjjf.com/athletes/paolo,Fight Sports,male,master3,gi,5,224; 11384; 12178; 13473; 13031,Roberto Abreu; Andre Porfirio; Joao Costa; Kauane Silva; Lucas Lisboa,12,academy_name_overlap_only,research_lead,never_publish_as_lineage_without_direct_source,"O ranking da IBJJF associa o atleta à academia ""Fight Sports""; o acervo possui 12 pessoa(s) com o mesmo nome de academia. Isso não identifica professor nem comprova graduação."
Rogério Passos Pinheiro,https://ibjjf.com/athletes/rogerio-pinheiro,Brazilian Top Team,male,master3,gi,4.5,627; 8409; 249; 232; 1675,Murilo Bustamante; Ricardo Marques; Anderson Pereira; Jose Mario Sperry; Luis Roberto Duarte,6,academy_name_overlap_only,research_lead,never_publish_as_lineage_without_direct_source,"O ranking da IBJJF associa o atleta à academia ""Brazilian Top Team""; o acervo possui 6 pessoa(s) com o mesmo nome de academia. Isso não identifica professor nem comprova graduação."
Diego Francisco Gomes,https://ibjjf.com/athletes/diego-gomes-64fce676f30a,PSLPB Cicero Costha,male,master3,gi,4,1155; 13076; 7704; 6151; 13062,Cicero Costha; Francisco Lo; Helton Jose Junior; Hiago George; Leonardo Mario,5,academy_name_overlap_only,research_lead,never_publish_as_lineage_without_direct_source,"O ranking da IBJJF associa o atleta à academia ""PSLPB Cicero Costha""; o acervo possui 5 pessoa(s) com o mesmo nome de academia. Isso não identifica professor nem comprova graduação."
Tiago dos Santos Ferreira,https://ibjjf.com/athletes/tiago-ferreira-3b2bd8ed8e51,CheckMat,male,master3,gi,4,419; 338; 875; 963; 405,Leonardo Vieira; Ricardo Vieira; Lucas Leite; Carlos Vieira Holanda; Marco Canha,85,academy_name_overlap_only,research_lead,never_publish_as_lineage_without_direct_source,"O ranking da IBJJF associa o atleta à academia ""CheckMat""; o acervo possui 85 pessoa(s) com o mesmo nome de academia. Isso não identifica professor nem comprova graduação."
Deusiney Robson de Araujo Farias,https://ibjjf.com/athletes/deusiney-farias,Demian Maia Jiu-Jitsu,male,master3,gi,4,7103,Wagner Mota,1,academy_name_overlap_only,research_lead,never_publish_as_lineage_without_direct_source,"O ranking da IBJJF associa o atleta à academia ""Demian Maia Jiu-Jitsu""; o acervo possui 1 pessoa(s) com o mesmo nome de academia. Isso não identifica professor nem comprova graduação."
Franco Giovani  Berteli,https://ibjjf.com/athletes/franco-berteli,CheckMat,male,master3,gi,4,419; 338; 875; 963; 405,Leonardo Vieira; Ricardo Vieira; Lucas Leite; Carlos Vieira Holanda; Marco Canha,85,academy_name_overlap_only,research_lead,never_publish_as_lineage_without_direct_source,"O ranking da IBJJF associa o atleta à academia ""CheckMat""; o acervo possui 85 pessoa(s) com o mesmo nome de academia. Isso não identifica professor nem comprova graduação."
Carlos Manoel Gonçalves de Moura,https://ibjjf.com/athletes/carlos-moura,Brazilian Top Team,male,master3,gi,4,627; 8409; 249; 232; 1675,Murilo Bustamante; Ricardo Marques; Anderson Pereira; Jose Mario Sperry; Luis Roberto Duarte,6,academy_name_overlap_only,research_lead,never_publish_as_lineage_without_direct_source,"O ranking da IBJJF associa o atleta à academia ""Brazilian Top Team""; o acervo possui 6 pessoa(s) com o mesmo nome de academia. Isso não identifica professor nem comprova graduação."
Eliechiton Leopoldo Bastos Santos,https://ibjjf.com/athletes/eliechiton-santos,GF Team,male,master3,gi,3,203; 8116; 11917; 2035; 9166,Julio Cesar; Dante Leon; Gabriel Marinho; Vitor Henrique; Alexandre Barauna,50,academy_name_overlap_only,research_lead,never_publish_as_lineage_without_direct_source,"O ranking da IBJJF associa o atleta à academia ""GF Team""; o acervo possui 50 pessoa(s) com o mesmo nome de academia. Isso não identifica professor nem comprova graduação."
Jan Vlasak,https://ibjjf.com/athletes/jan-vlasak,Jungle BJJ,male,master3,gi,3,10318,Eldar Rafigaev,1,academy_name_overlap_only,research_lead,never_publish_as_lineage_without_direct_source,"O ranking da IBJJF associa o atleta à academia ""Jungle BJJ""; o acervo possui 1 pessoa(s) com o mesmo nome de academia. Isso não identifica professor nem comprova graduação."
Glauke Eugênio e Silva,https://ibjjf.com/athletes/glauke-silva,Brazilian Top Team,male,master3,gi,3,627; 8409; 249; 232; 1675,Murilo Bustamante; Ricardo Marques; Anderson Pereira; Jose Mario Sperry; Luis Roberto Duarte,6,academy_name_overlap_only,research_lead,never_publish_as_lineage_without_direct_source,"O ranking da IBJJF associa o atleta à academia ""Brazilian Top Team""; o acervo possui 6 pessoa(s) com o mesmo nome de academia. Isso não identifica professor nem comprova graduação."
Szajih Saniatan,https://ibjjf.com/athletes/szajih-saniatan-97e1c91918d3,Roberto Traven BJJ,male,master3,gi,3,7079,Carlos Farias,1,academy_name_overlap_only,research_lead,never_publish_as_lineage_without_direct_source,"O ranking da IBJJF associa o atleta à academia ""Roberto Traven BJJ""; o acervo possui 1 pessoa(s) com o mesmo nome de academia. Isso não identifica professor nem comprova graduação."
Robert Adam Carder,https://ibjjf.com/athletes/robert-carder,Bjj Conquest,male,master3,gi,3,7732,Vicente Junior,1,academy_name_overlap_only,research_lead,never_publish_as_lineage_without_direct_source,"O ranking da IBJJF associa o atleta à academia ""Bjj Conquest""; o acervo possui 1 pessoa(s) com o mesmo nome de academia. Isso não identifica professor nem comprova graduação."
Alessandro Brandão Bogado,https://ibjjf.com/athletes/alessandro-bogado,Gracie Humaita,male,master3,gi,3,515; 903; 1445; 613; 6339,Royler Gracie; Leticia Ribeiro; Rolker Gracie; Wellington Dias; Admilson Brites,34,academy_name_overlap_only,research_lead,never_publish_as_lineage_without_direct_source,"O ranking da IBJJF associa o atleta à academia ""Gracie Humaita""; o acervo possui 34 pessoa(s) com o mesmo nome de academia. Isso não identifica professor nem comprova graduação."
Christopher Michael Ruiz,https://ibjjf.com/athletes/christopher-ruiz,Roberto Traven BJJ,male,master3,gi,3,7079,Carlos Farias,1,academy_name_overlap_only,research_lead,never_publish_as_lineage_without_direct_source,"O ranking da IBJJF associa o atleta à academia ""Roberto Traven BJJ""; o acervo possui 1 pessoa(s) com o mesmo nome de academia. Isso não identifica professor nem comprova graduação."
Ulisses Vieira dos Santos Jesus,https://ibjjf.com/athletes/ulisses-jesus,Top Brother,male,master3,gi,3,2512; 1386,Cezar Guimarães; Davi Ramos,2,academy_name_overlap_only,research_lead,never_publish_as_lineage_without_direct_source,"O ranking da IBJJF associa o atleta à academia ""Top Brother""; o acervo possui 2 pessoa(s) com o mesmo nome de academia. Isso não identifica professor nem comprova graduação."
Vinicius Davi Reinaldo de Moura,https://ibjjf.com/athletes/vinicius-moura,Brazilian Top Team,male,master3,gi,3,627; 8409; 249; 232; 1675,Murilo Bustamante; Ricardo Marques; Anderson Pereira; Jose Mario Sperry; Luis Roberto Duarte,6,academy_name_overlap_only,research_lead,never_publish_as_lineage_without_direct_source,"O ranking da IBJJF associa o atleta à academia ""Brazilian Top Team""; o acervo possui 6 pessoa(s) com o mesmo nome de academia. Isso não identifica professor nem comprova graduação."
Alisson Rian Barni Zanon,https://ibjjf.com/athletes/alisson-zanon,Nova União,male,master3,gi,3,78; 634; 6756; 4334; 195,Andre Pederneiras; Wendell Alexander; Rodrigo Silva; Andre da Silva; Robson Moura,39,academy_name_overlap_only,research_lead,never_publish_as_lineage_without_direct_source,"O ranking da IBJJF associa o atleta à academia ""Nova União""; o acervo possui 39 pessoa(s) com o mesmo nome de academia. Isso não identifica professor nem comprova graduação."
Alecio de Souza Oliveira,https://ibjjf.com/athletes/alecio-oliveira,CheckMat,male,master3,gi,3,419; 338; 875; 963; 405,Leonardo Vieira; Ricardo Vieira; Lucas Leite; Carlos Vieira Holanda; Marco Canha,85,academy_name_overlap_only,research_lead,never_publish_as_lineage_without_direct_source,"O ranking da IBJJF associa o atleta à academia ""CheckMat""; o acervo possui 85 pessoa(s) com o mesmo nome de academia. Isso não identifica professor nem comprova graduação."
Carlos Roberto Schauffert Junior,https://ibjjf.com/athletes/carlos-junior-f24666c6cb45,Ns Brotherhood,male,master3,gi,3,1188; 7256,Leandro Lo; Jan Buatim,2,academy_name_overlap_only,research_lead,never_publish_as_lineage_without_direct_source,"O ranking da IBJJF associa o atleta à academia ""Ns Brotherhood""; o acervo possui 2 pessoa(s) com o mesmo nome de academia. Isso não identifica professor nem comprova graduação."
Tomasz Piotrowski,https://ibjjf.com/athletes/tomasz-piotrowski,Vitor Shaolin BJJ,male,master3,gi,3,9064,Silvio Duran,1,academy_name_overlap_only,research_lead,never_publish_as_lineage_without_direct_source,"O ranking da IBJJF associa o atleta à academia ""Vitor Shaolin BJJ""; o acervo possui 1 pessoa(s) com o mesmo nome de academia. Isso não identifica professor nem comprova graduação."
Christopher Aubin,https://ibjjf.com/athletes/christopher-aubin,Renzo Gracie Academy,male,master3,gi,3,10000; 5649; 7442; 9760; 5617,Doug Pelinkovic; Gary Tonon; Edward Cummings; Frank Rosenthal; Jamie Cruz,10,academy_name_overlap_only,research_lead,never_publish_as_lineage_without_direct_source,"O ranking da IBJJF associa o atleta à academia ""Renzo Gracie Academy""; o acervo possui 10 pessoa(s) com o mesmo nome de academia. Isso não identifica professor nem comprova graduação."
Parker Talmadge Holland,https://ibjjf.com/athletes/parker-holland,Roger Gracie Academy,male,master3,gi,3,6209; 9261,Felipe Mota; Ross Nicholls,2,academy_name_overlap_only,research_lead,never_publish_as_lineage_without_direct_source,"O ranking da IBJJF associa o atleta à academia ""Roger Gracie Academy""; o acervo possui 2 pessoa(s) com o mesmo nome de academia. Isso não identifica professor nem comprova graduação."
Justin B. Court,https://ibjjf.com/athletes/justin-court,Team Shawn Hammonds,male,master3,gi,3,9845,Chad Hardy,1,academy_name_overlap_only,research_lead,never_publish_as_lineage_without_direct_source,"O ranking da IBJJF associa o atleta à academia ""Team Shawn Hammonds""; o acervo possui 1 pessoa(s) com o mesmo nome de academia. Isso não identifica professor nem comprova graduação."
Flávio Rainerio de S. Sampaio Filho,https://ibjjf.com/athletes/flavio-filho-26e6be95cfde,Gracie Humaita,male,master3,gi,3,515; 903; 1445; 613; 6339,Royler Gracie; Leticia Ribeiro; Rolker Gracie; Wellington Dias; Admilson Brites,34,academy_name_overlap_only,research_lead,never_publish_as_lineage_without_direct_source,"O ranking da IBJJF associa o atleta à academia ""Gracie Humaita""; o acervo possui 34 pessoa(s) com o mesmo nome de academia. Isso não identifica professor nem comprova graduação."
Zakki Ghory,https://ibjjf.com/athletes/zakki-ghory,Roger Gracie Academy,male,master3,gi,3,6209; 9261,Felipe Mota; Ross Nicholls,2,academy_name_overlap_only,research_lead,never_publish_as_lineage_without_direct_source,"O ranking da IBJJF associa o atleta à academia ""Roger Gracie Academy""; o acervo possui 2 pessoa(s) com o mesmo nome de academia. Isso não identifica professor nem comprova graduação."
Felipe Varella Neves de M. Silva,https://ibjjf.com/athletes/felipe-silva-2df78d7d2c41,GF Team,male,master3,gi,3,203; 8116; 11917; 2035; 9166,Julio Cesar; Dante Leon; Gabriel Marinho; Vitor Henrique; Alexandre Barauna,50,academy_name_overlap_only,research_lead,never_publish_as_lineage_without_direct_source,"O ranking da IBJJF associa o atleta à academia ""GF Team""; o acervo possui 50 pessoa(s) com o mesmo nome de academia. Isso não identifica professor nem comprova graduação."
Saul Carlos,https://ibjjf.com/athletes/saul-carlos,Brasa,male,master3,gi,3,702; 112; 935; 579; 559,Muzio de Angelis; Demian Maia; Leonardo Castello Branco; Octavio Couto; Rodrigo Medeiros,7,academy_name_overlap_only,research_lead,never_publish_as_lineage_without_direct_source,"O ranking da IBJJF associa o atleta à academia ""Brasa""; o acervo possui 7 pessoa(s) com o mesmo nome de academia. Isso não identifica professor nem comprova graduação."
Fábio Alves Santos,https://ibjjf.com/athletes/fabio-santos,GF Team,male,master3,gi,3,203; 8116; 11917; 2035; 9166,Julio Cesar; Dante Leon; Gabriel Marinho; Vitor Henrique; Alexandre Barauna,50,academy_name_overlap_only,research_lead,never_publish_as_lineage_without_direct_source,"O ranking da IBJJF associa o atleta à academia ""GF Team""; o acervo possui 50 pessoa(s) com o mesmo nome de academia. Isso não identifica professor nem comprova graduação."
Claudio Leite de Carvalho Junior,https://ibjjf.com/athletes/claudio-junior-9f4dfc8e4487,Nova União,male,master3,gi,3,78; 634; 6756; 4334; 195,Andre Pederneiras; Wendell Alexander; Rodrigo Silva; Andre da Silva; Robson Moura,39,academy_name_overlap_only,research_lead,never_publish_as_lineage_without_direct_source,"O ranking da IBJJF associa o atleta à academia ""Nova União""; o acervo possui 39 pessoa(s) com o mesmo nome de academia. Isso não identifica professor nem comprova graduação."
Manuel Permuy Martinez,https://ibjjf.com/athletes/manuel-martinez-beabaccc5170,CFC Team,male,master3,gi,3,9697,Sergio Calderon,1,academy_name_overlap_only,research_lead,never_publish_as_lineage_without_direct_source,"O ranking da IBJJF associa o atleta à academia ""CFC Team""; o acervo possui 1 pessoa(s) com o mesmo nome de academia. Isso não identifica professor nem comprova graduação."
Steven Matthew Burkhart,https://ibjjf.com/athletes/steven-burkhart,Brasa,male,master3,gi,3,702; 112; 935; 579; 559,Muzio de Angelis; Demian Maia; Leonardo Castello Branco; Octavio Couto; Rodrigo Medeiros,7,academy_name_overlap_only,research_lead,never_publish_as_lineage_without_direct_source,"O ranking da IBJJF associa o atleta à academia ""Brasa""; o acervo possui 7 pessoa(s) com o mesmo nome de academia. Isso não identifica professor nem comprova graduação."
Anderson Pedro da Silva,https://ibjjf.com/athletes/anderson-silva-25645929af80,Toronto BJJ,male,master3,gi,3,8783,Yacinta Nguyen,1,academy_name_overlap_only,research_lead,never_publish_as_lineage_without_direct_source,"O ranking da IBJJF associa o atleta à academia ""Toronto BJJ""; o acervo possui 1 pessoa(s) com o mesmo nome de academia. Isso não identifica professor nem comprova graduação."
Fernando Ramos Fernandes Junior,https://ibjjf.com/athletes/fernando-junior-fc5ab4bedf02,GF Team,male,master3,gi,3,203; 8116; 11917; 2035; 9166,Julio Cesar; Dante Leon; Gabriel Marinho; Vitor Henrique; Alexandre Barauna,50,academy_name_overlap_only,research_lead,never_publish_as_lineage_without_direct_source,"O ranking da IBJJF associa o atleta à academia ""GF Team""; o acervo possui 50 pessoa(s) com o mesmo nome de academia. Isso não identifica professor nem comprova graduação."
Felipe Santos Pessoa,https://ibjjf.com/athletes/felipe-pessoa-e6ad718e5e98,PSLPB Cicero Costha,male,master3,gi,3,1155; 13076; 7704; 6151; 13062,Cicero Costha; Francisco Lo; Helton Jose Junior; Hiago George; Leonardo Mario,5,academy_name_overlap_only,research_lead,never_publish_as_lineage_without_direct_source,"O ranking da IBJJF associa o atleta à academia ""PSLPB Cicero Costha""; o acervo possui 5 pessoa(s) com o mesmo nome de academia. Isso não identifica professor nem comprova graduação."
Jason Richard Tipaldos,https://ibjjf.com/athletes/jason-tipaldos,Bjj Conquest,male,master3,gi,3,7732,Vicente Junior,1,academy_name_overlap_only,research_lead,never_publish_as_lineage_without_direct_source,"O ranking da IBJJF associa o atleta à academia ""Bjj Conquest""; o acervo possui 1 pessoa(s) com o mesmo nome de academia. Isso não identifica professor nem comprova graduação."
Sergio Santos Herdina,https://ibjjf.com/athletes/sergio-herdina,CheckMat,male,master3,gi,2,419; 338; 875; 963; 405,Leonardo Vieira; Ricardo Vieira; Lucas Leite; Carlos Vieira Holanda; Marco Canha,85,academy_name_overlap_only,research_lead,never_publish_as_lineage_without_direct_source,"O ranking da IBJJF associa o atleta à academia ""CheckMat""; o acervo possui 85 pessoa(s) com o mesmo nome de academia. Isso não identifica professor nem comprova graduação."
Maycol Marques Lacerda,https://ibjjf.com/athletes/maycol-lacerda,Brazilian Top Team,male,master3,gi,2,627; 8409; 249; 232; 1675,Murilo Bustamante; Ricardo Marques; Anderson Pereira; Jose Mario Sperry; Luis Roberto Duarte,6,academy_name_overlap_only,research_lead,never_publish_as_lineage_without_direct_source,"O ranking da IBJJF associa o atleta à academia ""Brazilian Top Team""; o acervo possui 6 pessoa(s) com o mesmo nome de academia. Isso não identifica professor nem comprova graduação."
Fabio Candido Bezerra,https://ibjjf.com/athletes/fabio-bezerra,GF Team,male,master3,gi,2,203; 8116; 11917; 2035; 9166,Julio Cesar; Dante Leon; Gabriel Marinho; Vitor Henrique; Alexandre Barauna,50,academy_name_overlap_only,research_lead,never_publish_as_lineage_without_direct_source,"O ranking da IBJJF associa o atleta à academia ""GF Team""; o acervo possui 50 pessoa(s) com o mesmo nome de academia. Isso não identifica professor nem comprova graduação."
Guilherme Tadeu de Franca Souza,https://ibjjf.com/athletes/guilherme-souza-1f304f0ad6bb,GF Team,male,master3,gi,2,203; 8116; 11917; 2035; 9166,Julio Cesar; Dante Leon; Gabriel Marinho; Vitor Henrique; Alexandre Barauna,50,academy_name_overlap_only,research_lead,never_publish_as_lineage_without_direct_source,"O ranking da IBJJF associa o atleta à academia ""GF Team""; o acervo possui 50 pessoa(s) com o mesmo nome de academia. Isso não identifica professor nem comprova graduação."
Gustavo de Souza Araujo,https://ibjjf.com/athletes/gustavo-araujo-35ad7313cd53,CheckMat,male,master3,gi,2,419; 338; 875; 963; 405,Leonardo Vieira; Ricardo Vieira; Lucas Leite; Carlos Vieira Holanda; Marco Canha,85,academy_name_overlap_only,research_lead,never_publish_as_lineage_without_direct_source,"O ranking da IBJJF associa o atleta à academia ""CheckMat""; o acervo possui 85 pessoa(s) com o mesmo nome de academia. Isso não identifica professor nem comprova graduação."
Luciano Santanna Afonso Alves,https://ibjjf.com/athletes/luciano-alves,Nova Geração,male,master3,gi,2,714; 311; 1640; 1707; 4481,Francisco Albuquerque; Alexandre Pimentel; Andre Monteiro; Bruno Ferreira; Mauro Ayres,5,academy_name_overlap_only,research_lead,never_publish_as_lineage_without_direct_source,"O ranking da IBJJF associa o atleta à academia ""Nova Geração""; o acervo possui 5 pessoa(s) com o mesmo nome de academia. Isso não identifica professor nem comprova graduação."
Lyes Abid,https://ibjjf.com/athletes/lyes-abid,Roger Gracie Academy,male,master3,gi,2,6209; 9261,Felipe Mota; Ross Nicholls,2,academy_name_overlap_only,research_lead,never_publish_as_lineage_without_direct_source,"O ranking da IBJJF associa o atleta à academia ""Roger Gracie Academy""; o acervo possui 2 pessoa(s) com o mesmo nome de academia. Isso não identifica professor nem comprova graduação."
Miqueias Pinheiro Guedes,https://ibjjf.com/athletes/miqueias-guedes,GF Team,male,master3,gi,2,203; 8116; 11917; 2035; 9166,Julio Cesar; Dante Leon; Gabriel Marinho; Vitor Henrique; Alexandre Barauna,50,academy_name_overlap_only,research_lead,never_publish_as_lineage_without_direct_source,"O ranking da IBJJF associa o atleta à academia ""GF Team""; o acervo possui 50 pessoa(s) com o mesmo nome de academia. Isso não identifica professor nem comprova graduação."
Orlando Lourenço Moreira Junior,https://ibjjf.com/athletes/orlando-junior,GF Team,male,master3,gi,2,203; 8116; 11917; 2035; 9166,Julio Cesar; Dante Leon; Gabriel Marinho; Vitor Henrique; Alexandre Barauna,50,academy_name_overlap_only,research_lead,never_publish_as_lineage_without_direct_source,"O ranking da IBJJF associa o atleta à academia ""GF Team""; o acervo possui 50 pessoa(s) com o mesmo nome de academia. Isso não identifica professor nem comprova graduação."
Fabio Aparecido Leoncio,https://ibjjf.com/athletes/fabio-leoncio-a8866e9aba35,Ns Brotherhood,male,master3,gi,2,1188; 7256,Leandro Lo; Jan Buatim,2,academy_name_overlap_only,research_lead,never_publish_as_lineage_without_direct_source,"O ranking da IBJJF associa o atleta à academia ""Ns Brotherhood""; o acervo possui 2 pessoa(s) com o mesmo nome de academia. Isso não identifica professor nem comprova graduação."
Clay de Souza,https://ibjjf.com/athletes/clay-souza,GF Team,male,master3,gi,2,203; 8116; 11917; 2035; 9166,Julio Cesar; Dante Leon; Gabriel Marinho; Vitor Henrique; Alexandre Barauna,50,academy_name_overlap_only,research_lead,never_publish_as_lineage_without_direct_source,"O ranking da IBJJF associa o atleta à academia ""GF Team""; o acervo possui 50 pessoa(s) com o mesmo nome de academia. Isso não identifica professor nem comprova graduação."
Nicholas Falcão de Moraes,https://ibjjf.com/athletes/nicholas-moraes,SAS Team,male,master3,gi,2,9338,Guybson Sa,1,academy_name_overlap_only,research_lead,never_publish_as_lineage_without_direct_source,"O ranking da IBJJF associa o atleta à academia ""SAS Team""; o acervo possui 1 pessoa(s) com o mesmo nome de academia. Isso não identifica professor nem comprova graduação."
Alexsandro Assunção,https://ibjjf.com/athletes/alexsandro-assuncao,Ns Brotherhood,male,master3,gi,2,1188; 7256,Leandro Lo; Jan Buatim,2,academy_name_overlap_only,research_lead,never_publish_as_lineage_without_direct_source,"O ranking da IBJJF associa o atleta à academia ""Ns Brotherhood""; o acervo possui 2 pessoa(s) com o mesmo nome de academia. Isso não identifica professor nem comprova graduação."
Bobby James McWhorter Jr,https://ibjjf.com/athletes/bobby-jr-793bd7f84aa0,Roberto Traven BJJ,male,master3,gi,2,7079,Carlos Farias,1,academy_name_overlap_only,research_lead,never_publish_as_lineage_without_direct_source,"O ranking da IBJJF associa o atleta à academia ""Roberto Traven BJJ""; o acervo possui 1 pessoa(s) com o mesmo nome de academia. Isso não identifica professor nem comprova graduação."
Kevin Connelly Flinn,https://ibjjf.com/athletes/kevin-flinn,AOJ,male,master3,gi,2,415; 179; 13326; 12554; 11690,Guilherme Mendes; Rafael Mendes; Hiryu Niwa; Iasmin Casser; Jessa Khan,10,academy_name_overlap_only,research_lead,never_publish_as_lineage_without_direct_source,"O ranking da IBJJF associa o atleta à academia ""AOJ""; o acervo possui 10 pessoa(s) com o mesmo nome de academia. Isso não identifica professor nem comprova graduação."
Raimundo Eldy Barreto da Silva,https://ibjjf.com/athletes/raimundo-silva-85e16f9c0fe9,Vitor Shaolin BJJ,male,master3,gi,2,9064,Silvio Duran,1,academy_name_overlap_only,research_lead,never_publish_as_lineage_without_direct_source,"O ranking da IBJJF associa o atleta à academia ""Vitor Shaolin BJJ""; o acervo possui 1 pessoa(s) com o mesmo nome de academia. Isso não identifica professor nem comprova graduação."
Adam Christopher Wilson,https://ibjjf.com/athletes/adam-wilson-ecf6264f501c,Team Shawn Hammonds,male,master3,gi,2,9845,Chad Hardy,1,academy_name_overlap_only,research_lead,never_publish_as_lineage_without_direct_source,"O ranking da IBJJF associa o atleta à academia ""Team Shawn Hammonds""; o acervo possui 1 pessoa(s) com o mesmo nome de academia. Isso não identifica professor nem comprova graduação."
Eduardo Alex Rodrigues,https://ibjjf.com/athletes/eduardo-rodrigues-28f3f0c76560,GF Team,male,master3,gi,2,203; 8116; 11917; 2035; 9166,Julio Cesar; Dante Leon; Gabriel Marinho; Vitor Henrique; Alexandre Barauna,50,academy_name_overlap_only,research_lead,never_publish_as_lineage_without_direct_source,"O ranking da IBJJF associa o atleta à academia ""GF Team""; o acervo possui 50 pessoa(s) com o mesmo nome de academia. Isso não identifica professor nem comprova graduação."
Alysson Stefanes,https://ibjjf.com/athletes/alysson-stefanes,Brazilian Top Team,male,master3,gi,2,627; 8409; 249; 232; 1675,Murilo Bustamante; Ricardo Marques; Anderson Pereira; Jose Mario Sperry; Luis Roberto Duarte,6,academy_name_overlap_only,research_lead,never_publish_as_lineage_without_direct_source,"O ranking da IBJJF associa o atleta à academia ""Brazilian Top Team""; o acervo possui 6 pessoa(s) com o mesmo nome de academia. Isso não identifica professor nem comprova graduação."
Jose Flavio Reges,https://ibjjf.com/athletes/jose-reges,CheckMat,male,master3,gi,2,419; 338; 875; 963; 405,Leonardo Vieira; Ricardo Vieira; Lucas Leite; Carlos Vieira Holanda; Marco Canha,85,academy_name_overlap_only,research_lead,never_publish_as_lineage_without_direct_source,"O ranking da IBJJF associa o atleta à academia ""CheckMat""; o acervo possui 85 pessoa(s) com o mesmo nome de academia. Isso não identifica professor nem comprova graduação."
Juscelino Kerginaldo R. Mota,https://ibjjf.com/athletes/juscelino-mota,CheckMat,male,master3,gi,2,419; 338; 875; 963; 405,Leonardo Vieira; Ricardo Vieira; Lucas Leite; Carlos Vieira Holanda; Marco Canha,85,academy_name_overlap_only,research_lead,never_publish_as_lineage_without_direct_source,"O ranking da IBJJF associa o atleta à academia ""CheckMat""; o acervo possui 85 pessoa(s) com o mesmo nome de academia. Isso não identifica professor nem comprova graduação."
William Soares dos Santos,https://ibjjf.com/athletes/william-santos-15c19d20ce76,PSLPB Cicero Costha,male,master3,gi,1,1155; 13076; 7704; 6151; 13062,Cicero Costha; Francisco Lo; Helton Jose Junior; Hiago George; Leonardo Mario,5,academy_name_overlap_only,research_lead,never_publish_as_lineage_without_direct_source,"O ranking da IBJJF associa o atleta à academia ""PSLPB Cicero Costha""; o acervo possui 5 pessoa(s) com o mesmo nome de academia. Isso não identifica professor nem comprova graduação."
André Luís Cerqueira Silva,https://ibjjf.com/athletes/andre-silva-adf614956ff2,CheckMat,male,master3,gi,1,419; 338; 875; 963; 405,Leonardo Vieira; Ricardo Vieira; Lucas Leite; Carlos Vieira Holanda; Marco Canha,85,academy_name_overlap_only,research_lead,never_publish_as_lineage_without_direct_source,"O ranking da IBJJF associa o atleta à academia ""CheckMat""; o acervo possui 85 pessoa(s) com o mesmo nome de academia. Isso não identifica professor nem comprova graduação."
John Omar Prado,https://ibjjf.com/athletes/john-prado,Roberto Traven BJJ,male,master3,gi,1,7079,Carlos Farias,1,academy_name_overlap_only,research_lead,never_publish_as_lineage_without_direct_source,"O ranking da IBJJF associa o atleta à academia ""Roberto Traven BJJ""; o acervo possui 1 pessoa(s) com o mesmo nome de academia. Isso não identifica professor nem comprova graduação."
Cláudio Mendes de Sousa,https://ibjjf.com/athletes/claudio-sousa,GF Team,male,master3,gi,1,203; 8116; 11917; 2035; 9166,Julio Cesar; Dante Leon; Gabriel Marinho; Vitor Henrique; Alexandre Barauna,50,academy_name_overlap_only,research_lead,never_publish_as_lineage_without_direct_source,"O ranking da IBJJF associa o atleta à academia ""GF Team""; o acervo possui 50 pessoa(s) com o mesmo nome de academia. Isso não identifica professor nem comprova graduação."
Mariano Martin Graña,https://ibjjf.com/athletes/mariano-grana,Lotus Club,male,master3,gi,1,14205,Alexandre Manara,1,academy_name_overlap_only,research_lead,never_publish_as_lineage_without_direct_source,"O ranking da IBJJF associa o atleta à academia ""Lotus Club""; o acervo possui 1 pessoa(s) com o mesmo nome de academia. Isso não identifica professor nem comprova graduação."
Leonardo Pessina,https://ibjjf.com/athletes/leonardo-pessina,GF Team,male,master3,gi,1,203; 8116; 11917; 2035; 9166,Julio Cesar; Dante Leon; Gabriel Marinho; Vitor Henrique; Alexandre Barauna,50,academy_name_overlap_only,research_lead,never_publish_as_lineage_without_direct_source,"O ranking da IBJJF associa o atleta à academia ""GF Team""; o acervo possui 50 pessoa(s) com o mesmo nome de academia. Isso não identifica professor nem comprova graduação."
Dustin Michael Shelton,https://ibjjf.com/athletes/dustin-shelton,Roberto Traven BJJ,male,master3,gi,1,7079,Carlos Farias,1,academy_name_overlap_only,research_lead,never_publish_as_lineage_without_direct_source,"O ranking da IBJJF associa o atleta à academia ""Roberto Traven BJJ""; o acervo possui 1 pessoa(s) com o mesmo nome de academia. Isso não identifica professor nem comprova graduação."
Corey James Ottgen,https://ibjjf.com/athletes/corey-ottgen,Combat Base,male,master3,gi,1,5858,Chris Haueter,1,academy_name_overlap_only,research_lead,never_publish_as_lineage_without_direct_source,"O ranking da IBJJF associa o atleta à academia ""Combat Base""; o acervo possui 1 pessoa(s) com o mesmo nome de academia. Isso não identifica professor nem comprova graduação."
Leandro  Batista,https://ibjjf.com/athletes/leandro-batista,GF Team,male,master3,gi,1,203; 8116; 11917; 2035; 9166,Julio Cesar; Dante Leon; Gabriel Marinho; Vitor Henrique; Alexandre Barauna,50,academy_name_overlap_only,research_lead,never_publish_as_lineage_without_direct_source,"O ranking da IBJJF associa o atleta à academia ""GF Team""; o acervo possui 50 pessoa(s) com o mesmo nome de academia. Isso não identifica professor nem comprova graduação."
Charles E. Mcbain,https://ibjjf.com/athletes/charles-mcbain,Renzo Gracie Academy,male,master3,gi,1,10000; 5649; 7442; 9760; 5617,Doug Pelinkovic; Gary Tonon; Edward Cummings; Frank Rosenthal; Jamie Cruz,10,academy_name_overlap_only,research_lead,never_publish_as_lineage_without_direct_source,"O ranking da IBJJF associa o atleta à academia ""Renzo Gracie Academy""; o acervo possui 10 pessoa(s) com o mesmo nome de academia. Isso não identifica professor nem comprova graduação."
Darlan Miranda Almeida,https://ibjjf.com/athletes/darlan-almeida,GF Team,male,master3,gi,1,203; 8116; 11917; 2035; 9166,Julio Cesar; Dante Leon; Gabriel Marinho; Vitor Henrique; Alexandre Barauna,50,academy_name_overlap_only,research_lead,never_publish_as_lineage_without_direct_source,"O ranking da IBJJF associa o atleta à academia ""GF Team""; o acervo possui 50 pessoa(s) com o mesmo nome de academia. Isso não identifica professor nem comprova graduação."
Francisco Gelson Sousa da Silva,https://ibjjf.com/athletes/francisco-silva-eb98c95cce5f,Nova Geração,male,master3,gi,1,714; 311; 1640; 1707; 4481,Francisco Albuquerque; Alexandre Pimentel; Andre Monteiro; Bruno Ferreira; Mauro Ayres,5,academy_name_overlap_only,research_lead,never_publish_as_lineage_without_direct_source,"O ranking da IBJJF associa o atleta à academia ""Nova Geração""; o acervo possui 5 pessoa(s) com o mesmo nome de academia. Isso não identifica professor nem comprova graduação."
Eric Teófanes dos Santos Rodrigues Lima,https://ibjjf.com/athletes/eric-lima,Gracie Humaita,male,master3,gi,1,515; 903; 1445; 613; 6339,Royler Gracie; Leticia Ribeiro; Rolker Gracie; Wellington Dias; Admilson Brites,34,academy_name_overlap_only,research_lead,never_publish_as_lineage_without_direct_source,"O ranking da IBJJF associa o atleta à academia ""Gracie Humaita""; o acervo possui 34 pessoa(s) com o mesmo nome de academia. Isso não identifica professor nem comprova graduação."
Christopher Dale Lattanzi,https://ibjjf.com/athletes/christopher-lattanzi,Big Brothers,male,master3,gi,1,6403,Leonardo Dalla,1,academy_name_overlap_only,research_lead,never_publish_as_lineage_without_direct_source,"O ranking da IBJJF associa o atleta à academia ""Big Brothers""; o acervo possui 1 pessoa(s) com o mesmo nome de academia. Isso não identifica professor nem comprova graduação."
Jurandi Barreto da Conceição Jr.,https://ibjjf.com/athletes/jurandi-jr,GF Team,male,master3,gi,1,203; 8116; 11917; 2035; 9166,Julio Cesar; Dante Leon; Gabriel Marinho; Vitor Henrique; Alexandre Barauna,50,academy_name_overlap_only,research_lead,never_publish_as_lineage_without_direct_source,"O ranking da IBJJF associa o atleta à academia ""GF Team""; o acervo possui 50 pessoa(s) com o mesmo nome de academia. Isso não identifica professor nem comprova graduação."
Fabio Leopoldo e Silva Neto,https://ibjjf.com/athletes/fabio-neto,Gracie Morumbi,male,master4,gi,319.5,658,Fabio Leopoldo,1,academy_name_overlap_only,research_lead,never_publish_as_lineage_without_direct_source,"O ranking da IBJJF associa o atleta à academia ""Gracie Morumbi""; o acervo possui 1 pessoa(s) com o mesmo nome de academia. Isso não identifica professor nem comprova graduação."
Dierley de Almeida Rodrigues,https://ibjjf.com/athletes/dierley-rodrigues,Nova União,male,master4,gi,298.0,78; 634; 6756; 4334; 195,Andre Pederneiras; Wendell Alexander; Rodrigo Silva; Andre da Silva; Robson Moura,39,academy_name_overlap_only,research_lead,never_publish_as_lineage_without_direct_source,"O ranking da IBJJF associa o atleta à academia ""Nova União""; o acervo possui 39 pessoa(s) com o mesmo nome de academia. Isso não identifica professor nem comprova graduação."
Rubens Pedroso,https://ibjjf.com/athletes/rubens-pedroso,Ns Brotherhood,male,master4,gi,270.0,1188; 7256,Leandro Lo; Jan Buatim,2,academy_name_overlap_only,research_lead,never_publish_as_lineage_without_direct_source,"O ranking da IBJJF associa o atleta à academia ""Ns Brotherhood""; o acervo possui 2 pessoa(s) com o mesmo nome de academia. Isso não identifica professor nem comprova graduação."
Fabiano M Teles,https://ibjjf.com/athletes/fabiano-teles,Renzo Gracie Academy,male,master4,gi,201.5,10000; 5649; 7442; 9760; 5617,Doug Pelinkovic; Gary Tonon; Edward Cummings; Frank Rosenthal; Jamie Cruz,10,academy_name_overlap_only,research_lead,never_publish_as_lineage_without_direct_source,"O ranking da IBJJF associa o atleta à academia ""Renzo Gracie Academy""; o acervo possui 10 pessoa(s) com o mesmo nome de academia. Isso não identifica professor nem comprova graduação."
Laith Mohamed Khalaf,https://ibjjf.com/athletes/laith-khalaf,Fight Sports,male,master4,gi,194.5,224; 11384; 12178; 13473; 13031,Roberto Abreu; Andre Porfirio; Joao Costa; Kauane Silva; Lucas Lisboa,12,academy_name_overlap_only,research_lead,never_publish_as_lineage_without_direct_source,"O ranking da IBJJF associa o atleta à academia ""Fight Sports""; o acervo possui 12 pessoa(s) com o mesmo nome de academia. Isso não identifica professor nem comprova graduação."
Nathan Correia Mendes,https://ibjjf.com/athletes/nathan-mendes,Combat Base,male,master4,gi,193.0,5858,Chris Haueter,1,academy_name_overlap_only,research_lead,never_publish_as_lineage_without_direct_source,"O ranking da IBJJF associa o atleta à academia ""Combat Base""; o acervo possui 1 pessoa(s) com o mesmo nome de academia. Isso não identifica professor nem comprova graduação."
Alton Deon Moss,https://ibjjf.com/athletes/alton-jr,Renzo Gracie Academy,male,master4,gi,174.5,10000; 5649; 7442; 9760; 5617,Doug Pelinkovic; Gary Tonon; Edward Cummings; Frank Rosenthal; Jamie Cruz,10,academy_name_overlap_only,research_lead,never_publish_as_lineage_without_direct_source,"O ranking da IBJJF associa o atleta à academia ""Renzo Gracie Academy""; o acervo possui 10 pessoa(s) com o mesmo nome de academia. Isso não identifica professor nem comprova graduação."
Rodrigo Leite de Medeiros,https://ibjjf.com/athletes/rodrigo-medeiros,Brasa,male,master4,gi,136.5,702; 112; 935; 579; 559,Muzio de Angelis; Demian Maia; Leonardo Castello Branco; Octavio Couto; Rodrigo Medeiros,7,academy_name_overlap_only,research_lead,never_publish_as_lineage_without_direct_source,"O ranking da IBJJF associa o atleta à academia ""Brasa""; o acervo possui 7 pessoa(s) com o mesmo nome de academia. Isso não identifica professor nem comprova graduação."
Mario Muricy Silva,https://ibjjf.com/athletes/mario-silva-e25003122f9e,Ushirobira JJ,male,master4,gi,135,7282,Andre Ushirobira,1,academy_name_overlap_only,research_lead,never_publish_as_lineage_without_direct_source,"O ranking da IBJJF associa o atleta à academia ""Ushirobira JJ""; o acervo possui 1 pessoa(s) com o mesmo nome de academia. Isso não identifica professor nem comprova graduação."
Akihiro Sekiguchi,https://ibjjf.com/athletes/akihiro-sekiguchi,Nexusense,male,master4,gi,129,8536,Yuta Shimada,1,academy_name_overlap_only,research_lead,never_publish_as_lineage_without_direct_source,"O ranking da IBJJF associa o atleta à academia ""Nexusense""; o acervo possui 1 pessoa(s) com o mesmo nome de academia. Isso não identifica professor nem comprova graduação."
Ronaldo Milanesi de Magalhães Chaves,https://ibjjf.com/athletes/ronaldo-chaves,CheckMat,male,master4,gi,119.5,419; 338; 875; 963; 405,Leonardo Vieira; Ricardo Vieira; Lucas Leite; Carlos Vieira Holanda; Marco Canha,85,academy_name_overlap_only,research_lead,never_publish_as_lineage_without_direct_source,"O ranking da IBJJF associa o atleta à academia ""CheckMat""; o acervo possui 85 pessoa(s) com o mesmo nome de academia. Isso não identifica professor nem comprova graduação."
Gilberto Szterenzejer Paesler,https://ibjjf.com/athletes/gilberto-paesler,Gracie Humaita,male,master4,gi,101,515; 903; 1445; 613; 6339,Royler Gracie; Leticia Ribeiro; Rolker Gracie; Wellington Dias; Admilson Brites,34,academy_name_overlap_only,research_lead,never_publish_as_lineage_without_direct_source,"O ranking da IBJJF associa o atleta à academia ""Gracie Humaita""; o acervo possui 34 pessoa(s) com o mesmo nome de academia. Isso não identifica professor nem comprova graduação."
Jason Kelly Matherley,https://ibjjf.com/athletes/jason-matherley,Team Shawn Hammonds,male,master4,gi,87.0,9845,Chad Hardy,1,academy_name_overlap_only,research_lead,never_publish_as_lineage_without_direct_source,"O ranking da IBJJF associa o atleta à academia ""Team Shawn Hammonds""; o acervo possui 1 pessoa(s) com o mesmo nome de academia. Isso não identifica professor nem comprova graduação."
Allan Patrick Pellegrini Kell,https://ibjjf.com/athletes/allan-kell,Guigo JJ,male,master4,gi,86,693; 11423; 9483; 11766; 1624,Luiz Guilherme; Meyram Maquine; Eduardo Lopes; Gabriel Costa; Leonardo Arruda,5,academy_name_overlap_only,research_lead,never_publish_as_lineage_without_direct_source,"O ranking da IBJJF associa o atleta à academia ""Guigo JJ""; o acervo possui 5 pessoa(s) com o mesmo nome de academia. Isso não identifica professor nem comprova graduação."
Ishikawa Fumitoshi,https://ibjjf.com/athletes/ishikawa-fumitoshi,Carpe Diem,male,master4,gi,85.5,9152; 7645; 9559; 6060,Daisuke Shiraki; Masahiro Iwasaki; Rida Haisam; Tomoyuki Hashimoto,4,academy_name_overlap_only,research_lead,never_publish_as_lineage_without_direct_source,"O ranking da IBJJF associa o atleta à academia ""Carpe Diem""; o acervo possui 4 pessoa(s) com o mesmo nome de academia. Isso não identifica professor nem comprova graduação."
Bruno Ferreira Casquilha,https://ibjjf.com/athletes/bruno-casquilha,De La Riva JJ,male,master4,gi,73,7928,Claudia Doval,1,academy_name_overlap_only,research_lead,never_publish_as_lineage_without_direct_source,"O ranking da IBJJF associa o atleta à academia ""De La Riva JJ""; o acervo possui 1 pessoa(s) com o mesmo nome de academia. Isso não identifica professor nem comprova graduação."
Vitor de Souza Ribeiro,https://ibjjf.com/athletes/vitor-ribeiro,Vitor Shaolin BJJ,male,master4,gi,72,9064,Silvio Duran,1,academy_name_overlap_only,research_lead,never_publish_as_lineage_without_direct_source,"O ranking da IBJJF associa o atleta à academia ""Vitor Shaolin BJJ""; o acervo possui 1 pessoa(s) com o mesmo nome de academia. Isso não identifica professor nem comprova graduação."
Enildo dos Reis Pimentel,https://ibjjf.com/athletes/enildo-pimentel,PSLPB Cicero Costha,male,master4,gi,68,1155; 13076; 7704; 6151; 13062,Cicero Costha; Francisco Lo; Helton Jose Junior; Hiago George; Leonardo Mario,5,academy_name_overlap_only,research_lead,never_publish_as_lineage_without_direct_source,"O ranking da IBJJF associa o atleta à academia ""PSLPB Cicero Costha""; o acervo possui 5 pessoa(s) com o mesmo nome de academia. Isso não identifica professor nem comprova graduação."
Alfonso Joel Washington Jr.,https://ibjjf.com/athletes/alfonso-jr,Crazy 88,male,master4,gi,63,4411,Julius Park,1,academy_name_overlap_only,research_lead,never_publish_as_lineage_without_direct_source,"O ranking da IBJJF associa o atleta à academia ""Crazy 88""; o acervo possui 1 pessoa(s) com o mesmo nome de academia. Isso não identifica professor nem comprova graduação."
Daelcy de Carvalho Junior,https://ibjjf.com/athletes/daelcy-junior,Fight Sports,male,master4,gi,49.5,224; 11384; 12178; 13473; 13031,Roberto Abreu; Andre Porfirio; Joao Costa; Kauane Silva; Lucas Lisboa,12,academy_name_overlap_only,research_lead,never_publish_as_lineage_without_direct_source,"O ranking da IBJJF associa o atleta à academia ""Fight Sports""; o acervo possui 12 pessoa(s) com o mesmo nome de academia. Isso não identifica professor nem comprova graduação."
Leandro Gadelha da Silva,https://ibjjf.com/athletes/leandro-silva-ab308feefa77,SAS Team,male,master4,gi,49.5,9338,Guybson Sa,1,academy_name_overlap_only,research_lead,never_publish_as_lineage_without_direct_source,"O ranking da IBJJF associa o atleta à academia ""SAS Team""; o acervo possui 1 pessoa(s) com o mesmo nome de academia. Isso não identifica professor nem comprova graduação."
Paulo Procopio de Araujo Carvalho Filho,https://ibjjf.com/athletes/paulo-filho-3af2e49d1419,XCoach,male,master4,gi,48.0,13392,Gabriel Volante,1,academy_name_overlap_only,research_lead,never_publish_as_lineage_without_direct_source,"O ranking da IBJJF associa o atleta à academia ""XCoach""; o acervo possui 1 pessoa(s) com o mesmo nome de academia. Isso não identifica professor nem comprova graduação."
Jefferson Eduardo C. do Nascimento,https://ibjjf.com/athletes/jefferson-nascimento-3ae16a267bcb,CheckMat,male,master4,gi,44,419; 338; 875; 963; 405,Leonardo Vieira; Ricardo Vieira; Lucas Leite; Carlos Vieira Holanda; Marco Canha,85,academy_name_overlap_only,research_lead,never_publish_as_lineage_without_direct_source,"O ranking da IBJJF associa o atleta à academia ""CheckMat""; o acervo possui 85 pessoa(s) com o mesmo nome de academia. Isso não identifica professor nem comprova graduação."
Julian M Rivera,https://ibjjf.com/athletes/julian-rivera,Renzo Gracie Academy,male,master4,gi,44,10000; 5649; 7442; 9760; 5617,Doug Pelinkovic; Gary Tonon; Edward Cummings; Frank Rosenthal; Jamie Cruz,10,academy_name_overlap_only,research_lead,never_publish_as_lineage_without_direct_source,"O ranking da IBJJF associa o atleta à academia ""Renzo Gracie Academy""; o acervo possui 10 pessoa(s) com o mesmo nome de academia. Isso não identifica professor nem comprova graduação."
Alex Oliveira Esteves,https://ibjjf.com/athletes/alex-esteves,Nova União,male,master4,gi,39,78; 634; 6756; 4334; 195,Andre Pederneiras; Wendell Alexander; Rodrigo Silva; Andre da Silva; Robson Moura,39,academy_name_overlap_only,research_lead,never_publish_as_lineage_without_direct_source,"O ranking da IBJJF associa o atleta à academia ""Nova União""; o acervo possui 39 pessoa(s) com o mesmo nome de academia. Isso não identifica professor nem comprova graduação."
Jocarlino Santos Vieira,https://ibjjf.com/athletes/jocarlino-vieira,Striker JJ,male,master4,gi,36,12277,Pedro Agrizzi,1,academy_name_overlap_only,research_lead,never_publish_as_lineage_without_direct_source,"O ranking da IBJJF associa o atleta à academia ""Striker JJ""; o acervo possui 1 pessoa(s) com o mesmo nome de academia. Isso não identifica professor nem comprova graduação."
Carlos Alberto de Souza A. Junior,https://ibjjf.com/athletes/carlos-junior-0c3f381fe90b,De La Riva JJ,male,master4,gi,36,7928,Claudia Doval,1,academy_name_overlap_only,research_lead,never_publish_as_lineage_without_direct_source,"O ranking da IBJJF associa o atleta à academia ""De La Riva JJ""; o acervo possui 1 pessoa(s) com o mesmo nome de academia. Isso não identifica professor nem comprova graduação."
Marcelo de Mattos Souza,https://ibjjf.com/athletes/marcelo-souza-3f24fcabd7b5,Carlson Gracie,male,master4,gi,35,22; 5998; 2062; 2583; 690,Carlson Gracie; Carlson Gracie Junior; Crezio de Souza; Alan Moraes; Fernando Marques,20,academy_name_overlap_only,research_lead,never_publish_as_lineage_without_direct_source,"O ranking da IBJJF associa o atleta à academia ""Carlson Gracie""; o acervo possui 20 pessoa(s) com o mesmo nome de academia. Isso não identifica professor nem comprova graduação."
Alessandro Mauricio de Castro Mello,https://ibjjf.com/athletes/alessandro-mello,GF Team,male,master4,gi,34,203; 8116; 11917; 2035; 9166,Julio Cesar; Dante Leon; Gabriel Marinho; Vitor Henrique; Alexandre Barauna,50,academy_name_overlap_only,research_lead,never_publish_as_lineage_without_direct_source,"O ranking da IBJJF associa o atleta à academia ""GF Team""; o acervo possui 50 pessoa(s) com o mesmo nome de academia. Isso não identifica professor nem comprova graduação."
André  Vicentin,https://ibjjf.com/athletes/andre-vicentin,PSLPB Cicero Costha,male,master4,gi,33.0,1155; 13076; 7704; 6151; 13062,Cicero Costha; Francisco Lo; Helton Jose Junior; Hiago George; Leonardo Mario,5,academy_name_overlap_only,research_lead,never_publish_as_lineage_without_direct_source,"O ranking da IBJJF associa o atleta à academia ""PSLPB Cicero Costha""; o acervo possui 5 pessoa(s) com o mesmo nome de academia. Isso não identifica professor nem comprova graduação."
Stephen Balente Hernandez,https://ibjjf.com/athletes/stephen-hernandez,Roberto Traven BJJ,male,master4,gi,31.5,7079,Carlos Farias,1,academy_name_overlap_only,research_lead,never_publish_as_lineage_without_direct_source,"O ranking da IBJJF associa o atleta à academia ""Roberto Traven BJJ""; o acervo possui 1 pessoa(s) com o mesmo nome de academia. Isso não identifica professor nem comprova graduação."
Bruno Maniaudet Bastos,https://ibjjf.com/athletes/bruno-bastos,American Top Team,male,master4,gi,30,591; 1716; 975; 1713; 3479,Ricardo Liborio; Andre Almeida; Jonatas Gurgel; Fabiano Silva; Gezary Matuda,7,academy_name_overlap_only,research_lead,never_publish_as_lineage_without_direct_source,"O ranking da IBJJF associa o atleta à academia ""American Top Team""; o acervo possui 7 pessoa(s) com o mesmo nome de academia. Isso não identifica professor nem comprova graduação."
Washington Alves de Miranda Junior,https://ibjjf.com/athletes/washington-junior,De La Riva JJ,male,master4,gi,29,7928,Claudia Doval,1,academy_name_overlap_only,research_lead,never_publish_as_lineage_without_direct_source,"O ranking da IBJJF associa o atleta à academia ""De La Riva JJ""; o acervo possui 1 pessoa(s) com o mesmo nome de academia. Isso não identifica professor nem comprova graduação."
Cassio Germano Gurgel Soares,https://ibjjf.com/athletes/cassio-soares,SAS Team,male,master4,gi,27,9338,Guybson Sa,1,academy_name_overlap_only,research_lead,never_publish_as_lineage_without_direct_source,"O ranking da IBJJF associa o atleta à academia ""SAS Team""; o acervo possui 1 pessoa(s) com o mesmo nome de academia. Isso não identifica professor nem comprova graduação."
Christopher Matthew Bower,https://ibjjf.com/athletes/christopher-bower,Bjj Conquest,male,master4,gi,27,7732,Vicente Junior,1,academy_name_overlap_only,research_lead,never_publish_as_lineage_without_direct_source,"O ranking da IBJJF associa o atleta à academia ""Bjj Conquest""; o acervo possui 1 pessoa(s) com o mesmo nome de academia. Isso não identifica professor nem comprova graduação."
Carlos Frederico Rodriguez,https://ibjjf.com/athletes/carlos-rodriguez,Carlson Gracie,male,master4,gi,27,22; 5998; 2062; 2583; 690,Carlson Gracie; Carlson Gracie Junior; Crezio de Souza; Alan Moraes; Fernando Marques,20,academy_name_overlap_only,research_lead,never_publish_as_lineage_without_direct_source,"O ranking da IBJJF associa o atleta à academia ""Carlson Gracie""; o acervo possui 20 pessoa(s) com o mesmo nome de academia. Isso não identifica professor nem comprova graduação."
Kenneth Earl Johnson,https://ibjjf.com/athletes/kenneth-johnson-14967107aea0,Big Brothers,male,master4,gi,27,6403,Leonardo Dalla,1,academy_name_overlap_only,research_lead,never_publish_as_lineage_without_direct_source,"O ranking da IBJJF associa o atleta à academia ""Big Brothers""; o acervo possui 1 pessoa(s) com o mesmo nome de academia. Isso não identifica professor nem comprova graduação."
Marcos Henrique Gadotti,https://ibjjf.com/athletes/marcos-gadotti,Ataque Duplo,male,master4,gi,26.0,11215,Harryson Pereira,1,academy_name_overlap_only,research_lead,never_publish_as_lineage_without_direct_source,"O ranking da IBJJF associa o atleta à academia ""Ataque Duplo""; o acervo possui 1 pessoa(s) com o mesmo nome de academia. Isso não identifica professor nem comprova graduação."
Emilio Carlos da Silva Junior,https://ibjjf.com/athletes/emilio-junior,De La Riva JJ,male,master4,gi,24,7928,Claudia Doval,1,academy_name_overlap_only,research_lead,never_publish_as_lineage_without_direct_source,"O ranking da IBJJF associa o atleta à academia ""De La Riva JJ""; o acervo possui 1 pessoa(s) com o mesmo nome de academia. Isso não identifica professor nem comprova graduação."
Ronaldo Cruz de Oliveira,https://ibjjf.com/athletes/ronaldo-oliveira,CheckMat,male,master4,gi,24,419; 338; 875; 963; 405,Leonardo Vieira; Ricardo Vieira; Lucas Leite; Carlos Vieira Holanda; Marco Canha,85,academy_name_overlap_only,research_lead,never_publish_as_lineage_without_direct_source,"O ranking da IBJJF associa o atleta à academia ""CheckMat""; o acervo possui 85 pessoa(s) com o mesmo nome de academia. Isso não identifica professor nem comprova graduação."
Sergio Henrique Hora Miranda,https://ibjjf.com/athletes/sergio-miranda,GF Team,male,master4,gi,20,203; 8116; 11917; 2035; 9166,Julio Cesar; Dante Leon; Gabriel Marinho; Vitor Henrique; Alexandre Barauna,50,academy_name_overlap_only,research_lead,never_publish_as_lineage_without_direct_source,"O ranking da IBJJF associa o atleta à academia ""GF Team""; o acervo possui 50 pessoa(s) com o mesmo nome de academia. Isso não identifica professor nem comprova graduação."
Robin Nicholls Unsworth,https://ibjjf.com/athletes/robin-unsworth,Roberto Traven BJJ,male,master4,gi,19,7079,Carlos Farias,1,academy_name_overlap_only,research_lead,never_publish_as_lineage_without_direct_source,"O ranking da IBJJF associa o atleta à academia ""Roberto Traven BJJ""; o acervo possui 1 pessoa(s) com o mesmo nome de academia. Isso não identifica professor nem comprova graduação."
Eduardo Telles Moreira,https://ibjjf.com/athletes/eduardo-moreira,Brasa,male,master4,gi,16,702; 112; 935; 579; 559,Muzio de Angelis; Demian Maia; Leonardo Castello Branco; Octavio Couto; Rodrigo Medeiros,7,academy_name_overlap_only,research_lead,never_publish_as_lineage_without_direct_source,"O ranking da IBJJF associa o atleta à academia ""Brasa""; o acervo possui 7 pessoa(s) com o mesmo nome de academia. Isso não identifica professor nem comprova graduação."
André Luis Monroy Ushirobira,https://ibjjf.com/athletes/andre-ushirobira,Ushirobira JJ,male,master4,gi,15,7282,Andre Ushirobira,1,academy_name_overlap_only,research_lead,never_publish_as_lineage_without_direct_source,"O ranking da IBJJF associa o atleta à academia ""Ushirobira JJ""; o acervo possui 1 pessoa(s) com o mesmo nome de academia. Isso não identifica professor nem comprova graduação."
Evandro Pires Codato,https://ibjjf.com/athletes/evandro-codato,Lotus Club,male,master4,gi,14,14205,Alexandre Manara,1,academy_name_overlap_only,research_lead,never_publish_as_lineage_without_direct_source,"O ranking da IBJJF associa o atleta à academia ""Lotus Club""; o acervo possui 1 pessoa(s) com o mesmo nome de academia. Isso não identifica professor nem comprova graduação."
Jorge Britto Lima Filho,https://ibjjf.com/athletes/jorge-filho,Toronto BJJ,male,master4,gi,14,8783,Yacinta Nguyen,1,academy_name_overlap_only,research_lead,never_publish_as_lineage_without_direct_source,"O ranking da IBJJF associa o atleta à academia ""Toronto BJJ""; o acervo possui 1 pessoa(s) com o mesmo nome de academia. Isso não identifica professor nem comprova graduação."
Brian Freeman Moore,https://ibjjf.com/athletes/brian-moore-47251cc10d56,Big Brothers,male,master4,gi,14,6403,Leonardo Dalla,1,academy_name_overlap_only,research_lead,never_publish_as_lineage_without_direct_source,"O ranking da IBJJF associa o atleta à academia ""Big Brothers""; o acervo possui 1 pessoa(s) com o mesmo nome de academia. Isso não identifica professor nem comprova graduação."
Yoshiya Suga,https://ibjjf.com/athletes/yoshiya-suga,Carpe Diem,male,master4,gi,13.5,9152; 7645; 9559; 6060,Daisuke Shiraki; Masahiro Iwasaki; Rida Haisam; Tomoyuki Hashimoto,4,academy_name_overlap_only,research_lead,never_publish_as_lineage_without_direct_source,"O ranking da IBJJF associa o atleta à academia ""Carpe Diem""; o acervo possui 4 pessoa(s) com o mesmo nome de academia. Isso não identifica professor nem comprova graduação."
Jonathan Garcia,https://ibjjf.com/athletes/jonathan-garcia-b0f60fb15065,Roberto Traven BJJ,male,master4,gi,12,7079,Carlos Farias,1,academy_name_overlap_only,research_lead,never_publish_as_lineage_without_direct_source,"O ranking da IBJJF associa o atleta à academia ""Roberto Traven BJJ""; o acervo possui 1 pessoa(s) com o mesmo nome de academia. Isso não identifica professor nem comprova graduação."
Rafael Soares Rodrigues Ferreira,https://ibjjf.com/athletes/rafael-ferreira,GF Team,male,master4,gi,12,203; 8116; 11917; 2035; 9166,Julio Cesar; Dante Leon; Gabriel Marinho; Vitor Henrique; Alexandre Barauna,50,academy_name_overlap_only,research_lead,never_publish_as_lineage_without_direct_source,"O ranking da IBJJF associa o atleta à academia ""GF Team""; o acervo possui 50 pessoa(s) com o mesmo nome de academia. Isso não identifica professor nem comprova graduação."
Carlos Antonio de Souza,https://ibjjf.com/athletes/carlos-1ccfcae5e362,CheckMat,male,master4,gi,12,419; 338; 875; 963; 405,Leonardo Vieira; Ricardo Vieira; Lucas Leite; Carlos Vieira Holanda; Marco Canha,85,academy_name_overlap_only,research_lead,never_publish_as_lineage_without_direct_source,"O ranking da IBJJF associa o atleta à academia ""CheckMat""; o acervo possui 85 pessoa(s) com o mesmo nome de academia. Isso não identifica professor nem comprova graduação."
Márcio José Silva Félix,https://ibjjf.com/athletes/marcio-felix,Lotus Club,male,master4,gi,11.5,14205,Alexandre Manara,1,academy_name_overlap_only,research_lead,never_publish_as_lineage_without_direct_source,"O ranking da IBJJF associa o atleta à academia ""Lotus Club""; o acervo possui 1 pessoa(s) com o mesmo nome de academia. Isso não identifica professor nem comprova graduação."
Miguel Iacovelo El Debs,https://ibjjf.com/athletes/miguel-debs,Ushirobira JJ,male,master4,gi,11,7282,Andre Ushirobira,1,academy_name_overlap_only,research_lead,never_publish_as_lineage_without_direct_source,"O ranking da IBJJF associa o atleta à academia ""Ushirobira JJ""; o acervo possui 1 pessoa(s) com o mesmo nome de academia. Isso não identifica professor nem comprova graduação."
Delton Cervinho F. Lima,https://ibjjf.com/athletes/delton-lima,GF Team,male,master4,gi,9,203; 8116; 11917; 2035; 9166,Julio Cesar; Dante Leon; Gabriel Marinho; Vitor Henrique; Alexandre Barauna,50,academy_name_overlap_only,research_lead,never_publish_as_lineage_without_direct_source,"O ranking da IBJJF associa o atleta à academia ""GF Team""; o acervo possui 50 pessoa(s) com o mesmo nome de academia. Isso não identifica professor nem comprova graduação."
Sebastian Augusto Lalli,https://ibjjf.com/athletes/sebastian-lalli,CheckMat,male,master4,gi,9,419; 338; 875; 963; 405,Leonardo Vieira; Ricardo Vieira; Lucas Leite; Carlos Vieira Holanda; Marco Canha,85,academy_name_overlap_only,research_lead,never_publish_as_lineage_without_direct_source,"O ranking da IBJJF associa o atleta à academia ""CheckMat""; o acervo possui 85 pessoa(s) com o mesmo nome de academia. Isso não identifica professor nem comprova graduação."
Marco Aurelio Fontoura Braga,https://ibjjf.com/athletes/marco-braga,Gracie Humaita,male,master4,gi,9,515; 903; 1445; 613; 6339,Royler Gracie; Leticia Ribeiro; Rolker Gracie; Wellington Dias; Admilson Brites,34,academy_name_overlap_only,research_lead,never_publish_as_lineage_without_direct_source,"O ranking da IBJJF associa o atleta à academia ""Gracie Humaita""; o acervo possui 34 pessoa(s) com o mesmo nome de academia. Isso não identifica professor nem comprova graduação."
Bradley J Bukovics,https://ibjjf.com/athletes/bradley-bukovics,Relson Gracie,male,master4,gi,9,453,Daniel Moraes,1,academy_name_overlap_only,research_lead,never_publish_as_lineage_without_direct_source,"O ranking da IBJJF associa o atleta à academia ""Relson Gracie""; o acervo possui 1 pessoa(s) com o mesmo nome de academia. Isso não identifica professor nem comprova graduação."
Kevin Abbott Korneman,https://ibjjf.com/athletes/kevin-korneman,Renzo Gracie Academy,male,master4,gi,9,10000; 5649; 7442; 9760; 5617,Doug Pelinkovic; Gary Tonon; Edward Cummings; Frank Rosenthal; Jamie Cruz,10,academy_name_overlap_only,research_lead,never_publish_as_lineage_without_direct_source,"O ranking da IBJJF associa o atleta à academia ""Renzo Gracie Academy""; o acervo possui 10 pessoa(s) com o mesmo nome de academia. Isso não identifica professor nem comprova graduação."
Mackellen Nobre Gonçalves,https://ibjjf.com/athletes/mackellen-goncalves,Striker JJ,male,master4,gi,9,12277,Pedro Agrizzi,1,academy_name_overlap_only,research_lead,never_publish_as_lineage_without_direct_source,"O ranking da IBJJF associa o atleta à academia ""Striker JJ""; o acervo possui 1 pessoa(s) com o mesmo nome de academia. Isso não identifica professor nem comprova graduação."
Richard Edward Flood,https://ibjjf.com/athletes/richard-flood,GF Team,male,master4,gi,9.0,203; 8116; 11917; 2035; 9166,Julio Cesar; Dante Leon; Gabriel Marinho; Vitor Henrique; Alexandre Barauna,50,academy_name_overlap_only,research_lead,never_publish_as_lineage_without_direct_source,"O ranking da IBJJF associa o atleta à academia ""GF Team""; o acervo possui 50 pessoa(s) com o mesmo nome de academia. Isso não identifica professor nem comprova graduação."
Carlos Vinicius Pereira dos Santos,https://ibjjf.com/athletes/carlos-santos,Nova União,male,master4,gi,9,78; 634; 6756; 4334; 195,Andre Pederneiras; Wendell Alexander; Rodrigo Silva; Andre da Silva; Robson Moura,39,academy_name_overlap_only,research_lead,never_publish_as_lineage_without_direct_source,"O ranking da IBJJF associa o atleta à academia ""Nova União""; o acervo possui 39 pessoa(s) com o mesmo nome de academia. Isso não identifica professor nem comprova graduação."
Jeffrey Kent Chapman,https://ibjjf.com/athletes/jeffrey-chapman,Sektor BJJ,male,master4,gi,9,12617,Sean Roberts,1,academy_name_overlap_only,research_lead,never_publish_as_lineage_without_direct_source,"O ranking da IBJJF associa o atleta à academia ""Sektor BJJ""; o acervo possui 1 pessoa(s) com o mesmo nome de academia. Isso não identifica professor nem comprova graduação."
Ante Dzolic,https://ibjjf.com/athletes/ante-dzolic,Combat Base,male,master4,gi,9,5858,Chris Haueter,1,academy_name_overlap_only,research_lead,never_publish_as_lineage_without_direct_source,"O ranking da IBJJF associa o atleta à academia ""Combat Base""; o acervo possui 1 pessoa(s) com o mesmo nome de academia. Isso não identifica professor nem comprova graduação."
George Acuna,https://ibjjf.com/athletes/george-acuna,Vitor Shaolin BJJ,male,master4,gi,8,9064,Silvio Duran,1,academy_name_overlap_only,research_lead,never_publish_as_lineage_without_direct_source,"O ranking da IBJJF associa o atleta à academia ""Vitor Shaolin BJJ""; o acervo possui 1 pessoa(s) com o mesmo nome de academia. Isso não identifica professor nem comprova graduação."
Sergio dos Santos  Perez,https://ibjjf.com/athletes/sergio-perez-4df2bbd13e93,GF Team,male,master4,gi,8,203; 8116; 11917; 2035; 9166,Julio Cesar; Dante Leon; Gabriel Marinho; Vitor Henrique; Alexandre Barauna,50,academy_name_overlap_only,research_lead,never_publish_as_lineage_without_direct_source,"O ranking da IBJJF associa o atleta à academia ""GF Team""; o acervo possui 50 pessoa(s) com o mesmo nome de academia. Isso não identifica professor nem comprova graduação."
Vilen Markelov,https://ibjjf.com/athletes/vilen-markelov,Vitor Shaolin BJJ,male,master4,gi,7,9064,Silvio Duran,1,academy_name_overlap_only,research_lead,never_publish_as_lineage_without_direct_source,"O ranking da IBJJF associa o atleta à academia ""Vitor Shaolin BJJ""; o acervo possui 1 pessoa(s) com o mesmo nome de academia. Isso não identifica professor nem comprova graduação."
Joshua Robert Rapport,https://ibjjf.com/athletes/joshua-rapport,Toronto BJJ,male,master4,gi,7,8783,Yacinta Nguyen,1,academy_name_overlap_only,research_lead,never_publish_as_lineage_without_direct_source,"O ranking da IBJJF associa o atleta à academia ""Toronto BJJ""; o acervo possui 1 pessoa(s) com o mesmo nome de academia. Isso não identifica professor nem comprova graduação."
Eduardo Queiroz,https://ibjjf.com/athletes/eduardo-queiroz,GF Team,male,master4,gi,7,203; 8116; 11917; 2035; 9166,Julio Cesar; Dante Leon; Gabriel Marinho; Vitor Henrique; Alexandre Barauna,50,academy_name_overlap_only,research_lead,never_publish_as_lineage_without_direct_source,"O ranking da IBJJF associa o atleta à academia ""GF Team""; o acervo possui 50 pessoa(s) com o mesmo nome de academia. Isso não identifica professor nem comprova graduação."
Marcio Mendes França,https://ibjjf.com/athletes/marcio-franca,Nova União,male,master4,gi,6,78; 634; 6756; 4334; 195,Andre Pederneiras; Wendell Alexander; Rodrigo Silva; Andre da Silva; Robson Moura,39,academy_name_overlap_only,research_lead,never_publish_as_lineage_without_direct_source,"O ranking da IBJJF associa o atleta à academia ""Nova União""; o acervo possui 39 pessoa(s) com o mesmo nome de academia. Isso não identifica professor nem comprova graduação."
Lúcio de Souza Oliveira,https://ibjjf.com/athletes/lucio,GF Team,male,master4,gi,6,203; 8116; 11917; 2035; 9166,Julio Cesar; Dante Leon; Gabriel Marinho; Vitor Henrique; Alexandre Barauna,50,academy_name_overlap_only,research_lead,never_publish_as_lineage_without_direct_source,"O ranking da IBJJF associa o atleta à academia ""GF Team""; o acervo possui 50 pessoa(s) com o mesmo nome de academia. Isso não identifica professor nem comprova graduação."
Renato Sousa Neves Junior,https://ibjjf.com/athletes/renato-junior,GF Team,male,master4,gi,6,203; 8116; 11917; 2035; 9166,Julio Cesar; Dante Leon; Gabriel Marinho; Vitor Henrique; Alexandre Barauna,50,academy_name_overlap_only,research_lead,never_publish_as_lineage_without_direct_source,"O ranking da IBJJF associa o atleta à academia ""GF Team""; o acervo possui 50 pessoa(s) com o mesmo nome de academia. Isso não identifica professor nem comprova graduação."
Darren W Boucher,https://ibjjf.com/athletes/darren-boucher,Fight Sports,male,master4,gi,6,224; 11384; 12178; 13473; 13031,Roberto Abreu; Andre Porfirio; Joao Costa; Kauane Silva; Lucas Lisboa,12,academy_name_overlap_only,research_lead,never_publish_as_lineage_without_direct_source,"O ranking da IBJJF associa o atleta à academia ""Fight Sports""; o acervo possui 12 pessoa(s) com o mesmo nome de academia. Isso não identifica professor nem comprova graduação."
Cleufas Alves de Azevedo,https://ibjjf.com/athletes/cleufas-azevedo,PSLPB Cicero Costha,male,master4,gi,6,1155; 13076; 7704; 6151; 13062,Cicero Costha; Francisco Lo; Helton Jose Junior; Hiago George; Leonardo Mario,5,academy_name_overlap_only,research_lead,never_publish_as_lineage_without_direct_source,"O ranking da IBJJF associa o atleta à academia ""PSLPB Cicero Costha""; o acervo possui 5 pessoa(s) com o mesmo nome de academia. Isso não identifica professor nem comprova graduação."
Marcelino Antonio Brizido Neto,https://ibjjf.com/athletes/marcelino-neto,PSLPB Cicero Costha,male,master4,gi,6,1155; 13076; 7704; 6151; 13062,Cicero Costha; Francisco Lo; Helton Jose Junior; Hiago George; Leonardo Mario,5,academy_name_overlap_only,research_lead,never_publish_as_lineage_without_direct_source,"O ranking da IBJJF associa o atleta à academia ""PSLPB Cicero Costha""; o acervo possui 5 pessoa(s) com o mesmo nome de academia. Isso não identifica professor nem comprova graduação."
Sergio de Andrade Cabral,https://ibjjf.com/athletes/sergio-cabral,Brazilian Top Team,male,master4,gi,6,627; 8409; 249; 232; 1675,Murilo Bustamante; Ricardo Marques; Anderson Pereira; Jose Mario Sperry; Luis Roberto Duarte,6,academy_name_overlap_only,research_lead,never_publish_as_lineage_without_direct_source,"O ranking da IBJJF associa o atleta à academia ""Brazilian Top Team""; o acervo possui 6 pessoa(s) com o mesmo nome de academia. Isso não identifica professor nem comprova graduação."
Maurício Gomes Vieira,https://ibjjf.com/athletes/mauricio-vieira,De La Riva JJ,male,master4,gi,6,7928,Claudia Doval,1,academy_name_overlap_only,research_lead,never_publish_as_lineage_without_direct_source,"O ranking da IBJJF associa o atleta à academia ""De La Riva JJ""; o acervo possui 1 pessoa(s) com o mesmo nome de academia. Isso não identifica professor nem comprova graduação."
Dan Patrick Brecht,https://ibjjf.com/athletes/dan-brecht,AOJ,male,master4,gi,6,415; 179; 13326; 12554; 11690,Guilherme Mendes; Rafael Mendes; Hiryu Niwa; Iasmin Casser; Jessa Khan,10,academy_name_overlap_only,research_lead,never_publish_as_lineage_without_direct_source,"O ranking da IBJJF associa o atleta à academia ""AOJ""; o acervo possui 10 pessoa(s) com o mesmo nome de academia. Isso não identifica professor nem comprova graduação."
Bruno Vinicius Setta Lagares,https://ibjjf.com/athletes/bruno-lagares,De La Riva JJ,male,master4,gi,5,7928,Claudia Doval,1,academy_name_overlap_only,research_lead,never_publish_as_lineage_without_direct_source,"O ranking da IBJJF associa o atleta à academia ""De La Riva JJ""; o acervo possui 1 pessoa(s) com o mesmo nome de academia. Isso não identifica professor nem comprova graduação."
Jose Erivelton de Oliveira Luna,https://ibjjf.com/athletes/jose-luna-1dcf82378111,Lotus Club,male,master4,gi,5.0,14205,Alexandre Manara,1,academy_name_overlap_only,research_lead,never_publish_as_lineage_without_direct_source,"O ranking da IBJJF associa o atleta à academia ""Lotus Club""; o acervo possui 1 pessoa(s) com o mesmo nome de academia. Isso não identifica professor nem comprova graduação."
Michael F Gardner,https://ibjjf.com/athletes/mike-gardner,Brasa,male,master4,gi,5,702; 112; 935; 579; 559,Muzio de Angelis; Demian Maia; Leonardo Castello Branco; Octavio Couto; Rodrigo Medeiros,7,academy_name_overlap_only,research_lead,never_publish_as_lineage_without_direct_source,"O ranking da IBJJF associa o atleta à academia ""Brasa""; o acervo possui 7 pessoa(s) com o mesmo nome de academia. Isso não identifica professor nem comprova graduação."
Marlon Bermari P. Rabara,https://ibjjf.com/athletes/marlon-rabara,Ralph Gracie,male,master4,gi,4.5,2475,Kurt Osiander,1,academy_name_overlap_only,research_lead,never_publish_as_lineage_without_direct_source,"O ranking da IBJJF associa o atleta à academia ""Ralph Gracie""; o acervo possui 1 pessoa(s) com o mesmo nome de academia. Isso não identifica professor nem comprova graduação."
Luiz Nestor Alves da Costa,https://ibjjf.com/athletes/luiz-costa,GF Team,male,master4,gi,4,203; 8116; 11917; 2035; 9166,Julio Cesar; Dante Leon; Gabriel Marinho; Vitor Henrique; Alexandre Barauna,50,academy_name_overlap_only,research_lead,never_publish_as_lineage_without_direct_source,"O ranking da IBJJF associa o atleta à academia ""GF Team""; o acervo possui 50 pessoa(s) com o mesmo nome de academia. Isso não identifica professor nem comprova graduação."
Anderson Pereira Evangelista,https://ibjjf.com/athletes/anderson-evangelista,GF Team,male,master4,gi,4,203; 8116; 11917; 2035; 9166,Julio Cesar; Dante Leon; Gabriel Marinho; Vitor Henrique; Alexandre Barauna,50,academy_name_overlap_only,research_lead,never_publish_as_lineage_without_direct_source,"O ranking da IBJJF associa o atleta à academia ""GF Team""; o acervo possui 50 pessoa(s) com o mesmo nome de academia. Isso não identifica professor nem comprova graduação."
Luiz Brito Bezerra de Mello,https://ibjjf.com/athletes/luiz-mello-99be2149778f,Nova União,male,master4,gi,3,78; 634; 6756; 4334; 195,Andre Pederneiras; Wendell Alexander; Rodrigo Silva; Andre da Silva; Robson Moura,39,academy_name_overlap_only,research_lead,never_publish_as_lineage_without_direct_source,"O ranking da IBJJF associa o atleta à academia ""Nova União""; o acervo possui 39 pessoa(s) com o mesmo nome de academia. Isso não identifica professor nem comprova graduação."
Matthew Perreira,https://ibjjf.com/athletes/matthew-perreira,Roberto Traven BJJ,male,master4,gi,3,7079,Carlos Farias,1,academy_name_overlap_only,research_lead,never_publish_as_lineage_without_direct_source,"O ranking da IBJJF associa o atleta à academia ""Roberto Traven BJJ""; o acervo possui 1 pessoa(s) com o mesmo nome de academia. Isso não identifica professor nem comprova graduação."
Jordan Derek Vega,https://ibjjf.com/athletes/jordan-vega,Renzo Gracie Academy,male,master4,gi,3,10000; 5649; 7442; 9760; 5617,Doug Pelinkovic; Gary Tonon; Edward Cummings; Frank Rosenthal; Jamie Cruz,10,academy_name_overlap_only,research_lead,never_publish_as_lineage_without_direct_source,"O ranking da IBJJF associa o atleta à academia ""Renzo Gracie Academy""; o acervo possui 10 pessoa(s) com o mesmo nome de academia. Isso não identifica professor nem comprova graduação."
Eduardo Oliveira Simão,https://ibjjf.com/athletes/eduardo-simao-cbeeeeb48f4b,GF Team,male,master4,gi,3,203; 8116; 11917; 2035; 9166,Julio Cesar; Dante Leon; Gabriel Marinho; Vitor Henrique; Alexandre Barauna,50,academy_name_overlap_only,research_lead,never_publish_as_lineage_without_direct_source,"O ranking da IBJJF associa o atleta à academia ""GF Team""; o acervo possui 50 pessoa(s) com o mesmo nome de academia. Isso não identifica professor nem comprova graduação."
Jorge Luiz de Oliveira Vidal,https://ibjjf.com/athletes/jorge-vidal,GF Team,male,master4,gi,3,203; 8116; 11917; 2035; 9166,Julio Cesar; Dante Leon; Gabriel Marinho; Vitor Henrique; Alexandre Barauna,50,academy_name_overlap_only,research_lead,never_publish_as_lineage_without_direct_source,"O ranking da IBJJF associa o atleta à academia ""GF Team""; o acervo possui 50 pessoa(s) com o mesmo nome de academia. Isso não identifica professor nem comprova graduação."
Arnaldo Rogério Santos Batista,https://ibjjf.com/athletes/arnaldo-batista,GF Team,male,master4,gi,3,203; 8116; 11917; 2035; 9166,Julio Cesar; Dante Leon; Gabriel Marinho; Vitor Henrique; Alexandre Barauna,50,academy_name_overlap_only,research_lead,never_publish_as_lineage_without_direct_source,"O ranking da IBJJF associa o atleta à academia ""GF Team""; o acervo possui 50 pessoa(s) com o mesmo nome de academia. Isso não identifica professor nem comprova graduação."
Andre Costa Pinto,https://ibjjf.com/athletes/andre-pinto-e662a8ff7ef3,GF Team,male,master4,gi,3,203; 8116; 11917; 2035; 9166,Julio Cesar; Dante Leon; Gabriel Marinho; Vitor Henrique; Alexandre Barauna,50,academy_name_overlap_only,research_lead,never_publish_as_lineage_without_direct_source,"O ranking da IBJJF associa o atleta à academia ""GF Team""; o acervo possui 50 pessoa(s) com o mesmo nome de academia. Isso não identifica professor nem comprova graduação."
Nicolas Debray,https://ibjjf.com/athletes/nicolas-debray-024bc4dd4b14,Gokudo,male,master4,gi,3,2355; 2434,Rodolphe Olivier; Thibaut Olivier,2,academy_name_overlap_only,research_lead,never_publish_as_lineage_without_direct_source,"O ranking da IBJJF associa o atleta à academia ""Gokudo""; o acervo possui 2 pessoa(s) com o mesmo nome de academia. Isso não identifica professor nem comprova graduação."
Ashley Garett Meehan,https://ibjjf.com/athletes/ashley-meehan,Fight Sports,male,master4,gi,3,224; 11384; 12178; 13473; 13031,Roberto Abreu; Andre Porfirio; Joao Costa; Kauane Silva; Lucas Lisboa,12,academy_name_overlap_only,research_lead,never_publish_as_lineage_without_direct_source,"O ranking da IBJJF associa o atleta à academia ""Fight Sports""; o acervo possui 12 pessoa(s) com o mesmo nome de academia. Isso não identifica professor nem comprova graduação."
Maurício Barbosa Guerra da Silva,https://ibjjf.com/athletes/mauricio-silva,De La Riva JJ,male,master4,gi,3,7928,Claudia Doval,1,academy_name_overlap_only,research_lead,never_publish_as_lineage_without_direct_source,"O ranking da IBJJF associa o atleta à academia ""De La Riva JJ""; o acervo possui 1 pessoa(s) com o mesmo nome de academia. Isso não identifica professor nem comprova graduação."
Guilherme Madeira Goraib,https://ibjjf.com/athletes/guilherme-goraib,Gracie Humaita,male,master4,gi,3,515; 903; 1445; 613; 6339,Royler Gracie; Leticia Ribeiro; Rolker Gracie; Wellington Dias; Admilson Brites,34,academy_name_overlap_only,research_lead,never_publish_as_lineage_without_direct_source,"O ranking da IBJJF associa o atleta à academia ""Gracie Humaita""; o acervo possui 34 pessoa(s) com o mesmo nome de academia. Isso não identifica professor nem comprova graduação."
Anderson Gabriel Cruz Damasceno,https://ibjjf.com/athletes/anderson-damasceno,GF Team,male,master4,gi,3,203; 8116; 11917; 2035; 9166,Julio Cesar; Dante Leon; Gabriel Marinho; Vitor Henrique; Alexandre Barauna,50,academy_name_overlap_only,research_lead,never_publish_as_lineage_without_direct_source,"O ranking da IBJJF associa o atleta à academia ""GF Team""; o acervo possui 50 pessoa(s) com o mesmo nome de academia. Isso não identifica professor nem comprova graduação."
Anderson dos Santos Vidal,https://ibjjf.com/athletes/anderson-vidal,Nova União,male,master4,gi,3,78; 634; 6756; 4334; 195,Andre Pederneiras; Wendell Alexander; Rodrigo Silva; Andre da Silva; Robson Moura,39,academy_name_overlap_only,research_lead,never_publish_as_lineage_without_direct_source,"O ranking da IBJJF associa o atleta à academia ""Nova União""; o acervo possui 39 pessoa(s) com o mesmo nome de academia. Isso não identifica professor nem comprova graduação."
Brian W Levine,https://ibjjf.com/athletes/brian-levine,Vitor Shaolin BJJ,male,master4,gi,3,9064,Silvio Duran,1,academy_name_overlap_only,research_lead,never_publish_as_lineage_without_direct_source,"O ranking da IBJJF associa o atleta à academia ""Vitor Shaolin BJJ""; o acervo possui 1 pessoa(s) com o mesmo nome de academia. Isso não identifica professor nem comprova graduação."
Carlos José Lucena de Lima,https://ibjjf.com/athletes/carlos-lima-c9af8d1aecf3,SAS Team,male,master4,gi,3,9338,Guybson Sa,1,academy_name_overlap_only,research_lead,never_publish_as_lineage_without_direct_source,"O ranking da IBJJF associa o atleta à academia ""SAS Team""; o acervo possui 1 pessoa(s) com o mesmo nome de academia. Isso não identifica professor nem comprova graduação."
Flavio Eduardo Costa Duarte Junior,https://ibjjf.com/athletes/flavio-junior,CheckMat,male,master4,gi,3,419; 338; 875; 963; 405,Leonardo Vieira; Ricardo Vieira; Lucas Leite; Carlos Vieira Holanda; Marco Canha,85,academy_name_overlap_only,research_lead,never_publish_as_lineage_without_direct_source,"O ranking da IBJJF associa o atleta à academia ""CheckMat""; o acervo possui 85 pessoa(s) com o mesmo nome de academia. Isso não identifica professor nem comprova graduação."
Rubens Xavier Faria,https://ibjjf.com/athletes/rubens-faria,Guigo JJ,male,master4,gi,2,693; 11423; 9483; 11766; 1624,Luiz Guilherme; Meyram Maquine; Eduardo Lopes; Gabriel Costa; Leonardo Arruda,5,academy_name_overlap_only,research_lead,never_publish_as_lineage_without_direct_source,"O ranking da IBJJF associa o atleta à academia ""Guigo JJ""; o acervo possui 5 pessoa(s) com o mesmo nome de academia. Isso não identifica professor nem comprova graduação."
Anderson da Silva de Vasconcelos,https://ibjjf.com/athletes/anderson-vasconcelos-59002cf0b495,GF Team,male,master4,gi,2,203; 8116; 11917; 2035; 9166,Julio Cesar; Dante Leon; Gabriel Marinho; Vitor Henrique; Alexandre Barauna,50,academy_name_overlap_only,research_lead,never_publish_as_lineage_without_direct_source,"O ranking da IBJJF associa o atleta à academia ""GF Team""; o acervo possui 50 pessoa(s) com o mesmo nome de academia. Isso não identifica professor nem comprova graduação."
Renan Wiltshire Lisboa Salles,https://ibjjf.com/athletes/renan-salles,CheckMat,male,master4,gi,2,419; 338; 875; 963; 405,Leonardo Vieira; Ricardo Vieira; Lucas Leite; Carlos Vieira Holanda; Marco Canha,85,academy_name_overlap_only,research_lead,never_publish_as_lineage_without_direct_source,"O ranking da IBJJF associa o atleta à academia ""CheckMat""; o acervo possui 85 pessoa(s) com o mesmo nome de academia. Isso não identifica professor nem comprova graduação."
Luiz Alberto Reis de Oliveira,https://ibjjf.com/athletes/luiz-oliveira-3d23196919bb,GF Team,male,master4,gi,2,203; 8116; 11917; 2035; 9166,Julio Cesar; Dante Leon; Gabriel Marinho; Vitor Henrique; Alexandre Barauna,50,academy_name_overlap_only,research_lead,never_publish_as_lineage_without_direct_source,"O ranking da IBJJF associa o atleta à academia ""GF Team""; o acervo possui 50 pessoa(s) com o mesmo nome de academia. Isso não identifica professor nem comprova graduação."
Kevin Randel Crotts,https://ibjjf.com/athletes/kevin-crotts,Team Shawn Hammonds,male,master4,gi,2,9845,Chad Hardy,1,academy_name_overlap_only,research_lead,never_publish_as_lineage_without_direct_source,"O ranking da IBJJF associa o atleta à academia ""Team Shawn Hammonds""; o acervo possui 1 pessoa(s) com o mesmo nome de academia. Isso não identifica professor nem comprova graduação."
Shelton Charles Caulder,https://ibjjf.com/athletes/shelton-caulder,Team Shawn Hammonds,male,master4,gi,2,9845,Chad Hardy,1,academy_name_overlap_only,research_lead,never_publish_as_lineage_without_direct_source,"O ranking da IBJJF associa o atleta à academia ""Team Shawn Hammonds""; o acervo possui 1 pessoa(s) com o mesmo nome de academia. Isso não identifica professor nem comprova graduação."
Luis Gustavo Kneipp,https://ibjjf.com/athletes/luis-kneipp,De La Riva JJ,male,master4,gi,2,7928,Claudia Doval,1,academy_name_overlap_only,research_lead,never_publish_as_lineage_without_direct_source,"O ranking da IBJJF associa o atleta à academia ""De La Riva JJ""; o acervo possui 1 pessoa(s) com o mesmo nome de academia. Isso não identifica professor nem comprova graduação."
Jayson Jesus Souza de Oliveira,https://ibjjf.com/athletes/jayson-oliveira,SAS Team,male,master4,gi,2,9338,Guybson Sa,1,academy_name_overlap_only,research_lead,never_publish_as_lineage_without_direct_source,"O ranking da IBJJF associa o atleta à academia ""SAS Team""; o acervo possui 1 pessoa(s) com o mesmo nome de academia. Isso não identifica professor nem comprova graduação."
Marcos Fábio Luna de Melo,https://ibjjf.com/athletes/marcos-melo-53d33e3c001d,SAS Team,male,master4,gi,2,9338,Guybson Sa,1,academy_name_overlap_only,research_lead,never_publish_as_lineage_without_direct_source,"O ranking da IBJJF associa o atleta à academia ""SAS Team""; o acervo possui 1 pessoa(s) com o mesmo nome de academia. Isso não identifica professor nem comprova graduação."
Adilson da Silva Vieira,https://ibjjf.com/athletes/adilson-vieira,Nova União,male,master4,gi,1,78; 634; 6756; 4334; 195,Andre Pederneiras; Wendell Alexander; Rodrigo Silva; Andre da Silva; Robson Moura,39,academy_name_overlap_only,research_lead,never_publish_as_lineage_without_direct_source,"O ranking da IBJJF associa o atleta à academia ""Nova União""; o acervo possui 39 pessoa(s) com o mesmo nome de academia. Isso não identifica professor nem comprova graduação."
Mateus Wagner Bento,https://ibjjf.com/athletes/mateus-bento,CheckMat,male,master4,gi,1,419; 338; 875; 963; 405,Leonardo Vieira; Ricardo Vieira; Lucas Leite; Carlos Vieira Holanda; Marco Canha,85,academy_name_overlap_only,research_lead,never_publish_as_lineage_without_direct_source,"O ranking da IBJJF associa o atleta à academia ""CheckMat""; o acervo possui 85 pessoa(s) com o mesmo nome de academia. Isso não identifica professor nem comprova graduação."
Clive Thomas Height,https://ibjjf.com/athletes/clive-height,Vitor Shaolin BJJ,male,master4,gi,1,9064,Silvio Duran,1,academy_name_overlap_only,research_lead,never_publish_as_lineage_without_direct_source,"O ranking da IBJJF associa o atleta à academia ""Vitor Shaolin BJJ""; o acervo possui 1 pessoa(s) com o mesmo nome de academia. Isso não identifica professor nem comprova graduação."
Airton Regis de Oliveira Antunes,https://ibjjf.com/athletes/airton-antunes,Lotus Club,male,master4,gi,1,14205,Alexandre Manara,1,academy_name_overlap_only,research_lead,never_publish_as_lineage_without_direct_source,"O ranking da IBJJF associa o atleta à academia ""Lotus Club""; o acervo possui 1 pessoa(s) com o mesmo nome de academia. Isso não identifica professor nem comprova graduação."
Edson Fernandes de Oliveira Souza Junior,https://ibjjf.com/athletes/edson-junior-25f97f6d724e,PSLPB Cicero Costha,male,master4,gi,1,1155; 13076; 7704; 6151; 13062,Cicero Costha; Francisco Lo; Helton Jose Junior; Hiago George; Leonardo Mario,5,academy_name_overlap_only,research_lead,never_publish_as_lineage_without_direct_source,"O ranking da IBJJF associa o atleta à academia ""PSLPB Cicero Costha""; o acervo possui 5 pessoa(s) com o mesmo nome de academia. Isso não identifica professor nem comprova graduação."
Cleber Santos Albuquerque,https://ibjjf.com/athletes/cleber-albuquerque,GF Team,male,master4,gi,1,203; 8116; 11917; 2035; 9166,Julio Cesar; Dante Leon; Gabriel Marinho; Vitor Henrique; Alexandre Barauna,50,academy_name_overlap_only,research_lead,never_publish_as_lineage_without_direct_source,"O ranking da IBJJF associa o atleta à academia ""GF Team""; o acervo possui 50 pessoa(s) com o mesmo nome de academia. Isso não identifica professor nem comprova graduação."
Renato Pinto de Sousa,https://ibjjf.com/athletes/renato-sousa,GF Team,male,master4,gi,1,203; 8116; 11917; 2035; 9166,Julio Cesar; Dante Leon; Gabriel Marinho; Vitor Henrique; Alexandre Barauna,50,academy_name_overlap_only,research_lead,never_publish_as_lineage_without_direct_source,"O ranking da IBJJF associa o atleta à academia ""GF Team""; o acervo possui 50 pessoa(s) com o mesmo nome de academia. Isso não identifica professor nem comprova graduação."
Libero Ribeiro Maiato Junior,https://ibjjf.com/athletes/libero-junior,Fight Sports,male,master4,gi,1,224; 11384; 12178; 13473; 13031,Roberto Abreu; Andre Porfirio; Joao Costa; Kauane Silva; Lucas Lisboa,12,academy_name_overlap_only,research_lead,never_publish_as_lineage_without_direct_source,"O ranking da IBJJF associa o atleta à academia ""Fight Sports""; o acervo possui 12 pessoa(s) com o mesmo nome de academia. Isso não identifica professor nem comprova graduação."
Daniel Troy Smith,https://ibjjf.com/athletes/daniel-smith-b5a118d56a82,Combat Base,male,master4,gi,1,5858,Chris Haueter,1,academy_name_overlap_only,research_lead,never_publish_as_lineage_without_direct_source,"O ranking da IBJJF associa o atleta à academia ""Combat Base""; o acervo possui 1 pessoa(s) com o mesmo nome de academia. Isso não identifica professor nem comprova graduação."
Andrew James Stead,https://ibjjf.com/athletes/andrew-stead,Renzo Gracie Academy,male,master4,gi,1,10000; 5649; 7442; 9760; 5617,Doug Pelinkovic; Gary Tonon; Edward Cummings; Frank Rosenthal; Jamie Cruz,10,academy_name_overlap_only,research_lead,never_publish_as_lineage_without_direct_source,"O ranking da IBJJF associa o atleta à academia ""Renzo Gracie Academy""; o acervo possui 10 pessoa(s) com o mesmo nome de academia. Isso não identifica professor nem comprova graduação."
Valdir dos Santos Barros,https://ibjjf.com/athletes/valdir-barros,De La Riva JJ,male,master4,gi,1,7928,Claudia Doval,1,academy_name_overlap_only,research_lead,never_publish_as_lineage_without_direct_source,"O ranking da IBJJF associa o atleta à academia ""De La Riva JJ""; o acervo possui 1 pessoa(s) com o mesmo nome de academia. Isso não identifica professor nem comprova graduação."
Steve Bolivar Ovalles,https://ibjjf.com/athletes/steve-ovalles,Roberto Traven BJJ,male,master4,gi,1,7079,Carlos Farias,1,academy_name_overlap_only,research_lead,never_publish_as_lineage_without_direct_source,"O ranking da IBJJF associa o atleta à academia ""Roberto Traven BJJ""; o acervo possui 1 pessoa(s) com o mesmo nome de academia. Isso não identifica professor nem comprova graduação."
Saulo Cesar Alves Lima,https://ibjjf.com/athletes/saulo-lima,Demian Maia Jiu-Jitsu,male,master4,gi,1,7103,Wagner Mota,1,academy_name_overlap_only,research_lead,never_publish_as_lineage_without_direct_source,"O ranking da IBJJF associa o atleta à academia ""Demian Maia Jiu-Jitsu""; o acervo possui 1 pessoa(s) com o mesmo nome de academia. Isso não identifica professor nem comprova graduação."
Gustavo Maranhão,https://ibjjf.com/athletes/gustavo-maranhao,Nova União,male,master4,gi,1,78; 634; 6756; 4334; 195,Andre Pederneiras; Wendell Alexander; Rodrigo Silva; Andre da Silva; Robson Moura,39,academy_name_overlap_only,research_lead,never_publish_as_lineage_without_direct_source,"O ranking da IBJJF associa o atleta à academia ""Nova União""; o acervo possui 39 pessoa(s) com o mesmo nome de academia. Isso não identifica professor nem comprova graduação."
Darrell Jason Bender,https://ibjjf.com/athletes/darrell-bender,Carlson Gracie,male,master4,gi,1,22; 5998; 2062; 2583; 690,Carlson Gracie; Carlson Gracie Junior; Crezio de Souza; Alan Moraes; Fernando Marques,20,academy_name_overlap_only,research_lead,never_publish_as_lineage_without_direct_source,"O ranking da IBJJF associa o atleta à academia ""Carlson Gracie""; o acervo possui 20 pessoa(s) com o mesmo nome de academia. Isso não identifica professor nem comprova graduação."
Pablo Mesples,https://ibjjf.com/athletes/pablo-mesples,Roger Gracie Academy,male,master5,gi,1716.0,6209; 9261,Felipe Mota; Ross Nicholls,2,academy_name_overlap_only,research_lead,never_publish_as_lineage_without_direct_source,"O ranking da IBJJF associa o atleta à academia ""Roger Gracie Academy""; o acervo possui 2 pessoa(s) com o mesmo nome de academia. Isso não identifica professor nem comprova graduação."
José Marivan Alves Feitosa,https://ibjjf.com/athletes/jose-feitosa,Zenith BJJ,male,master5,gi,1201.5,6006; 11093; 543,Paulo Rezende; Emilio Hernandez; Rodrigo Cavaca,3,academy_name_overlap_only,research_lead,never_publish_as_lineage_without_direct_source,"O ranking da IBJJF associa o atleta à academia ""Zenith BJJ""; o acervo possui 3 pessoa(s) com o mesmo nome de academia. Isso não identifica professor nem comprova graduação."
Sérgio Ávila,https://ibjjf.com/athletes/sergio-avila,CheckMat,male,master5,gi,299.5,419; 338; 875; 963; 405,Leonardo Vieira; Ricardo Vieira; Lucas Leite; Carlos Vieira Holanda; Marco Canha,85,academy_name_overlap_only,research_lead,never_publish_as_lineage_without_direct_source,"O ranking da IBJJF associa o atleta à academia ""CheckMat""; o acervo possui 85 pessoa(s) com o mesmo nome de academia. Isso não identifica professor nem comprova graduação."
Elexsandro Tonidior Machado,https://ibjjf.com/athletes/elexsandro-machado,Carlson Gracie,male,master5,gi,292,22; 5998; 2062; 2583; 690,Carlson Gracie; Carlson Gracie Junior; Crezio de Souza; Alan Moraes; Fernando Marques,20,academy_name_overlap_only,research_lead,never_publish_as_lineage_without_direct_source,"O ranking da IBJJF associa o atleta à academia ""Carlson Gracie""; o acervo possui 20 pessoa(s) com o mesmo nome de academia. Isso não identifica professor nem comprova graduação."
Alexandre Barauna da Conceição,https://ibjjf.com/athletes/alexandre-conceicao,GF Team,male,master5,gi,244.5,203; 8116; 11917; 2035; 9166,Julio Cesar; Dante Leon; Gabriel Marinho; Vitor Henrique; Alexandre Barauna,50,academy_name_overlap_only,research_lead,never_publish_as_lineage_without_direct_source,"O ranking da IBJJF associa o atleta à academia ""GF Team""; o acervo possui 50 pessoa(s) com o mesmo nome de academia. Isso não identifica professor nem comprova graduação."
Eric Joseph Anthony Walts,https://ibjjf.com/athletes/eric-walts,Gracie Morumbi,male,master5,gi,225,658,Fabio Leopoldo,1,academy_name_overlap_only,research_lead,never_publish_as_lineage_without_direct_source,"O ranking da IBJJF associa o atleta à academia ""Gracie Morumbi""; o acervo possui 1 pessoa(s) com o mesmo nome de academia. Isso não identifica professor nem comprova graduação."
Augusto Cesar Matheus de Oliveira,https://ibjjf.com/athletes/augusto-oliveira-a9f29ae43b68,GF Team,male,master5,gi,137.5,203; 8116; 11917; 2035; 9166,Julio Cesar; Dante Leon; Gabriel Marinho; Vitor Henrique; Alexandre Barauna,50,academy_name_overlap_only,research_lead,never_publish_as_lineage_without_direct_source,"O ranking da IBJJF associa o atleta à academia ""GF Team""; o acervo possui 50 pessoa(s) com o mesmo nome de academia. Isso não identifica professor nem comprova graduação."
Laurence Allan Gensler,https://ibjjf.com/athletes/laurence-gensler,Bjj Conquest,male,master5,gi,135.0,7732,Vicente Junior,1,academy_name_overlap_only,research_lead,never_publish_as_lineage_without_direct_source,"O ranking da IBJJF associa o atleta à academia ""Bjj Conquest""; o acervo possui 1 pessoa(s) com o mesmo nome de academia. Isso não identifica professor nem comprova graduação."
Derek David Myers,https://ibjjf.com/athletes/derek-myers-bd7fceec6bf4,Team Shawn Hammonds,male,master5,gi,134.0,9845,Chad Hardy,1,academy_name_overlap_only,research_lead,never_publish_as_lineage_without_direct_source,"O ranking da IBJJF associa o atleta à academia ""Team Shawn Hammonds""; o acervo possui 1 pessoa(s) com o mesmo nome de academia. Isso não identifica professor nem comprova graduação."
José Hélio Bezerra Dias,https://ibjjf.com/athletes/jose-dias,Ns Brotherhood,male,master5,gi,121.5,1188; 7256,Leandro Lo; Jan Buatim,2,academy_name_overlap_only,research_lead,never_publish_as_lineage_without_direct_source,"O ranking da IBJJF associa o atleta à academia ""Ns Brotherhood""; o acervo possui 2 pessoa(s) com o mesmo nome de academia. Isso não identifica professor nem comprova graduação."
Sanford Baird Bailey,https://ibjjf.com/athletes/sanford-bailey,Crazy 88,male,master5,gi,108,4411,Julius Park,1,academy_name_overlap_only,research_lead,never_publish_as_lineage_without_direct_source,"O ranking da IBJJF associa o atleta à academia ""Crazy 88""; o acervo possui 1 pessoa(s) com o mesmo nome de academia. Isso não identifica professor nem comprova graduação."
Paxton Stephen Gibbons,https://ibjjf.com/athletes/paxton-gibbons,Roger Gracie Academy,male,master5,gi,102,6209; 9261,Felipe Mota; Ross Nicholls,2,academy_name_overlap_only,research_lead,never_publish_as_lineage_without_direct_source,"O ranking da IBJJF associa o atleta à academia ""Roger Gracie Academy""; o acervo possui 2 pessoa(s) com o mesmo nome de academia. Isso não identifica professor nem comprova graduação."
Brandon Sean Epps,https://ibjjf.com/athletes/brandon-epps,Crazy 88,male,master5,gi,84.0,4411,Julius Park,1,academy_name_overlap_only,research_lead,never_publish_as_lineage_without_direct_source,"O ranking da IBJJF associa o atleta à academia ""Crazy 88""; o acervo possui 1 pessoa(s) com o mesmo nome de academia. Isso não identifica professor nem comprova graduação."
Rodrigo Gama Medeiros,https://ibjjf.com/athletes/rodrigo-medeiros-c08e3e0d6465,Carlson Gracie,male,master5,gi,72,22; 5998; 2062; 2583; 690,Carlson Gracie; Carlson Gracie Junior; Crezio de Souza; Alan Moraes; Fernando Marques,20,academy_name_overlap_only,research_lead,never_publish_as_lineage_without_direct_source,"O ranking da IBJJF associa o atleta à academia ""Carlson Gracie""; o acervo possui 20 pessoa(s) com o mesmo nome de academia. Isso não identifica professor nem comprova graduação."
Maajid Abdullah Al-Kush,https://ibjjf.com/athletes/maajid-al-kush,Roberto Traven BJJ,male,master5,gi,64.5,7079,Carlos Farias,1,academy_name_overlap_only,research_lead,never_publish_as_lineage_without_direct_source,"O ranking da IBJJF associa o atleta à academia ""Roberto Traven BJJ""; o acervo possui 1 pessoa(s) com o mesmo nome de academia. Isso não identifica professor nem comprova graduação."
Jorge Leite Ribeiro Neto,https://ibjjf.com/athletes/jorge-neto-8c0978a2fc67,GF Team,male,master5,gi,63,203; 8116; 11917; 2035; 9166,Julio Cesar; Dante Leon; Gabriel Marinho; Vitor Henrique; Alexandre Barauna,50,academy_name_overlap_only,research_lead,never_publish_as_lineage_without_direct_source,"O ranking da IBJJF associa o atleta à academia ""GF Team""; o acervo possui 50 pessoa(s) com o mesmo nome de academia. Isso não identifica professor nem comprova graduação."
David Christopher Knight,https://ibjjf.com/athletes/david-knight,Roger Gracie Academy,male,master5,gi,57.0,6209; 9261,Felipe Mota; Ross Nicholls,2,academy_name_overlap_only,research_lead,never_publish_as_lineage_without_direct_source,"O ranking da IBJJF associa o atleta à academia ""Roger Gracie Academy""; o acervo possui 2 pessoa(s) com o mesmo nome de academia. Isso não identifica professor nem comprova graduação."
Shawn Michael Hammonds,https://ibjjf.com/athletes/shawn-hammonds,Team Shawn Hammonds,male,master5,gi,54,9845,Chad Hardy,1,academy_name_overlap_only,research_lead,never_publish_as_lineage_without_direct_source,"O ranking da IBJJF associa o atleta à academia ""Team Shawn Hammonds""; o acervo possui 1 pessoa(s) com o mesmo nome de academia. Isso não identifica professor nem comprova graduação."
Hiromichi Ishikawa,https://ibjjf.com/athletes/hiromichi-ishikawa,Nexusense,male,master5,gi,52.5,8536,Yuta Shimada,1,academy_name_overlap_only,research_lead,never_publish_as_lineage_without_direct_source,"O ranking da IBJJF associa o atleta à academia ""Nexusense""; o acervo possui 1 pessoa(s) com o mesmo nome de academia. Isso não identifica professor nem comprova graduação."
James Adam Zaremski,https://ibjjf.com/athletes/james-zaremski,Movement Art,male,master5,gi,49.5,12102,Nick Salles,1,academy_name_overlap_only,research_lead,never_publish_as_lineage_without_direct_source,"O ranking da IBJJF associa o atleta à academia ""Movement Art""; o acervo possui 1 pessoa(s) com o mesmo nome de academia. Isso não identifica professor nem comprova graduação."
Victor Brull Romero,https://ibjjf.com/athletes/victor-romero,CFC Team,male,master5,gi,48,9697,Sergio Calderon,1,academy_name_overlap_only,research_lead,never_publish_as_lineage_without_direct_source,"O ranking da IBJJF associa o atleta à academia ""CFC Team""; o acervo possui 1 pessoa(s) com o mesmo nome de academia. Isso não identifica professor nem comprova graduação."
Claudio de Souza Pacini,https://ibjjf.com/athletes/claudio-pacini,Fight Sports,male,master5,gi,45,224; 11384; 12178; 13473; 13031,Roberto Abreu; Andre Porfirio; Joao Costa; Kauane Silva; Lucas Lisboa,12,academy_name_overlap_only,research_lead,never_publish_as_lineage_without_direct_source,"O ranking da IBJJF associa o atleta à academia ""Fight Sports""; o acervo possui 12 pessoa(s) com o mesmo nome de academia. Isso não identifica professor nem comprova graduação."
Michael Myonghyun Cho,https://ibjjf.com/athletes/michael-cho-9d02e862dd9e,Bjj Conquest,male,master5,gi,43,7732,Vicente Junior,1,academy_name_overlap_only,research_lead,never_publish_as_lineage_without_direct_source,"O ranking da IBJJF associa o atleta à academia ""Bjj Conquest""; o acervo possui 1 pessoa(s) com o mesmo nome de academia. Isso não identifica professor nem comprova graduação."
Joshua Charles Stockman,https://ibjjf.com/athletes/joshua-stockman,Team Shawn Hammonds,male,master5,gi,40.5,9845,Chad Hardy,1,academy_name_overlap_only,research_lead,never_publish_as_lineage_without_direct_source,"O ranking da IBJJF associa o atleta à academia ""Team Shawn Hammonds""; o acervo possui 1 pessoa(s) com o mesmo nome de academia. Isso não identifica professor nem comprova graduação."
Romero Alves Amancio,https://ibjjf.com/athletes/romero-amancio,CheckMat,male,master5,gi,40,419; 338; 875; 963; 405,Leonardo Vieira; Ricardo Vieira; Lucas Leite; Carlos Vieira Holanda; Marco Canha,85,academy_name_overlap_only,research_lead,never_publish_as_lineage_without_direct_source,"O ranking da IBJJF associa o atleta à academia ""CheckMat""; o acervo possui 85 pessoa(s) com o mesmo nome de academia. Isso não identifica professor nem comprova graduação."
Mauro Lauria Reis,https://ibjjf.com/athletes/mauro-reis,Brazilian Top Team,male,master5,gi,37.5,627; 8409; 249; 232; 1675,Murilo Bustamante; Ricardo Marques; Anderson Pereira; Jose Mario Sperry; Luis Roberto Duarte,6,academy_name_overlap_only,research_lead,never_publish_as_lineage_without_direct_source,"O ranking da IBJJF associa o atleta à academia ""Brazilian Top Team""; o acervo possui 6 pessoa(s) com o mesmo nome de academia. Isso não identifica professor nem comprova graduação."
Ezequiel Grande de Souza,https://ibjjf.com/athletes/ezequiel-souza,Roger Gracie Academy,male,master5,gi,31.5,6209; 9261,Felipe Mota; Ross Nicholls,2,academy_name_overlap_only,research_lead,never_publish_as_lineage_without_direct_source,"O ranking da IBJJF associa o atleta à academia ""Roger Gracie Academy""; o acervo possui 2 pessoa(s) com o mesmo nome de academia. Isso não identifica professor nem comprova graduação."
George Stoian III,https://ibjjf.com/athletes/george-iii-a1c13e21872c,Maui Jiu-Jitsu,male,master5,gi,31.5,3245,Luis Heredia,1,academy_name_overlap_only,research_lead,never_publish_as_lineage_without_direct_source,"O ranking da IBJJF associa o atleta à academia ""Maui Jiu-Jitsu""; o acervo possui 1 pessoa(s) com o mesmo nome de academia. Isso não identifica professor nem comprova graduação."
Matheus dos Reis Videira,https://ibjjf.com/athletes/matheus-videira,CheckMat,male,master5,gi,30,419; 338; 875; 963; 405,Leonardo Vieira; Ricardo Vieira; Lucas Leite; Carlos Vieira Holanda; Marco Canha,85,academy_name_overlap_only,research_lead,never_publish_as_lineage_without_direct_source,"O ranking da IBJJF associa o atleta à academia ""CheckMat""; o acervo possui 85 pessoa(s) com o mesmo nome de academia. Isso não identifica professor nem comprova graduação."
Roy Mack Oliver Jr,https://ibjjf.com/athletes/roy-oliver,Brasa,male,master5,gi,27.0,702; 112; 935; 579; 559,Muzio de Angelis; Demian Maia; Leonardo Castello Branco; Octavio Couto; Rodrigo Medeiros,7,academy_name_overlap_only,research_lead,never_publish_as_lineage_without_direct_source,"O ranking da IBJJF associa o atleta à academia ""Brasa""; o acervo possui 7 pessoa(s) com o mesmo nome de academia. Isso não identifica professor nem comprova graduação."
Francisco da Cunha Bueno,https://ibjjf.com/athletes/francisco-da898e69ab14,Nova União,male,master5,gi,27,78; 634; 6756; 4334; 195,Andre Pederneiras; Wendell Alexander; Rodrigo Silva; Andre da Silva; Robson Moura,39,academy_name_overlap_only,research_lead,never_publish_as_lineage_without_direct_source,"O ranking da IBJJF associa o atleta à academia ""Nova União""; o acervo possui 39 pessoa(s) com o mesmo nome de academia. Isso não identifica professor nem comprova graduação."
Alexandre Laranjeiras de Moraes,https://ibjjf.com/athletes/alexandre-moraes-714b59e619b6,De La Riva JJ,male,master5,gi,27,7928,Claudia Doval,1,academy_name_overlap_only,research_lead,never_publish_as_lineage_without_direct_source,"O ranking da IBJJF associa o atleta à academia ""De La Riva JJ""; o acervo possui 1 pessoa(s) com o mesmo nome de academia. Isso não identifica professor nem comprova graduação."
Ary Sergio de Souza Bello Junior,https://ibjjf.com/athletes/ary-junior,GF Team,male,master5,gi,27,203; 8116; 11917; 2035; 9166,Julio Cesar; Dante Leon; Gabriel Marinho; Vitor Henrique; Alexandre Barauna,50,academy_name_overlap_only,research_lead,never_publish_as_lineage_without_direct_source,"O ranking da IBJJF associa o atleta à academia ""GF Team""; o acervo possui 50 pessoa(s) com o mesmo nome de academia. Isso não identifica professor nem comprova graduação."
Donald Kim,https://ibjjf.com/athletes/donald-kim,Vitor Shaolin BJJ,male,master5,gi,27,9064,Silvio Duran,1,academy_name_overlap_only,research_lead,never_publish_as_lineage_without_direct_source,"O ranking da IBJJF associa o atleta à academia ""Vitor Shaolin BJJ""; o acervo possui 1 pessoa(s) com o mesmo nome de academia. Isso não identifica professor nem comprova graduação."
Paulo Bernardo Santanna de Souza,https://ibjjf.com/athletes/paulo-souza,CheckMat,male,master5,gi,23,419; 338; 875; 963; 405,Leonardo Vieira; Ricardo Vieira; Lucas Leite; Carlos Vieira Holanda; Marco Canha,85,academy_name_overlap_only,research_lead,never_publish_as_lineage_without_direct_source,"O ranking da IBJJF associa o atleta à academia ""CheckMat""; o acervo possui 85 pessoa(s) com o mesmo nome de academia. Isso não identifica professor nem comprova graduação."
Eduardo de Castro Leão Monteiro,https://ibjjf.com/athletes/eduardo-monteiro,Ns Brotherhood,male,master5,gi,23,1188; 7256,Leandro Lo; Jan Buatim,2,academy_name_overlap_only,research_lead,never_publish_as_lineage_without_direct_source,"O ranking da IBJJF associa o atleta à academia ""Ns Brotherhood""; o acervo possui 2 pessoa(s) com o mesmo nome de academia. Isso não identifica professor nem comprova graduação."
Lucas Eric Green,https://ibjjf.com/athletes/lucas-green,Roberto Traven BJJ,male,master5,gi,22.5,7079,Carlos Farias,1,academy_name_overlap_only,research_lead,never_publish_as_lineage_without_direct_source,"O ranking da IBJJF associa o atleta à academia ""Roberto Traven BJJ""; o acervo possui 1 pessoa(s) com o mesmo nome de academia. Isso não identifica professor nem comprova graduação."
Henrique Nelson de Lima,https://ibjjf.com/athletes/henrique-lima,CheckMat,male,master5,gi,22.5,419; 338; 875; 963; 405,Leonardo Vieira; Ricardo Vieira; Lucas Leite; Carlos Vieira Holanda; Marco Canha,85,academy_name_overlap_only,research_lead,never_publish_as_lineage_without_direct_source,"O ranking da IBJJF associa o atleta à academia ""CheckMat""; o acervo possui 85 pessoa(s) com o mesmo nome de academia. Isso não identifica professor nem comprova graduação."
Kelly J. Grissom,https://ibjjf.com/athletes/kelly-grissom,Big Brothers,male,master5,gi,22.5,6403,Leonardo Dalla,1,academy_name_overlap_only,research_lead,never_publish_as_lineage_without_direct_source,"O ranking da IBJJF associa o atleta à academia ""Big Brothers""; o acervo possui 1 pessoa(s) com o mesmo nome de academia. Isso não identifica professor nem comprova graduação."
Daniel Edward Pilewski,https://ibjjf.com/athletes/daniel-pilewski,Relson Gracie,male,master5,gi,21.0,453,Daniel Moraes,1,academy_name_overlap_only,research_lead,never_publish_as_lineage_without_direct_source,"O ranking da IBJJF associa o atleta à academia ""Relson Gracie""; o acervo possui 1 pessoa(s) com o mesmo nome de academia. Isso não identifica professor nem comprova graduação."
Darius Rudzevicius,https://ibjjf.com/athletes/darius-rudzevicius,Roger Gracie Academy,male,master5,gi,21.0,6209; 9261,Felipe Mota; Ross Nicholls,2,academy_name_overlap_only,research_lead,never_publish_as_lineage_without_direct_source,"O ranking da IBJJF associa o atleta à academia ""Roger Gracie Academy""; o acervo possui 2 pessoa(s) com o mesmo nome de academia. Isso não identifica professor nem comprova graduação."
Timothy M Ham,https://ibjjf.com/athletes/timothy-ham,Renzo Gracie Academy,male,master5,gi,18,10000; 5649; 7442; 9760; 5617,Doug Pelinkovic; Gary Tonon; Edward Cummings; Frank Rosenthal; Jamie Cruz,10,academy_name_overlap_only,research_lead,never_publish_as_lineage_without_direct_source,"O ranking da IBJJF associa o atleta à academia ""Renzo Gracie Academy""; o acervo possui 10 pessoa(s) com o mesmo nome de academia. Isso não identifica professor nem comprova graduação."
Joel Chagas de Araujo,https://ibjjf.com/athletes/joel-araujo,CheckMat,male,master5,gi,18,419; 338; 875; 963; 405,Leonardo Vieira; Ricardo Vieira; Lucas Leite; Carlos Vieira Holanda; Marco Canha,85,academy_name_overlap_only,research_lead,never_publish_as_lineage_without_direct_source,"O ranking da IBJJF associa o atleta à academia ""CheckMat""; o acervo possui 85 pessoa(s) com o mesmo nome de academia. Isso não identifica professor nem comprova graduação."
Marcelo Lima Duarte,https://ibjjf.com/athletes/marcelo-duarte-d73c48cc8947,GF Team,male,master5,gi,17,203; 8116; 11917; 2035; 9166,Julio Cesar; Dante Leon; Gabriel Marinho; Vitor Henrique; Alexandre Barauna,50,academy_name_overlap_only,research_lead,never_publish_as_lineage_without_direct_source,"O ranking da IBJJF associa o atleta à academia ""GF Team""; o acervo possui 50 pessoa(s) com o mesmo nome de academia. Isso não identifica professor nem comprova graduação."
Edimar Barreiros Venuto Junior,https://ibjjf.com/athletes/edimar-junior,GF Team,male,master5,gi,15,203; 8116; 11917; 2035; 9166,Julio Cesar; Dante Leon; Gabriel Marinho; Vitor Henrique; Alexandre Barauna,50,academy_name_overlap_only,research_lead,never_publish_as_lineage_without_direct_source,"O ranking da IBJJF associa o atleta à academia ""GF Team""; o acervo possui 50 pessoa(s) com o mesmo nome de academia. Isso não identifica professor nem comprova graduação."
Marcus Marques da Silva,https://ibjjf.com/athletes/marcus-silva-10e61c64df7f,Zenith BJJ,male,master5,gi,15.0,6006; 11093; 543,Paulo Rezende; Emilio Hernandez; Rodrigo Cavaca,3,academy_name_overlap_only,research_lead,never_publish_as_lineage_without_direct_source,"O ranking da IBJJF associa o atleta à academia ""Zenith BJJ""; o acervo possui 3 pessoa(s) com o mesmo nome de academia. Isso não identifica professor nem comprova graduação."
Ronald E Blake III,https://ibjjf.com/athletes/ronald-iii,Combat Base,male,master5,gi,14,5858,Chris Haueter,1,academy_name_overlap_only,research_lead,never_publish_as_lineage_without_direct_source,"O ranking da IBJJF associa o atleta à academia ""Combat Base""; o acervo possui 1 pessoa(s) com o mesmo nome de academia. Isso não identifica professor nem comprova graduação."
Daniel Druker,https://ibjjf.com/athletes/daniel-druker,Fight Sports,male,master5,gi,13.5,224; 11384; 12178; 13473; 13031,Roberto Abreu; Andre Porfirio; Joao Costa; Kauane Silva; Lucas Lisboa,12,academy_name_overlap_only,research_lead,never_publish_as_lineage_without_direct_source,"O ranking da IBJJF associa o atleta à academia ""Fight Sports""; o acervo possui 12 pessoa(s) com o mesmo nome de academia. Isso não identifica professor nem comprova graduação."
Cleber Faustino dos Santos,https://ibjjf.com/athletes/cleber-santos-44d3afe3621a,GF Team,male,master5,gi,12,203; 8116; 11917; 2035; 9166,Julio Cesar; Dante Leon; Gabriel Marinho; Vitor Henrique; Alexandre Barauna,50,academy_name_overlap_only,research_lead,never_publish_as_lineage_without_direct_source,"O ranking da IBJJF associa o atleta à academia ""GF Team""; o acervo possui 50 pessoa(s) com o mesmo nome de academia. Isso não identifica professor nem comprova graduação."
Martin Srubar,https://ibjjf.com/athletes/martin-srubar,Jungle BJJ,male,master5,gi,12,10318,Eldar Rafigaev,1,academy_name_overlap_only,research_lead,never_publish_as_lineage_without_direct_source,"O ranking da IBJJF associa o atleta à academia ""Jungle BJJ""; o acervo possui 1 pessoa(s) com o mesmo nome de academia. Isso não identifica professor nem comprova graduação."
Kevin Wyoma Williams,https://ibjjf.com/athletes/kevin-williams,Roberto Traven BJJ,male,master5,gi,11,7079,Carlos Farias,1,academy_name_overlap_only,research_lead,never_publish_as_lineage_without_direct_source,"O ranking da IBJJF associa o atleta à academia ""Roberto Traven BJJ""; o acervo possui 1 pessoa(s) com o mesmo nome de academia. Isso não identifica professor nem comprova graduação."
Joseph DeGeorge,https://ibjjf.com/athletes/joseph-degeorge,Vitor Shaolin BJJ,male,master5,gi,11,9064,Silvio Duran,1,academy_name_overlap_only,research_lead,never_publish_as_lineage_without_direct_source,"O ranking da IBJJF associa o atleta à academia ""Vitor Shaolin BJJ""; o acervo possui 1 pessoa(s) com o mesmo nome de academia. Isso não identifica professor nem comprova graduação."
James Byron Stone Jr.,https://ibjjf.com/athletes/byron-jr,Roberto Traven BJJ,male,master5,gi,11,7079,Carlos Farias,1,academy_name_overlap_only,research_lead,never_publish_as_lineage_without_direct_source,"O ranking da IBJJF associa o atleta à academia ""Roberto Traven BJJ""; o acervo possui 1 pessoa(s) com o mesmo nome de academia. Isso não identifica professor nem comprova graduação."
Eduardo do Valle Araújo,https://ibjjf.com/athletes/eduardo-araujo,Renzo Gracie Academy,male,master5,gi,10.5,10000; 5649; 7442; 9760; 5617,Doug Pelinkovic; Gary Tonon; Edward Cummings; Frank Rosenthal; Jamie Cruz,10,academy_name_overlap_only,research_lead,never_publish_as_lineage_without_direct_source,"O ranking da IBJJF associa o atleta à academia ""Renzo Gracie Academy""; o acervo possui 10 pessoa(s) com o mesmo nome de academia. Isso não identifica professor nem comprova graduação."
Nathan Wayne Jeffers,https://ibjjf.com/athletes/nathan-jeffers,Combat Base,male,master5,gi,9,5858,Chris Haueter,1,academy_name_overlap_only,research_lead,never_publish_as_lineage_without_direct_source,"O ranking da IBJJF associa o atleta à academia ""Combat Base""; o acervo possui 1 pessoa(s) com o mesmo nome de academia. Isso não identifica professor nem comprova graduação."
Adilson Rodrigues,https://ibjjf.com/athletes/adilson-rodrigues,Zenith BJJ,male,master5,gi,9,6006; 11093; 543,Paulo Rezende; Emilio Hernandez; Rodrigo Cavaca,3,academy_name_overlap_only,research_lead,never_publish_as_lineage_without_direct_source,"O ranking da IBJJF associa o atleta à academia ""Zenith BJJ""; o acervo possui 3 pessoa(s) com o mesmo nome de academia. Isso não identifica professor nem comprova graduação."
Ismail da Cruz Eduardo,https://ibjjf.com/athletes/ismail-eduardo,GF Team,male,master5,gi,9,203; 8116; 11917; 2035; 9166,Julio Cesar; Dante Leon; Gabriel Marinho; Vitor Henrique; Alexandre Barauna,50,academy_name_overlap_only,research_lead,never_publish_as_lineage_without_direct_source,"O ranking da IBJJF associa o atleta à academia ""GF Team""; o acervo possui 50 pessoa(s) com o mesmo nome de academia. Isso não identifica professor nem comprova graduação."
João Alves Barbosa Filho,https://ibjjf.com/athletes/joao-filho-9b2738acc78a,Gracie Humaita,male,master5,gi,9,515; 903; 1445; 613; 6339,Royler Gracie; Leticia Ribeiro; Rolker Gracie; Wellington Dias; Admilson Brites,34,academy_name_overlap_only,research_lead,never_publish_as_lineage_without_direct_source,"O ranking da IBJJF associa o atleta à academia ""Gracie Humaita""; o acervo possui 34 pessoa(s) com o mesmo nome de academia. Isso não identifica professor nem comprova graduação."
Marcio Andrei Meirelles,https://ibjjf.com/athletes/marcio-meirelles,GF Team,male,master5,gi,9,203; 8116; 11917; 2035; 9166,Julio Cesar; Dante Leon; Gabriel Marinho; Vitor Henrique; Alexandre Barauna,50,academy_name_overlap_only,research_lead,never_publish_as_lineage_without_direct_source,"O ranking da IBJJF associa o atleta à academia ""GF Team""; o acervo possui 50 pessoa(s) com o mesmo nome de academia. Isso não identifica professor nem comprova graduação."
Marcio J. Silva,https://ibjjf.com/athletes/marcio-silva-89f5f07b2b86,Fight Sports,male,master5,gi,9,224; 11384; 12178; 13473; 13031,Roberto Abreu; Andre Porfirio; Joao Costa; Kauane Silva; Lucas Lisboa,12,academy_name_overlap_only,research_lead,never_publish_as_lineage_without_direct_source,"O ranking da IBJJF associa o atleta à academia ""Fight Sports""; o acervo possui 12 pessoa(s) com o mesmo nome de academia. Isso não identifica professor nem comprova graduação."
Damian Tanenbaum,https://ibjjf.com/athletes/damian-tanenbaum,Carlson Gracie,male,master5,gi,9,22; 5998; 2062; 2583; 690,Carlson Gracie; Carlson Gracie Junior; Crezio de Souza; Alan Moraes; Fernando Marques,20,academy_name_overlap_only,research_lead,never_publish_as_lineage_without_direct_source,"O ranking da IBJJF associa o atleta à academia ""Carlson Gracie""; o acervo possui 20 pessoa(s) com o mesmo nome de academia. Isso não identifica professor nem comprova graduação."
Stephen Maraboli,https://ibjjf.com/athletes/stephen-maraboli,Renzo Gracie Academy,male,master5,gi,9,10000; 5649; 7442; 9760; 5617,Doug Pelinkovic; Gary Tonon; Edward Cummings; Frank Rosenthal; Jamie Cruz,10,academy_name_overlap_only,research_lead,never_publish_as_lineage_without_direct_source,"O ranking da IBJJF associa o atleta à academia ""Renzo Gracie Academy""; o acervo possui 10 pessoa(s) com o mesmo nome de academia. Isso não identifica professor nem comprova graduação."
Luiz Renato da Costa Carrilho Filho,https://ibjjf.com/athletes/luiz-filho-fe75532d02a7,Nova União,male,master5,gi,9,78; 634; 6756; 4334; 195,Andre Pederneiras; Wendell Alexander; Rodrigo Silva; Andre da Silva; Robson Moura,39,academy_name_overlap_only,research_lead,never_publish_as_lineage_without_direct_source,"O ranking da IBJJF associa o atleta à academia ""Nova União""; o acervo possui 39 pessoa(s) com o mesmo nome de academia. Isso não identifica professor nem comprova graduação."
William Anthony Novak,https://ibjjf.com/athletes/william-novak,Uflacker Academy,male,master5,gi,9,7821,Christian Uflaker,1,academy_name_overlap_only,research_lead,never_publish_as_lineage_without_direct_source,"O ranking da IBJJF associa o atleta à academia ""Uflacker Academy""; o acervo possui 1 pessoa(s) com o mesmo nome de academia. Isso não identifica professor nem comprova graduação."
Joao C Lopes,https://ibjjf.com/athletes/joao-lopes-fc114e8f42ec,Vitor Shaolin BJJ,male,master5,gi,9,9064,Silvio Duran,1,academy_name_overlap_only,research_lead,never_publish_as_lineage_without_direct_source,"O ranking da IBJJF associa o atleta à academia ""Vitor Shaolin BJJ""; o acervo possui 1 pessoa(s) com o mesmo nome de academia. Isso não identifica professor nem comprova graduação."
Che Kaeo Pilago,https://ibjjf.com/athletes/che-pilago,Combat Base,male,master5,gi,9,5858,Chris Haueter,1,academy_name_overlap_only,research_lead,never_publish_as_lineage_without_direct_source,"O ranking da IBJJF associa o atleta à academia ""Combat Base""; o acervo possui 1 pessoa(s) com o mesmo nome de academia. Isso não identifica professor nem comprova graduação."
Marcos Antonio Ribeiro Campos,https://ibjjf.com/athletes/marcos-campos,Nova Geração,male,master5,gi,8,714; 311; 1640; 1707; 4481,Francisco Albuquerque; Alexandre Pimentel; Andre Monteiro; Bruno Ferreira; Mauro Ayres,5,academy_name_overlap_only,research_lead,never_publish_as_lineage_without_direct_source,"O ranking da IBJJF associa o atleta à academia ""Nova Geração""; o acervo possui 5 pessoa(s) com o mesmo nome de academia. Isso não identifica professor nem comprova graduação."
Mustapha Bouguendouz,https://ibjjf.com/athletes/mustapha-bouguendouz,Gokudo,male,master5,gi,7,2355; 2434,Rodolphe Olivier; Thibaut Olivier,2,academy_name_overlap_only,research_lead,never_publish_as_lineage_without_direct_source,"O ranking da IBJJF associa o atleta à academia ""Gokudo""; o acervo possui 2 pessoa(s) com o mesmo nome de academia. Isso não identifica professor nem comprova graduação."
Reynaldo Viloria Soriano,https://ibjjf.com/athletes/reynaldo-soriano,Ralph Gracie,male,master5,gi,6,2475,Kurt Osiander,1,academy_name_overlap_only,research_lead,never_publish_as_lineage_without_direct_source,"O ranking da IBJJF associa o atleta à academia ""Ralph Gracie""; o acervo possui 1 pessoa(s) com o mesmo nome de academia. Isso não identifica professor nem comprova graduação."
Larry Levi Lewis,https://ibjjf.com/athletes/larry-jr-dcb4b376655a,Brasa,male,master5,gi,6,702; 112; 935; 579; 559,Muzio de Angelis; Demian Maia; Leonardo Castello Branco; Octavio Couto; Rodrigo Medeiros,7,academy_name_overlap_only,research_lead,never_publish_as_lineage_without_direct_source,"O ranking da IBJJF associa o atleta à academia ""Brasa""; o acervo possui 7 pessoa(s) com o mesmo nome de academia. Isso não identifica professor nem comprova graduação."
Thorin Oakenshield Ryan,https://ibjjf.com/athletes/thorin-ryan,Ralph Gracie,male,master5,gi,6,2475,Kurt Osiander,1,academy_name_overlap_only,research_lead,never_publish_as_lineage_without_direct_source,"O ranking da IBJJF associa o atleta à academia ""Ralph Gracie""; o acervo possui 1 pessoa(s) com o mesmo nome de academia. Isso não identifica professor nem comprova graduação."
Michael Phillip Rock,https://ibjjf.com/athletes/michael-rock,Roberto Traven BJJ,male,master5,gi,6,7079,Carlos Farias,1,academy_name_overlap_only,research_lead,never_publish_as_lineage_without_direct_source,"O ranking da IBJJF associa o atleta à academia ""Roberto Traven BJJ""; o acervo possui 1 pessoa(s) com o mesmo nome de academia. Isso não identifica professor nem comprova graduação."
Eric William Crago,https://ibjjf.com/athletes/eric-crago,Big Brothers,male,master5,gi,6,6403,Leonardo Dalla,1,academy_name_overlap_only,research_lead,never_publish_as_lineage_without_direct_source,"O ranking da IBJJF associa o atleta à academia ""Big Brothers""; o acervo possui 1 pessoa(s) com o mesmo nome de academia. Isso não identifica professor nem comprova graduação."
Josenilton Gomes da Costa,https://ibjjf.com/athletes/josenilton-costa,GF Team,male,master5,gi,6,203; 8116; 11917; 2035; 9166,Julio Cesar; Dante Leon; Gabriel Marinho; Vitor Henrique; Alexandre Barauna,50,academy_name_overlap_only,research_lead,never_publish_as_lineage_without_direct_source,"O ranking da IBJJF associa o atleta à academia ""GF Team""; o acervo possui 50 pessoa(s) com o mesmo nome de academia. Isso não identifica professor nem comprova graduação."
Paulo César Soares,https://ibjjf.com/athletes/paulo-soares-3431882fc999,PSLPB Cicero Costha,male,master5,gi,5,1155; 13076; 7704; 6151; 13062,Cicero Costha; Francisco Lo; Helton Jose Junior; Hiago George; Leonardo Mario,5,academy_name_overlap_only,research_lead,never_publish_as_lineage_without_direct_source,"O ranking da IBJJF associa o atleta à academia ""PSLPB Cicero Costha""; o acervo possui 5 pessoa(s) com o mesmo nome de academia. Isso não identifica professor nem comprova graduação."
Ralph Warren Davis,https://ibjjf.com/athletes/ralph,Big Brothers,male,master5,gi,5,6403,Leonardo Dalla,1,academy_name_overlap_only,research_lead,never_publish_as_lineage_without_direct_source,"O ranking da IBJJF associa o atleta à academia ""Big Brothers""; o acervo possui 1 pessoa(s) com o mesmo nome de academia. Isso não identifica professor nem comprova graduação."
Nick Howard Raphael,https://ibjjf.com/athletes/nick-raphael,Roger Gracie Academy,male,master5,gi,4,6209; 9261,Felipe Mota; Ross Nicholls,2,academy_name_overlap_only,research_lead,never_publish_as_lineage_without_direct_source,"O ranking da IBJJF associa o atleta à academia ""Roger Gracie Academy""; o acervo possui 2 pessoa(s) com o mesmo nome de academia. Isso não identifica professor nem comprova graduação."
Roberto Octavio Dutra Rodrigues Neto,https://ibjjf.com/athletes/roberto-neto-2de888e57458,CheckMat,male,master5,gi,4,419; 338; 875; 963; 405,Leonardo Vieira; Ricardo Vieira; Lucas Leite; Carlos Vieira Holanda; Marco Canha,85,academy_name_overlap_only,research_lead,never_publish_as_lineage_without_direct_source,"O ranking da IBJJF associa o atleta à academia ""CheckMat""; o acervo possui 85 pessoa(s) com o mesmo nome de academia. Isso não identifica professor nem comprova graduação."
Marcos Barrozo Netto,https://ibjjf.com/athletes/marcos-netto,De La Riva JJ,male,master5,gi,4,7928,Claudia Doval,1,academy_name_overlap_only,research_lead,never_publish_as_lineage_without_direct_source,"O ranking da IBJJF associa o atleta à academia ""De La Riva JJ""; o acervo possui 1 pessoa(s) com o mesmo nome de academia. Isso não identifica professor nem comprova graduação."
Nilson Fernandes Perdigão,https://ibjjf.com/athletes/nilson-perdigao,PSLPB Cicero Costha,male,master5,gi,4,1155; 13076; 7704; 6151; 13062,Cicero Costha; Francisco Lo; Helton Jose Junior; Hiago George; Leonardo Mario,5,academy_name_overlap_only,research_lead,never_publish_as_lineage_without_direct_source,"O ranking da IBJJF associa o atleta à academia ""PSLPB Cicero Costha""; o acervo possui 5 pessoa(s) com o mesmo nome de academia. Isso não identifica professor nem comprova graduação."
William F Bontcue IV,https://ibjjf.com/athletes/william-iv,Vitor Shaolin BJJ,male,master5,gi,3,9064,Silvio Duran,1,academy_name_overlap_only,research_lead,never_publish_as_lineage_without_direct_source,"O ranking da IBJJF associa o atleta à academia ""Vitor Shaolin BJJ""; o acervo possui 1 pessoa(s) com o mesmo nome de academia. Isso não identifica professor nem comprova graduação."
Cosme Jose Santos de Oliveira,https://ibjjf.com/athletes/cosme-oliveira,GF Team,male,master5,gi,3,203; 8116; 11917; 2035; 9166,Julio Cesar; Dante Leon; Gabriel Marinho; Vitor Henrique; Alexandre Barauna,50,academy_name_overlap_only,research_lead,never_publish_as_lineage_without_direct_source,"O ranking da IBJJF associa o atleta à academia ""GF Team""; o acervo possui 50 pessoa(s) com o mesmo nome de academia. Isso não identifica professor nem comprova graduação."
Isaac Araujo Ramos,https://ibjjf.com/athletes/isaac-ramos,GF Team,male,master5,gi,3,203; 8116; 11917; 2035; 9166,Julio Cesar; Dante Leon; Gabriel Marinho; Vitor Henrique; Alexandre Barauna,50,academy_name_overlap_only,research_lead,never_publish_as_lineage_without_direct_source,"O ranking da IBJJF associa o atleta à academia ""GF Team""; o acervo possui 50 pessoa(s) com o mesmo nome de academia. Isso não identifica professor nem comprova graduação."
Murilo Gouveia Bezerra,https://ibjjf.com/athletes/murilo-bezerra,GF Team,male,master5,gi,3,203; 8116; 11917; 2035; 9166,Julio Cesar; Dante Leon; Gabriel Marinho; Vitor Henrique; Alexandre Barauna,50,academy_name_overlap_only,research_lead,never_publish_as_lineage_without_direct_source,"O ranking da IBJJF associa o atleta à academia ""GF Team""; o acervo possui 50 pessoa(s) com o mesmo nome de academia. Isso não identifica professor nem comprova graduação."
Jorge Henrique M. da Conceição,https://ibjjf.com/athletes/jorge-conceicao-c3cc9978f6e2,GF Team,male,master5,gi,3,203; 8116; 11917; 2035; 9166,Julio Cesar; Dante Leon; Gabriel Marinho; Vitor Henrique; Alexandre Barauna,50,academy_name_overlap_only,research_lead,never_publish_as_lineage_without_direct_source,"O ranking da IBJJF associa o atleta à academia ""GF Team""; o acervo possui 50 pessoa(s) com o mesmo nome de academia. Isso não identifica professor nem comprova graduação."
Eumenes Leite de S. Junior,https://ibjjf.com/athletes/eumenes-junior,Ushirobira JJ,male,master5,gi,2,7282,Andre Ushirobira,1,academy_name_overlap_only,research_lead,never_publish_as_lineage_without_direct_source,"O ranking da IBJJF associa o atleta à academia ""Ushirobira JJ""; o acervo possui 1 pessoa(s) com o mesmo nome de academia. Isso não identifica professor nem comprova graduação."
Erik Thor Bartkowiak,https://ibjjf.com/athletes/erik-bartkowiak,Future School of Jiu-Jitsu,male,master5,gi,2,12225,Igor Feliz,1,academy_name_overlap_only,research_lead,never_publish_as_lineage_without_direct_source,"O ranking da IBJJF associa o atleta à academia ""Future School of Jiu-Jitsu""; o acervo possui 1 pessoa(s) com o mesmo nome de academia. Isso não identifica professor nem comprova graduação."
Roderick Samonte Quevedo,https://ibjjf.com/athletes/roderick-quevedo,AOJ,male,master5,gi,1,415; 179; 13326; 12554; 11690,Guilherme Mendes; Rafael Mendes; Hiryu Niwa; Iasmin Casser; Jessa Khan,10,academy_name_overlap_only,research_lead,never_publish_as_lineage_without_direct_source,"O ranking da IBJJF associa o atleta à academia ""AOJ""; o acervo possui 10 pessoa(s) com o mesmo nome de academia. Isso não identifica professor nem comprova graduação."
Adrien Roberto Domingues,https://ibjjf.com/athletes/adrien-domingues,GF Team,male,master6,gi,1174.5,203; 8116; 11917; 2035; 9166,Julio Cesar; Dante Leon; Gabriel Marinho; Vitor Henrique; Alexandre Barauna,50,academy_name_overlap_only,research_lead,never_publish_as_lineage_without_direct_source,"O ranking da IBJJF associa o atleta à academia ""GF Team""; o acervo possui 50 pessoa(s) com o mesmo nome de academia. Isso não identifica professor nem comprova graduação."
Wanderson Procópio de Amorim,https://ibjjf.com/athletes/wanderson-amorim,Brazilian Top Team,male,master6,gi,148.5,627; 8409; 249; 232; 1675,Murilo Bustamante; Ricardo Marques; Anderson Pereira; Jose Mario Sperry; Luis Roberto Duarte,6,academy_name_overlap_only,research_lead,never_publish_as_lineage_without_direct_source,"O ranking da IBJJF associa o atleta à academia ""Brazilian Top Team""; o acervo possui 6 pessoa(s) com o mesmo nome de academia. Isso não identifica professor nem comprova graduação."
Wendell Alexander C. Lago,https://ibjjf.com/athletes/wendell-lago,Nova União,male,master6,gi,129,78; 634; 6756; 4334; 195,Andre Pederneiras; Wendell Alexander; Rodrigo Silva; Andre da Silva; Robson Moura,39,academy_name_overlap_only,research_lead,never_publish_as_lineage_without_direct_source,"O ranking da IBJJF associa o atleta à academia ""Nova União""; o acervo possui 39 pessoa(s) com o mesmo nome de academia. Isso não identifica professor nem comprova graduação."
César Romano da Silva,https://ibjjf.com/athletes/cesar-silva-9a3b2e03a1ab,GF Team,male,master6,gi,126.0,203; 8116; 11917; 2035; 9166,Julio Cesar; Dante Leon; Gabriel Marinho; Vitor Henrique; Alexandre Barauna,50,academy_name_overlap_only,research_lead,never_publish_as_lineage_without_direct_source,"O ranking da IBJJF associa o atleta à academia ""GF Team""; o acervo possui 50 pessoa(s) com o mesmo nome de academia. Isso não identifica professor nem comprova graduação."
Joshua Allan King,https://ibjjf.com/athletes/joshua-king,Renzo Gracie Academy,male,master6,gi,82.5,10000; 5649; 7442; 9760; 5617,Doug Pelinkovic; Gary Tonon; Edward Cummings; Frank Rosenthal; Jamie Cruz,10,academy_name_overlap_only,research_lead,never_publish_as_lineage_without_direct_source,"O ranking da IBJJF associa o atleta à academia ""Renzo Gracie Academy""; o acervo possui 10 pessoa(s) com o mesmo nome de academia. Isso não identifica professor nem comprova graduação."
Paulo Miguel Casillo,https://ibjjf.com/athletes/paulo-ab70374cc6f4,Ushirobira JJ,male,master6,gi,75.0,7282,Andre Ushirobira,1,academy_name_overlap_only,research_lead,never_publish_as_lineage_without_direct_source,"O ranking da IBJJF associa o atleta à academia ""Ushirobira JJ""; o acervo possui 1 pessoa(s) com o mesmo nome de academia. Isso não identifica professor nem comprova graduação."
Jonathas Menezes do Couto Neto,https://ibjjf.com/athletes/jonathas-neto,CheckMat,male,master6,gi,72.0,419; 338; 875; 963; 405,Leonardo Vieira; Ricardo Vieira; Lucas Leite; Carlos Vieira Holanda; Marco Canha,85,academy_name_overlap_only,research_lead,never_publish_as_lineage_without_direct_source,"O ranking da IBJJF associa o atleta à academia ""CheckMat""; o acervo possui 85 pessoa(s) com o mesmo nome de academia. Isso não identifica professor nem comprova graduação."
Frank Alberto Alves Franco,https://ibjjf.com/athletes/frank-franco,Gracie Humaita,male,master6,gi,67.5,515; 903; 1445; 613; 6339,Royler Gracie; Leticia Ribeiro; Rolker Gracie; Wellington Dias; Admilson Brites,34,academy_name_overlap_only,research_lead,never_publish_as_lineage_without_direct_source,"O ranking da IBJJF associa o atleta à academia ""Gracie Humaita""; o acervo possui 34 pessoa(s) com o mesmo nome de academia. Isso não identifica professor nem comprova graduação."
Peter M Caragher,https://ibjjf.com/athletes/peter-caragher,Brasa,male,master6,gi,63,702; 112; 935; 579; 559,Muzio de Angelis; Demian Maia; Leonardo Castello Branco; Octavio Couto; Rodrigo Medeiros,7,academy_name_overlap_only,research_lead,never_publish_as_lineage_without_direct_source,"O ranking da IBJJF associa o atleta à academia ""Brasa""; o acervo possui 7 pessoa(s) com o mesmo nome de academia. Isso não identifica professor nem comprova graduação."
Mauricio do Nascimento,https://ibjjf.com/athletes/mauricio-nascimento,Nova União,male,master6,gi,60,78; 634; 6756; 4334; 195,Andre Pederneiras; Wendell Alexander; Rodrigo Silva; Andre da Silva; Robson Moura,39,academy_name_overlap_only,research_lead,never_publish_as_lineage_without_direct_source,"O ranking da IBJJF associa o atleta à academia ""Nova União""; o acervo possui 39 pessoa(s) com o mesmo nome de academia. Isso não identifica professor nem comprova graduação."
Alberto Frederico Moraes da Rocha,https://ibjjf.com/athletes/alberto-rocha-6903b3ae2cea,Gracie Humaita,male,master6,gi,59,515; 903; 1445; 613; 6339,Royler Gracie; Leticia Ribeiro; Rolker Gracie; Wellington Dias; Admilson Brites,34,academy_name_overlap_only,research_lead,never_publish_as_lineage_without_direct_source,"O ranking da IBJJF associa o atleta à academia ""Gracie Humaita""; o acervo possui 34 pessoa(s) com o mesmo nome de academia. Isso não identifica professor nem comprova graduação."
Bernardo Rangel Girotto,https://ibjjf.com/athletes/bernardo-girotto,Ataque Duplo,male,master6,gi,45,11215,Harryson Pereira,1,academy_name_overlap_only,research_lead,never_publish_as_lineage_without_direct_source,"O ranking da IBJJF associa o atleta à academia ""Ataque Duplo""; o acervo possui 1 pessoa(s) com o mesmo nome de academia. Isso não identifica professor nem comprova graduação."
Marcus Vinicius Nesse,https://ibjjf.com/athletes/marcus-nesse,Renzo Gracie Academy,male,master6,gi,43,10000; 5649; 7442; 9760; 5617,Doug Pelinkovic; Gary Tonon; Edward Cummings; Frank Rosenthal; Jamie Cruz,10,academy_name_overlap_only,research_lead,never_publish_as_lineage_without_direct_source,"O ranking da IBJJF associa o atleta à academia ""Renzo Gracie Academy""; o acervo possui 10 pessoa(s) com o mesmo nome de academia. Isso não identifica professor nem comprova graduação."
Albert Pound  Lamb,https://ibjjf.com/athletes/albert-lamb,Team Shawn Hammonds,male,master6,gi,42,9845,Chad Hardy,1,academy_name_overlap_only,research_lead,never_publish_as_lineage_without_direct_source,"O ranking da IBJJF associa o atleta à academia ""Team Shawn Hammonds""; o acervo possui 1 pessoa(s) com o mesmo nome de academia. Isso não identifica professor nem comprova graduação."
Marcelo Monteiro P. de Souza,https://ibjjf.com/athletes/marcelo-souza,Nova União,male,master6,gi,36,78; 634; 6756; 4334; 195,Andre Pederneiras; Wendell Alexander; Rodrigo Silva; Andre da Silva; Robson Moura,39,academy_name_overlap_only,research_lead,never_publish_as_lineage_without_direct_source,"O ranking da IBJJF associa o atleta à academia ""Nova União""; o acervo possui 39 pessoa(s) com o mesmo nome de academia. Isso não identifica professor nem comprova graduação."
Edward Scott Lopez,https://ibjjf.com/athletes/scott-lopez,AOJ,male,master6,gi,33,415; 179; 13326; 12554; 11690,Guilherme Mendes; Rafael Mendes; Hiryu Niwa; Iasmin Casser; Jessa Khan,10,academy_name_overlap_only,research_lead,never_publish_as_lineage_without_direct_source,"O ranking da IBJJF associa o atleta à academia ""AOJ""; o acervo possui 10 pessoa(s) com o mesmo nome de academia. Isso não identifica professor nem comprova graduação."
Stanley Isaac Beck,https://ibjjf.com/athletes/stanley-beck,Renzo Gracie Academy,male,master6,gi,33,10000; 5649; 7442; 9760; 5617,Doug Pelinkovic; Gary Tonon; Edward Cummings; Frank Rosenthal; Jamie Cruz,10,academy_name_overlap_only,research_lead,never_publish_as_lineage_without_direct_source,"O ranking da IBJJF associa o atleta à academia ""Renzo Gracie Academy""; o acervo possui 10 pessoa(s) com o mesmo nome de academia. Isso não identifica professor nem comprova graduação."
Kazuharu Tsuchida,https://ibjjf.com/athletes/kazuharu-tsuchida,Carpe Diem,male,master6,gi,27,9152; 7645; 9559; 6060,Daisuke Shiraki; Masahiro Iwasaki; Rida Haisam; Tomoyuki Hashimoto,4,academy_name_overlap_only,research_lead,never_publish_as_lineage_without_direct_source,"O ranking da IBJJF associa o atleta à academia ""Carpe Diem""; o acervo possui 4 pessoa(s) com o mesmo nome de academia. Isso não identifica professor nem comprova graduação."
Damion Jeremy Triplett,https://ibjjf.com/athletes/damion-triplett,Combat Base,male,master6,gi,24,5858,Chris Haueter,1,academy_name_overlap_only,research_lead,never_publish_as_lineage_without_direct_source,"O ranking da IBJJF associa o atleta à academia ""Combat Base""; o acervo possui 1 pessoa(s) com o mesmo nome de academia. Isso não identifica professor nem comprova graduação."
Michael Jay Silverman,https://ibjjf.com/athletes/michael-silverman,Crazy 88,male,master6,gi,21,4411,Julius Park,1,academy_name_overlap_only,research_lead,never_publish_as_lineage_without_direct_source,"O ranking da IBJJF associa o atleta à academia ""Crazy 88""; o acervo possui 1 pessoa(s) com o mesmo nome de academia. Isso não identifica professor nem comprova graduação."
Marcelo Costa Santana,https://ibjjf.com/athletes/marcelo-santana-209e74f42d06,GF Team,male,master6,gi,18,203; 8116; 11917; 2035; 9166,Julio Cesar; Dante Leon; Gabriel Marinho; Vitor Henrique; Alexandre Barauna,50,academy_name_overlap_only,research_lead,never_publish_as_lineage_without_direct_source,"O ranking da IBJJF associa o atleta à academia ""GF Team""; o acervo possui 50 pessoa(s) com o mesmo nome de academia. Isso não identifica professor nem comprova graduação."
Jun Kidokoro,https://ibjjf.com/athletes/jun-kidokoro,Carpe Diem,male,master6,gi,18,9152; 7645; 9559; 6060,Daisuke Shiraki; Masahiro Iwasaki; Rida Haisam; Tomoyuki Hashimoto,4,academy_name_overlap_only,research_lead,never_publish_as_lineage_without_direct_source,"O ranking da IBJJF associa o atleta à academia ""Carpe Diem""; o acervo possui 4 pessoa(s) com o mesmo nome de academia. Isso não identifica professor nem comprova graduação."
Albertino Souto da Silva,https://ibjjf.com/athletes/albertino-silva,GF Team,male,master6,gi,18,203; 8116; 11917; 2035; 9166,Julio Cesar; Dante Leon; Gabriel Marinho; Vitor Henrique; Alexandre Barauna,50,academy_name_overlap_only,research_lead,never_publish_as_lineage_without_direct_source,"O ranking da IBJJF associa o atleta à academia ""GF Team""; o acervo possui 50 pessoa(s) com o mesmo nome de academia. Isso não identifica professor nem comprova graduação."
John Burke,https://ibjjf.com/athletes/john-burke-bf0f39c44e86,Fight Sports,male,master6,gi,16.5,224; 11384; 12178; 13473; 13031,Roberto Abreu; Andre Porfirio; Joao Costa; Kauane Silva; Lucas Lisboa,12,academy_name_overlap_only,research_lead,never_publish_as_lineage_without_direct_source,"O ranking da IBJJF associa o atleta à academia ""Fight Sports""; o acervo possui 12 pessoa(s) com o mesmo nome de academia. Isso não identifica professor nem comprova graduação."
Bruno Pitanga Silvares de Almeida,https://ibjjf.com/athletes/bruno-almeida,Gracie Humaita,male,master6,gi,15,515; 903; 1445; 613; 6339,Royler Gracie; Leticia Ribeiro; Rolker Gracie; Wellington Dias; Admilson Brites,34,academy_name_overlap_only,research_lead,never_publish_as_lineage_without_direct_source,"O ranking da IBJJF associa o atleta à academia ""Gracie Humaita""; o acervo possui 34 pessoa(s) com o mesmo nome de academia. Isso não identifica professor nem comprova graduação."
José Abrahão Avino,https://ibjjf.com/athletes/jose-avino,CheckMat,male,master6,gi,12,419; 338; 875; 963; 405,Leonardo Vieira; Ricardo Vieira; Lucas Leite; Carlos Vieira Holanda; Marco Canha,85,academy_name_overlap_only,research_lead,never_publish_as_lineage_without_direct_source,"O ranking da IBJJF associa o atleta à academia ""CheckMat""; o acervo possui 85 pessoa(s) com o mesmo nome de academia. Isso não identifica professor nem comprova graduação."
Cameron Anthony Ayer,https://ibjjf.com/athletes/cameron-ayer,Roberto Traven BJJ,male,master6,gi,9,7079,Carlos Farias,1,academy_name_overlap_only,research_lead,never_publish_as_lineage_without_direct_source,"O ranking da IBJJF associa o atleta à academia ""Roberto Traven BJJ""; o acervo possui 1 pessoa(s) com o mesmo nome de academia. Isso não identifica professor nem comprova graduação."
Fernando Leao Sobral,https://ibjjf.com/athletes/fernando-02d9a2b30b57,CheckMat,male,master6,gi,9,419; 338; 875; 963; 405,Leonardo Vieira; Ricardo Vieira; Lucas Leite; Carlos Vieira Holanda; Marco Canha,85,academy_name_overlap_only,research_lead,never_publish_as_lineage_without_direct_source,"O ranking da IBJJF associa o atleta à academia ""CheckMat""; o acervo possui 85 pessoa(s) com o mesmo nome de academia. Isso não identifica professor nem comprova graduação."
Kaleookalani Yoshio Hosaka,https://ibjjf.com/athletes/kaleookalani-hosaka,Relson Gracie,male,master6,gi,9,453,Daniel Moraes,1,academy_name_overlap_only,research_lead,never_publish_as_lineage_without_direct_source,"O ranking da IBJJF associa o atleta à academia ""Relson Gracie""; o acervo possui 1 pessoa(s) com o mesmo nome de academia. Isso não identifica professor nem comprova graduação."
Egidijus Markevicius,https://ibjjf.com/athletes/egidijus-markevicius,Roger Gracie Academy,male,master6,gi,8,6209; 9261,Felipe Mota; Ross Nicholls,2,academy_name_overlap_only,research_lead,never_publish_as_lineage_without_direct_source,"O ranking da IBJJF associa o atleta à academia ""Roger Gracie Academy""; o acervo possui 2 pessoa(s) com o mesmo nome de academia. Isso não identifica professor nem comprova graduação."
Renato da Silva Lyrio Filho,https://ibjjf.com/athletes/renato-filho-4e9d75a79063,GF Team,male,master6,gi,6,203; 8116; 11917; 2035; 9166,Julio Cesar; Dante Leon; Gabriel Marinho; Vitor Henrique; Alexandre Barauna,50,academy_name_overlap_only,research_lead,never_publish_as_lineage_without_direct_source,"O ranking da IBJJF associa o atleta à academia ""GF Team""; o acervo possui 50 pessoa(s) com o mesmo nome de academia. Isso não identifica professor nem comprova graduação."
Carlos Alberto da Silva Rodrigues,https://ibjjf.com/athletes/carlos-rodrigues-7889d29f7edd,GF Team,male,master6,gi,4,203; 8116; 11917; 2035; 9166,Julio Cesar; Dante Leon; Gabriel Marinho; Vitor Henrique; Alexandre Barauna,50,academy_name_overlap_only,research_lead,never_publish_as_lineage_without_direct_source,"O ranking da IBJJF associa o atleta à academia ""GF Team""; o acervo possui 50 pessoa(s) com o mesmo nome de academia. Isso não identifica professor nem comprova graduação."
Orlando Amador Santos,https://ibjjf.com/athletes/orlando-santos-77a73466f139,CheckMat,male,master6,gi,3,419; 338; 875; 963; 405,Leonardo Vieira; Ricardo Vieira; Lucas Leite; Carlos Vieira Holanda; Marco Canha,85,academy_name_overlap_only,research_lead,never_publish_as_lineage_without_direct_source,"O ranking da IBJJF associa o atleta à academia ""CheckMat""; o acervo possui 85 pessoa(s) com o mesmo nome de academia. Isso não identifica professor nem comprova graduação."
Delmar de Sousa Magalhães,https://ibjjf.com/athletes/delmar-magalhaes,GF Team,male,master6,gi,3,203; 8116; 11917; 2035; 9166,Julio Cesar; Dante Leon; Gabriel Marinho; Vitor Henrique; Alexandre Barauna,50,academy_name_overlap_only,research_lead,never_publish_as_lineage_without_direct_source,"O ranking da IBJJF associa o atleta à academia ""GF Team""; o acervo possui 50 pessoa(s) com o mesmo nome de academia. Isso não identifica professor nem comprova graduação."
Julio Cesar Pereira,https://ibjjf.com/athletes/julio-pereira-5e0171ce83e3,GF Team,male,master7,gi,513.0,203; 8116; 11917; 2035; 9166,Julio Cesar; Dante Leon; Gabriel Marinho; Vitor Henrique; Alexandre Barauna,50,academy_name_overlap_only,research_lead,never_publish_as_lineage_without_direct_source,"O ranking da IBJJF associa o atleta à academia ""GF Team""; o acervo possui 50 pessoa(s) com o mesmo nome de academia. Isso não identifica professor nem comprova graduação."
Ronaldo Delibero,https://ibjjf.com/athletes/ronaldo-delibero,Fight Sports,male,master7,gi,288,224; 11384; 12178; 13473; 13031,Roberto Abreu; Andre Porfirio; Joao Costa; Kauane Silva; Lucas Lisboa,12,academy_name_overlap_only,research_lead,never_publish_as_lineage_without_direct_source,"O ranking da IBJJF associa o atleta à academia ""Fight Sports""; o acervo possui 12 pessoa(s) com o mesmo nome de academia. Isso não identifica professor nem comprova graduação."
Alexander Jan Davis,https://ibjjf.com/athletes/alexander-davis,American Top Team,male,master7,gi,189,591; 1716; 975; 1713; 3479,Ricardo Liborio; Andre Almeida; Jonatas Gurgel; Fabiano Silva; Gezary Matuda,7,academy_name_overlap_only,research_lead,never_publish_as_lineage_without_direct_source,"O ranking da IBJJF associa o atleta à academia ""American Top Team""; o acervo possui 7 pessoa(s) com o mesmo nome de academia. Isso não identifica professor nem comprova graduação."
Jose Pedro Santoyo-Nunez,https://ibjjf.com/athletes/jose-santoyo-nunez,Fight Sports,male,master7,gi,67.5,224; 11384; 12178; 13473; 13031,Roberto Abreu; Andre Porfirio; Joao Costa; Kauane Silva; Lucas Lisboa,12,academy_name_overlap_only,research_lead,never_publish_as_lineage_without_direct_source,"O ranking da IBJJF associa o atleta à academia ""Fight Sports""; o acervo possui 12 pessoa(s) com o mesmo nome de academia. Isso não identifica professor nem comprova graduação."
Renier Nuno,https://ibjjf.com/athletes/renier-nuno,Fight Sports,male,master7,gi,63,224; 11384; 12178; 13473; 13031,Roberto Abreu; Andre Porfirio; Joao Costa; Kauane Silva; Lucas Lisboa,12,academy_name_overlap_only,research_lead,never_publish_as_lineage_without_direct_source,"O ranking da IBJJF associa o atleta à academia ""Fight Sports""; o acervo possui 12 pessoa(s) com o mesmo nome de academia. Isso não identifica professor nem comprova graduação."
Robson Bastos de Souza Bandeira,https://ibjjf.com/athletes/robson-bandeira,GF Team,male,master7,gi,36.0,203; 8116; 11917; 2035; 9166,Julio Cesar; Dante Leon; Gabriel Marinho; Vitor Henrique; Alexandre Barauna,50,academy_name_overlap_only,research_lead,never_publish_as_lineage_without_direct_source,"O ranking da IBJJF associa o atleta à academia ""GF Team""; o acervo possui 50 pessoa(s) com o mesmo nome de academia. Isso não identifica professor nem comprova graduação."
Richard William Jones Jr,https://ibjjf.com/athletes/richard-jones,Bjj Conquest,male,master7,gi,21,7732,Vicente Junior,1,academy_name_overlap_only,research_lead,never_publish_as_lineage_without_direct_source,"O ranking da IBJJF associa o atleta à academia ""Bjj Conquest""; o acervo possui 1 pessoa(s) com o mesmo nome de academia. Isso não identifica professor nem comprova graduação."
Vadim Genrich Evenbach,https://ibjjf.com/athletes/vadim-evenbach,Ralph Gracie,male,master7,gi,14,2475,Kurt Osiander,1,academy_name_overlap_only,research_lead,never_publish_as_lineage_without_direct_source,"O ranking da IBJJF associa o atleta à academia ""Ralph Gracie""; o acervo possui 1 pessoa(s) com o mesmo nome de academia. Isso não identifica professor nem comprova graduação."
Peter S Nicolas,https://ibjjf.com/athletes/peter-nicolas,Renzo Gracie,male,master7,gi,9,52; 278; 1858; 11919; 1329,Renzo Gracie; Ricardo Almeida; Matt Serra; Daniel Gracie; Gerardi Rinaldi,6,academy_name_overlap_only,research_lead,never_publish_as_lineage_without_direct_source,"O ranking da IBJJF associa o atleta à academia ""Renzo Gracie""; o acervo possui 6 pessoa(s) com o mesmo nome de academia. Isso não identifica professor nem comprova graduação."
Andre Luiz Monteiro e Vinhas,https://ibjjf.com/athletes/andre-vinhas,GF Team,male,master7,gi,9,203; 8116; 11917; 2035; 9166,Julio Cesar; Dante Leon; Gabriel Marinho; Vitor Henrique; Alexandre Barauna,50,academy_name_overlap_only,research_lead,never_publish_as_lineage_without_direct_source,"O ranking da IBJJF associa o atleta à academia ""GF Team""; o acervo possui 50 pessoa(s) com o mesmo nome de academia. Isso não identifica professor nem comprova graduação."
Daniel Bruce Johnson,https://ibjjf.com/athletes/daniel-johnson-848de676425a,Fight Sports,male,master7,gi,8,224; 11384; 12178; 13473; 13031,Roberto Abreu; Andre Porfirio; Joao Costa; Kauane Silva; Lucas Lisboa,12,academy_name_overlap_only,research_lead,never_publish_as_lineage_without_direct_source,"O ranking da IBJJF associa o atleta à academia ""Fight Sports""; o acervo possui 12 pessoa(s) com o mesmo nome de academia. Isso não identifica professor nem comprova graduação."
Alberto Paskin,https://ibjjf.com/athletes/alberto-paskin,De La Riva JJ,male,master7,gi,7.5,7928,Claudia Doval,1,academy_name_overlap_only,research_lead,never_publish_as_lineage_without_direct_source,"O ranking da IBJJF associa o atleta à academia ""De La Riva JJ""; o acervo possui 1 pessoa(s) com o mesmo nome de academia. Isso não identifica professor nem comprova graduação."
Valdim Mitsuyuki Okochi,https://ibjjf.com/athletes/valdim-okochi,CheckMat,male,master7,gi,6,419; 338; 875; 963; 405,Leonardo Vieira; Ricardo Vieira; Lucas Leite; Carlos Vieira Holanda; Marco Canha,85,academy_name_overlap_only,research_lead,never_publish_as_lineage_without_direct_source,"O ranking da IBJJF associa o atleta à academia ""CheckMat""; o acervo possui 85 pessoa(s) com o mesmo nome de academia. Isso não identifica professor nem comprova graduação."
Paolo Boccanera,https://ibjjf.com/athletes/paolo-boccanera,Aeterna Jiu-Jitsu,male,master7,gi,3,7082,Luca Anacoreta,1,academy_name_overlap_only,research_lead,never_publish_as_lineage_without_direct_source,"O ranking da IBJJF associa o atleta à academia ""Aeterna Jiu-Jitsu""; o acervo possui 1 pessoa(s) com o mesmo nome de academia. Isso não identifica professor nem comprova graduação."
Mayssa Caldas Pereira Bastos,https://ibjjf.com/athletes/mayssa-bastos,AOJ,female,adult,gi,667,415; 179; 13326; 12554; 11690,Guilherme Mendes; Rafael Mendes; Hiryu Niwa; Iasmin Casser; Jessa Khan,10,academy_name_overlap_only,research_lead,never_publish_as_lineage_without_direct_source,"O ranking da IBJJF associa o atleta à academia ""AOJ""; o acervo possui 10 pessoa(s) com o mesmo nome de academia. Isso não identifica professor nem comprova graduação."
Ashlee Funegra,https://ibjjf.com/athletes/ashlee-funegra,AOJ,female,adult,gi,552,415; 179; 13326; 12554; 11690,Guilherme Mendes; Rafael Mendes; Hiryu Niwa; Iasmin Casser; Jessa Khan,10,academy_name_overlap_only,research_lead,never_publish_as_lineage_without_direct_source,"O ranking da IBJJF associa o atleta à academia ""AOJ""; o acervo possui 10 pessoa(s) com o mesmo nome de academia. Isso não identifica professor nem comprova graduação."
Maria Carolina Barón Vicentini,https://ibjjf.com/athletes/maria-vicentini,AOJ,female,adult,gi,352.0,415; 179; 13326; 12554; 11690,Guilherme Mendes; Rafael Mendes; Hiryu Niwa; Iasmin Casser; Jessa Khan,10,academy_name_overlap_only,research_lead,never_publish_as_lineage_without_direct_source,"O ranking da IBJJF associa o atleta à academia ""AOJ""; o acervo possui 10 pessoa(s) com o mesmo nome de academia. Isso não identifica professor nem comprova graduação."
Sabrina Rogéria Ataide B. Gondim,https://ibjjf.com/athletes/sabrina-gondim,Fight Sports,female,adult,gi,264.5,224; 11384; 12178; 13473; 13031,Roberto Abreu; Andre Porfirio; Joao Costa; Kauane Silva; Lucas Lisboa,12,academy_name_overlap_only,research_lead,never_publish_as_lineage_without_direct_source,"O ranking da IBJJF associa o atleta à academia ""Fight Sports""; o acervo possui 12 pessoa(s) com o mesmo nome de academia. Isso não identifica professor nem comprova graduação."
Pechrada Kacie Tan,https://ibjjf.com/athletes/kacie-tan,AOJ,female,adult,gi,154.5,415; 179; 13326; 12554; 11690,Guilherme Mendes; Rafael Mendes; Hiryu Niwa; Iasmin Casser; Jessa Khan,10,academy_name_overlap_only,research_lead,never_publish_as_lineage_without_direct_source,"O ranking da IBJJF associa o atleta à academia ""AOJ""; o acervo possui 10 pessoa(s) com o mesmo nome de academia. Isso não identifica professor nem comprova graduação."
Isabely Sanches Ribeiro,https://ibjjf.com/athletes/isabely-ribeiro,Lotus Club,female,adult,gi,151.0,14205,Alexandre Manara,1,academy_name_overlap_only,research_lead,never_publish_as_lineage_without_direct_source,"O ranking da IBJJF associa o atleta à academia ""Lotus Club""; o acervo possui 1 pessoa(s) com o mesmo nome de academia. Isso não identifica professor nem comprova graduação."
Ana Carolina de Andrade Lima Soares da Silva,https://ibjjf.com/athletes/ana-silva-9e249c088e0f,Fight Sports,female,adult,gi,142,224; 11384; 12178; 13473; 13031,Roberto Abreu; Andre Porfirio; Joao Costa; Kauane Silva; Lucas Lisboa,12,academy_name_overlap_only,research_lead,never_publish_as_lineage_without_direct_source,"O ranking da IBJJF associa o atleta à academia ""Fight Sports""; o acervo possui 12 pessoa(s) com o mesmo nome de academia. Isso não identifica professor nem comprova graduação."
Abbie Marie O'toole,https://ibjjf.com/athletes/abbie-o-toole,Roger Gracie Academy,female,adult,gi,140.5,6209; 9261,Felipe Mota; Ross Nicholls,2,academy_name_overlap_only,research_lead,never_publish_as_lineage_without_direct_source,"O ranking da IBJJF associa o atleta à academia ""Roger Gracie Academy""; o acervo possui 2 pessoa(s) com o mesmo nome de academia. Isso não identifica professor nem comprova graduação."
Gisele Constante Menezes Tavares,https://ibjjf.com/athletes/gisele-tavares,GF Team,female,adult,gi,140.0,203; 8116; 11917; 2035; 9166,Julio Cesar; Dante Leon; Gabriel Marinho; Vitor Henrique; Alexandre Barauna,50,academy_name_overlap_only,research_lead,never_publish_as_lineage_without_direct_source,"O ranking da IBJJF associa o atleta à academia ""GF Team""; o acervo possui 50 pessoa(s) com o mesmo nome de academia. Isso não identifica professor nem comprova graduação."
Alexia Souza Arantes,https://ibjjf.com/athletes/alexia-arantes,Vision,female,adult,gi,125.5,13577; 12753; 12845,Brigida Carvalho Felipe; Gabriela Pereira; Thalyta Silva,3,academy_name_overlap_only,research_lead,never_publish_as_lineage_without_direct_source,"O ranking da IBJJF associa o atleta à academia ""Vision""; o acervo possui 3 pessoa(s) com o mesmo nome de academia. Isso não identifica professor nem comprova graduação."
Gabrielle H Czernik,https://ibjjf.com/athletes/gabrielle-czernik,Movement Art,female,adult,gi,120.0,12102,Nick Salles,1,academy_name_overlap_only,research_lead,never_publish_as_lineage_without_direct_source,"O ranking da IBJJF associa o atleta à academia ""Movement Art""; o acervo possui 1 pessoa(s) com o mesmo nome de academia. Isso não identifica professor nem comprova graduação."
Letícia Cardozo de Carvalho,https://ibjjf.com/athletes/leticia-carvalho-10e5b469732d,AOJ,female,adult,gi,91.5,415; 179; 13326; 12554; 11690,Guilherme Mendes; Rafael Mendes; Hiryu Niwa; Iasmin Casser; Jessa Khan,10,academy_name_overlap_only,research_lead,never_publish_as_lineage_without_direct_source,"O ranking da IBJJF associa o atleta à academia ""AOJ""; o acervo possui 10 pessoa(s) com o mesmo nome de academia. Isso não identifica professor nem comprova graduação."
Vannessa Nancy Griffin,https://ibjjf.com/athletes/vannessa-griffin,Crazy 88,female,adult,gi,84.0,4411,Julius Park,1,academy_name_overlap_only,research_lead,never_publish_as_lineage_without_direct_source,"O ranking da IBJJF associa o atleta à academia ""Crazy 88""; o acervo possui 1 pessoa(s) com o mesmo nome de academia. Isso não identifica professor nem comprova graduação."
Vitoria Carolina Araujo Vieira,https://ibjjf.com/athletes/vitoria-vieira,GF Team,female,adult,gi,83,203; 8116; 11917; 2035; 9166,Julio Cesar; Dante Leon; Gabriel Marinho; Vitor Henrique; Alexandre Barauna,50,academy_name_overlap_only,research_lead,never_publish_as_lineage_without_direct_source,"O ranking da IBJJF associa o atleta à academia ""GF Team""; o acervo possui 50 pessoa(s) com o mesmo nome de academia. Isso não identifica professor nem comprova graduação."
Lauren Hanako Sognefest,https://ibjjf.com/athletes/lauren-sognefest,AOJ,female,adult,gi,78,415; 179; 13326; 12554; 11690,Guilherme Mendes; Rafael Mendes; Hiryu Niwa; Iasmin Casser; Jessa Khan,10,academy_name_overlap_only,research_lead,never_publish_as_lineage_without_direct_source,"O ranking da IBJJF associa o atleta à academia ""AOJ""; o acervo possui 10 pessoa(s) com o mesmo nome de academia. Isso não identifica professor nem comprova graduação."
Leticia Barbosa Gomes,https://ibjjf.com/athletes/leticia-gomes,GF Team,female,adult,gi,77,203; 8116; 11917; 2035; 9166,Julio Cesar; Dante Leon; Gabriel Marinho; Vitor Henrique; Alexandre Barauna,50,academy_name_overlap_only,research_lead,never_publish_as_lineage_without_direct_source,"O ranking da IBJJF associa o atleta à academia ""GF Team""; o acervo possui 50 pessoa(s) com o mesmo nome de academia. Isso não identifica professor nem comprova graduação."
Isabella Sbano Fortes Pitta,https://ibjjf.com/athletes/isabella-pitta,PSLPB Cicero Costha,female,adult,gi,76.5,1155; 13076; 7704; 6151; 13062,Cicero Costha; Francisco Lo; Helton Jose Junior; Hiago George; Leonardo Mario,5,academy_name_overlap_only,research_lead,never_publish_as_lineage_without_direct_source,"O ranking da IBJJF associa o atleta à academia ""PSLPB Cicero Costha""; o acervo possui 5 pessoa(s) com o mesmo nome de academia. Isso não identifica professor nem comprova graduação."
Kauany Lorena Ramos Queiroz,https://ibjjf.com/athletes/kauany-queiroz,GF Team,female,adult,gi,76.0,203; 8116; 11917; 2035; 9166,Julio Cesar; Dante Leon; Gabriel Marinho; Vitor Henrique; Alexandre Barauna,50,academy_name_overlap_only,research_lead,never_publish_as_lineage_without_direct_source,"O ranking da IBJJF associa o atleta à academia ""GF Team""; o acervo possui 50 pessoa(s) com o mesmo nome de academia. Isso não identifica professor nem comprova graduação."
Kauane Ramos da Silva,https://ibjjf.com/athletes/kauane-silva,Fight Sports,female,adult,gi,73.5,224; 11384; 12178; 13473; 13031,Roberto Abreu; Andre Porfirio; Joao Costa; Kauane Silva; Lucas Lisboa,12,academy_name_overlap_only,research_lead,never_publish_as_lineage_without_direct_source,"O ranking da IBJJF associa o atleta à academia ""Fight Sports""; o acervo possui 12 pessoa(s) com o mesmo nome de academia. Isso não identifica professor nem comprova graduação."
Maria Luisa Delahaye Amorim,https://ibjjf.com/athletes/maria-amorim-f2d3b7d831cc,GF Team,female,adult,gi,69.0,203; 8116; 11917; 2035; 9166,Julio Cesar; Dante Leon; Gabriel Marinho; Vitor Henrique; Alexandre Barauna,50,academy_name_overlap_only,research_lead,never_publish_as_lineage_without_direct_source,"O ranking da IBJJF associa o atleta à academia ""GF Team""; o acervo possui 50 pessoa(s) com o mesmo nome de academia. Isso não identifica professor nem comprova graduação."
Júlia Berté Matos,https://ibjjf.com/athletes/julia-matos,GF Team,female,adult,gi,67.0,203; 8116; 11917; 2035; 9166,Julio Cesar; Dante Leon; Gabriel Marinho; Vitor Henrique; Alexandre Barauna,50,academy_name_overlap_only,research_lead,never_publish_as_lineage_without_direct_source,"O ranking da IBJJF associa o atleta à academia ""GF Team""; o acervo possui 50 pessoa(s) com o mesmo nome de academia. Isso não identifica professor nem comprova graduação."
Kamilly Silva Dias de Souza,https://ibjjf.com/athletes/kamilly-souza,GF Team,female,adult,gi,66,203; 8116; 11917; 2035; 9166,Julio Cesar; Dante Leon; Gabriel Marinho; Vitor Henrique; Alexandre Barauna,50,academy_name_overlap_only,research_lead,never_publish_as_lineage_without_direct_source,"O ranking da IBJJF associa o atleta à academia ""GF Team""; o acervo possui 50 pessoa(s) com o mesmo nome de academia. Isso não identifica professor nem comprova graduação."
Camila Caroline dos Santos Reis,https://ibjjf.com/athletes/camila-reis,Lotus Club,female,adult,gi,66,14205,Alexandre Manara,1,academy_name_overlap_only,research_lead,never_publish_as_lineage_without_direct_source,"O ranking da IBJJF associa o atleta à academia ""Lotus Club""; o acervo possui 1 pessoa(s) com o mesmo nome de academia. Isso não identifica professor nem comprova graduação."
Mikaela Barros de Lima,https://ibjjf.com/athletes/mikaela-lima,GF Team,female,adult,gi,65.5,203; 8116; 11917; 2035; 9166,Julio Cesar; Dante Leon; Gabriel Marinho; Vitor Henrique; Alexandre Barauna,50,academy_name_overlap_only,research_lead,never_publish_as_lineage_without_direct_source,"O ranking da IBJJF associa o atleta à academia ""GF Team""; o acervo possui 50 pessoa(s) com o mesmo nome de academia. Isso não identifica professor nem comprova graduação."
Emily Rosalynn Nicholson,https://ibjjf.com/athletes/emily-nicholson,AOJ,female,adult,gi,60.5,415; 179; 13326; 12554; 11690,Guilherme Mendes; Rafael Mendes; Hiryu Niwa; Iasmin Casser; Jessa Khan,10,academy_name_overlap_only,research_lead,never_publish_as_lineage_without_direct_source,"O ranking da IBJJF associa o atleta à academia ""AOJ""; o acervo possui 10 pessoa(s) com o mesmo nome de academia. Isso não identifica professor nem comprova graduação."
Mikaele Damaceno,https://ibjjf.com/athletes/mikaele,PSLPB Cicero Costha,female,adult,gi,59,1155; 13076; 7704; 6151; 13062,Cicero Costha; Francisco Lo; Helton Jose Junior; Hiago George; Leonardo Mario,5,academy_name_overlap_only,research_lead,never_publish_as_lineage_without_direct_source,"O ranking da IBJJF associa o atleta à academia ""PSLPB Cicero Costha""; o acervo possui 5 pessoa(s) com o mesmo nome de academia. Isso não identifica professor nem comprova graduação."
Victória Loureiro Ulrich,https://ibjjf.com/athletes/victoria-ulrich,Ataque Duplo,female,adult,gi,58,11215,Harryson Pereira,1,academy_name_overlap_only,research_lead,never_publish_as_lineage_without_direct_source,"O ranking da IBJJF associa o atleta à academia ""Ataque Duplo""; o acervo possui 1 pessoa(s) com o mesmo nome de academia. Isso não identifica professor nem comprova graduação."
Isabely Generoso da Silva Lemos,https://ibjjf.com/athletes/isabely-lemos,GF Team,female,adult,gi,55.5,203; 8116; 11917; 2035; 9166,Julio Cesar; Dante Leon; Gabriel Marinho; Vitor Henrique; Alexandre Barauna,50,academy_name_overlap_only,research_lead,never_publish_as_lineage_without_direct_source,"O ranking da IBJJF associa o atleta à academia ""GF Team""; o acervo possui 50 pessoa(s) com o mesmo nome de academia. Isso não identifica professor nem comprova graduação."
Flávia Santos Bastos Soares,https://ibjjf.com/athletes/flavia-soares,GF Team,female,adult,gi,54.0,203; 8116; 11917; 2035; 9166,Julio Cesar; Dante Leon; Gabriel Marinho; Vitor Henrique; Alexandre Barauna,50,academy_name_overlap_only,research_lead,never_publish_as_lineage_without_direct_source,"O ranking da IBJJF associa o atleta à academia ""GF Team""; o acervo possui 50 pessoa(s) com o mesmo nome de academia. Isso não identifica professor nem comprova graduação."
Renata dos Santos Marinho,https://ibjjf.com/athletes/renata-marinho,Renzo Gracie Academy,female,adult,gi,54.0,10000; 5649; 7442; 9760; 5617,Doug Pelinkovic; Gary Tonon; Edward Cummings; Frank Rosenthal; Jamie Cruz,10,academy_name_overlap_only,research_lead,never_publish_as_lineage_without_direct_source,"O ranking da IBJJF associa o atleta à academia ""Renzo Gracie Academy""; o acervo possui 10 pessoa(s) com o mesmo nome de academia. Isso não identifica professor nem comprova graduação."
Christina Nicole Hansen,https://ibjjf.com/athletes/christina-hansen,Pedigo Submission Fighting,female,adult,gi,51.0,11359; 11808,Heath Pedigo; Andrew Wiltse,2,academy_name_overlap_only,research_lead,never_publish_as_lineage_without_direct_source,"O ranking da IBJJF associa o atleta à academia ""Pedigo Submission Fighting""; o acervo possui 2 pessoa(s) com o mesmo nome de academia. Isso não identifica professor nem comprova graduação."
Natalícia Josefa da Silva,https://ibjjf.com/athletes/natalicia-silva,PSLPB Cicero Costha,female,adult,gi,42,1155; 13076; 7704; 6151; 13062,Cicero Costha; Francisco Lo; Helton Jose Junior; Hiago George; Leonardo Mario,5,academy_name_overlap_only,research_lead,never_publish_as_lineage_without_direct_source,"O ranking da IBJJF associa o atleta à academia ""PSLPB Cicero Costha""; o acervo possui 5 pessoa(s) com o mesmo nome de academia. Isso não identifica professor nem comprova graduação."
Grasielle Farias Brandão,https://ibjjf.com/athletes/grasielle-brandao,GF Team,female,adult,gi,36,203; 8116; 11917; 2035; 9166,Julio Cesar; Dante Leon; Gabriel Marinho; Vitor Henrique; Alexandre Barauna,50,academy_name_overlap_only,research_lead,never_publish_as_lineage_without_direct_source,"O ranking da IBJJF associa o atleta à academia ""GF Team""; o acervo possui 50 pessoa(s) com o mesmo nome de academia. Isso não identifica professor nem comprova graduação."
Ana Paula Coelho de Oliveira,https://ibjjf.com/athletes/ana-oliveira-67b44f6bb397,Lotus Club,female,adult,gi,36,14205,Alexandre Manara,1,academy_name_overlap_only,research_lead,never_publish_as_lineage_without_direct_source,"O ranking da IBJJF associa o atleta à academia ""Lotus Club""; o acervo possui 1 pessoa(s) com o mesmo nome de academia. Isso não identifica professor nem comprova graduação."
Vanessa Coelho Ribeiro,https://ibjjf.com/athletes/vanessa-ribeiro,GF Team,female,adult,gi,36,203; 8116; 11917; 2035; 9166,Julio Cesar; Dante Leon; Gabriel Marinho; Vitor Henrique; Alexandre Barauna,50,academy_name_overlap_only,research_lead,never_publish_as_lineage_without_direct_source,"O ranking da IBJJF associa o atleta à academia ""GF Team""; o acervo possui 50 pessoa(s) com o mesmo nome de academia. Isso não identifica professor nem comprova graduação."
Amanda Moreira de Jesus,https://ibjjf.com/athletes/amanda-jesus-0b19ca019aba,PSLPB Cicero Costha,female,adult,gi,36,1155; 13076; 7704; 6151; 13062,Cicero Costha; Francisco Lo; Helton Jose Junior; Hiago George; Leonardo Mario,5,academy_name_overlap_only,research_lead,never_publish_as_lineage_without_direct_source,"O ranking da IBJJF associa o atleta à academia ""PSLPB Cicero Costha""; o acervo possui 5 pessoa(s) com o mesmo nome de academia. Isso não identifica professor nem comprova graduação."
Shelby Lena Murphey,https://ibjjf.com/athletes/shelby-murphey,AOJ,female,adult,gi,31.5,415; 179; 13326; 12554; 11690,Guilherme Mendes; Rafael Mendes; Hiryu Niwa; Iasmin Casser; Jessa Khan,10,academy_name_overlap_only,research_lead,never_publish_as_lineage_without_direct_source,"O ranking da IBJJF associa o atleta à academia ""AOJ""; o acervo possui 10 pessoa(s) com o mesmo nome de academia. Isso não identifica professor nem comprova graduação."
Luciane dos Santos Silva,https://ibjjf.com/athletes/luciane-silva,CheckMat,female,adult,gi,30.0,419; 338; 875; 963; 405,Leonardo Vieira; Ricardo Vieira; Lucas Leite; Carlos Vieira Holanda; Marco Canha,85,academy_name_overlap_only,research_lead,never_publish_as_lineage_without_direct_source,"O ranking da IBJJF associa o atleta à academia ""CheckMat""; o acervo possui 85 pessoa(s) com o mesmo nome de academia. Isso não identifica professor nem comprova graduação."
Thaina Wisniewski de Freitas,https://ibjjf.com/athletes/thaina-freitas,GF Team,female,adult,gi,30,203; 8116; 11917; 2035; 9166,Julio Cesar; Dante Leon; Gabriel Marinho; Vitor Henrique; Alexandre Barauna,50,academy_name_overlap_only,research_lead,never_publish_as_lineage_without_direct_source,"O ranking da IBJJF associa o atleta à academia ""GF Team""; o acervo possui 50 pessoa(s) com o mesmo nome de academia. Isso não identifica professor nem comprova graduação."
Hayley Gayle Valentine,https://ibjjf.com/athletes/hayley-valentine,Roger Gracie Academy,female,adult,gi,27.0,6209; 9261,Felipe Mota; Ross Nicholls,2,academy_name_overlap_only,research_lead,never_publish_as_lineage_without_direct_source,"O ranking da IBJJF associa o atleta à academia ""Roger Gracie Academy""; o acervo possui 2 pessoa(s) com o mesmo nome de academia. Isso não identifica professor nem comprova graduação."
Lee Mi-Hyun,https://ibjjf.com/athletes/lee-mi-hyun,John Frankl Jiu-Jitsu,female,adult,gi,27,8842,Wanki Chae,1,academy_name_overlap_only,research_lead,never_publish_as_lineage_without_direct_source,"O ranking da IBJJF associa o atleta à academia ""John Frankl Jiu-Jitsu""; o acervo possui 1 pessoa(s) com o mesmo nome de academia. Isso não identifica professor nem comprova graduação."
Jessamine Jada Kaina,https://ibjjf.com/athletes/jessamine-khan,AOJ,female,adult,gi,27,415; 179; 13326; 12554; 11690,Guilherme Mendes; Rafael Mendes; Hiryu Niwa; Iasmin Casser; Jessa Khan,10,academy_name_overlap_only,research_lead,never_publish_as_lineage_without_direct_source,"O ranking da IBJJF associa o atleta à academia ""AOJ""; o acervo possui 10 pessoa(s) com o mesmo nome de academia. Isso não identifica professor nem comprova graduação."
Luane Carvalho Correia,https://ibjjf.com/athletes/luane-correia,CheckMat,female,adult,gi,21,419; 338; 875; 963; 405,Leonardo Vieira; Ricardo Vieira; Lucas Leite; Carlos Vieira Holanda; Marco Canha,85,academy_name_overlap_only,research_lead,never_publish_as_lineage_without_direct_source,"O ranking da IBJJF associa o atleta à academia ""CheckMat""; o acervo possui 85 pessoa(s) com o mesmo nome de academia. Isso não identifica professor nem comprova graduação."
Sayuri Toledo Lima Batista,https://ibjjf.com/athletes/sayuri-pereira,AOJ,female,adult,gi,19,415; 179; 13326; 12554; 11690,Guilherme Mendes; Rafael Mendes; Hiryu Niwa; Iasmin Casser; Jessa Khan,10,academy_name_overlap_only,research_lead,never_publish_as_lineage_without_direct_source,"O ranking da IBJJF associa o atleta à academia ""AOJ""; o acervo possui 10 pessoa(s) com o mesmo nome de academia. Isso não identifica professor nem comprova graduação."
Luciana Moraes Gouvea,https://ibjjf.com/athletes/luciana-gouveia,Lotus Club,female,adult,gi,18.5,14205,Alexandre Manara,1,academy_name_overlap_only,research_lead,never_publish_as_lineage_without_direct_source,"O ranking da IBJJF associa o atleta à academia ""Lotus Club""; o acervo possui 1 pessoa(s) com o mesmo nome de academia. Isso não identifica professor nem comprova graduação."
Paula Nunes da Silva,https://ibjjf.com/athletes/paula-silva-c9e1691802e3,De La Riva JJ,female,adult,gi,18,7928,Claudia Doval,1,academy_name_overlap_only,research_lead,never_publish_as_lineage_without_direct_source,"O ranking da IBJJF associa o atleta à academia ""De La Riva JJ""; o acervo possui 1 pessoa(s) com o mesmo nome de academia. Isso não identifica professor nem comprova graduação."
Iasmim Casser da Silva,https://ibjjf.com/athletes/iasmim-silva,AOJ,female,adult,gi,13.5,415; 179; 13326; 12554; 11690,Guilherme Mendes; Rafael Mendes; Hiryu Niwa; Iasmin Casser; Jessa Khan,10,academy_name_overlap_only,research_lead,never_publish_as_lineage_without_direct_source,"O ranking da IBJJF associa o atleta à academia ""AOJ""; o acervo possui 10 pessoa(s) com o mesmo nome de academia. Isso não identifica professor nem comprova graduação."
Iara Nathara Machado Grudysz,https://ibjjf.com/athletes/iara-grudysz,CheckMat,female,adult,gi,12,419; 338; 875; 963; 405,Leonardo Vieira; Ricardo Vieira; Lucas Leite; Carlos Vieira Holanda; Marco Canha,85,academy_name_overlap_only,research_lead,never_publish_as_lineage_without_direct_source,"O ranking da IBJJF associa o atleta à academia ""CheckMat""; o acervo possui 85 pessoa(s) com o mesmo nome de academia. Isso não identifica professor nem comprova graduação."
Eduarda Karoline da Silva,https://ibjjf.com/athletes/eduarda-silva,Ataque Duplo,female,adult,gi,9,11215,Harryson Pereira,1,academy_name_overlap_only,research_lead,never_publish_as_lineage_without_direct_source,"O ranking da IBJJF associa o atleta à academia ""Ataque Duplo""; o acervo possui 1 pessoa(s) com o mesmo nome de academia. Isso não identifica professor nem comprova graduação."
Renata Borges do Rosario Melo,https://ibjjf.com/athletes/renata-melo,Nova União,female,adult,gi,9,78; 634; 6756; 4334; 195,Andre Pederneiras; Wendell Alexander; Rodrigo Silva; Andre da Silva; Robson Moura,39,academy_name_overlap_only,research_lead,never_publish_as_lineage_without_direct_source,"O ranking da IBJJF associa o atleta à academia ""Nova União""; o acervo possui 39 pessoa(s) com o mesmo nome de academia. Isso não identifica professor nem comprova graduação."
Brenda Silva dos Santos,https://ibjjf.com/athletes/brenda-santos-d6f385100680,De La Riva JJ,female,adult,gi,6,7928,Claudia Doval,1,academy_name_overlap_only,research_lead,never_publish_as_lineage_without_direct_source,"O ranking da IBJJF associa o atleta à academia ""De La Riva JJ""; o acervo possui 1 pessoa(s) com o mesmo nome de academia. Isso não identifica professor nem comprova graduação."
Sa'idah Zeinab Durkee,https://ibjjf.com/athletes/sa-idah-durkee,Team Lloyd Irvin,female,adult,gi,4.5,8141; 10638; 13747; 12940; 8128,Aarae Alexander; Angelo Claiborne; Chris Tran; Cory Walker; Donald Achnick,12,academy_name_overlap_only,research_lead,never_publish_as_lineage_without_direct_source,"O ranking da IBJJF associa o atleta à academia ""Team Lloyd Irvin""; o acervo possui 12 pessoa(s) com o mesmo nome de academia. Isso não identifica professor nem comprova graduação."
Carla Hartenberger,https://ibjjf.com/athletes/carla-hartenberger,Toronto BJJ,female,adult,gi,4.5,8783,Yacinta Nguyen,1,academy_name_overlap_only,research_lead,never_publish_as_lineage_without_direct_source,"O ranking da IBJJF associa o atleta à academia ""Toronto BJJ""; o acervo possui 1 pessoa(s) com o mesmo nome de academia. Isso não identifica professor nem comprova graduação."
Barbara Souza da Silva,https://ibjjf.com/athletes/barbara-silva,GF Team,female,adult,gi,4,203; 8116; 11917; 2035; 9166,Julio Cesar; Dante Leon; Gabriel Marinho; Vitor Henrique; Alexandre Barauna,50,academy_name_overlap_only,research_lead,never_publish_as_lineage_without_direct_source,"O ranking da IBJJF associa o atleta à academia ""GF Team""; o acervo possui 50 pessoa(s) com o mesmo nome de academia. Isso não identifica professor nem comprova graduação."
Camila Fernandes da Silva,https://ibjjf.com/athletes/camila-63900c5d9780,PSLPB Cicero Costha,female,adult,gi,4,1155; 13076; 7704; 6151; 13062,Cicero Costha; Francisco Lo; Helton Jose Junior; Hiago George; Leonardo Mario,5,academy_name_overlap_only,research_lead,never_publish_as_lineage_without_direct_source,"O ranking da IBJJF associa o atleta à academia ""PSLPB Cicero Costha""; o acervo possui 5 pessoa(s) com o mesmo nome de academia. Isso não identifica professor nem comprova graduação."
Stephanie Anne Diniz A. de Souza,https://ibjjf.com/athletes/stephanie-souza,Ns Brotherhood,female,adult,gi,3,1188; 7256,Leandro Lo; Jan Buatim,2,academy_name_overlap_only,research_lead,never_publish_as_lineage_without_direct_source,"O ranking da IBJJF associa o atleta à academia ""Ns Brotherhood""; o acervo possui 2 pessoa(s) com o mesmo nome de academia. Isso não identifica professor nem comprova graduação."
Juliana Campos de Araujo,https://ibjjf.com/athletes/juliana-araujo,Striker JJ,female,adult,gi,3,12277,Pedro Agrizzi,1,academy_name_overlap_only,research_lead,never_publish_as_lineage_without_direct_source,"O ranking da IBJJF associa o atleta à academia ""Striker JJ""; o acervo possui 1 pessoa(s) com o mesmo nome de academia. Isso não identifica professor nem comprova graduação."
Elisa Ribeiro Jacinto,https://ibjjf.com/athletes/elisa-jacinto,Ns Brotherhood,female,adult,gi,3,1188; 7256,Leandro Lo; Jan Buatim,2,academy_name_overlap_only,research_lead,never_publish_as_lineage_without_direct_source,"O ranking da IBJJF associa o atleta à academia ""Ns Brotherhood""; o acervo possui 2 pessoa(s) com o mesmo nome de academia. Isso não identifica professor nem comprova graduação."
Natháli de Lacerda Ristov,https://ibjjf.com/athletes/nathali-ristov,Nova Geração,female,adult,gi,2,714; 311; 1640; 1707; 4481,Francisco Albuquerque; Alexandre Pimentel; Andre Monteiro; Bruno Ferreira; Mauro Ayres,5,academy_name_overlap_only,research_lead,never_publish_as_lineage_without_direct_source,"O ranking da IBJJF associa o atleta à academia ""Nova Geração""; o acervo possui 5 pessoa(s) com o mesmo nome de academia. Isso não identifica professor nem comprova graduação."
Kaida Kiana Dewitt,https://ibjjf.com/athletes/kaida-davis,Team Shawn Hammonds,female,adult,gi,2,9845,Chad Hardy,1,academy_name_overlap_only,research_lead,never_publish_as_lineage_without_direct_source,"O ranking da IBJJF associa o atleta à academia ""Team Shawn Hammonds""; o acervo possui 1 pessoa(s) com o mesmo nome de academia. Isso não identifica professor nem comprova graduação."
Adriele Evelin Silveira Campos,https://ibjjf.com/athletes/adriele-campos,CheckMat,female,adult,gi,2,419; 338; 875; 963; 405,Leonardo Vieira; Ricardo Vieira; Lucas Leite; Carlos Vieira Holanda; Marco Canha,85,academy_name_overlap_only,research_lead,never_publish_as_lineage_without_direct_source,"O ranking da IBJJF associa o atleta à academia ""CheckMat""; o acervo possui 85 pessoa(s) com o mesmo nome de academia. Isso não identifica professor nem comprova graduação."
Lenihayme Kauane da Paixão Silveira,https://ibjjf.com/athletes/lenihayme-silveira,CheckMat,female,adult,gi,2,419; 338; 875; 963; 405,Leonardo Vieira; Ricardo Vieira; Lucas Leite; Carlos Vieira Holanda; Marco Canha,85,academy_name_overlap_only,research_lead,never_publish_as_lineage_without_direct_source,"O ranking da IBJJF associa o atleta à academia ""CheckMat""; o acervo possui 85 pessoa(s) com o mesmo nome de academia. Isso não identifica professor nem comprova graduação."
Letícia  Wambier,https://ibjjf.com/athletes/leticia-wambier,Striker JJ,female,adult,gi,1,12277,Pedro Agrizzi,1,academy_name_overlap_only,research_lead,never_publish_as_lineage_without_direct_source,"O ranking da IBJJF associa o atleta à academia ""Striker JJ""; o acervo possui 1 pessoa(s) com o mesmo nome de academia. Isso não identifica professor nem comprova graduação."
Caitlin Huggins,https://ibjjf.com/athletes/caitlin-huggins,Pedigo Submission Fighting,female,adult,gi,1,11359; 11808,Heath Pedigo; Andrew Wiltse,2,academy_name_overlap_only,research_lead,never_publish_as_lineage_without_direct_source,"O ranking da IBJJF associa o atleta à academia ""Pedigo Submission Fighting""; o acervo possui 2 pessoa(s) com o mesmo nome de academia. Isso não identifica professor nem comprova graduação."
Giovana Soares da Costa,https://ibjjf.com/athletes/giovana-costa,GF Team,female,adult,gi,1,203; 8116; 11917; 2035; 9166,Julio Cesar; Dante Leon; Gabriel Marinho; Vitor Henrique; Alexandre Barauna,50,academy_name_overlap_only,research_lead,never_publish_as_lineage_without_direct_source,"O ranking da IBJJF associa o atleta à academia ""GF Team""; o acervo possui 50 pessoa(s) com o mesmo nome de academia. Isso não identifica professor nem comprova graduação."
Cristina de Almeida Castilho,https://ibjjf.com/athletes/cristina-castilho,PSLPB Cicero Costha,female,master1,gi,116.5,1155; 13076; 7704; 6151; 13062,Cicero Costha; Francisco Lo; Helton Jose Junior; Hiago George; Leonardo Mario,5,academy_name_overlap_only,research_lead,never_publish_as_lineage_without_direct_source,"O ranking da IBJJF associa o atleta à academia ""PSLPB Cicero Costha""; o acervo possui 5 pessoa(s) com o mesmo nome de academia. Isso não identifica professor nem comprova graduação."
Milene Caroline Cruz Silva,https://ibjjf.com/athletes/milene-silva,CheckMat,female,master1,gi,114.0,419; 338; 875; 963; 405,Leonardo Vieira; Ricardo Vieira; Lucas Leite; Carlos Vieira Holanda; Marco Canha,85,academy_name_overlap_only,research_lead,never_publish_as_lineage_without_direct_source,"O ranking da IBJJF associa o atleta à academia ""CheckMat""; o acervo possui 85 pessoa(s) com o mesmo nome de academia. Isso não identifica professor nem comprova graduação."
Keila Grace Gomes Diré Rosa,https://ibjjf.com/athletes/keila-rosa,GF Team,female,master1,gi,72,203; 8116; 11917; 2035; 9166,Julio Cesar; Dante Leon; Gabriel Marinho; Vitor Henrique; Alexandre Barauna,50,academy_name_overlap_only,research_lead,never_publish_as_lineage_without_direct_source,"O ranking da IBJJF associa o atleta à academia ""GF Team""; o acervo possui 50 pessoa(s) com o mesmo nome de academia. Isso não identifica professor nem comprova graduação."
Karen Danielle de Sousa Carvalho,https://ibjjf.com/athletes/karen-carvalho,Academia Marangoni,female,master1,gi,67.5,7698,Gabriel Marangoni,1,academy_name_overlap_only,research_lead,never_publish_as_lineage_without_direct_source,"O ranking da IBJJF associa o atleta à academia ""Academia Marangoni""; o acervo possui 1 pessoa(s) com o mesmo nome de academia. Isso não identifica professor nem comprova graduação."
Jessica Guedes Falcao,https://ibjjf.com/athletes/jessica-falcao,PSLPB Cicero Costha,female,master1,gi,47.5,1155; 13076; 7704; 6151; 13062,Cicero Costha; Francisco Lo; Helton Jose Junior; Hiago George; Leonardo Mario,5,academy_name_overlap_only,research_lead,never_publish_as_lineage_without_direct_source,"O ranking da IBJJF associa o atleta à academia ""PSLPB Cicero Costha""; o acervo possui 5 pessoa(s) com o mesmo nome de academia. Isso não identifica professor nem comprova graduação."
Silvia Scomparin,https://ibjjf.com/athletes/silvia-scomparin,Jungle BJJ,female,master1,gi,43.5,10318,Eldar Rafigaev,1,academy_name_overlap_only,research_lead,never_publish_as_lineage_without_direct_source,"O ranking da IBJJF associa o atleta à academia ""Jungle BJJ""; o acervo possui 1 pessoa(s) com o mesmo nome de academia. Isso não identifica professor nem comprova graduação."
Liliane dos Reis Lima Damasceno,https://ibjjf.com/athletes/liliane-lima,De La Riva JJ,female,master1,gi,40.5,7928,Claudia Doval,1,academy_name_overlap_only,research_lead,never_publish_as_lineage_without_direct_source,"O ranking da IBJJF associa o atleta à academia ""De La Riva JJ""; o acervo possui 1 pessoa(s) com o mesmo nome de academia. Isso não identifica professor nem comprova graduação."
Caroline Louise Kinnane,https://ibjjf.com/athletes/caroline-kinnane,Roger Gracie Academy,female,master1,gi,36,6209; 9261,Felipe Mota; Ross Nicholls,2,academy_name_overlap_only,research_lead,never_publish_as_lineage_without_direct_source,"O ranking da IBJJF associa o atleta à academia ""Roger Gracie Academy""; o acervo possui 2 pessoa(s) com o mesmo nome de academia. Isso não identifica professor nem comprova graduação."
Yana Alice da Camara Gadelha,https://ibjjf.com/athletes/yana-gadelha,Nova União,female,master1,gi,36,78; 634; 6756; 4334; 195,Andre Pederneiras; Wendell Alexander; Rodrigo Silva; Andre da Silva; Robson Moura,39,academy_name_overlap_only,research_lead,never_publish_as_lineage_without_direct_source,"O ranking da IBJJF associa o atleta à academia ""Nova União""; o acervo possui 39 pessoa(s) com o mesmo nome de academia. Isso não identifica professor nem comprova graduação."
Jaehee Lee,https://ibjjf.com/athletes/jaehee-lee-097e396d9ec5,John Frankl Jiu-Jitsu,female,master1,gi,27,8842,Wanki Chae,1,academy_name_overlap_only,research_lead,never_publish_as_lineage_without_direct_source,"O ranking da IBJJF associa o atleta à academia ""John Frankl Jiu-Jitsu""; o acervo possui 1 pessoa(s) com o mesmo nome de academia. Isso não identifica professor nem comprova graduação."
Luana Silva de Carvalho,https://ibjjf.com/athletes/luana-carvalho-9ccf5c10845d,Gracie Humaita,female,master1,gi,22.5,515; 903; 1445; 613; 6339,Royler Gracie; Leticia Ribeiro; Rolker Gracie; Wellington Dias; Admilson Brites,34,academy_name_overlap_only,research_lead,never_publish_as_lineage_without_direct_source,"O ranking da IBJJF associa o atleta à academia ""Gracie Humaita""; o acervo possui 34 pessoa(s) com o mesmo nome de academia. Isso não identifica professor nem comprova graduação."
Yacinta Xuan Selaj,https://ibjjf.com/athletes/yacinta-nguyen-huu,Toronto BJJ,female,master1,gi,21,8783,Yacinta Nguyen,1,academy_name_overlap_only,research_lead,never_publish_as_lineage_without_direct_source,"O ranking da IBJJF associa o atleta à academia ""Toronto BJJ""; o acervo possui 1 pessoa(s) com o mesmo nome de academia. Isso não identifica professor nem comprova graduação."
Devin Leah Topping,https://ibjjf.com/athletes/devin-topping,Roberto Traven BJJ,female,master1,gi,17.5,7079,Carlos Farias,1,academy_name_overlap_only,research_lead,never_publish_as_lineage_without_direct_source,"O ranking da IBJJF associa o atleta à academia ""Roberto Traven BJJ""; o acervo possui 1 pessoa(s) com o mesmo nome de academia. Isso não identifica professor nem comprova graduação."
Rafaela Fernandes Servidone,https://ibjjf.com/athletes/rafaela-servidone,PSLPB Cicero Costha,female,master1,gi,15.0,1155; 13076; 7704; 6151; 13062,Cicero Costha; Francisco Lo; Helton Jose Junior; Hiago George; Leonardo Mario,5,academy_name_overlap_only,research_lead,never_publish_as_lineage_without_direct_source,"O ranking da IBJJF associa o atleta à academia ""PSLPB Cicero Costha""; o acervo possui 5 pessoa(s) com o mesmo nome de academia. Isso não identifica professor nem comprova graduação."
Luana Cristina Sadala Pinto,https://ibjjf.com/athletes/luana-pinto,GF Team,female,master1,gi,13.5,203; 8116; 11917; 2035; 9166,Julio Cesar; Dante Leon; Gabriel Marinho; Vitor Henrique; Alexandre Barauna,50,academy_name_overlap_only,research_lead,never_publish_as_lineage_without_direct_source,"O ranking da IBJJF associa o atleta à academia ""GF Team""; o acervo possui 50 pessoa(s) com o mesmo nome de academia. Isso não identifica professor nem comprova graduação."
Thayse de Moura Ribas,https://ibjjf.com/athletes/thayse-ribas,CheckMat,female,master1,gi,12,419; 338; 875; 963; 405,Leonardo Vieira; Ricardo Vieira; Lucas Leite; Carlos Vieira Holanda; Marco Canha,85,academy_name_overlap_only,research_lead,never_publish_as_lineage_without_direct_source,"O ranking da IBJJF associa o atleta à academia ""CheckMat""; o acervo possui 85 pessoa(s) com o mesmo nome de academia. Isso não identifica professor nem comprova graduação."
Ana Maria Capella Rosa,https://ibjjf.com/athletes/ana-rosa,GF Team,female,master1,gi,12,203; 8116; 11917; 2035; 9166,Julio Cesar; Dante Leon; Gabriel Marinho; Vitor Henrique; Alexandre Barauna,50,academy_name_overlap_only,research_lead,never_publish_as_lineage_without_direct_source,"O ranking da IBJJF associa o atleta à academia ""GF Team""; o acervo possui 50 pessoa(s) com o mesmo nome de academia. Isso não identifica professor nem comprova graduação."
Ni Ni Vicky Hoang,https://ibjjf.com/athletes/ni-hoang,Toronto BJJ,female,master1,gi,12,8783,Yacinta Nguyen,1,academy_name_overlap_only,research_lead,never_publish_as_lineage_without_direct_source,"O ranking da IBJJF associa o atleta à academia ""Toronto BJJ""; o acervo possui 1 pessoa(s) com o mesmo nome de academia. Isso não identifica professor nem comprova graduação."
Silvania Maria Monteiro,https://ibjjf.com/athletes/silvania-monteiro,De La Riva JJ,female,master1,gi,12,7928,Claudia Doval,1,academy_name_overlap_only,research_lead,never_publish_as_lineage_without_direct_source,"O ranking da IBJJF associa o atleta à academia ""De La Riva JJ""; o acervo possui 1 pessoa(s) com o mesmo nome de academia. Isso não identifica professor nem comprova graduação."
Bruna Eduarda de Souza Rodrigues,https://ibjjf.com/athletes/bruna-rodrigues,Lotus Club,female,master1,gi,12,14205,Alexandre Manara,1,academy_name_overlap_only,research_lead,never_publish_as_lineage_without_direct_source,"O ranking da IBJJF associa o atleta à academia ""Lotus Club""; o acervo possui 1 pessoa(s) com o mesmo nome de academia. Isso não identifica professor nem comprova graduação."
Gursharn Kaur Gill,https://ibjjf.com/athletes/gursharn-gill,Toronto BJJ,female,master1,gi,10.5,8783,Yacinta Nguyen,1,academy_name_overlap_only,research_lead,never_publish_as_lineage_without_direct_source,"O ranking da IBJJF associa o atleta à academia ""Toronto BJJ""; o acervo possui 1 pessoa(s) com o mesmo nome de academia. Isso não identifica professor nem comprova graduação."
Joana Santos de Santana,https://ibjjf.com/athletes/joana-santana,CheckMat,female,master1,gi,9,419; 338; 875; 963; 405,Leonardo Vieira; Ricardo Vieira; Lucas Leite; Carlos Vieira Holanda; Marco Canha,85,academy_name_overlap_only,research_lead,never_publish_as_lineage_without_direct_source,"O ranking da IBJJF associa o atleta à academia ""CheckMat""; o acervo possui 85 pessoa(s) com o mesmo nome de academia. Isso não identifica professor nem comprova graduação."
Bridget Grace Mceliece,https://ibjjf.com/athletes/bridget-mceliece,Renzo Gracie Academy,female,master1,gi,7,10000; 5649; 7442; 9760; 5617,Doug Pelinkovic; Gary Tonon; Edward Cummings; Frank Rosenthal; Jamie Cruz,10,academy_name_overlap_only,research_lead,never_publish_as_lineage_without_direct_source,"O ranking da IBJJF associa o atleta à academia ""Renzo Gracie Academy""; o acervo possui 10 pessoa(s) com o mesmo nome de academia. Isso não identifica professor nem comprova graduação."
Anna Carolina Negri,https://ibjjf.com/athletes/anna-negri,The Match Champ,female,master1,gi,6,12201,Maria Eduarda Tozoni,1,academy_name_overlap_only,research_lead,never_publish_as_lineage_without_direct_source,"O ranking da IBJJF associa o atleta à academia ""The Match Champ""; o acervo possui 1 pessoa(s) com o mesmo nome de academia. Isso não identifica professor nem comprova graduação."
Ane Santos de Oliveira,https://ibjjf.com/athletes/ane-oliveira,CheckMat,female,master1,gi,5.0,419; 338; 875; 963; 405,Leonardo Vieira; Ricardo Vieira; Lucas Leite; Carlos Vieira Holanda; Marco Canha,85,academy_name_overlap_only,research_lead,never_publish_as_lineage_without_direct_source,"O ranking da IBJJF associa o atleta à academia ""CheckMat""; o acervo possui 85 pessoa(s) com o mesmo nome de academia. Isso não identifica professor nem comprova graduação."
Leidiane Maia Reges,https://ibjjf.com/athletes/leidiane-reges,CheckMat,female,master1,gi,4.5,419; 338; 875; 963; 405,Leonardo Vieira; Ricardo Vieira; Lucas Leite; Carlos Vieira Holanda; Marco Canha,85,academy_name_overlap_only,research_lead,never_publish_as_lineage_without_direct_source,"O ranking da IBJJF associa o atleta à academia ""CheckMat""; o acervo possui 85 pessoa(s) com o mesmo nome de academia. Isso não identifica professor nem comprova graduação."
Jéssica Santos Victorino,https://ibjjf.com/athletes/jessica-victorino,Top Brother,female,master1,gi,4,2512; 1386,Cezar Guimarães; Davi Ramos,2,academy_name_overlap_only,research_lead,never_publish_as_lineage_without_direct_source,"O ranking da IBJJF associa o atleta à academia ""Top Brother""; o acervo possui 2 pessoa(s) com o mesmo nome de academia. Isso não identifica professor nem comprova graduação."
Camila Becker Lopes,https://ibjjf.com/athletes/camila-lopes,The Match Champ,female,master1,gi,3,12201,Maria Eduarda Tozoni,1,academy_name_overlap_only,research_lead,never_publish_as_lineage_without_direct_source,"O ranking da IBJJF associa o atleta à academia ""The Match Champ""; o acervo possui 1 pessoa(s) com o mesmo nome de academia. Isso não identifica professor nem comprova graduação."
Jossimara Azevedo Braga,https://ibjjf.com/athletes/jossimara-braga,Brazilian Top Team,female,master1,gi,2,627; 8409; 249; 232; 1675,Murilo Bustamante; Ricardo Marques; Anderson Pereira; Jose Mario Sperry; Luis Roberto Duarte,6,academy_name_overlap_only,research_lead,never_publish_as_lineage_without_direct_source,"O ranking da IBJJF associa o atleta à academia ""Brazilian Top Team""; o acervo possui 6 pessoa(s) com o mesmo nome de academia. Isso não identifica professor nem comprova graduação."
Simona Rinkova,https://ibjjf.com/athletes/simona-rinkova,Jungle BJJ,female,master1,gi,2,10318,Eldar Rafigaev,1,academy_name_overlap_only,research_lead,never_publish_as_lineage_without_direct_source,"O ranking da IBJJF associa o atleta à academia ""Jungle BJJ""; o acervo possui 1 pessoa(s) com o mesmo nome de academia. Isso não identifica professor nem comprova graduação."
Aline Santos Costa,https://ibjjf.com/athletes/aline-costa,Ns Brotherhood,female,master1,gi,2,1188; 7256,Leandro Lo; Jan Buatim,2,academy_name_overlap_only,research_lead,never_publish_as_lineage_without_direct_source,"O ranking da IBJJF associa o atleta à academia ""Ns Brotherhood""; o acervo possui 2 pessoa(s) com o mesmo nome de academia. Isso não identifica professor nem comprova graduação."
Denise Yoshimura,https://ibjjf.com/athletes/denise-yoshimura,Lotus Club,female,master2,gi,303,14205,Alexandre Manara,1,academy_name_overlap_only,research_lead,never_publish_as_lineage_without_direct_source,"O ranking da IBJJF associa o atleta à academia ""Lotus Club""; o acervo possui 1 pessoa(s) com o mesmo nome de academia. Isso não identifica professor nem comprova graduação."
Lysandra Karine Almeida de Sousa,https://ibjjf.com/athletes/lysandra-sousa,Nova União,female,master2,gi,260.0,78; 634; 6756; 4334; 195,Andre Pederneiras; Wendell Alexander; Rodrigo Silva; Andre da Silva; Robson Moura,39,academy_name_overlap_only,research_lead,never_publish_as_lineage_without_direct_source,"O ranking da IBJJF associa o atleta à academia ""Nova União""; o acervo possui 39 pessoa(s) com o mesmo nome de academia. Isso não identifica professor nem comprova graduação."
Ruthe Ten Caten,https://ibjjf.com/athletes/ruthe-caten,Nova União,female,master2,gi,115.5,78; 634; 6756; 4334; 195,Andre Pederneiras; Wendell Alexander; Rodrigo Silva; Andre da Silva; Robson Moura,39,academy_name_overlap_only,research_lead,never_publish_as_lineage_without_direct_source,"O ranking da IBJJF associa o atleta à academia ""Nova União""; o acervo possui 39 pessoa(s) com o mesmo nome de academia. Isso não identifica professor nem comprova graduação."
Dayana da Silva Santos,https://ibjjf.com/athletes/dayana-santos,Nova União,female,master2,gi,108,78; 634; 6756; 4334; 195,Andre Pederneiras; Wendell Alexander; Rodrigo Silva; Andre da Silva; Robson Moura,39,academy_name_overlap_only,research_lead,never_publish_as_lineage_without_direct_source,"O ranking da IBJJF associa o atleta à academia ""Nova União""; o acervo possui 39 pessoa(s) com o mesmo nome de academia. Isso não identifica professor nem comprova graduação."
Ginger K. Hines,https://ibjjf.com/athletes/ginger-hines,Roberto Traven BJJ,female,master2,gi,75.0,7079,Carlos Farias,1,academy_name_overlap_only,research_lead,never_publish_as_lineage_without_direct_source,"O ranking da IBJJF associa o atleta à academia ""Roberto Traven BJJ""; o acervo possui 1 pessoa(s) com o mesmo nome de academia. Isso não identifica professor nem comprova graduação."
Ariana Cristina Cherin Gonçalves,https://ibjjf.com/athletes/ariana-goncalves,Rio Grappling Club,female,master2,gi,70,960; 535,Mauro Chueng; Roberto Atalla,2,academy_name_overlap_only,research_lead,never_publish_as_lineage_without_direct_source,"O ranking da IBJJF associa o atleta à academia ""Rio Grappling Club""; o acervo possui 2 pessoa(s) com o mesmo nome de academia. Isso não identifica professor nem comprova graduação."
Julia Aide Avila Shumate,https://ibjjf.com/athletes/julia-avila,Combat Base,female,master2,gi,69.0,5858,Chris Haueter,1,academy_name_overlap_only,research_lead,never_publish_as_lineage_without_direct_source,"O ranking da IBJJF associa o atleta à academia ""Combat Base""; o acervo possui 1 pessoa(s) com o mesmo nome de academia. Isso não identifica professor nem comprova graduação."
Ann Christine Dempsey,https://ibjjf.com/athletes/ann-dempsey,Bjj Conquest,female,master2,gi,67.5,7732,Vicente Junior,1,academy_name_overlap_only,research_lead,never_publish_as_lineage_without_direct_source,"O ranking da IBJJF associa o atleta à academia ""Bjj Conquest""; o acervo possui 1 pessoa(s) com o mesmo nome de academia. Isso não identifica professor nem comprova graduação."
Michelle Moreira Schulz Silva,https://ibjjf.com/athletes/michelle-silva-76ebdd65399b,GF Team,female,master2,gi,67.5,203; 8116; 11917; 2035; 9166,Julio Cesar; Dante Leon; Gabriel Marinho; Vitor Henrique; Alexandre Barauna,50,academy_name_overlap_only,research_lead,never_publish_as_lineage_without_direct_source,"O ranking da IBJJF associa o atleta à academia ""GF Team""; o acervo possui 50 pessoa(s) com o mesmo nome de academia. Isso não identifica professor nem comprova graduação."
Carla Barbosa Queiroz Leal,https://ibjjf.com/athletes/carla-leal,GF Team,female,master2,gi,63.0,203; 8116; 11917; 2035; 9166,Julio Cesar; Dante Leon; Gabriel Marinho; Vitor Henrique; Alexandre Barauna,50,academy_name_overlap_only,research_lead,never_publish_as_lineage_without_direct_source,"O ranking da IBJJF associa o atleta à academia ""GF Team""; o acervo possui 50 pessoa(s) com o mesmo nome de academia. Isso não identifica professor nem comprova graduação."
Gessica Rodrigues Fong Nien,https://ibjjf.com/athletes/gessica-nien,CheckMat,female,master2,gi,49.5,419; 338; 875; 963; 405,Leonardo Vieira; Ricardo Vieira; Lucas Leite; Carlos Vieira Holanda; Marco Canha,85,academy_name_overlap_only,research_lead,never_publish_as_lineage_without_direct_source,"O ranking da IBJJF associa o atleta à academia ""CheckMat""; o acervo possui 85 pessoa(s) com o mesmo nome de academia. Isso não identifica professor nem comprova graduação."
Juliana Alves Almeida,https://ibjjf.com/athletes/juliana-almeida-ab40d2f6e8d6,CheckMat,female,master2,gi,48,419; 338; 875; 963; 405,Leonardo Vieira; Ricardo Vieira; Lucas Leite; Carlos Vieira Holanda; Marco Canha,85,academy_name_overlap_only,research_lead,never_publish_as_lineage_without_direct_source,"O ranking da IBJJF associa o atleta à academia ""CheckMat""; o acervo possui 85 pessoa(s) com o mesmo nome de academia. Isso não identifica professor nem comprova graduação."
Patrícia Aviloff Zago da Cunha,https://ibjjf.com/athletes/patricia-cunha,The Match Champ,female,master2,gi,48,12201,Maria Eduarda Tozoni,1,academy_name_overlap_only,research_lead,never_publish_as_lineage_without_direct_source,"O ranking da IBJJF associa o atleta à academia ""The Match Champ""; o acervo possui 1 pessoa(s) com o mesmo nome de academia. Isso não identifica professor nem comprova graduação."
Nicholle Michele Stoller,https://ibjjf.com/athletes/nicholle-stoller,Team Shawn Hammonds,female,master2,gi,37.5,9845,Chad Hardy,1,academy_name_overlap_only,research_lead,never_publish_as_lineage_without_direct_source,"O ranking da IBJJF associa o atleta à academia ""Team Shawn Hammonds""; o acervo possui 1 pessoa(s) com o mesmo nome de academia. Isso não identifica professor nem comprova graduação."
Michelle Zonato Nicolini,https://ibjjf.com/athletes/michelle-nicolini,Demian Maia Jiu-Jitsu,female,master2,gi,36,7103,Wagner Mota,1,academy_name_overlap_only,research_lead,never_publish_as_lineage_without_direct_source,"O ranking da IBJJF associa o atleta à academia ""Demian Maia Jiu-Jitsu""; o acervo possui 1 pessoa(s) com o mesmo nome de academia. Isso não identifica professor nem comprova graduação."
Arantzazu Pérez Romero,https://ibjjf.com/athletes/arantzazu-perez,CFC Team,female,master2,gi,36,9697,Sergio Calderon,1,academy_name_overlap_only,research_lead,never_publish_as_lineage_without_direct_source,"O ranking da IBJJF associa o atleta à academia ""CFC Team""; o acervo possui 1 pessoa(s) com o mesmo nome de academia. Isso não identifica professor nem comprova graduação."
Bárbara Maria de Brito,https://ibjjf.com/athletes/barbara-brito,PSLPB Cicero Costha,female,master2,gi,36,1155; 13076; 7704; 6151; 13062,Cicero Costha; Francisco Lo; Helton Jose Junior; Hiago George; Leonardo Mario,5,academy_name_overlap_only,research_lead,never_publish_as_lineage_without_direct_source,"O ranking da IBJJF associa o atleta à academia ""PSLPB Cicero Costha""; o acervo possui 5 pessoa(s) com o mesmo nome de academia. Isso não identifica professor nem comprova graduação."
Daniella Vieira da Silva,https://ibjjf.com/athletes/daniella-silva,GF Team,female,master2,gi,33.5,203; 8116; 11917; 2035; 9166,Julio Cesar; Dante Leon; Gabriel Marinho; Vitor Henrique; Alexandre Barauna,50,academy_name_overlap_only,research_lead,never_publish_as_lineage_without_direct_source,"O ranking da IBJJF associa o atleta à academia ""GF Team""; o acervo possui 50 pessoa(s) com o mesmo nome de academia. Isso não identifica professor nem comprova graduação."
Viviane Cristina de Almeida Teixeira,https://ibjjf.com/athletes/viviane-teixeira,Brazilian Top Team,female,master2,gi,33,627; 8409; 249; 232; 1675,Murilo Bustamante; Ricardo Marques; Anderson Pereira; Jose Mario Sperry; Luis Roberto Duarte,6,academy_name_overlap_only,research_lead,never_publish_as_lineage_without_direct_source,"O ranking da IBJJF associa o atleta à academia ""Brazilian Top Team""; o acervo possui 6 pessoa(s) com o mesmo nome de academia. Isso não identifica professor nem comprova graduação."
Ana Paula  Cardoso do Nascimento,https://ibjjf.com/athletes/ana-nascimento,Fight Sports,female,master2,gi,22,224; 11384; 12178; 13473; 13031,Roberto Abreu; Andre Porfirio; Joao Costa; Kauane Silva; Lucas Lisboa,12,academy_name_overlap_only,research_lead,never_publish_as_lineage_without_direct_source,"O ranking da IBJJF associa o atleta à academia ""Fight Sports""; o acervo possui 12 pessoa(s) com o mesmo nome de academia. Isso não identifica professor nem comprova graduação."
Isabelle Costa Santos,https://ibjjf.com/athletes/isabelle-santos,GF Team,female,master2,gi,21,203; 8116; 11917; 2035; 9166,Julio Cesar; Dante Leon; Gabriel Marinho; Vitor Henrique; Alexandre Barauna,50,academy_name_overlap_only,research_lead,never_publish_as_lineage_without_direct_source,"O ranking da IBJJF associa o atleta à academia ""GF Team""; o acervo possui 50 pessoa(s) com o mesmo nome de academia. Isso não identifica professor nem comprova graduação."
Eseta L. Reupenny,https://ibjjf.com/athletes/eseta-reupenny,Relson Gracie,female,master2,gi,15,453,Daniel Moraes,1,academy_name_overlap_only,research_lead,never_publish_as_lineage_without_direct_source,"O ranking da IBJJF associa o atleta à academia ""Relson Gracie""; o acervo possui 1 pessoa(s) com o mesmo nome de academia. Isso não identifica professor nem comprova graduação."
Tácia Eloah Silva de Moraes,https://ibjjf.com/athletes/tacia-moraes,GF Team,female,master2,gi,15,203; 8116; 11917; 2035; 9166,Julio Cesar; Dante Leon; Gabriel Marinho; Vitor Henrique; Alexandre Barauna,50,academy_name_overlap_only,research_lead,never_publish_as_lineage_without_direct_source,"O ranking da IBJJF associa o atleta à academia ""GF Team""; o acervo possui 50 pessoa(s) com o mesmo nome de academia. Isso não identifica professor nem comprova graduação."
Adriana Pereira de Moraes,https://ibjjf.com/athletes/adriana-moraes-a4488db5fa55,CheckMat,female,master2,gi,12,419; 338; 875; 963; 405,Leonardo Vieira; Ricardo Vieira; Lucas Leite; Carlos Vieira Holanda; Marco Canha,85,academy_name_overlap_only,research_lead,never_publish_as_lineage_without_direct_source,"O ranking da IBJJF associa o atleta à academia ""CheckMat""; o acervo possui 85 pessoa(s) com o mesmo nome de academia. Isso não identifica professor nem comprova graduação."
Suzanne Sable Beall,https://ibjjf.com/athletes/suzanne-beall,Big Brothers,female,master3,gi,178.5,6403,Leonardo Dalla,1,academy_name_overlap_only,research_lead,never_publish_as_lineage_without_direct_source,"O ranking da IBJJF associa o atleta à academia ""Big Brothers""; o acervo possui 1 pessoa(s) com o mesmo nome de academia. Isso não identifica professor nem comprova graduação."
Pryscilla Aparecida de Macedo,https://ibjjf.com/athletes/pryscilla-macedo,Ns Brotherhood,female,master3,gi,175.5,1188; 7256,Leandro Lo; Jan Buatim,2,academy_name_overlap_only,research_lead,never_publish_as_lineage_without_direct_source,"O ranking da IBJJF associa o atleta à academia ""Ns Brotherhood""; o acervo possui 2 pessoa(s) com o mesmo nome de academia. Isso não identifica professor nem comprova graduação."
Ana Paula Simão Martini,https://ibjjf.com/athletes/ana-martini,CheckMat,female,master3,gi,156.0,419; 338; 875; 963; 405,Leonardo Vieira; Ricardo Vieira; Lucas Leite; Carlos Vieira Holanda; Marco Canha,85,academy_name_overlap_only,research_lead,never_publish_as_lineage_without_direct_source,"O ranking da IBJJF associa o atleta à academia ""CheckMat""; o acervo possui 85 pessoa(s) com o mesmo nome de academia. Isso não identifica professor nem comprova graduação."
Shavonne Denise Guthrie,https://ibjjf.com/athletes/shavonne-guthrie,Bjj Conquest,female,master3,gi,102.0,7732,Vicente Junior,1,academy_name_overlap_only,research_lead,never_publish_as_lineage_without_direct_source,"O ranking da IBJJF associa o atleta à academia ""Bjj Conquest""; o acervo possui 1 pessoa(s) com o mesmo nome de academia. Isso não identifica professor nem comprova graduação."
Luana Guterres Allan,https://ibjjf.com/athletes/luana-allan,GF Team,female,master3,gi,54.0,203; 8116; 11917; 2035; 9166,Julio Cesar; Dante Leon; Gabriel Marinho; Vitor Henrique; Alexandre Barauna,50,academy_name_overlap_only,research_lead,never_publish_as_lineage_without_direct_source,"O ranking da IBJJF associa o atleta à academia ""GF Team""; o acervo possui 50 pessoa(s) com o mesmo nome de academia. Isso não identifica professor nem comprova graduação."
Maria Amelia Ralio Higinio,https://ibjjf.com/athletes/maria-higinio,GF Team,female,master3,gi,51.0,203; 8116; 11917; 2035; 9166,Julio Cesar; Dante Leon; Gabriel Marinho; Vitor Henrique; Alexandre Barauna,50,academy_name_overlap_only,research_lead,never_publish_as_lineage_without_direct_source,"O ranking da IBJJF associa o atleta à academia ""GF Team""; o acervo possui 50 pessoa(s) com o mesmo nome de academia. Isso não identifica professor nem comprova graduação."
Daniely de Castro Elias,https://ibjjf.com/athletes/daniely-elias,Ns Brotherhood,female,master3,gi,45,1188; 7256,Leandro Lo; Jan Buatim,2,academy_name_overlap_only,research_lead,never_publish_as_lineage_without_direct_source,"O ranking da IBJJF associa o atleta à academia ""Ns Brotherhood""; o acervo possui 2 pessoa(s) com o mesmo nome de academia. Isso não identifica professor nem comprova graduação."
Mariana Vieira Dias,https://ibjjf.com/athletes/mariana-vieira,Fight Sports,female,master3,gi,36,224; 11384; 12178; 13473; 13031,Roberto Abreu; Andre Porfirio; Joao Costa; Kauane Silva; Lucas Lisboa,12,academy_name_overlap_only,research_lead,never_publish_as_lineage_without_direct_source,"O ranking da IBJJF associa o atleta à academia ""Fight Sports""; o acervo possui 12 pessoa(s) com o mesmo nome de academia. Isso não identifica professor nem comprova graduação."
Lana Vy Rickey,https://ibjjf.com/athletes/lana-rickey,Renzo Gracie Academy,female,master3,gi,31.5,10000; 5649; 7442; 9760; 5617,Doug Pelinkovic; Gary Tonon; Edward Cummings; Frank Rosenthal; Jamie Cruz,10,academy_name_overlap_only,research_lead,never_publish_as_lineage_without_direct_source,"O ranking da IBJJF associa o atleta à academia ""Renzo Gracie Academy""; o acervo possui 10 pessoa(s) com o mesmo nome de academia. Isso não identifica professor nem comprova graduação."
Roberta Tardelle de Oliveira,https://ibjjf.com/athletes/roberta-oliveira-ad98e0a940f3,GF Team,female,master3,gi,27.0,203; 8116; 11917; 2035; 9166,Julio Cesar; Dante Leon; Gabriel Marinho; Vitor Henrique; Alexandre Barauna,50,academy_name_overlap_only,research_lead,never_publish_as_lineage_without_direct_source,"O ranking da IBJJF associa o atleta à academia ""GF Team""; o acervo possui 50 pessoa(s) com o mesmo nome de academia. Isso não identifica professor nem comprova graduação."
Fiona Ko,https://ibjjf.com/athletes/fiona-ko,AOJ,female,master3,gi,21,415; 179; 13326; 12554; 11690,Guilherme Mendes; Rafael Mendes; Hiryu Niwa; Iasmin Casser; Jessa Khan,10,academy_name_overlap_only,research_lead,never_publish_as_lineage_without_direct_source,"O ranking da IBJJF associa o atleta à academia ""AOJ""; o acervo possui 10 pessoa(s) com o mesmo nome de academia. Isso não identifica professor nem comprova graduação."
Carly Ann DuCharme,https://ibjjf.com/athletes/carly-ducharme,Renzo Gracie Academy,female,master3,gi,18,10000; 5649; 7442; 9760; 5617,Doug Pelinkovic; Gary Tonon; Edward Cummings; Frank Rosenthal; Jamie Cruz,10,academy_name_overlap_only,research_lead,never_publish_as_lineage_without_direct_source,"O ranking da IBJJF associa o atleta à academia ""Renzo Gracie Academy""; o acervo possui 10 pessoa(s) com o mesmo nome de academia. Isso não identifica professor nem comprova graduação."
Marcela Giantomassi Aguiar,https://ibjjf.com/athletes/marcela-aguiar,Nova União,female,master3,gi,12,78; 634; 6756; 4334; 195,Andre Pederneiras; Wendell Alexander; Rodrigo Silva; Andre da Silva; Robson Moura,39,academy_name_overlap_only,research_lead,never_publish_as_lineage_without_direct_source,"O ranking da IBJJF associa o atleta à academia ""Nova União""; o acervo possui 39 pessoa(s) com o mesmo nome de academia. Isso não identifica professor nem comprova graduação."
Valquiria Toledo Marinho,https://ibjjf.com/athletes/valquiria-marinho,CheckMat,female,master3,gi,12,419; 338; 875; 963; 405,Leonardo Vieira; Ricardo Vieira; Lucas Leite; Carlos Vieira Holanda; Marco Canha,85,academy_name_overlap_only,research_lead,never_publish_as_lineage_without_direct_source,"O ranking da IBJJF associa o atleta à academia ""CheckMat""; o acervo possui 85 pessoa(s) com o mesmo nome de academia. Isso não identifica professor nem comprova graduação."
Carina Paganini Damm,https://ibjjf.com/athletes/carina-damm,American Top Team,female,master3,gi,4,591; 1716; 975; 1713; 3479,Ricardo Liborio; Andre Almeida; Jonatas Gurgel; Fabiano Silva; Gezary Matuda,7,academy_name_overlap_only,research_lead,never_publish_as_lineage_without_direct_source,"O ranking da IBJJF associa o atleta à academia ""American Top Team""; o acervo possui 7 pessoa(s) com o mesmo nome de academia. Isso não identifica professor nem comprova graduação."
Marilucia Alves Quaresma,https://ibjjf.com/athletes/marilucia-quaresma,De La Riva JJ,female,master3,gi,4,7928,Claudia Doval,1,academy_name_overlap_only,research_lead,never_publish_as_lineage_without_direct_source,"O ranking da IBJJF associa o atleta à academia ""De La Riva JJ""; o acervo possui 1 pessoa(s) com o mesmo nome de academia. Isso não identifica professor nem comprova graduação."
Carolina Vianna Guimarães Barros,https://ibjjf.com/athletes/carolina-barros,GF Team,female,master3,gi,4,203; 8116; 11917; 2035; 9166,Julio Cesar; Dante Leon; Gabriel Marinho; Vitor Henrique; Alexandre Barauna,50,academy_name_overlap_only,research_lead,never_publish_as_lineage_without_direct_source,"O ranking da IBJJF associa o atleta à academia ""GF Team""; o acervo possui 50 pessoa(s) com o mesmo nome de academia. Isso não identifica professor nem comprova graduação."
Casey A. OBrien,https://ibjjf.com/athletes/casey-obrien,Vitor Shaolin BJJ,female,master4,gi,342,9064,Silvio Duran,1,academy_name_overlap_only,research_lead,never_publish_as_lineage_without_direct_source,"O ranking da IBJJF associa o atleta à academia ""Vitor Shaolin BJJ""; o acervo possui 1 pessoa(s) com o mesmo nome de academia. Isso não identifica professor nem comprova graduação."
Jan Misao Combs,https://ibjjf.com/athletes/jan-combs,Relson Gracie,female,master4,gi,273.0,453,Daniel Moraes,1,academy_name_overlap_only,research_lead,never_publish_as_lineage_without_direct_source,"O ranking da IBJJF associa o atleta à academia ""Relson Gracie""; o acervo possui 1 pessoa(s) com o mesmo nome de academia. Isso não identifica professor nem comprova graduação."
Amy Linn Linsemier,https://ibjjf.com/athletes/amy-linsemier,Combat Base,female,master4,gi,67.5,5858,Chris Haueter,1,academy_name_overlap_only,research_lead,never_publish_as_lineage_without_direct_source,"O ranking da IBJJF associa o atleta à academia ""Combat Base""; o acervo possui 1 pessoa(s) com o mesmo nome de academia. Isso não identifica professor nem comprova graduação."
Akiko Kitanishi,https://ibjjf.com/athletes/akiko-kitanishi,Carpe Diem,female,master4,gi,42,9152; 7645; 9559; 6060,Daisuke Shiraki; Masahiro Iwasaki; Rida Haisam; Tomoyuki Hashimoto,4,academy_name_overlap_only,research_lead,never_publish_as_lineage_without_direct_source,"O ranking da IBJJF associa o atleta à academia ""Carpe Diem""; o acervo possui 4 pessoa(s) com o mesmo nome de academia. Isso não identifica professor nem comprova graduação."
Ana Paula Jeronimo de Mesquita,https://ibjjf.com/athletes/ana-mesquita,Brazilian Top Team,female,master4,gi,18,627; 8409; 249; 232; 1675,Murilo Bustamante; Ricardo Marques; Anderson Pereira; Jose Mario Sperry; Luis Roberto Duarte,6,academy_name_overlap_only,research_lead,never_publish_as_lineage_without_direct_source,"O ranking da IBJJF associa o atleta à academia ""Brazilian Top Team""; o acervo possui 6 pessoa(s) com o mesmo nome de academia. Isso não identifica professor nem comprova graduação."
Andrea Salles do Amaral Wiltshire,https://ibjjf.com/athletes/andrea-wiltshire,CheckMat,female,master4,gi,13.5,419; 338; 875; 963; 405,Leonardo Vieira; Ricardo Vieira; Lucas Leite; Carlos Vieira Holanda; Marco Canha,85,academy_name_overlap_only,research_lead,never_publish_as_lineage_without_direct_source,"O ranking da IBJJF associa o atleta à academia ""CheckMat""; o acervo possui 85 pessoa(s) com o mesmo nome de academia. Isso não identifica professor nem comprova graduação."
Gorete Maria Santos da Rocha,https://ibjjf.com/athletes/gorete-rocha,Guigo JJ,female,master4,gi,12,693; 11423; 9483; 11766; 1624,Luiz Guilherme; Meyram Maquine; Eduardo Lopes; Gabriel Costa; Leonardo Arruda,5,academy_name_overlap_only,research_lead,never_publish_as_lineage_without_direct_source,"O ranking da IBJJF associa o atleta à academia ""Guigo JJ""; o acervo possui 5 pessoa(s) com o mesmo nome de academia. Isso não identifica professor nem comprova graduação."
Célia Regina Honorato de Oliveira,https://ibjjf.com/athletes/celia-oliveira,GF Team,female,master5,gi,495.0,203; 8116; 11917; 2035; 9166,Julio Cesar; Dante Leon; Gabriel Marinho; Vitor Henrique; Alexandre Barauna,50,academy_name_overlap_only,research_lead,never_publish_as_lineage_without_direct_source,"O ranking da IBJJF associa o atleta à academia ""GF Team""; o acervo possui 50 pessoa(s) com o mesmo nome de academia. Isso não identifica professor nem comprova graduação."
Sara Kathryn Mary Vasquez,https://ibjjf.com/athletes/sara-vasquez,Combat Base,female,master5,gi,14,5858,Chris Haueter,1,academy_name_overlap_only,research_lead,never_publish_as_lineage_without_direct_source,"O ranking da IBJJF associa o atleta à academia ""Combat Base""; o acervo possui 1 pessoa(s) com o mesmo nome de academia. Isso não identifica professor nem comprova graduação."
Susan E Burger,https://ibjjf.com/athletes/susan-burger,Vitor Shaolin BJJ,female,master5,gi,12,9064,Silvio Duran,1,academy_name_overlap_only,research_lead,never_publish_as_lineage_without_direct_source,"O ranking da IBJJF associa o atleta à academia ""Vitor Shaolin BJJ""; o acervo possui 1 pessoa(s) com o mesmo nome de academia. Isso não identifica professor nem comprova graduação."
Fani Guida Cardoso,https://ibjjf.com/athletes/fani-cardoso,GF Team,female,master5,gi,12,203; 8116; 11917; 2035; 9166,Julio Cesar; Dante Leon; Gabriel Marinho; Vitor Henrique; Alexandre Barauna,50,academy_name_overlap_only,research_lead,never_publish_as_lineage_without_direct_source,"O ranking da IBJJF associa o atleta à academia ""GF Team""; o acervo possui 50 pessoa(s) com o mesmo nome de academia. Isso não identifica professor nem comprova graduação."
Yvonne Morken,https://ibjjf.com/athletes/yvonne-morken,Team Shawn Hammonds,female,master6,gi,325.5,9845,Chad Hardy,1,academy_name_overlap_only,research_lead,never_publish_as_lineage_without_direct_source,"O ranking da IBJJF associa o atleta à academia ""Team Shawn Hammonds""; o acervo possui 1 pessoa(s) com o mesmo nome de academia. Isso não identifica professor nem comprova graduação."
Christopher Duyquan Tran,https://ibjjf.com/athletes/christopher-tran,Crazy 88,male,adult,no-gi,150,4411,Julius Park,1,academy_name_overlap_only,research_lead,never_publish_as_lineage_without_direct_source,"O ranking da IBJJF associa o atleta à academia ""Crazy 88""; o acervo possui 1 pessoa(s) com o mesmo nome de academia. Isso não identifica professor nem comprova graduação."
Maximilian John Anthony Hanson,https://ibjjf.com/athletes/maximilian-hanson,Pedigo Submission Fighting,male,adult,no-gi,123.0,11359; 11808,Heath Pedigo; Andrew Wiltse,2,academy_name_overlap_only,research_lead,never_publish_as_lineage_without_direct_source,"O ranking da IBJJF associa o atleta à academia ""Pedigo Submission Fighting""; o acervo possui 2 pessoa(s) com o mesmo nome de academia. Isso não identifica professor nem comprova graduação."
Dante Scott Leon,https://ibjjf.com/athletes/dante-leon,Pedigo Submission Fighting,male,adult,no-gi,105.5,11359; 11808,Heath Pedigo; Andrew Wiltse,2,academy_name_overlap_only,research_lead,never_publish_as_lineage_without_direct_source,"O ranking da IBJJF associa o atleta à academia ""Pedigo Submission Fighting""; o acervo possui 2 pessoa(s) com o mesmo nome de academia. Isso não identifica professor nem comprova graduação."
Joao Araujo Silva da Costa,https://ibjjf.com/athletes/joao-costa-163f4e3d9c38,Fight Sports,male,adult,no-gi,103.5,224; 11384; 12178; 13473; 13031,Roberto Abreu; Andre Porfirio; Joao Costa; Kauane Silva; Lucas Lisboa,12,academy_name_overlap_only,research_lead,never_publish_as_lineage_without_direct_source,"O ranking da IBJJF associa o atleta à academia ""Fight Sports""; o acervo possui 12 pessoa(s) com o mesmo nome de academia. Isso não identifica professor nem comprova graduação."
Bradley W. Schneider,https://ibjjf.com/athletes/bradley-schneider,Pedigo Submission Fighting,male,adult,no-gi,94.5,11359; 11808,Heath Pedigo; Andrew Wiltse,2,academy_name_overlap_only,research_lead,never_publish_as_lineage_without_direct_source,"O ranking da IBJJF associa o atleta à academia ""Pedigo Submission Fighting""; o acervo possui 2 pessoa(s) com o mesmo nome de academia. Isso não identifica professor nem comprova graduação."
Jacob Lee Couch,https://ibjjf.com/athletes/jacob-couch,Pedigo Submission Fighting,male,adult,no-gi,85.5,11359; 11808,Heath Pedigo; Andrew Wiltse,2,academy_name_overlap_only,research_lead,never_publish_as_lineage_without_direct_source,"O ranking da IBJJF associa o atleta à academia ""Pedigo Submission Fighting""; o acervo possui 2 pessoa(s) com o mesmo nome de academia. Isso não identifica professor nem comprova graduação."
Sergio J Vilas,https://ibjjf.com/athletes/sergio-vilas-0668374657a7,Crazy 88,male,adult,no-gi,63.5,4411,Julius Park,1,academy_name_overlap_only,research_lead,never_publish_as_lineage_without_direct_source,"O ranking da IBJJF associa o atleta à academia ""Crazy 88""; o acervo possui 1 pessoa(s) com o mesmo nome de academia. Isso não identifica professor nem comprova graduação."
Kade Anastasios Tsitos,https://ibjjf.com/athletes/kade-tsitos,Fight Sports,male,adult,no-gi,62.5,224; 11384; 12178; 13473; 13031,Roberto Abreu; Andre Porfirio; Joao Costa; Kauane Silva; Lucas Lisboa,12,academy_name_overlap_only,research_lead,never_publish_as_lineage_without_direct_source,"O ranking da IBJJF associa o atleta à academia ""Fight Sports""; o acervo possui 12 pessoa(s) com o mesmo nome de academia. Isso não identifica professor nem comprova graduação."
Antonio de Padua A. N. Nascimento,https://ibjjf.com/athletes/antonio-nascimento-cc10c63b9867,GF Team,male,adult,no-gi,57,203; 8116; 11917; 2035; 9166,Julio Cesar; Dante Leon; Gabriel Marinho; Vitor Henrique; Alexandre Barauna,50,academy_name_overlap_only,research_lead,never_publish_as_lineage_without_direct_source,"O ranking da IBJJF associa o atleta à academia ""GF Team""; o acervo possui 50 pessoa(s) com o mesmo nome de academia. Isso não identifica professor nem comprova graduação."
David Marcus S. Weintraub,https://ibjjf.com/athletes/david-weintraub,Vitor Shaolin BJJ,male,adult,no-gi,57,9064,Silvio Duran,1,academy_name_overlap_only,research_lead,never_publish_as_lineage_without_direct_source,"O ranking da IBJJF associa o atleta à academia ""Vitor Shaolin BJJ""; o acervo possui 1 pessoa(s) com o mesmo nome de academia. Isso não identifica professor nem comprova graduação."
Charles Denny Murdock,https://ibjjf.com/athletes/charles-murdock,Pedigo Submission Fighting,male,adult,no-gi,55.0,11359; 11808,Heath Pedigo; Andrew Wiltse,2,academy_name_overlap_only,research_lead,never_publish_as_lineage_without_direct_source,"O ranking da IBJJF associa o atleta à academia ""Pedigo Submission Fighting""; o acervo possui 2 pessoa(s) com o mesmo nome de academia. Isso não identifica professor nem comprova graduação."
Eduardo Josue Castillo Zimic,https://ibjjf.com/athletes/eduardo-zimic,Fight Sports,male,adult,no-gi,54.0,224; 11384; 12178; 13473; 13031,Roberto Abreu; Andre Porfirio; Joao Costa; Kauane Silva; Lucas Lisboa,12,academy_name_overlap_only,research_lead,never_publish_as_lineage_without_direct_source,"O ranking da IBJJF associa o atleta à academia ""Fight Sports""; o acervo possui 12 pessoa(s) com o mesmo nome de academia. Isso não identifica professor nem comprova graduação."
Gabriel Felix Souto Wanderley,https://ibjjf.com/athletes/gabriel-wanderley,Carlson Gracie,male,adult,no-gi,49.5,22; 5998; 2062; 2583; 690,Carlson Gracie; Carlson Gracie Junior; Crezio de Souza; Alan Moraes; Fernando Marques,20,academy_name_overlap_only,research_lead,never_publish_as_lineage_without_direct_source,"O ranking da IBJJF associa o atleta à academia ""Carlson Gracie""; o acervo possui 20 pessoa(s) com o mesmo nome de academia. Isso não identifica professor nem comprova graduação."
Dorian Michael Olivarez,https://ibjjf.com/athletes/dorian-olivarez,Renzo Gracie Academy,male,adult,no-gi,45.0,10000; 5649; 7442; 9760; 5617,Doug Pelinkovic; Gary Tonon; Edward Cummings; Frank Rosenthal; Jamie Cruz,10,academy_name_overlap_only,research_lead,never_publish_as_lineage_without_direct_source,"O ranking da IBJJF associa o atleta à academia ""Renzo Gracie Academy""; o acervo possui 10 pessoa(s) com o mesmo nome de academia. Isso não identifica professor nem comprova graduação."
Cole Todd Brandt,https://ibjjf.com/athletes/cole-brandt,Team Shawn Hammonds,male,adult,no-gi,36,9845,Chad Hardy,1,academy_name_overlap_only,research_lead,never_publish_as_lineage_without_direct_source,"O ranking da IBJJF associa o atleta à academia ""Team Shawn Hammonds""; o acervo possui 1 pessoa(s) com o mesmo nome de academia. Isso não identifica professor nem comprova graduação."
Eduardo Andrade Ambrosio Pedro,https://ibjjf.com/athletes/eduardo-pedro,CheckMat,male,adult,no-gi,36.0,419; 338; 875; 963; 405,Leonardo Vieira; Ricardo Vieira; Lucas Leite; Carlos Vieira Holanda; Marco Canha,85,academy_name_overlap_only,research_lead,never_publish_as_lineage_without_direct_source,"O ranking da IBJJF associa o atleta à academia ""CheckMat""; o acervo possui 85 pessoa(s) com o mesmo nome de academia. Isso não identifica professor nem comprova graduação."
Dakota Shane Moore,https://ibjjf.com/athletes/dakota-moore,Fight Sports,male,adult,no-gi,27,224; 11384; 12178; 13473; 13031,Roberto Abreu; Andre Porfirio; Joao Costa; Kauane Silva; Lucas Lisboa,12,academy_name_overlap_only,research_lead,never_publish_as_lineage_without_direct_source,"O ranking da IBJJF associa o atleta à academia ""Fight Sports""; o acervo possui 12 pessoa(s) com o mesmo nome de academia. Isso não identifica professor nem comprova graduação."
Guilherme Alves Santana,https://ibjjf.com/athletes/guilherme-santana,GF Team,male,adult,no-gi,27,203; 8116; 11917; 2035; 9166,Julio Cesar; Dante Leon; Gabriel Marinho; Vitor Henrique; Alexandre Barauna,50,academy_name_overlap_only,research_lead,never_publish_as_lineage_without_direct_source,"O ranking da IBJJF associa o atleta à academia ""GF Team""; o acervo possui 50 pessoa(s) com o mesmo nome de academia. Isso não identifica professor nem comprova graduação."
Carson James Thomas Coles,https://ibjjf.com/athletes/carson-coles,Roger Gracie Academy,male,adult,no-gi,27,6209; 9261,Felipe Mota; Ross Nicholls,2,academy_name_overlap_only,research_lead,never_publish_as_lineage_without_direct_source,"O ranking da IBJJF associa o atleta à academia ""Roger Gracie Academy""; o acervo possui 2 pessoa(s) com o mesmo nome de academia. Isso não identifica professor nem comprova graduação."
Leonardo Domingos Costa Benedito,https://ibjjf.com/athletes/leonardo-benedito,Demian Maia Jiu-Jitsu,male,adult,no-gi,26,7103,Wagner Mota,1,academy_name_overlap_only,research_lead,never_publish_as_lineage_without_direct_source,"O ranking da IBJJF associa o atleta à academia ""Demian Maia Jiu-Jitsu""; o acervo possui 1 pessoa(s) com o mesmo nome de academia. Isso não identifica professor nem comprova graduação."
Fabio Bahiense de Souza Junior,https://ibjjf.com/athletes/fabio-junior-ad06a47db353,GF Team,male,adult,no-gi,23,203; 8116; 11917; 2035; 9166,Julio Cesar; Dante Leon; Gabriel Marinho; Vitor Henrique; Alexandre Barauna,50,academy_name_overlap_only,research_lead,never_publish_as_lineage_without_direct_source,"O ranking da IBJJF associa o atleta à academia ""GF Team""; o acervo possui 50 pessoa(s) com o mesmo nome de academia. Isso não identifica professor nem comprova graduação."
Vinícius Aquino Diniz Coelho dos Santos,https://ibjjf.com/athletes/vinicius-santos-634a8e11ba6a,CheckMat,male,adult,no-gi,21.0,419; 338; 875; 963; 405,Leonardo Vieira; Ricardo Vieira; Lucas Leite; Carlos Vieira Holanda; Marco Canha,85,academy_name_overlap_only,research_lead,never_publish_as_lineage_without_direct_source,"O ranking da IBJJF associa o atleta à academia ""CheckMat""; o acervo possui 85 pessoa(s) com o mesmo nome de academia. Isso não identifica professor nem comprova graduação."
Arão Nascimento Vasconcelos,https://ibjjf.com/athletes/arao-vasconcelos,Guigo JJ,male,adult,no-gi,21,693; 11423; 9483; 11766; 1624,Luiz Guilherme; Meyram Maquine; Eduardo Lopes; Gabriel Costa; Leonardo Arruda,5,academy_name_overlap_only,research_lead,never_publish_as_lineage_without_direct_source,"O ranking da IBJJF associa o atleta à academia ""Guigo JJ""; o acervo possui 5 pessoa(s) com o mesmo nome de academia. Isso não identifica professor nem comprova graduação."
Grayson Perry Henley,https://ibjjf.com/athletes/grayson-henley,Brazilian Fight Factory,male,adult,no-gi,21,13172,Andrew Tackett,1,academy_name_overlap_only,research_lead,never_publish_as_lineage_without_direct_source,"O ranking da IBJJF associa o atleta à academia ""Brazilian Fight Factory""; o acervo possui 1 pessoa(s) com o mesmo nome de academia. Isso não identifica professor nem comprova graduação."
Gary Nikolas Gioni,https://ibjjf.com/athletes/gary-gioni,BETA Academy,male,adult,no-gi,21,7512,Nakapan Phungephorn,1,academy_name_overlap_only,research_lead,never_publish_as_lineage_without_direct_source,"O ranking da IBJJF associa o atleta à academia ""BETA Academy""; o acervo possui 1 pessoa(s) com o mesmo nome de academia. Isso não identifica professor nem comprova graduação."
Gesias Cavalcante Souza,https://ibjjf.com/athletes/gesias-souza,Fight Sports,male,adult,no-gi,19,224; 11384; 12178; 13473; 13031,Roberto Abreu; Andre Porfirio; Joao Costa; Kauane Silva; Lucas Lisboa,12,academy_name_overlap_only,research_lead,never_publish_as_lineage_without_direct_source,"O ranking da IBJJF associa o atleta à academia ""Fight Sports""; o acervo possui 12 pessoa(s) com o mesmo nome de academia. Isso não identifica professor nem comprova graduação."
Matheus Soares Fontes,https://ibjjf.com/athletes/matheus-fontes-54c54ddcebd6,CheckMat,male,adult,no-gi,18,419; 338; 875; 963; 405,Leonardo Vieira; Ricardo Vieira; Lucas Leite; Carlos Vieira Holanda; Marco Canha,85,academy_name_overlap_only,research_lead,never_publish_as_lineage_without_direct_source,"O ranking da IBJJF associa o atleta à academia ""CheckMat""; o acervo possui 85 pessoa(s) com o mesmo nome de academia. Isso não identifica professor nem comprova graduação."
João Pedro Leão Damasceno,https://ibjjf.com/athletes/joao-damasceno,GF Team,male,adult,no-gi,18,203; 8116; 11917; 2035; 9166,Julio Cesar; Dante Leon; Gabriel Marinho; Vitor Henrique; Alexandre Barauna,50,academy_name_overlap_only,research_lead,never_publish_as_lineage_without_direct_source,"O ranking da IBJJF associa o atleta à academia ""GF Team""; o acervo possui 50 pessoa(s) com o mesmo nome de academia. Isso não identifica professor nem comprova graduação."
Clemens Scott Tucker,https://ibjjf.com/athletes/scott-tucker,Fight Sports,male,adult,no-gi,18,224; 11384; 12178; 13473; 13031,Roberto Abreu; Andre Porfirio; Joao Costa; Kauane Silva; Lucas Lisboa,12,academy_name_overlap_only,research_lead,never_publish_as_lineage_without_direct_source,"O ranking da IBJJF associa o atleta à academia ""Fight Sports""; o acervo possui 12 pessoa(s) com o mesmo nome de academia. Isso não identifica professor nem comprova graduação."
Declan Mark Moody,https://ibjjf.com/athletes/declan-moody,B Team,male,adult,no-gi,15.0,8346; 11223; 13926; 13763; 12110,Craig Jones; Ethan Crelinsten; Jacob Rodriguez; Jozef Chen; Nick Rodriguez,5,academy_name_overlap_only,research_lead,never_publish_as_lineage_without_direct_source,"O ranking da IBJJF associa o atleta à academia ""B Team""; o acervo possui 5 pessoa(s) com o mesmo nome de academia. Isso não identifica professor nem comprova graduação."
Victor Hugo Honório P. da Silva,https://ibjjf.com/athletes/victor-silva-7defe6c7585b,GF Team,male,adult,no-gi,13.5,203; 8116; 11917; 2035; 9166,Julio Cesar; Dante Leon; Gabriel Marinho; Vitor Henrique; Alexandre Barauna,50,academy_name_overlap_only,research_lead,never_publish_as_lineage_without_direct_source,"O ranking da IBJJF associa o atleta à academia ""GF Team""; o acervo possui 50 pessoa(s) com o mesmo nome de academia. Isso não identifica professor nem comprova graduação."
Adolfo Santiago Suarez Arias,https://ibjjf.com/athletes/adolfo-arias,Fight Sports,male,adult,no-gi,13.5,224; 11384; 12178; 13473; 13031,Roberto Abreu; Andre Porfirio; Joao Costa; Kauane Silva; Lucas Lisboa,12,academy_name_overlap_only,research_lead,never_publish_as_lineage_without_direct_source,"O ranking da IBJJF associa o atleta à academia ""Fight Sports""; o acervo possui 12 pessoa(s) com o mesmo nome de academia. Isso não identifica professor nem comprova graduação."
Nicholas S Salles,https://ibjjf.com/athletes/nicholas-salles,Movement Art,male,adult,no-gi,12,12102,Nick Salles,1,academy_name_overlap_only,research_lead,never_publish_as_lineage_without_direct_source,"O ranking da IBJJF associa o atleta à academia ""Movement Art""; o acervo possui 1 pessoa(s) com o mesmo nome de academia. Isso não identifica professor nem comprova graduação."
Bernardo Delibero,https://ibjjf.com/athletes/bernardo-delibero,Fight Sports,male,adult,no-gi,12,224; 11384; 12178; 13473; 13031,Roberto Abreu; Andre Porfirio; Joao Costa; Kauane Silva; Lucas Lisboa,12,academy_name_overlap_only,research_lead,never_publish_as_lineage_without_direct_source,"O ranking da IBJJF associa o atleta à academia ""Fight Sports""; o acervo possui 12 pessoa(s) com o mesmo nome de academia. Isso não identifica professor nem comprova graduação."
Edson da Conceição Dias Ribeiro,https://ibjjf.com/athletes/edson-ribeiro-7b6aec7e5015,CheckMat,male,adult,no-gi,12,419; 338; 875; 963; 405,Leonardo Vieira; Ricardo Vieira; Lucas Leite; Carlos Vieira Holanda; Marco Canha,85,academy_name_overlap_only,research_lead,never_publish_as_lineage_without_direct_source,"O ranking da IBJJF associa o atleta à academia ""CheckMat""; o acervo possui 85 pessoa(s) com o mesmo nome de academia. Isso não identifica professor nem comprova graduação."
Lucas Rocha da Silva,https://ibjjf.com/athletes/lucas-silva-a5567580965b,PSLPB Cicero Costha,male,adult,no-gi,11.0,1155; 13076; 7704; 6151; 13062,Cicero Costha; Francisco Lo; Helton Jose Junior; Hiago George; Leonardo Mario,5,academy_name_overlap_only,research_lead,never_publish_as_lineage_without_direct_source,"O ranking da IBJJF associa o atleta à academia ""PSLPB Cicero Costha""; o acervo possui 5 pessoa(s) com o mesmo nome de academia. Isso não identifica professor nem comprova graduação."
Adrian Alejandro Alsina,https://ibjjf.com/athletes/adrian-alsina,Renzo Gracie Academy,male,adult,no-gi,10.5,10000; 5649; 7442; 9760; 5617,Doug Pelinkovic; Gary Tonon; Edward Cummings; Frank Rosenthal; Jamie Cruz,10,academy_name_overlap_only,research_lead,never_publish_as_lineage_without_direct_source,"O ranking da IBJJF associa o atleta à academia ""Renzo Gracie Academy""; o acervo possui 10 pessoa(s) com o mesmo nome de academia. Isso não identifica professor nem comprova graduação."
Enzo Giovanni Paes Reale,https://ibjjf.com/athletes/enzo-reale,Demian Maia Jiu-Jitsu,male,adult,no-gi,9,7103,Wagner Mota,1,academy_name_overlap_only,research_lead,never_publish_as_lineage_without_direct_source,"O ranking da IBJJF associa o atleta à academia ""Demian Maia Jiu-Jitsu""; o acervo possui 1 pessoa(s) com o mesmo nome de academia. Isso não identifica professor nem comprova graduação."
Airton Sousa Siqueira,https://ibjjf.com/athletes/airton-siqueira,CheckMat,male,adult,no-gi,9,419; 338; 875; 963; 405,Leonardo Vieira; Ricardo Vieira; Lucas Leite; Carlos Vieira Holanda; Marco Canha,85,academy_name_overlap_only,research_lead,never_publish_as_lineage_without_direct_source,"O ranking da IBJJF associa o atleta à academia ""CheckMat""; o acervo possui 85 pessoa(s) com o mesmo nome de academia. Isso não identifica professor nem comprova graduação."
Murilo Barros Rodrigues,https://ibjjf.com/athletes/murilo-rodrigues,Lotus Club,male,adult,no-gi,9,14205,Alexandre Manara,1,academy_name_overlap_only,research_lead,never_publish_as_lineage_without_direct_source,"O ranking da IBJJF associa o atleta à academia ""Lotus Club""; o acervo possui 1 pessoa(s) com o mesmo nome de academia. Isso não identifica professor nem comprova graduação."
Enzo Cerqueira Brunocilla,https://ibjjf.com/athletes/enzo-brunocilla,De La Riva JJ,male,adult,no-gi,9,7928,Claudia Doval,1,academy_name_overlap_only,research_lead,never_publish_as_lineage_without_direct_source,"O ranking da IBJJF associa o atleta à academia ""De La Riva JJ""; o acervo possui 1 pessoa(s) com o mesmo nome de academia. Isso não identifica professor nem comprova graduação."
Sidemar Honorio,https://ibjjf.com/athletes/sidemar-honorio,Renzo Gracie Academy,male,adult,no-gi,9,10000; 5649; 7442; 9760; 5617,Doug Pelinkovic; Gary Tonon; Edward Cummings; Frank Rosenthal; Jamie Cruz,10,academy_name_overlap_only,research_lead,never_publish_as_lineage_without_direct_source,"O ranking da IBJJF associa o atleta à academia ""Renzo Gracie Academy""; o acervo possui 10 pessoa(s) com o mesmo nome de academia. Isso não identifica professor nem comprova graduação."
Leonardo Furini Morita Saraceni,https://ibjjf.com/athletes/leonardo-saraceni,Guigo JJ,male,adult,no-gi,9,693; 11423; 9483; 11766; 1624,Luiz Guilherme; Meyram Maquine; Eduardo Lopes; Gabriel Costa; Leonardo Arruda,5,academy_name_overlap_only,research_lead,never_publish_as_lineage_without_direct_source,"O ranking da IBJJF associa o atleta à academia ""Guigo JJ""; o acervo possui 5 pessoa(s) com o mesmo nome de academia. Isso não identifica professor nem comprova graduação."
Rafael Furini Morita Saraceni,https://ibjjf.com/athletes/rafael-saraceni,Guigo JJ,male,adult,no-gi,9,693; 11423; 9483; 11766; 1624,Luiz Guilherme; Meyram Maquine; Eduardo Lopes; Gabriel Costa; Leonardo Arruda,5,academy_name_overlap_only,research_lead,never_publish_as_lineage_without_direct_source,"O ranking da IBJJF associa o atleta à academia ""Guigo JJ""; o acervo possui 5 pessoa(s) com o mesmo nome de academia. Isso não identifica professor nem comprova graduação."
Joshua Ryan Lorton,https://ibjjf.com/athletes/joshua-lorton,Pedigo Submission Fighting,male,adult,no-gi,9,11359; 11808,Heath Pedigo; Andrew Wiltse,2,academy_name_overlap_only,research_lead,never_publish_as_lineage_without_direct_source,"O ranking da IBJJF associa o atleta à academia ""Pedigo Submission Fighting""; o acervo possui 2 pessoa(s) com o mesmo nome de academia. Isso não identifica professor nem comprova graduação."
Thomas Rees Benjamin Barry,https://ibjjf.com/athletes/thomas-barry,Roger Gracie Academy,male,adult,no-gi,8,6209; 9261,Felipe Mota; Ross Nicholls,2,academy_name_overlap_only,research_lead,never_publish_as_lineage_without_direct_source,"O ranking da IBJJF associa o atleta à academia ""Roger Gracie Academy""; o acervo possui 2 pessoa(s) com o mesmo nome de academia. Isso não identifica professor nem comprova graduação."
Luca Sedó de Boni,https://ibjjf.com/athletes/luca-boni,Guigo JJ,male,adult,no-gi,7.5,693; 11423; 9483; 11766; 1624,Luiz Guilherme; Meyram Maquine; Eduardo Lopes; Gabriel Costa; Leonardo Arruda,5,academy_name_overlap_only,research_lead,never_publish_as_lineage_without_direct_source,"O ranking da IBJJF associa o atleta à academia ""Guigo JJ""; o acervo possui 5 pessoa(s) com o mesmo nome de academia. Isso não identifica professor nem comprova graduação."
Bruno de Abreu Teixeira,https://ibjjf.com/athletes/bruno-teixeira-282256311b81,Lotus Club,male,adult,no-gi,7,14205,Alexandre Manara,1,academy_name_overlap_only,research_lead,never_publish_as_lineage_without_direct_source,"O ranking da IBJJF associa o atleta à academia ""Lotus Club""; o acervo possui 1 pessoa(s) com o mesmo nome de academia. Isso não identifica professor nem comprova graduação."
Nicholas Paul Balaban,https://ibjjf.com/athletes/nicholas-balaban,AOJ,male,adult,no-gi,6,415; 179; 13326; 12554; 11690,Guilherme Mendes; Rafael Mendes; Hiryu Niwa; Iasmin Casser; Jessa Khan,10,academy_name_overlap_only,research_lead,never_publish_as_lineage_without_direct_source,"O ranking da IBJJF associa o atleta à academia ""AOJ""; o acervo possui 10 pessoa(s) com o mesmo nome de academia. Isso não identifica professor nem comprova graduação."
Luis Antonio Moreira Seabra Junior,https://ibjjf.com/athletes/luis-junior-68eaa005a43e,GF Team,male,adult,no-gi,6,203; 8116; 11917; 2035; 9166,Julio Cesar; Dante Leon; Gabriel Marinho; Vitor Henrique; Alexandre Barauna,50,academy_name_overlap_only,research_lead,never_publish_as_lineage_without_direct_source,"O ranking da IBJJF associa o atleta à academia ""GF Team""; o acervo possui 50 pessoa(s) com o mesmo nome de academia. Isso não identifica professor nem comprova graduação."
Matheus Gabriel de Oliveira Corrêa,https://ibjjf.com/athletes/matheus-correa,GF Team,male,adult,no-gi,6,203; 8116; 11917; 2035; 9166,Julio Cesar; Dante Leon; Gabriel Marinho; Vitor Henrique; Alexandre Barauna,50,academy_name_overlap_only,research_lead,never_publish_as_lineage_without_direct_source,"O ranking da IBJJF associa o atleta à academia ""GF Team""; o acervo possui 50 pessoa(s) com o mesmo nome de academia. Isso não identifica professor nem comprova graduação."
Thomaz Nunes Visnievski,https://ibjjf.com/athletes/thomaz-visnievski,De La Riva JJ,male,adult,no-gi,6,7928,Claudia Doval,1,academy_name_overlap_only,research_lead,never_publish_as_lineage_without_direct_source,"O ranking da IBJJF associa o atleta à academia ""De La Riva JJ""; o acervo possui 1 pessoa(s) com o mesmo nome de academia. Isso não identifica professor nem comprova graduação."
Tiago Farias de Jesus,https://ibjjf.com/athletes/tiago-jesus,GF Team,male,adult,no-gi,6,203; 8116; 11917; 2035; 9166,Julio Cesar; Dante Leon; Gabriel Marinho; Vitor Henrique; Alexandre Barauna,50,academy_name_overlap_only,research_lead,never_publish_as_lineage_without_direct_source,"O ranking da IBJJF associa o atleta à academia ""GF Team""; o acervo possui 50 pessoa(s) com o mesmo nome de academia. Isso não identifica professor nem comprova graduação."
Daniel Rodrigues Santos,https://ibjjf.com/athletes/daniel-santos-92fcafb83410,GF Team,male,adult,no-gi,6,203; 8116; 11917; 2035; 9166,Julio Cesar; Dante Leon; Gabriel Marinho; Vitor Henrique; Alexandre Barauna,50,academy_name_overlap_only,research_lead,never_publish_as_lineage_without_direct_source,"O ranking da IBJJF associa o atleta à academia ""GF Team""; o acervo possui 50 pessoa(s) com o mesmo nome de academia. Isso não identifica professor nem comprova graduação."
Luc Pierre Marcel Rousseau,https://ibjjf.com/athletes/luc-rousseau,Roger Gracie Academy,male,adult,no-gi,4,6209; 9261,Felipe Mota; Ross Nicholls,2,academy_name_overlap_only,research_lead,never_publish_as_lineage_without_direct_source,"O ranking da IBJJF associa o atleta à academia ""Roger Gracie Academy""; o acervo possui 2 pessoa(s) com o mesmo nome de academia. Isso não identifica professor nem comprova graduação."
Diego Henrique Paiva,https://ibjjf.com/athletes/diego-paiva,Demian Maia Jiu-Jitsu,male,adult,no-gi,3,7103,Wagner Mota,1,academy_name_overlap_only,research_lead,never_publish_as_lineage_without_direct_source,"O ranking da IBJJF associa o atleta à academia ""Demian Maia Jiu-Jitsu""; o acervo possui 1 pessoa(s) com o mesmo nome de academia. Isso não identifica professor nem comprova graduação."
Suraj Kumar Budhram,https://ibjjf.com/athletes/suraj-budhram,Fight Sports,male,adult,no-gi,3,224; 11384; 12178; 13473; 13031,Roberto Abreu; Andre Porfirio; Joao Costa; Kauane Silva; Lucas Lisboa,12,academy_name_overlap_only,research_lead,never_publish_as_lineage_without_direct_source,"O ranking da IBJJF associa o atleta à academia ""Fight Sports""; o acervo possui 12 pessoa(s) com o mesmo nome de academia. Isso não identifica professor nem comprova graduação."
Francisco Ortiz III,https://ibjjf.com/athletes/francisco-iii-414fec98bf91,Uflacker Academy,male,adult,no-gi,3,7821,Christian Uflaker,1,academy_name_overlap_only,research_lead,never_publish_as_lineage_without_direct_source,"O ranking da IBJJF associa o atleta à academia ""Uflacker Academy""; o acervo possui 1 pessoa(s) com o mesmo nome de academia. Isso não identifica professor nem comprova graduação."
Leonardo Mauricio Goldner,https://ibjjf.com/athletes/leonardo-0b5b0c2bb27d,GF Team,male,adult,no-gi,3,203; 8116; 11917; 2035; 9166,Julio Cesar; Dante Leon; Gabriel Marinho; Vitor Henrique; Alexandre Barauna,50,academy_name_overlap_only,research_lead,never_publish_as_lineage_without_direct_source,"O ranking da IBJJF associa o atleta à academia ""GF Team""; o acervo possui 50 pessoa(s) com o mesmo nome de academia. Isso não identifica professor nem comprova graduação."
Matheus Rodrigues Vidal,https://ibjjf.com/athletes/matheus-vidal-ae89bdb21a11,CheckMat,male,adult,no-gi,3,419; 338; 875; 963; 405,Leonardo Vieira; Ricardo Vieira; Lucas Leite; Carlos Vieira Holanda; Marco Canha,85,academy_name_overlap_only,research_lead,never_publish_as_lineage_without_direct_source,"O ranking da IBJJF associa o atleta à academia ""CheckMat""; o acervo possui 85 pessoa(s) com o mesmo nome de academia. Isso não identifica professor nem comprova graduação."
Anderson Wenzler Santos,https://ibjjf.com/athletes/anderson-santos-75048cdcf165,De La Riva JJ,male,adult,no-gi,3,7928,Claudia Doval,1,academy_name_overlap_only,research_lead,never_publish_as_lineage_without_direct_source,"O ranking da IBJJF associa o atleta à academia ""De La Riva JJ""; o acervo possui 1 pessoa(s) com o mesmo nome de academia. Isso não identifica professor nem comprova graduação."
Eliaquim Bertiê dos Santos Ferraz,https://ibjjf.com/athletes/eliaquim,Guigo JJ,male,adult,no-gi,2,693; 11423; 9483; 11766; 1624,Luiz Guilherme; Meyram Maquine; Eduardo Lopes; Gabriel Costa; Leonardo Arruda,5,academy_name_overlap_only,research_lead,never_publish_as_lineage_without_direct_source,"O ranking da IBJJF associa o atleta à academia ""Guigo JJ""; o acervo possui 5 pessoa(s) com o mesmo nome de academia. Isso não identifica professor nem comprova graduação."
Pedro Romaneli dos Anjos,https://ibjjf.com/athletes/pedro-anjos,CheckMat,male,adult,no-gi,2,419; 338; 875; 963; 405,Leonardo Vieira; Ricardo Vieira; Lucas Leite; Carlos Vieira Holanda; Marco Canha,85,academy_name_overlap_only,research_lead,never_publish_as_lineage_without_direct_source,"O ranking da IBJJF associa o atleta à academia ""CheckMat""; o acervo possui 85 pessoa(s) com o mesmo nome de academia. Isso não identifica professor nem comprova graduação."
Francisco Ray Gomes Costa,https://ibjjf.com/athletes/francisco-costa-20df76bf9ec1,CheckMat,male,adult,no-gi,2,419; 338; 875; 963; 405,Leonardo Vieira; Ricardo Vieira; Lucas Leite; Carlos Vieira Holanda; Marco Canha,85,academy_name_overlap_only,research_lead,never_publish_as_lineage_without_direct_source,"O ranking da IBJJF associa o atleta à academia ""CheckMat""; o acervo possui 85 pessoa(s) com o mesmo nome de academia. Isso não identifica professor nem comprova graduação."
Carlos Henrique Souza Lima,https://ibjjf.com/athletes/carlos-lima-0dc036b7a4cf,PSLPB Cicero Costha,male,adult,no-gi,2,1155; 13076; 7704; 6151; 13062,Cicero Costha; Francisco Lo; Helton Jose Junior; Hiago George; Leonardo Mario,5,academy_name_overlap_only,research_lead,never_publish_as_lineage_without_direct_source,"O ranking da IBJJF associa o atleta à academia ""PSLPB Cicero Costha""; o acervo possui 5 pessoa(s) com o mesmo nome de academia. Isso não identifica professor nem comprova graduação."
Ryann Victor Bandeira de Souza,https://ibjjf.com/athletes/ryann-souza,Guigo JJ,male,adult,no-gi,2,693; 11423; 9483; 11766; 1624,Luiz Guilherme; Meyram Maquine; Eduardo Lopes; Gabriel Costa; Leonardo Arruda,5,academy_name_overlap_only,research_lead,never_publish_as_lineage_without_direct_source,"O ranking da IBJJF associa o atleta à academia ""Guigo JJ""; o acervo possui 5 pessoa(s) com o mesmo nome de academia. Isso não identifica professor nem comprova graduação."
Caio Soares Bonfim,https://ibjjf.com/athletes/caio-bonfim,Brazilian Top Team,male,adult,no-gi,1,627; 8409; 249; 232; 1675,Murilo Bustamante; Ricardo Marques; Anderson Pereira; Jose Mario Sperry; Luis Roberto Duarte,6,academy_name_overlap_only,research_lead,never_publish_as_lineage_without_direct_source,"O ranking da IBJJF associa o atleta à academia ""Brazilian Top Team""; o acervo possui 6 pessoa(s) com o mesmo nome de academia. Isso não identifica professor nem comprova graduação."
Engir Son,https://ibjjf.com/athletes/engir-son,Renzo Gracie Academy,male,adult,no-gi,1,10000; 5649; 7442; 9760; 5617,Doug Pelinkovic; Gary Tonon; Edward Cummings; Frank Rosenthal; Jamie Cruz,10,academy_name_overlap_only,research_lead,never_publish_as_lineage_without_direct_source,"O ranking da IBJJF associa o atleta à academia ""Renzo Gracie Academy""; o acervo possui 10 pessoa(s) com o mesmo nome de academia. Isso não identifica professor nem comprova graduação."
Bruno Portela Gomes,https://ibjjf.com/athletes/bruno-gomes-0d7f0aa4d30c,CheckMat,male,adult,no-gi,1,419; 338; 875; 963; 405,Leonardo Vieira; Ricardo Vieira; Lucas Leite; Carlos Vieira Holanda; Marco Canha,85,academy_name_overlap_only,research_lead,never_publish_as_lineage_without_direct_source,"O ranking da IBJJF associa o atleta à academia ""CheckMat""; o acervo possui 85 pessoa(s) com o mesmo nome de academia. Isso não identifica professor nem comprova graduação."
Wender Batista da Silva,https://ibjjf.com/athletes/wender-silva-7e10c01a0924,CheckMat,male,adult,no-gi,1,419; 338; 875; 963; 405,Leonardo Vieira; Ricardo Vieira; Lucas Leite; Carlos Vieira Holanda; Marco Canha,85,academy_name_overlap_only,research_lead,never_publish_as_lineage_without_direct_source,"O ranking da IBJJF associa o atleta à academia ""CheckMat""; o acervo possui 85 pessoa(s) com o mesmo nome de academia. Isso não identifica professor nem comprova graduação."
João Henrique Martins de Carvalho,https://ibjjf.com/athletes/joao-carvalho-2827ea4871f3,GF Team,male,adult,no-gi,1,203; 8116; 11917; 2035; 9166,Julio Cesar; Dante Leon; Gabriel Marinho; Vitor Henrique; Alexandre Barauna,50,academy_name_overlap_only,research_lead,never_publish_as_lineage_without_direct_source,"O ranking da IBJJF associa o atleta à academia ""GF Team""; o acervo possui 50 pessoa(s) com o mesmo nome de academia. Isso não identifica professor nem comprova graduação."
Gabriel Sonda Bevilacqua,https://ibjjf.com/athletes/gabriel-bevilacqua,CheckMat,male,master1,no-gi,66,419; 338; 875; 963; 405,Leonardo Vieira; Ricardo Vieira; Lucas Leite; Carlos Vieira Holanda; Marco Canha,85,academy_name_overlap_only,research_lead,never_publish_as_lineage_without_direct_source,"O ranking da IBJJF associa o atleta à academia ""CheckMat""; o acervo possui 85 pessoa(s) com o mesmo nome de academia. Isso não identifica professor nem comprova graduação."
Francisco Jeronino Neto,https://ibjjf.com/athletes/francisco-neto-26b5cc45c721,PSLPB Cicero Costha,male,master1,no-gi,63,1155; 13076; 7704; 6151; 13062,Cicero Costha; Francisco Lo; Helton Jose Junior; Hiago George; Leonardo Mario,5,academy_name_overlap_only,research_lead,never_publish_as_lineage_without_direct_source,"O ranking da IBJJF associa o atleta à academia ""PSLPB Cicero Costha""; o acervo possui 5 pessoa(s) com o mesmo nome de academia. Isso não identifica professor nem comprova graduação."
Renan Frulani Amexoeira dos Santos,https://ibjjf.com/athletes/renan-santos-6cd50cc2a98d,Gracie Humaita,male,master1,no-gi,51,515; 903; 1445; 613; 6339,Royler Gracie; Leticia Ribeiro; Rolker Gracie; Wellington Dias; Admilson Brites,34,academy_name_overlap_only,research_lead,never_publish_as_lineage_without_direct_source,"O ranking da IBJJF associa o atleta à academia ""Gracie Humaita""; o acervo possui 34 pessoa(s) com o mesmo nome de academia. Isso não identifica professor nem comprova graduação."
Niccolo Bartolazzi Menchetti,https://ibjjf.com/athletes/niccolo-menchetti,Fight Sports,male,master1,no-gi,45.0,224; 11384; 12178; 13473; 13031,Roberto Abreu; Andre Porfirio; Joao Costa; Kauane Silva; Lucas Lisboa,12,academy_name_overlap_only,research_lead,never_publish_as_lineage_without_direct_source,"O ranking da IBJJF associa o atleta à academia ""Fight Sports""; o acervo possui 12 pessoa(s) com o mesmo nome de academia. Isso não identifica professor nem comprova graduação."
Igor Galvão Gomes Antunes,https://ibjjf.com/athletes/igor-antunes-c637564382de,PSLPB Cicero Costha,male,master1,no-gi,36,1155; 13076; 7704; 6151; 13062,Cicero Costha; Francisco Lo; Helton Jose Junior; Hiago George; Leonardo Mario,5,academy_name_overlap_only,research_lead,never_publish_as_lineage_without_direct_source,"O ranking da IBJJF associa o atleta à academia ""PSLPB Cicero Costha""; o acervo possui 5 pessoa(s) com o mesmo nome de academia. Isso não identifica professor nem comprova graduação."
Thiago Sá Fortes Silva,https://ibjjf.com/athletes/thiago-silva-cf918ce2738c,CheckMat,male,master1,no-gi,36,419; 338; 875; 963; 405,Leonardo Vieira; Ricardo Vieira; Lucas Leite; Carlos Vieira Holanda; Marco Canha,85,academy_name_overlap_only,research_lead,never_publish_as_lineage_without_direct_source,"O ranking da IBJJF associa o atleta à academia ""CheckMat""; o acervo possui 85 pessoa(s) com o mesmo nome de academia. Isso não identifica professor nem comprova graduação."
Troy Allen Mercer,https://ibjjf.com/athletes/troy-mercer,Pedigo Submission Fighting,male,master1,no-gi,27.0,11359; 11808,Heath Pedigo; Andrew Wiltse,2,academy_name_overlap_only,research_lead,never_publish_as_lineage_without_direct_source,"O ranking da IBJJF associa o atleta à academia ""Pedigo Submission Fighting""; o acervo possui 2 pessoa(s) com o mesmo nome de academia. Isso não identifica professor nem comprova graduação."
Luiz Otavio de Albuquerque Lourenço,https://ibjjf.com/athletes/luiz-lourenco,CheckMat,male,master1,no-gi,27,419; 338; 875; 963; 405,Leonardo Vieira; Ricardo Vieira; Lucas Leite; Carlos Vieira Holanda; Marco Canha,85,academy_name_overlap_only,research_lead,never_publish_as_lineage_without_direct_source,"O ranking da IBJJF associa o atleta à academia ""CheckMat""; o acervo possui 85 pessoa(s) com o mesmo nome de academia. Isso não identifica professor nem comprova graduação."
Antonio Marcos da Fonseca Santana,https://ibjjf.com/athletes/antonio-santana,Roger Gracie Academy,male,master1,no-gi,27,6209; 9261,Felipe Mota; Ross Nicholls,2,academy_name_overlap_only,research_lead,never_publish_as_lineage_without_direct_source,"O ranking da IBJJF associa o atleta à academia ""Roger Gracie Academy""; o acervo possui 2 pessoa(s) com o mesmo nome de academia. Isso não identifica professor nem comprova graduação."
Felipe da Silva Lucas,https://ibjjf.com/athletes/felipe-lucas,Demian Maia Jiu-Jitsu,male,master1,no-gi,25,7103,Wagner Mota,1,academy_name_overlap_only,research_lead,never_publish_as_lineage_without_direct_source,"O ranking da IBJJF associa o atleta à academia ""Demian Maia Jiu-Jitsu""; o acervo possui 1 pessoa(s) com o mesmo nome de academia. Isso não identifica professor nem comprova graduação."
Gustavo Oliveira de Andrade,https://ibjjf.com/athletes/gustavo-andrade,Nova União,male,master1,no-gi,18,78; 634; 6756; 4334; 195,Andre Pederneiras; Wendell Alexander; Rodrigo Silva; Andre da Silva; Robson Moura,39,academy_name_overlap_only,research_lead,never_publish_as_lineage_without_direct_source,"O ranking da IBJJF associa o atleta à academia ""Nova União""; o acervo possui 39 pessoa(s) com o mesmo nome de academia. Isso não identifica professor nem comprova graduação."
Patrick Adam Rivera,https://ibjjf.com/athletes/patrick-rivera,Bjj Conquest,male,master1,no-gi,9,7732,Vicente Junior,1,academy_name_overlap_only,research_lead,never_publish_as_lineage_without_direct_source,"O ranking da IBJJF associa o atleta à academia ""Bjj Conquest""; o acervo possui 1 pessoa(s) com o mesmo nome de academia. Isso não identifica professor nem comprova graduação."
Ronaldo Coelho Vello Neto,https://ibjjf.com/athletes/ronaldo-neto,AOJ,male,master1,no-gi,9,415; 179; 13326; 12554; 11690,Guilherme Mendes; Rafael Mendes; Hiryu Niwa; Iasmin Casser; Jessa Khan,10,academy_name_overlap_only,research_lead,never_publish_as_lineage_without_direct_source,"O ranking da IBJJF associa o atleta à academia ""AOJ""; o acervo possui 10 pessoa(s) com o mesmo nome de academia. Isso não identifica professor nem comprova graduação."
Dileno Lopes de Moraes,https://ibjjf.com/athletes/dileno-moraes,Nova União,male,master1,no-gi,9,78; 634; 6756; 4334; 195,Andre Pederneiras; Wendell Alexander; Rodrigo Silva; Andre da Silva; Robson Moura,39,academy_name_overlap_only,research_lead,never_publish_as_lineage_without_direct_source,"O ranking da IBJJF associa o atleta à academia ""Nova União""; o acervo possui 39 pessoa(s) com o mesmo nome de academia. Isso não identifica professor nem comprova graduação."
Justin F Renick,https://ibjjf.com/athletes/justin-renick,Brazilian Fight Factory,male,master1,no-gi,9.0,13172,Andrew Tackett,1,academy_name_overlap_only,research_lead,never_publish_as_lineage_without_direct_source,"O ranking da IBJJF associa o atleta à academia ""Brazilian Fight Factory""; o acervo possui 1 pessoa(s) com o mesmo nome de academia. Isso não identifica professor nem comprova graduação."
Sérgio Ribeiro Costa,https://ibjjf.com/athletes/sergio-costa-1a33cf0ed2e4,Nova União,male,master1,no-gi,9,78; 634; 6756; 4334; 195,Andre Pederneiras; Wendell Alexander; Rodrigo Silva; Andre da Silva; Robson Moura,39,academy_name_overlap_only,research_lead,never_publish_as_lineage_without_direct_source,"O ranking da IBJJF associa o atleta à academia ""Nova União""; o acervo possui 39 pessoa(s) com o mesmo nome de academia. Isso não identifica professor nem comprova graduação."
Conor William Mortimer,https://ibjjf.com/athletes/conor-mortimer,Roger Gracie Academy,male,master1,no-gi,9,6209; 9261,Felipe Mota; Ross Nicholls,2,academy_name_overlap_only,research_lead,never_publish_as_lineage_without_direct_source,"O ranking da IBJJF associa o atleta à academia ""Roger Gracie Academy""; o acervo possui 2 pessoa(s) com o mesmo nome de academia. Isso não identifica professor nem comprova graduação."
Jesse P. Cahill,https://ibjjf.com/athletes/jesse-cahill,Renzo Gracie Academy,male,master1,no-gi,9,10000; 5649; 7442; 9760; 5617,Doug Pelinkovic; Gary Tonon; Edward Cummings; Frank Rosenthal; Jamie Cruz,10,academy_name_overlap_only,research_lead,never_publish_as_lineage_without_direct_source,"O ranking da IBJJF associa o atleta à academia ""Renzo Gracie Academy""; o acervo possui 10 pessoa(s) com o mesmo nome de academia. Isso não identifica professor nem comprova graduação."
João Pedro Ferreira Torres,https://ibjjf.com/athletes/joao-torres-f91f7c31e3a5,Rio Grappling Club,male,master1,no-gi,9,960; 535,Mauro Chueng; Roberto Atalla,2,academy_name_overlap_only,research_lead,never_publish_as_lineage_without_direct_source,"O ranking da IBJJF associa o atleta à academia ""Rio Grappling Club""; o acervo possui 2 pessoa(s) com o mesmo nome de academia. Isso não identifica professor nem comprova graduação."
João Lucas de Faria,https://ibjjf.com/athletes/joao-faria-e0579db17cb0,GF Team,male,master1,no-gi,9,203; 8116; 11917; 2035; 9166,Julio Cesar; Dante Leon; Gabriel Marinho; Vitor Henrique; Alexandre Barauna,50,academy_name_overlap_only,research_lead,never_publish_as_lineage_without_direct_source,"O ranking da IBJJF associa o atleta à academia ""GF Team""; o acervo possui 50 pessoa(s) com o mesmo nome de academia. Isso não identifica professor nem comprova graduação."
Antonio Medeiros de Oliveira da Silva,https://ibjjf.com/athletes/antonio-silva-7615955603db,SAS Team,male,master1,no-gi,9,9338,Guybson Sa,1,academy_name_overlap_only,research_lead,never_publish_as_lineage_without_direct_source,"O ranking da IBJJF associa o atleta à academia ""SAS Team""; o acervo possui 1 pessoa(s) com o mesmo nome de academia. Isso não identifica professor nem comprova graduação."
Kryz Patricio Navarro,https://ibjjf.com/athletes/kryz-navarro,Renzo Gracie Academy,male,master1,no-gi,8,10000; 5649; 7442; 9760; 5617,Doug Pelinkovic; Gary Tonon; Edward Cummings; Frank Rosenthal; Jamie Cruz,10,academy_name_overlap_only,research_lead,never_publish_as_lineage_without_direct_source,"O ranking da IBJJF associa o atleta à academia ""Renzo Gracie Academy""; o acervo possui 10 pessoa(s) com o mesmo nome de academia. Isso não identifica professor nem comprova graduação."
Zaid Bassam Ahmad Jarrar,https://ibjjf.com/athletes/zaid-jarrar,Fight Sports,male,master1,no-gi,6,224; 11384; 12178; 13473; 13031,Roberto Abreu; Andre Porfirio; Joao Costa; Kauane Silva; Lucas Lisboa,12,academy_name_overlap_only,research_lead,never_publish_as_lineage_without_direct_source,"O ranking da IBJJF associa o atleta à academia ""Fight Sports""; o acervo possui 12 pessoa(s) com o mesmo nome de academia. Isso não identifica professor nem comprova graduação."
Bruno Braga Pereira,https://ibjjf.com/athletes/bruno-pereira-abde47719403,GF Team,male,master1,no-gi,3,203; 8116; 11917; 2035; 9166,Julio Cesar; Dante Leon; Gabriel Marinho; Vitor Henrique; Alexandre Barauna,50,academy_name_overlap_only,research_lead,never_publish_as_lineage_without_direct_source,"O ranking da IBJJF associa o atleta à academia ""GF Team""; o acervo possui 50 pessoa(s) com o mesmo nome de academia. Isso não identifica professor nem comprova graduação."
Thiago Barros de Siqueira,https://ibjjf.com/athletes/thiago-siqueira-05219184e527,PSLPB Cicero Costha,male,master1,no-gi,3,1155; 13076; 7704; 6151; 13062,Cicero Costha; Francisco Lo; Helton Jose Junior; Hiago George; Leonardo Mario,5,academy_name_overlap_only,research_lead,never_publish_as_lineage_without_direct_source,"O ranking da IBJJF associa o atleta à academia ""PSLPB Cicero Costha""; o acervo possui 5 pessoa(s) com o mesmo nome de academia. Isso não identifica professor nem comprova graduação."
Bruno Mendes Couto,https://ibjjf.com/athletes/bruno-couto,CheckMat,male,master1,no-gi,3,419; 338; 875; 963; 405,Leonardo Vieira; Ricardo Vieira; Lucas Leite; Carlos Vieira Holanda; Marco Canha,85,academy_name_overlap_only,research_lead,never_publish_as_lineage_without_direct_source,"O ranking da IBJJF associa o atleta à academia ""CheckMat""; o acervo possui 85 pessoa(s) com o mesmo nome de academia. Isso não identifica professor nem comprova graduação."
Jean Carlos Baroni,https://ibjjf.com/athletes/jean-baroni,PSLPB Cicero Costha,male,master1,no-gi,3,1155; 13076; 7704; 6151; 13062,Cicero Costha; Francisco Lo; Helton Jose Junior; Hiago George; Leonardo Mario,5,academy_name_overlap_only,research_lead,never_publish_as_lineage_without_direct_source,"O ranking da IBJJF associa o atleta à academia ""PSLPB Cicero Costha""; o acervo possui 5 pessoa(s) com o mesmo nome de academia. Isso não identifica professor nem comprova graduação."
Michal Balla,https://ibjjf.com/athletes/michal-balla,Jungle BJJ,male,master1,no-gi,3,10318,Eldar Rafigaev,1,academy_name_overlap_only,research_lead,never_publish_as_lineage_without_direct_source,"O ranking da IBJJF associa o atleta à academia ""Jungle BJJ""; o acervo possui 1 pessoa(s) com o mesmo nome de academia. Isso não identifica professor nem comprova graduação."
Marcelo Larrosa Tavares de Souza,https://ibjjf.com/athletes/marcelo-souza-dccab762c7e6,Brazilian Top Team,male,master1,no-gi,3,627; 8409; 249; 232; 1675,Murilo Bustamante; Ricardo Marques; Anderson Pereira; Jose Mario Sperry; Luis Roberto Duarte,6,academy_name_overlap_only,research_lead,never_publish_as_lineage_without_direct_source,"O ranking da IBJJF associa o atleta à academia ""Brazilian Top Team""; o acervo possui 6 pessoa(s) com o mesmo nome de academia. Isso não identifica professor nem comprova graduação."
Rafael Oliveira Lopes,https://ibjjf.com/athletes/rafael-lopes-0aaa2f37399b,GF Team,male,master1,no-gi,2,203; 8116; 11917; 2035; 9166,Julio Cesar; Dante Leon; Gabriel Marinho; Vitor Henrique; Alexandre Barauna,50,academy_name_overlap_only,research_lead,never_publish_as_lineage_without_direct_source,"O ranking da IBJJF associa o atleta à academia ""GF Team""; o acervo possui 50 pessoa(s) com o mesmo nome de academia. Isso não identifica professor nem comprova graduação."
Matheus Fienni Negrelli,https://ibjjf.com/athletes/matheus-negrelli,Nova União,male,master1,no-gi,2,78; 634; 6756; 4334; 195,Andre Pederneiras; Wendell Alexander; Rodrigo Silva; Andre da Silva; Robson Moura,39,academy_name_overlap_only,research_lead,never_publish_as_lineage_without_direct_source,"O ranking da IBJJF associa o atleta à academia ""Nova União""; o acervo possui 39 pessoa(s) com o mesmo nome de academia. Isso não identifica professor nem comprova graduação."
Atamai Pedro Franco Gouveia,https://ibjjf.com/athletes/atamai-gouveia,Brazilian Top Team,male,master1,no-gi,1,627; 8409; 249; 232; 1675,Murilo Bustamante; Ricardo Marques; Anderson Pereira; Jose Mario Sperry; Luis Roberto Duarte,6,academy_name_overlap_only,research_lead,never_publish_as_lineage_without_direct_source,"O ranking da IBJJF associa o atleta à academia ""Brazilian Top Team""; o acervo possui 6 pessoa(s) com o mesmo nome de academia. Isso não identifica professor nem comprova graduação."
Daniel Estevam Lima,https://ibjjf.com/athletes/daniel-lima-75ca9e9291ff,GF Team,male,master1,no-gi,1,203; 8116; 11917; 2035; 9166,Julio Cesar; Dante Leon; Gabriel Marinho; Vitor Henrique; Alexandre Barauna,50,academy_name_overlap_only,research_lead,never_publish_as_lineage_without_direct_source,"O ranking da IBJJF associa o atleta à academia ""GF Team""; o acervo possui 50 pessoa(s) com o mesmo nome de academia. Isso não identifica professor nem comprova graduação."
Felipe Magno Froes,https://ibjjf.com/athletes/felipe-froes,Nova União,male,master1,no-gi,1,78; 634; 6756; 4334; 195,Andre Pederneiras; Wendell Alexander; Rodrigo Silva; Andre da Silva; Robson Moura,39,academy_name_overlap_only,research_lead,never_publish_as_lineage_without_direct_source,"O ranking da IBJJF associa o atleta à academia ""Nova União""; o acervo possui 39 pessoa(s) com o mesmo nome de academia. Isso não identifica professor nem comprova graduação."
Juan Souza Gadelha,https://ibjjf.com/athletes/juan-gadelha,CheckMat,male,master1,no-gi,1,419; 338; 875; 963; 405,Leonardo Vieira; Ricardo Vieira; Lucas Leite; Carlos Vieira Holanda; Marco Canha,85,academy_name_overlap_only,research_lead,never_publish_as_lineage_without_direct_source,"O ranking da IBJJF associa o atleta à academia ""CheckMat""; o acervo possui 85 pessoa(s) com o mesmo nome de academia. Isso não identifica professor nem comprova graduação."
Anderson Kleinkauff Meneghetti,https://ibjjf.com/athletes/anderson-meneghetti,CheckMat,male,master2,no-gi,226.5,419; 338; 875; 963; 405,Leonardo Vieira; Ricardo Vieira; Lucas Leite; Carlos Vieira Holanda; Marco Canha,85,academy_name_overlap_only,research_lead,never_publish_as_lineage_without_direct_source,"O ranking da IBJJF associa o atleta à academia ""CheckMat""; o acervo possui 85 pessoa(s) com o mesmo nome de academia. Isso não identifica professor nem comprova graduação."
Corey Neilson Brown,https://ibjjf.com/athletes/corey-brown,Fight Sports,male,master2,no-gi,150,224; 11384; 12178; 13473; 13031,Roberto Abreu; Andre Porfirio; Joao Costa; Kauane Silva; Lucas Lisboa,12,academy_name_overlap_only,research_lead,never_publish_as_lineage_without_direct_source,"O ranking da IBJJF associa o atleta à academia ""Fight Sports""; o acervo possui 12 pessoa(s) com o mesmo nome de academia. Isso não identifica professor nem comprova graduação."
Steven W. Johnson,https://ibjjf.com/athletes/steven-johnson,Fight Sports,male,master2,no-gi,88.5,224; 11384; 12178; 13473; 13031,Roberto Abreu; Andre Porfirio; Joao Costa; Kauane Silva; Lucas Lisboa,12,academy_name_overlap_only,research_lead,never_publish_as_lineage_without_direct_source,"O ranking da IBJJF associa o atleta à academia ""Fight Sports""; o acervo possui 12 pessoa(s) com o mesmo nome de academia. Isso não identifica professor nem comprova graduação."
William James Vincent,https://ibjjf.com/athletes/william-vincent,Combat Base,male,master2,no-gi,87.0,5858,Chris Haueter,1,academy_name_overlap_only,research_lead,never_publish_as_lineage_without_direct_source,"O ranking da IBJJF associa o atleta à academia ""Combat Base""; o acervo possui 1 pessoa(s) com o mesmo nome de academia. Isso não identifica professor nem comprova graduação."
Michael Harold Pope Jr.,https://ibjjf.com/athletes/michael-jr-c8f4acdf1d2e,Big Brothers,male,master2,no-gi,45,6403,Leonardo Dalla,1,academy_name_overlap_only,research_lead,never_publish_as_lineage_without_direct_source,"O ranking da IBJJF associa o atleta à academia ""Big Brothers""; o acervo possui 1 pessoa(s) com o mesmo nome de academia. Isso não identifica professor nem comprova graduação."
Patric Eli Antonio Rampanelli,https://ibjjf.com/athletes/patric-rampanelli,Zenith BJJ,male,master2,no-gi,42,6006; 11093; 543,Paulo Rezende; Emilio Hernandez; Rodrigo Cavaca,3,academy_name_overlap_only,research_lead,never_publish_as_lineage_without_direct_source,"O ranking da IBJJF associa o atleta à academia ""Zenith BJJ""; o acervo possui 3 pessoa(s) com o mesmo nome de academia. Isso não identifica professor nem comprova graduação."
Thiago Giordano Angelon,https://ibjjf.com/athletes/thiago-angelon,Renzo Gracie Academy,male,master2,no-gi,39,10000; 5649; 7442; 9760; 5617,Doug Pelinkovic; Gary Tonon; Edward Cummings; Frank Rosenthal; Jamie Cruz,10,academy_name_overlap_only,research_lead,never_publish_as_lineage_without_direct_source,"O ranking da IBJJF associa o atleta à academia ""Renzo Gracie Academy""; o acervo possui 10 pessoa(s) com o mesmo nome de academia. Isso não identifica professor nem comprova graduação."
Ricardo Raimundo Cardoso,https://ibjjf.com/athletes/ricardo-cardoso,Game Fight,male,master2,no-gi,23,6002,Vinicius Amaral,1,academy_name_overlap_only,research_lead,never_publish_as_lineage_without_direct_source,"O ranking da IBJJF associa o atleta à academia ""Game Fight""; o acervo possui 1 pessoa(s) com o mesmo nome de academia. Isso não identifica professor nem comprova graduação."
Daniel Holy,https://ibjjf.com/athletes/daniel-holy,Jungle BJJ,male,master2,no-gi,20,10318,Eldar Rafigaev,1,academy_name_overlap_only,research_lead,never_publish_as_lineage_without_direct_source,"O ranking da IBJJF associa o atleta à academia ""Jungle BJJ""; o acervo possui 1 pessoa(s) com o mesmo nome de academia. Isso não identifica professor nem comprova graduação."
Fabrizio Danilo Calio,https://ibjjf.com/athletes/fabrizio-calio,Roger Gracie Academy,male,master2,no-gi,20.0,6209; 9261,Felipe Mota; Ross Nicholls,2,academy_name_overlap_only,research_lead,never_publish_as_lineage_without_direct_source,"O ranking da IBJJF associa o atleta à academia ""Roger Gracie Academy""; o acervo possui 2 pessoa(s) com o mesmo nome de academia. Isso não identifica professor nem comprova graduação."
Erik Thomas Anderson,https://ibjjf.com/athletes/erik-anderson,Combat Base,male,master2,no-gi,16.5,5858,Chris Haueter,1,academy_name_overlap_only,research_lead,never_publish_as_lineage_without_direct_source,"O ranking da IBJJF associa o atleta à academia ""Combat Base""; o acervo possui 1 pessoa(s) com o mesmo nome de academia. Isso não identifica professor nem comprova graduação."
Rafael Vinicius Vieira e Silva,https://ibjjf.com/athletes/rafael-silva-1672b79ed199,Cassão Team,male,master2,no-gi,12,9956,Vinicius Pereira,1,academy_name_overlap_only,research_lead,never_publish_as_lineage_without_direct_source,"O ranking da IBJJF associa o atleta à academia ""Cassão Team""; o acervo possui 1 pessoa(s) com o mesmo nome de academia. Isso não identifica professor nem comprova graduação."
Ramon Fontes de Almeida Medeiros,https://ibjjf.com/athletes/ramon-medeiros,Brazilian Top Team,male,master2,no-gi,9,627; 8409; 249; 232; 1675,Murilo Bustamante; Ricardo Marques; Anderson Pereira; Jose Mario Sperry; Luis Roberto Duarte,6,academy_name_overlap_only,research_lead,never_publish_as_lineage_without_direct_source,"O ranking da IBJJF associa o atleta à academia ""Brazilian Top Team""; o acervo possui 6 pessoa(s) com o mesmo nome de academia. Isso não identifica professor nem comprova graduação."
Richard Daniel Klein,https://ibjjf.com/athletes/richard-klein,Renzo Gracie Academy,male,master2,no-gi,9,10000; 5649; 7442; 9760; 5617,Doug Pelinkovic; Gary Tonon; Edward Cummings; Frank Rosenthal; Jamie Cruz,10,academy_name_overlap_only,research_lead,never_publish_as_lineage_without_direct_source,"O ranking da IBJJF associa o atleta à academia ""Renzo Gracie Academy""; o acervo possui 10 pessoa(s) com o mesmo nome de academia. Isso não identifica professor nem comprova graduação."
Jesse Jay Newell,https://ibjjf.com/athletes/jesse-newell,Gracie Morumbi,male,master2,no-gi,9.0,658,Fabio Leopoldo,1,academy_name_overlap_only,research_lead,never_publish_as_lineage_without_direct_source,"O ranking da IBJJF associa o atleta à academia ""Gracie Morumbi""; o acervo possui 1 pessoa(s) com o mesmo nome de academia. Isso não identifica professor nem comprova graduação."
Athos Marques Correa,https://ibjjf.com/athletes/athos-correa,Brazilian Top Team,male,master2,no-gi,9.0,627; 8409; 249; 232; 1675,Murilo Bustamante; Ricardo Marques; Anderson Pereira; Jose Mario Sperry; Luis Roberto Duarte,6,academy_name_overlap_only,research_lead,never_publish_as_lineage_without_direct_source,"O ranking da IBJJF associa o atleta à academia ""Brazilian Top Team""; o acervo possui 6 pessoa(s) com o mesmo nome de academia. Isso não identifica professor nem comprova graduação."
Jonnas Roquetti Fernandes,https://ibjjf.com/athletes/jonnas-fernandes,Demian Maia Jiu-Jitsu,male,master2,no-gi,9,7103,Wagner Mota,1,academy_name_overlap_only,research_lead,never_publish_as_lineage_without_direct_source,"O ranking da IBJJF associa o atleta à academia ""Demian Maia Jiu-Jitsu""; o acervo possui 1 pessoa(s) com o mesmo nome de academia. Isso não identifica professor nem comprova graduação."
Anthony Michael Craparo,https://ibjjf.com/athletes/anthony-craparo,Crazy 88,male,master2,no-gi,9,4411,Julius Park,1,academy_name_overlap_only,research_lead,never_publish_as_lineage_without_direct_source,"O ranking da IBJJF associa o atleta à academia ""Crazy 88""; o acervo possui 1 pessoa(s) com o mesmo nome de academia. Isso não identifica professor nem comprova graduação."
Anthony Rocco Pascarella,https://ibjjf.com/athletes/anthony-pascarella,Team Shawn Hammonds,male,master2,no-gi,9,9845,Chad Hardy,1,academy_name_overlap_only,research_lead,never_publish_as_lineage_without_direct_source,"O ranking da IBJJF associa o atleta à academia ""Team Shawn Hammonds""; o acervo possui 1 pessoa(s) com o mesmo nome de academia. Isso não identifica professor nem comprova graduação."
Vanilson Olegario Machado,https://ibjjf.com/athletes/vanilson-machado,GF Team,male,master2,no-gi,7,203; 8116; 11917; 2035; 9166,Julio Cesar; Dante Leon; Gabriel Marinho; Vitor Henrique; Alexandre Barauna,50,academy_name_overlap_only,research_lead,never_publish_as_lineage_without_direct_source,"O ranking da IBJJF associa o atleta à academia ""GF Team""; o acervo possui 50 pessoa(s) com o mesmo nome de academia. Isso não identifica professor nem comprova graduação."
Marcus A Ashcraft,https://ibjjf.com/athletes/marcus-d5cfeb5290d4,Fight Sports,male,master2,no-gi,6,224; 11384; 12178; 13473; 13031,Roberto Abreu; Andre Porfirio; Joao Costa; Kauane Silva; Lucas Lisboa,12,academy_name_overlap_only,research_lead,never_publish_as_lineage_without_direct_source,"O ranking da IBJJF associa o atleta à academia ""Fight Sports""; o acervo possui 12 pessoa(s) com o mesmo nome de academia. Isso não identifica professor nem comprova graduação."
Adam Felipe Ludolf Barros,https://ibjjf.com/athletes/adam-barros,GF Team,male,master2,no-gi,6,203; 8116; 11917; 2035; 9166,Julio Cesar; Dante Leon; Gabriel Marinho; Vitor Henrique; Alexandre Barauna,50,academy_name_overlap_only,research_lead,never_publish_as_lineage_without_direct_source,"O ranking da IBJJF associa o atleta à academia ""GF Team""; o acervo possui 50 pessoa(s) com o mesmo nome de academia. Isso não identifica professor nem comprova graduação."
Leonardo da Silva Cruz,https://ibjjf.com/athletes/leonardo-cruz-247330411473,Gracie Humaita,male,master2,no-gi,5.0,515; 903; 1445; 613; 6339,Royler Gracie; Leticia Ribeiro; Rolker Gracie; Wellington Dias; Admilson Brites,34,academy_name_overlap_only,research_lead,never_publish_as_lineage_without_direct_source,"O ranking da IBJJF associa o atleta à academia ""Gracie Humaita""; o acervo possui 34 pessoa(s) com o mesmo nome de academia. Isso não identifica professor nem comprova graduação."
Rodrigo Gonçalves R. de Oliveira,https://ibjjf.com/athletes/rodrigo-oliveira-1da473995958,Guigo JJ,male,master2,no-gi,4,693; 11423; 9483; 11766; 1624,Luiz Guilherme; Meyram Maquine; Eduardo Lopes; Gabriel Costa; Leonardo Arruda,5,academy_name_overlap_only,research_lead,never_publish_as_lineage_without_direct_source,"O ranking da IBJJF associa o atleta à academia ""Guigo JJ""; o acervo possui 5 pessoa(s) com o mesmo nome de academia. Isso não identifica professor nem comprova graduação."
Rogério de Oliveira Batista,https://ibjjf.com/athletes/rogerio-batista,Cia Paulista,male,master2,no-gi,3,396; 1097; 872; 2324; 1517,Carlos Vieira; Waldomiro Perez; Maximiliano Trombini; Eduardo Santoro; Alexandre Santos,9,academy_name_overlap_only,research_lead,never_publish_as_lineage_without_direct_source,"O ranking da IBJJF associa o atleta à academia ""Cia Paulista""; o acervo possui 9 pessoa(s) com o mesmo nome de academia. Isso não identifica professor nem comprova graduação."
Anthony Loycano,https://ibjjf.com/athletes/anthony-loycano,Renzo Gracie Academy,male,master2,no-gi,3,10000; 5649; 7442; 9760; 5617,Doug Pelinkovic; Gary Tonon; Edward Cummings; Frank Rosenthal; Jamie Cruz,10,academy_name_overlap_only,research_lead,never_publish_as_lineage_without_direct_source,"O ranking da IBJJF associa o atleta à academia ""Renzo Gracie Academy""; o acervo possui 10 pessoa(s) com o mesmo nome de academia. Isso não identifica professor nem comprova graduação."
Andre Victor Ferreira de Oliveira,https://ibjjf.com/athletes/andre-oliveira-e81eed39bcc9,GF Team,male,master2,no-gi,3,203; 8116; 11917; 2035; 9166,Julio Cesar; Dante Leon; Gabriel Marinho; Vitor Henrique; Alexandre Barauna,50,academy_name_overlap_only,research_lead,never_publish_as_lineage_without_direct_source,"O ranking da IBJJF associa o atleta à academia ""GF Team""; o acervo possui 50 pessoa(s) com o mesmo nome de academia. Isso não identifica professor nem comprova graduação."
Wendell Meneses Barbosa,https://ibjjf.com/athletes/wendell-barbosa,GF Team,male,master2,no-gi,3,203; 8116; 11917; 2035; 9166,Julio Cesar; Dante Leon; Gabriel Marinho; Vitor Henrique; Alexandre Barauna,50,academy_name_overlap_only,research_lead,never_publish_as_lineage_without_direct_source,"O ranking da IBJJF associa o atleta à academia ""GF Team""; o acervo possui 50 pessoa(s) com o mesmo nome de academia. Isso não identifica professor nem comprova graduação."
Carlos Henrique Alves de Sá Junior,https://ibjjf.com/athletes/carlos-junior-7bf3a53e3ff2,Zenith BJJ,male,master2,no-gi,3,6006; 11093; 543,Paulo Rezende; Emilio Hernandez; Rodrigo Cavaca,3,academy_name_overlap_only,research_lead,never_publish_as_lineage_without_direct_source,"O ranking da IBJJF associa o atleta à academia ""Zenith BJJ""; o acervo possui 3 pessoa(s) com o mesmo nome de academia. Isso não identifica professor nem comprova graduação."
Rodolfo Becerra Jr,https://ibjjf.com/athletes/rodolfo-becerra,Fight Sports,male,master2,no-gi,2,224; 11384; 12178; 13473; 13031,Roberto Abreu; Andre Porfirio; Joao Costa; Kauane Silva; Lucas Lisboa,12,academy_name_overlap_only,research_lead,never_publish_as_lineage_without_direct_source,"O ranking da IBJJF associa o atleta à academia ""Fight Sports""; o acervo possui 12 pessoa(s) com o mesmo nome de academia. Isso não identifica professor nem comprova graduação."
Diego Eugenio de S. Ferreira,https://ibjjf.com/athletes/diego-ferreira-b7d68303a95e,CheckMat,male,master2,no-gi,2,419; 338; 875; 963; 405,Leonardo Vieira; Ricardo Vieira; Lucas Leite; Carlos Vieira Holanda; Marco Canha,85,academy_name_overlap_only,research_lead,never_publish_as_lineage_without_direct_source,"O ranking da IBJJF associa o atleta à academia ""CheckMat""; o acervo possui 85 pessoa(s) com o mesmo nome de academia. Isso não identifica professor nem comprova graduação."
Elvis Galvão Cunha,https://ibjjf.com/athletes/elvis-cunha,GF Team,male,master2,no-gi,2,203; 8116; 11917; 2035; 9166,Julio Cesar; Dante Leon; Gabriel Marinho; Vitor Henrique; Alexandre Barauna,50,academy_name_overlap_only,research_lead,never_publish_as_lineage_without_direct_source,"O ranking da IBJJF associa o atleta à academia ""GF Team""; o acervo possui 50 pessoa(s) com o mesmo nome de academia. Isso não identifica professor nem comprova graduação."
Victor Bruno de Lemos Fernandes,https://ibjjf.com/athletes/victor-fernandes-c33cd7d3624c,CheckMat,male,master2,no-gi,2,419; 338; 875; 963; 405,Leonardo Vieira; Ricardo Vieira; Lucas Leite; Carlos Vieira Holanda; Marco Canha,85,academy_name_overlap_only,research_lead,never_publish_as_lineage_without_direct_source,"O ranking da IBJJF associa o atleta à academia ""CheckMat""; o acervo possui 85 pessoa(s) com o mesmo nome de academia. Isso não identifica professor nem comprova graduação."
Marcos Vinicius Garcia Pereira,https://ibjjf.com/athletes/marcos-pereira-822d2b4786eb,GF Team,male,master2,no-gi,2,203; 8116; 11917; 2035; 9166,Julio Cesar; Dante Leon; Gabriel Marinho; Vitor Henrique; Alexandre Barauna,50,academy_name_overlap_only,research_lead,never_publish_as_lineage_without_direct_source,"O ranking da IBJJF associa o atleta à academia ""GF Team""; o acervo possui 50 pessoa(s) com o mesmo nome de academia. Isso não identifica professor nem comprova graduação."
Rui Marcos Camargo,https://ibjjf.com/athletes/rui-camargo,GF Team,male,master2,no-gi,1,203; 8116; 11917; 2035; 9166,Julio Cesar; Dante Leon; Gabriel Marinho; Vitor Henrique; Alexandre Barauna,50,academy_name_overlap_only,research_lead,never_publish_as_lineage_without_direct_source,"O ranking da IBJJF associa o atleta à academia ""GF Team""; o acervo possui 50 pessoa(s) com o mesmo nome de academia. Isso não identifica professor nem comprova graduação."
Claudio Santini Junior,https://ibjjf.com/athletes/claudio-junior-6612a0641f13,Ushirobira JJ,male,master2,no-gi,1,7282,Andre Ushirobira,1,academy_name_overlap_only,research_lead,never_publish_as_lineage_without_direct_source,"O ranking da IBJJF associa o atleta à academia ""Ushirobira JJ""; o acervo possui 1 pessoa(s) com o mesmo nome de academia. Isso não identifica professor nem comprova graduação."
Luiz Eduardo Bessa Fagundes,https://ibjjf.com/athletes/luiz-fagundes,Brazilian Top Team,male,master2,no-gi,1,627; 8409; 249; 232; 1675,Murilo Bustamante; Ricardo Marques; Anderson Pereira; Jose Mario Sperry; Luis Roberto Duarte,6,academy_name_overlap_only,research_lead,never_publish_as_lineage_without_direct_source,"O ranking da IBJJF associa o atleta à academia ""Brazilian Top Team""; o acervo possui 6 pessoa(s) com o mesmo nome de academia. Isso não identifica professor nem comprova graduação."
Boyce J. Kaman,https://ibjjf.com/athletes/boyce-kaman,Renzo Gracie Academy,male,master2,no-gi,1,10000; 5649; 7442; 9760; 5617,Doug Pelinkovic; Gary Tonon; Edward Cummings; Frank Rosenthal; Jamie Cruz,10,academy_name_overlap_only,research_lead,never_publish_as_lineage_without_direct_source,"O ranking da IBJJF associa o atleta à academia ""Renzo Gracie Academy""; o acervo possui 10 pessoa(s) com o mesmo nome de academia. Isso não identifica professor nem comprova graduação."
Thiago Martins Rocha,https://ibjjf.com/athletes/thiago-rocha-a756d6496cef,Nova União,male,master2,no-gi,1,78; 634; 6756; 4334; 195,Andre Pederneiras; Wendell Alexander; Rodrigo Silva; Andre da Silva; Robson Moura,39,academy_name_overlap_only,research_lead,never_publish_as_lineage_without_direct_source,"O ranking da IBJJF associa o atleta à academia ""Nova União""; o acervo possui 39 pessoa(s) com o mesmo nome de academia. Isso não identifica professor nem comprova graduação."
Carlos Andres Moyano Herrera,https://ibjjf.com/athletes/carlos-herrera,Fight Sports,male,master3,no-gi,59.5,224; 11384; 12178; 13473; 13031,Roberto Abreu; Andre Porfirio; Joao Costa; Kauane Silva; Lucas Lisboa,12,academy_name_overlap_only,research_lead,never_publish_as_lineage_without_direct_source,"O ranking da IBJJF associa o atleta à academia ""Fight Sports""; o acervo possui 12 pessoa(s) com o mesmo nome de academia. Isso não identifica professor nem comprova graduação."
Thiago Aragão de Abreu,https://ibjjf.com/athletes/thiago-abreu,CheckMat,male,master3,no-gi,42,419; 338; 875; 963; 405,Leonardo Vieira; Ricardo Vieira; Lucas Leite; Carlos Vieira Holanda; Marco Canha,85,academy_name_overlap_only,research_lead,never_publish_as_lineage_without_direct_source,"O ranking da IBJJF associa o atleta à academia ""CheckMat""; o acervo possui 85 pessoa(s) com o mesmo nome de academia. Isso não identifica professor nem comprova graduação."
Daniel Machado da Silva,https://ibjjf.com/athletes/daniel-silva-654b25537a3f,Gracie Humaita,male,master3,no-gi,36,515; 903; 1445; 613; 6339,Royler Gracie; Leticia Ribeiro; Rolker Gracie; Wellington Dias; Admilson Brites,34,academy_name_overlap_only,research_lead,never_publish_as_lineage_without_direct_source,"O ranking da IBJJF associa o atleta à academia ""Gracie Humaita""; o acervo possui 34 pessoa(s) com o mesmo nome de academia. Isso não identifica professor nem comprova graduação."
Mauro Chimento Junior,https://ibjjf.com/athletes/mauro-junior-4b86ee461f96,CheckMat,male,master3,no-gi,32,419; 338; 875; 963; 405,Leonardo Vieira; Ricardo Vieira; Lucas Leite; Carlos Vieira Holanda; Marco Canha,85,academy_name_overlap_only,research_lead,never_publish_as_lineage_without_direct_source,"O ranking da IBJJF associa o atleta à academia ""CheckMat""; o acervo possui 85 pessoa(s) com o mesmo nome de academia. Isso não identifica professor nem comprova graduação."
Guilherme Freitas Pimentel,https://ibjjf.com/athletes/guilherme-pimentel,Nova União,male,master3,no-gi,27,78; 634; 6756; 4334; 195,Andre Pederneiras; Wendell Alexander; Rodrigo Silva; Andre da Silva; Robson Moura,39,academy_name_overlap_only,research_lead,never_publish_as_lineage_without_direct_source,"O ranking da IBJJF associa o atleta à academia ""Nova União""; o acervo possui 39 pessoa(s) com o mesmo nome de academia. Isso não identifica professor nem comprova graduação."
Erivaldo Augusto dos Santos,https://ibjjf.com/athletes/erivaldo-santos-e8ccdb1c5b48,Gracie Humaita,male,master3,no-gi,27,515; 903; 1445; 613; 6339,Royler Gracie; Leticia Ribeiro; Rolker Gracie; Wellington Dias; Admilson Brites,34,academy_name_overlap_only,research_lead,never_publish_as_lineage_without_direct_source,"O ranking da IBJJF associa o atleta à academia ""Gracie Humaita""; o acervo possui 34 pessoa(s) com o mesmo nome de academia. Isso não identifica professor nem comprova graduação."
Nadson Whesley Muniz Chaves Pelegrini,https://ibjjf.com/athletes/nadson-pelegrini,CheckMat,male,master3,no-gi,27,419; 338; 875; 963; 405,Leonardo Vieira; Ricardo Vieira; Lucas Leite; Carlos Vieira Holanda; Marco Canha,85,academy_name_overlap_only,research_lead,never_publish_as_lineage_without_direct_source,"O ranking da IBJJF associa o atleta à academia ""CheckMat""; o acervo possui 85 pessoa(s) com o mesmo nome de academia. Isso não identifica professor nem comprova graduação."
Luiz Gonzaga da Silva R. Neto,https://ibjjf.com/athletes/luiz-neto-68f9b9b50dd0,De La Riva JJ,male,master3,no-gi,24,7928,Claudia Doval,1,academy_name_overlap_only,research_lead,never_publish_as_lineage_without_direct_source,"O ranking da IBJJF associa o atleta à academia ""De La Riva JJ""; o acervo possui 1 pessoa(s) com o mesmo nome de academia. Isso não identifica professor nem comprova graduação."
Willian Rodrigues Casquilha Junior,https://ibjjf.com/athletes/willian-junior,De La Riva JJ,male,master3,no-gi,22,7928,Claudia Doval,1,academy_name_overlap_only,research_lead,never_publish_as_lineage_without_direct_source,"O ranking da IBJJF associa o atleta à academia ""De La Riva JJ""; o acervo possui 1 pessoa(s) com o mesmo nome de academia. Isso não identifica professor nem comprova graduação."
Daniel Fernando Alvarez Malvino,https://ibjjf.com/athletes/daniel-malvino,Nova União,male,master3,no-gi,17,78; 634; 6756; 4334; 195,Andre Pederneiras; Wendell Alexander; Rodrigo Silva; Andre da Silva; Robson Moura,39,academy_name_overlap_only,research_lead,never_publish_as_lineage_without_direct_source,"O ranking da IBJJF associa o atleta à academia ""Nova União""; o acervo possui 39 pessoa(s) com o mesmo nome de academia. Isso não identifica professor nem comprova graduação."
Omnesiphoro Raphael B. de Oliveira,https://ibjjf.com/athletes/omnesiphoro-oliveira,GF Team,male,master3,no-gi,13,203; 8116; 11917; 2035; 9166,Julio Cesar; Dante Leon; Gabriel Marinho; Vitor Henrique; Alexandre Barauna,50,academy_name_overlap_only,research_lead,never_publish_as_lineage_without_direct_source,"O ranking da IBJJF associa o atleta à academia ""GF Team""; o acervo possui 50 pessoa(s) com o mesmo nome de academia. Isso não identifica professor nem comprova graduação."
Richard Benjamin Advocat,https://ibjjf.com/athletes/richard-advocat,Brazilian Fight Factory,male,master3,no-gi,9,13172,Andrew Tackett,1,academy_name_overlap_only,research_lead,never_publish_as_lineage_without_direct_source,"O ranking da IBJJF associa o atleta à academia ""Brazilian Fight Factory""; o acervo possui 1 pessoa(s) com o mesmo nome de academia. Isso não identifica professor nem comprova graduação."
Tiago Rolim Formigoni,https://ibjjf.com/athletes/tiago-formigoni,CheckMat,male,master3,no-gi,9,419; 338; 875; 963; 405,Leonardo Vieira; Ricardo Vieira; Lucas Leite; Carlos Vieira Holanda; Marco Canha,85,academy_name_overlap_only,research_lead,never_publish_as_lineage_without_direct_source,"O ranking da IBJJF associa o atleta à academia ""CheckMat""; o acervo possui 85 pessoa(s) com o mesmo nome de academia. Isso não identifica professor nem comprova graduação."
Josiel Gonçalves de Alencar,https://ibjjf.com/athletes/josiel-alencar,De La Riva JJ,male,master3,no-gi,8,7928,Claudia Doval,1,academy_name_overlap_only,research_lead,never_publish_as_lineage_without_direct_source,"O ranking da IBJJF associa o atleta à academia ""De La Riva JJ""; o acervo possui 1 pessoa(s) com o mesmo nome de academia. Isso não identifica professor nem comprova graduação."
Rodney Guiot de Souza,https://ibjjf.com/athletes/rodney-souza,Ralph Gracie,male,master3,no-gi,6,2475,Kurt Osiander,1,academy_name_overlap_only,research_lead,never_publish_as_lineage_without_direct_source,"O ranking da IBJJF associa o atleta à academia ""Ralph Gracie""; o acervo possui 1 pessoa(s) com o mesmo nome de academia. Isso não identifica professor nem comprova graduação."
Rafael Hildebrandt Dias,https://ibjjf.com/athletes/rafael-dias-980722528e7d,Fight Sports,male,master3,no-gi,4.5,224; 11384; 12178; 13473; 13031,Roberto Abreu; Andre Porfirio; Joao Costa; Kauane Silva; Lucas Lisboa,12,academy_name_overlap_only,research_lead,never_publish_as_lineage_without_direct_source,"O ranking da IBJJF associa o atleta à academia ""Fight Sports""; o acervo possui 12 pessoa(s) com o mesmo nome de academia. Isso não identifica professor nem comprova graduação."
Jean Patrick Olinto,https://ibjjf.com/athletes/jean-olinto,Gracie Humaita,male,master3,no-gi,4,515; 903; 1445; 613; 6339,Royler Gracie; Leticia Ribeiro; Rolker Gracie; Wellington Dias; Admilson Brites,34,academy_name_overlap_only,research_lead,never_publish_as_lineage_without_direct_source,"O ranking da IBJJF associa o atleta à academia ""Gracie Humaita""; o acervo possui 34 pessoa(s) com o mesmo nome de academia. Isso não identifica professor nem comprova graduação."
Anderson da Cunha Macedo,https://ibjjf.com/athletes/anderson-macedo,GF Team,male,master3,no-gi,4,203; 8116; 11917; 2035; 9166,Julio Cesar; Dante Leon; Gabriel Marinho; Vitor Henrique; Alexandre Barauna,50,academy_name_overlap_only,research_lead,never_publish_as_lineage_without_direct_source,"O ranking da IBJJF associa o atleta à academia ""GF Team""; o acervo possui 50 pessoa(s) com o mesmo nome de academia. Isso não identifica professor nem comprova graduação."
Everton Damasceno Guimarães,https://ibjjf.com/athletes/everton-guimaraes,Game Fight,male,master3,no-gi,4,6002,Vinicius Amaral,1,academy_name_overlap_only,research_lead,never_publish_as_lineage_without_direct_source,"O ranking da IBJJF associa o atleta à academia ""Game Fight""; o acervo possui 1 pessoa(s) com o mesmo nome de academia. Isso não identifica professor nem comprova graduação."
Diogo Mattoso Abreu,https://ibjjf.com/athletes/diogo-abreu,Game Fight,male,master3,no-gi,3,6002,Vinicius Amaral,1,academy_name_overlap_only,research_lead,never_publish_as_lineage_without_direct_source,"O ranking da IBJJF associa o atleta à academia ""Game Fight""; o acervo possui 1 pessoa(s) com o mesmo nome de academia. Isso não identifica professor nem comprova graduação."
Cesar Ernesto Guzman Barbosa,https://ibjjf.com/athletes/cesar-barbosa,Fight Sports,male,master3,no-gi,3,224; 11384; 12178; 13473; 13031,Roberto Abreu; Andre Porfirio; Joao Costa; Kauane Silva; Lucas Lisboa,12,academy_name_overlap_only,research_lead,never_publish_as_lineage_without_direct_source,"O ranking da IBJJF associa o atleta à academia ""Fight Sports""; o acervo possui 12 pessoa(s) com o mesmo nome de academia. Isso não identifica professor nem comprova graduação."
Jeferson da Silva Morais,https://ibjjf.com/athletes/jeferson-morais-ef2b005485b6,Vision,male,master3,no-gi,3,13577; 12753; 12845,Brigida Carvalho Felipe; Gabriela Pereira; Thalyta Silva,3,academy_name_overlap_only,research_lead,never_publish_as_lineage_without_direct_source,"O ranking da IBJJF associa o atleta à academia ""Vision""; o acervo possui 3 pessoa(s) com o mesmo nome de academia. Isso não identifica professor nem comprova graduação."
Rubens Claiton Pinchieri,https://ibjjf.com/athletes/rubens-pinchieri,PSLPB Cicero Costha,male,master3,no-gi,2.5,1155; 13076; 7704; 6151; 13062,Cicero Costha; Francisco Lo; Helton Jose Junior; Hiago George; Leonardo Mario,5,academy_name_overlap_only,research_lead,never_publish_as_lineage_without_direct_source,"O ranking da IBJJF associa o atleta à academia ""PSLPB Cicero Costha""; o acervo possui 5 pessoa(s) com o mesmo nome de academia. Isso não identifica professor nem comprova graduação."
Alan Jorge Chaves,https://ibjjf.com/athletes/alan-chaves,Top Brother,male,master3,no-gi,2,2512; 1386,Cezar Guimarães; Davi Ramos,2,academy_name_overlap_only,research_lead,never_publish_as_lineage_without_direct_source,"O ranking da IBJJF associa o atleta à academia ""Top Brother""; o acervo possui 2 pessoa(s) com o mesmo nome de academia. Isso não identifica professor nem comprova graduação."
Alexandre Alvaro Alberto de Souza Leite,https://ibjjf.com/athletes/alexandre-leite-1a98d8068e18,Brazilian Top Team,male,master3,no-gi,2,627; 8409; 249; 232; 1675,Murilo Bustamante; Ricardo Marques; Anderson Pereira; Jose Mario Sperry; Luis Roberto Duarte,6,academy_name_overlap_only,research_lead,never_publish_as_lineage_without_direct_source,"O ranking da IBJJF associa o atleta à academia ""Brazilian Top Team""; o acervo possui 6 pessoa(s) com o mesmo nome de academia. Isso não identifica professor nem comprova graduação."
Reuel Ribeiro de Freitas,https://ibjjf.com/athletes/reuel-freitas,CheckMat,male,master3,no-gi,2,419; 338; 875; 963; 405,Leonardo Vieira; Ricardo Vieira; Lucas Leite; Carlos Vieira Holanda; Marco Canha,85,academy_name_overlap_only,research_lead,never_publish_as_lineage_without_direct_source,"O ranking da IBJJF associa o atleta à academia ""CheckMat""; o acervo possui 85 pessoa(s) com o mesmo nome de academia. Isso não identifica professor nem comprova graduação."
Max Bill Grana de Queiroz,https://ibjjf.com/athletes/max-queiroz,Nova União,male,master3,no-gi,2,78; 634; 6756; 4334; 195,Andre Pederneiras; Wendell Alexander; Rodrigo Silva; Andre da Silva; Robson Moura,39,academy_name_overlap_only,research_lead,never_publish_as_lineage_without_direct_source,"O ranking da IBJJF associa o atleta à academia ""Nova União""; o acervo possui 39 pessoa(s) com o mesmo nome de academia. Isso não identifica professor nem comprova graduação."
Christopher Hean K. Ong,https://ibjjf.com/athletes/christopher-ong-897796dd5093,Roger Gracie Academy,male,master3,no-gi,2,6209; 9261,Felipe Mota; Ross Nicholls,2,academy_name_overlap_only,research_lead,never_publish_as_lineage_without_direct_source,"O ranking da IBJJF associa o atleta à academia ""Roger Gracie Academy""; o acervo possui 2 pessoa(s) com o mesmo nome de academia. Isso não identifica professor nem comprova graduação."
Murilo Nogueira Cardoso,https://ibjjf.com/athletes/murilo-cardoso-a314941f8e7b,GF Team,male,master3,no-gi,2,203; 8116; 11917; 2035; 9166,Julio Cesar; Dante Leon; Gabriel Marinho; Vitor Henrique; Alexandre Barauna,50,academy_name_overlap_only,research_lead,never_publish_as_lineage_without_direct_source,"O ranking da IBJJF associa o atleta à academia ""GF Team""; o acervo possui 50 pessoa(s) com o mesmo nome de academia. Isso não identifica professor nem comprova graduação."
Leonardo Santos Lustosa de Melo,https://ibjjf.com/athletes/leonardo-melo-19e50283a36c,GF Team,male,master3,no-gi,1,203; 8116; 11917; 2035; 9166,Julio Cesar; Dante Leon; Gabriel Marinho; Vitor Henrique; Alexandre Barauna,50,academy_name_overlap_only,research_lead,never_publish_as_lineage_without_direct_source,"O ranking da IBJJF associa o atleta à academia ""GF Team""; o acervo possui 50 pessoa(s) com o mesmo nome de academia. Isso não identifica professor nem comprova graduação."
Elton Fernandes de Souza,https://ibjjf.com/athletes/elton-souza-7129b08c2b25,PSLPB Cicero Costha,male,master3,no-gi,1,1155; 13076; 7704; 6151; 13062,Cicero Costha; Francisco Lo; Helton Jose Junior; Hiago George; Leonardo Mario,5,academy_name_overlap_only,research_lead,never_publish_as_lineage_without_direct_source,"O ranking da IBJJF associa o atleta à academia ""PSLPB Cicero Costha""; o acervo possui 5 pessoa(s) com o mesmo nome de academia. Isso não identifica professor nem comprova graduação."
Marcelo Zotovici,https://ibjjf.com/athletes/marcelo-zotovici,Nova União,male,master3,no-gi,1,78; 634; 6756; 4334; 195,Andre Pederneiras; Wendell Alexander; Rodrigo Silva; Andre da Silva; Robson Moura,39,academy_name_overlap_only,research_lead,never_publish_as_lineage_without_direct_source,"O ranking da IBJJF associa o atleta à academia ""Nova União""; o acervo possui 39 pessoa(s) com o mesmo nome de academia. Isso não identifica professor nem comprova graduação."
Shahahmed Antonio Bobonis,https://ibjjf.com/athletes/shahahmed-bobonis,Team Lloyd Irvin,male,master4,no-gi,213.5,8141; 10638; 13747; 12940; 8128,Aarae Alexander; Angelo Claiborne; Chris Tran; Cory Walker; Donald Achnick,12,academy_name_overlap_only,research_lead,never_publish_as_lineage_without_direct_source,"O ranking da IBJJF associa o atleta à academia ""Team Lloyd Irvin""; o acervo possui 12 pessoa(s) com o mesmo nome de academia. Isso não identifica professor nem comprova graduação."
Uanderson Maia de Brito,https://ibjjf.com/athletes/uanderson-brito,Nova União,male,master4,no-gi,89.5,78; 634; 6756; 4334; 195,Andre Pederneiras; Wendell Alexander; Rodrigo Silva; Andre da Silva; Robson Moura,39,academy_name_overlap_only,research_lead,never_publish_as_lineage_without_direct_source,"O ranking da IBJJF associa o atleta à academia ""Nova União""; o acervo possui 39 pessoa(s) com o mesmo nome de academia. Isso não identifica professor nem comprova graduação."
Vinícius Batista Pedrosa,https://ibjjf.com/athletes/vinicius-pedrosa,GF Team,male,master4,no-gi,72,203; 8116; 11917; 2035; 9166,Julio Cesar; Dante Leon; Gabriel Marinho; Vitor Henrique; Alexandre Barauna,50,academy_name_overlap_only,research_lead,never_publish_as_lineage_without_direct_source,"O ranking da IBJJF associa o atleta à academia ""GF Team""; o acervo possui 50 pessoa(s) com o mesmo nome de academia. Isso não identifica professor nem comprova graduação."
Michael Breen Colley,https://ibjjf.com/athletes/michael-colley,Team Shawn Hammonds,male,master4,no-gi,58.5,9845,Chad Hardy,1,academy_name_overlap_only,research_lead,never_publish_as_lineage_without_direct_source,"O ranking da IBJJF associa o atleta à academia ""Team Shawn Hammonds""; o acervo possui 1 pessoa(s) com o mesmo nome de academia. Isso não identifica professor nem comprova graduação."
Renato de Oliveira Teles Junior,https://ibjjf.com/athletes/renato-junior-676e6a4b62ab,Gracie Humaita,male,master4,no-gi,36,515; 903; 1445; 613; 6339,Royler Gracie; Leticia Ribeiro; Rolker Gracie; Wellington Dias; Admilson Brites,34,academy_name_overlap_only,research_lead,never_publish_as_lineage_without_direct_source,"O ranking da IBJJF associa o atleta à academia ""Gracie Humaita""; o acervo possui 34 pessoa(s) com o mesmo nome de academia. Isso não identifica professor nem comprova graduação."
Noam Wolf,https://ibjjf.com/athletes/noam-wolf,Renzo Gracie Academy,male,master4,no-gi,31.5,10000; 5649; 7442; 9760; 5617,Doug Pelinkovic; Gary Tonon; Edward Cummings; Frank Rosenthal; Jamie Cruz,10,academy_name_overlap_only,research_lead,never_publish_as_lineage_without_direct_source,"O ranking da IBJJF associa o atleta à academia ""Renzo Gracie Academy""; o acervo possui 10 pessoa(s) com o mesmo nome de academia. Isso não identifica professor nem comprova graduação."
Thiago Tsuneo Yumoto,https://ibjjf.com/athletes/thiago-yumoto,Guigo JJ,male,master4,no-gi,27,693; 11423; 9483; 11766; 1624,Luiz Guilherme; Meyram Maquine; Eduardo Lopes; Gabriel Costa; Leonardo Arruda,5,academy_name_overlap_only,research_lead,never_publish_as_lineage_without_direct_source,"O ranking da IBJJF associa o atleta à academia ""Guigo JJ""; o acervo possui 5 pessoa(s) com o mesmo nome de academia. Isso não identifica professor nem comprova graduação."
Edson de Assumpcao Junior,https://ibjjf.com/athletes/edson-junior-3347eacb3e79,PSLPB Cicero Costha,male,master4,no-gi,27,1155; 13076; 7704; 6151; 13062,Cicero Costha; Francisco Lo; Helton Jose Junior; Hiago George; Leonardo Mario,5,academy_name_overlap_only,research_lead,never_publish_as_lineage_without_direct_source,"O ranking da IBJJF associa o atleta à academia ""PSLPB Cicero Costha""; o acervo possui 5 pessoa(s) com o mesmo nome de academia. Isso não identifica professor nem comprova graduação."
Evandro Francisco de Paula,https://ibjjf.com/athletes/evandro-paula,PSLPB Cicero Costha,male,master4,no-gi,22.5,1155; 13076; 7704; 6151; 13062,Cicero Costha; Francisco Lo; Helton Jose Junior; Hiago George; Leonardo Mario,5,academy_name_overlap_only,research_lead,never_publish_as_lineage_without_direct_source,"O ranking da IBJJF associa o atleta à academia ""PSLPB Cicero Costha""; o acervo possui 5 pessoa(s) com o mesmo nome de academia. Isso não identifica professor nem comprova graduação."
Alex Sandro Fernandes Prestes,https://ibjjf.com/athletes/alex-prestes,GF Team,male,master4,no-gi,18,203; 8116; 11917; 2035; 9166,Julio Cesar; Dante Leon; Gabriel Marinho; Vitor Henrique; Alexandre Barauna,50,academy_name_overlap_only,research_lead,never_publish_as_lineage_without_direct_source,"O ranking da IBJJF associa o atleta à academia ""GF Team""; o acervo possui 50 pessoa(s) com o mesmo nome de academia. Isso não identifica professor nem comprova graduação."
Jose Uberlandio de Lima,https://ibjjf.com/athletes/jose-lima-5d31aee145a2,XCoach,male,master4,no-gi,18,13392,Gabriel Volante,1,academy_name_overlap_only,research_lead,never_publish_as_lineage_without_direct_source,"O ranking da IBJJF associa o atleta à academia ""XCoach""; o acervo possui 1 pessoa(s) com o mesmo nome de academia. Isso não identifica professor nem comprova graduação."
Andre Luís Santos de Almeida,https://ibjjf.com/athletes/andre-almeida-f71adba060b0,Gracie Humaita,male,master4,no-gi,13.5,515; 903; 1445; 613; 6339,Royler Gracie; Leticia Ribeiro; Rolker Gracie; Wellington Dias; Admilson Brites,34,academy_name_overlap_only,research_lead,never_publish_as_lineage_without_direct_source,"O ranking da IBJJF associa o atleta à academia ""Gracie Humaita""; o acervo possui 34 pessoa(s) com o mesmo nome de academia. Isso não identifica professor nem comprova graduação."
Isaac Richard July Jr,https://ibjjf.com/athletes/isaac-jr,Big Brothers,male,master4,no-gi,9,6403,Leonardo Dalla,1,academy_name_overlap_only,research_lead,never_publish_as_lineage_without_direct_source,"O ranking da IBJJF associa o atleta à academia ""Big Brothers""; o acervo possui 1 pessoa(s) com o mesmo nome de academia. Isso não identifica professor nem comprova graduação."
Fabio Henrique Gonçalves Menezes,https://ibjjf.com/athletes/fabio-menezes,De La Riva JJ,male,master4,no-gi,9,7928,Claudia Doval,1,academy_name_overlap_only,research_lead,never_publish_as_lineage_without_direct_source,"O ranking da IBJJF associa o atleta à academia ""De La Riva JJ""; o acervo possui 1 pessoa(s) com o mesmo nome de academia. Isso não identifica professor nem comprova graduação."
Marcos Alexandre Ferreira,https://ibjjf.com/athletes/marcos-ferreira-73260d976b43,De La Riva JJ,male,master4,no-gi,9,7928,Claudia Doval,1,academy_name_overlap_only,research_lead,never_publish_as_lineage_without_direct_source,"O ranking da IBJJF associa o atleta à academia ""De La Riva JJ""; o acervo possui 1 pessoa(s) com o mesmo nome de academia. Isso não identifica professor nem comprova graduação."
Eduardo Afonso da Silva Martins,https://ibjjf.com/athletes/eduardo-martins-fc668a154df4,PSLPB Cicero Costha,male,master4,no-gi,9,1155; 13076; 7704; 6151; 13062,Cicero Costha; Francisco Lo; Helton Jose Junior; Hiago George; Leonardo Mario,5,academy_name_overlap_only,research_lead,never_publish_as_lineage_without_direct_source,"O ranking da IBJJF associa o atleta à academia ""PSLPB Cicero Costha""; o acervo possui 5 pessoa(s) com o mesmo nome de academia. Isso não identifica professor nem comprova graduação."
Constantino Silva Assonitis,https://ibjjf.com/athletes/constantino-assonitis,GF Team,male,master4,no-gi,7.5,203; 8116; 11917; 2035; 9166,Julio Cesar; Dante Leon; Gabriel Marinho; Vitor Henrique; Alexandre Barauna,50,academy_name_overlap_only,research_lead,never_publish_as_lineage_without_direct_source,"O ranking da IBJJF associa o atleta à academia ""GF Team""; o acervo possui 50 pessoa(s) com o mesmo nome de academia. Isso não identifica professor nem comprova graduação."
Gary  Ojeda,https://ibjjf.com/athletes/gary-ojeda,Renzo Gracie Academy,male,master4,no-gi,7,10000; 5649; 7442; 9760; 5617,Doug Pelinkovic; Gary Tonon; Edward Cummings; Frank Rosenthal; Jamie Cruz,10,academy_name_overlap_only,research_lead,never_publish_as_lineage_without_direct_source,"O ranking da IBJJF associa o atleta à academia ""Renzo Gracie Academy""; o acervo possui 10 pessoa(s) com o mesmo nome de academia. Isso não identifica professor nem comprova graduação."
Pablo Angel Castro III,https://ibjjf.com/athletes/pablo-iii,Brasa,male,master4,no-gi,7,702; 112; 935; 579; 559,Muzio de Angelis; Demian Maia; Leonardo Castello Branco; Octavio Couto; Rodrigo Medeiros,7,academy_name_overlap_only,research_lead,never_publish_as_lineage_without_direct_source,"O ranking da IBJJF associa o atleta à academia ""Brasa""; o acervo possui 7 pessoa(s) com o mesmo nome de academia. Isso não identifica professor nem comprova graduação."
Maximiano Alves dos Santos,https://ibjjf.com/athletes/maximiano-santos,GF Team,male,master4,no-gi,4,203; 8116; 11917; 2035; 9166,Julio Cesar; Dante Leon; Gabriel Marinho; Vitor Henrique; Alexandre Barauna,50,academy_name_overlap_only,research_lead,never_publish_as_lineage_without_direct_source,"O ranking da IBJJF associa o atleta à academia ""GF Team""; o acervo possui 50 pessoa(s) com o mesmo nome de academia. Isso não identifica professor nem comprova graduação."
Scott A. Rayack,https://ibjjf.com/athletes/scott-rayack,Vitor Shaolin BJJ,male,master4,no-gi,3,9064,Silvio Duran,1,academy_name_overlap_only,research_lead,never_publish_as_lineage_without_direct_source,"O ranking da IBJJF associa o atleta à academia ""Vitor Shaolin BJJ""; o acervo possui 1 pessoa(s) com o mesmo nome de academia. Isso não identifica professor nem comprova graduação."
Carlos David de Oliveira,https://ibjjf.com/athletes/carlos-oliveira,Roberto Traven BJJ,male,master4,no-gi,3,7079,Carlos Farias,1,academy_name_overlap_only,research_lead,never_publish_as_lineage_without_direct_source,"O ranking da IBJJF associa o atleta à academia ""Roberto Traven BJJ""; o acervo possui 1 pessoa(s) com o mesmo nome de academia. Isso não identifica professor nem comprova graduação."
Michael A Medrano,https://ibjjf.com/athletes/michael-medrano,Carlson Gracie,male,master4,no-gi,1,22; 5998; 2062; 2583; 690,Carlson Gracie; Carlson Gracie Junior; Crezio de Souza; Alan Moraes; Fernando Marques,20,academy_name_overlap_only,research_lead,never_publish_as_lineage_without_direct_source,"O ranking da IBJJF associa o atleta à academia ""Carlson Gracie""; o acervo possui 20 pessoa(s) com o mesmo nome de academia. Isso não identifica professor nem comprova graduação."
Paulo André Ribeiro,https://ibjjf.com/athletes/paulo-ribeiro-a2ffeb5d9f9d,GF Team,male,master5,no-gi,84,203; 8116; 11917; 2035; 9166,Julio Cesar; Dante Leon; Gabriel Marinho; Vitor Henrique; Alexandre Barauna,50,academy_name_overlap_only,research_lead,never_publish_as_lineage_without_direct_source,"O ranking da IBJJF associa o atleta à academia ""GF Team""; o acervo possui 50 pessoa(s) com o mesmo nome de academia. Isso não identifica professor nem comprova graduação."
Adriano Della Pace Santos,https://ibjjf.com/athletes/adriano-santos-12d7056a717b,Brazilian Top Team,male,master5,no-gi,36,627; 8409; 249; 232; 1675,Murilo Bustamante; Ricardo Marques; Anderson Pereira; Jose Mario Sperry; Luis Roberto Duarte,6,academy_name_overlap_only,research_lead,never_publish_as_lineage_without_direct_source,"O ranking da IBJJF associa o atleta à academia ""Brazilian Top Team""; o acervo possui 6 pessoa(s) com o mesmo nome de academia. Isso não identifica professor nem comprova graduação."
Mohammed Javed Uddin,https://ibjjf.com/athletes/javed,Roger Gracie Academy,male,master5,no-gi,35.0,6209; 9261,Felipe Mota; Ross Nicholls,2,academy_name_overlap_only,research_lead,never_publish_as_lineage_without_direct_source,"O ranking da IBJJF associa o atleta à academia ""Roger Gracie Academy""; o acervo possui 2 pessoa(s) com o mesmo nome de academia. Isso não identifica professor nem comprova graduação."
Alvaro Augusto Oliveira Ramos,https://ibjjf.com/athletes/alvaro-ramos,Brazilian Top Team,male,master5,no-gi,24,627; 8409; 249; 232; 1675,Murilo Bustamante; Ricardo Marques; Anderson Pereira; Jose Mario Sperry; Luis Roberto Duarte,6,academy_name_overlap_only,research_lead,never_publish_as_lineage_without_direct_source,"O ranking da IBJJF associa o atleta à academia ""Brazilian Top Team""; o acervo possui 6 pessoa(s) com o mesmo nome de academia. Isso não identifica professor nem comprova graduação."
Jamison T. Cummings,https://ibjjf.com/athletes/jamison-cummings,Renzo Gracie Academy,male,master5,no-gi,21,10000; 5649; 7442; 9760; 5617,Doug Pelinkovic; Gary Tonon; Edward Cummings; Frank Rosenthal; Jamie Cruz,10,academy_name_overlap_only,research_lead,never_publish_as_lineage_without_direct_source,"O ranking da IBJJF associa o atleta à academia ""Renzo Gracie Academy""; o acervo possui 10 pessoa(s) com o mesmo nome de academia. Isso não identifica professor nem comprova graduação."
James Jaesung Park,https://ibjjf.com/athletes/james-park,Renzo Gracie Academy,male,master5,no-gi,10,10000; 5649; 7442; 9760; 5617,Doug Pelinkovic; Gary Tonon; Edward Cummings; Frank Rosenthal; Jamie Cruz,10,academy_name_overlap_only,research_lead,never_publish_as_lineage_without_direct_source,"O ranking da IBJJF associa o atleta à academia ""Renzo Gracie Academy""; o acervo possui 10 pessoa(s) com o mesmo nome de academia. Isso não identifica professor nem comprova graduação."
Nicolo Dominick Gullo,https://ibjjf.com/athletes/nicolo-gullo,AOJ,male,master5,no-gi,7,415; 179; 13326; 12554; 11690,Guilherme Mendes; Rafael Mendes; Hiryu Niwa; Iasmin Casser; Jessa Khan,10,academy_name_overlap_only,research_lead,never_publish_as_lineage_without_direct_source,"O ranking da IBJJF associa o atleta à academia ""AOJ""; o acervo possui 10 pessoa(s) com o mesmo nome de academia. Isso não identifica professor nem comprova graduação."
Jobel Teixeira dos Santos Neto,https://ibjjf.com/athletes/jobel-neto,Nova União,male,master5,no-gi,3,78; 634; 6756; 4334; 195,Andre Pederneiras; Wendell Alexander; Rodrigo Silva; Andre da Silva; Robson Moura,39,academy_name_overlap_only,research_lead,never_publish_as_lineage_without_direct_source,"O ranking da IBJJF associa o atleta à academia ""Nova União""; o acervo possui 39 pessoa(s) com o mesmo nome de academia. Isso não identifica professor nem comprova graduação."
Gene Wendell Hammett,https://ibjjf.com/athletes/gene-hammett,American Top Team,male,master6,no-gi,90.0,591; 1716; 975; 1713; 3479,Ricardo Liborio; Andre Almeida; Jonatas Gurgel; Fabiano Silva; Gezary Matuda,7,academy_name_overlap_only,research_lead,never_publish_as_lineage_without_direct_source,"O ranking da IBJJF associa o atleta à academia ""American Top Team""; o acervo possui 7 pessoa(s) com o mesmo nome de academia. Isso não identifica professor nem comprova graduação."
Tammi Alana Musumeci,https://ibjjf.com/athletes/tammi-musumeci,Pedigo Submission Fighting,female,adult,no-gi,141,11359; 11808,Heath Pedigo; Andrew Wiltse,2,academy_name_overlap_only,research_lead,never_publish_as_lineage_without_direct_source,"O ranking da IBJJF associa o atleta à academia ""Pedigo Submission Fighting""; o acervo possui 2 pessoa(s) com o mesmo nome de academia. Isso não identifica professor nem comprova graduação."
Andrea Virginia Amaro,https://ibjjf.com/athletes/andrea-amaro,Fight Sports,female,adult,no-gi,30.0,224; 11384; 12178; 13473; 13031,Roberto Abreu; Andre Porfirio; Joao Costa; Kauane Silva; Lucas Lisboa,12,academy_name_overlap_only,research_lead,never_publish_as_lineage_without_direct_source,"O ranking da IBJJF associa o atleta à academia ""Fight Sports""; o acervo possui 12 pessoa(s) com o mesmo nome de academia. Isso não identifica professor nem comprova graduação."
Fiona May Middleton,https://ibjjf.com/athletes/fiona-middleton,Roger Gracie Academy,female,adult,no-gi,21.0,6209; 9261,Felipe Mota; Ross Nicholls,2,academy_name_overlap_only,research_lead,never_publish_as_lineage_without_direct_source,"O ranking da IBJJF associa o atleta à academia ""Roger Gracie Academy""; o acervo possui 2 pessoa(s) com o mesmo nome de academia. Isso não identifica professor nem comprova graduação."
Janice Kaye Russell,https://ibjjf.com/athletes/janice-russell,Brazilian Fight Factory,female,adult,no-gi,18,13172,Andrew Tackett,1,academy_name_overlap_only,research_lead,never_publish_as_lineage_without_direct_source,"O ranking da IBJJF associa o atleta à academia ""Brazilian Fight Factory""; o acervo possui 1 pessoa(s) com o mesmo nome de academia. Isso não identifica professor nem comprova graduação."
Mayra Gabrielle Negreiros Abrahão,https://ibjjf.com/athletes/mayra-abrahao,GF Team,female,adult,no-gi,12,203; 8116; 11917; 2035; 9166,Julio Cesar; Dante Leon; Gabriel Marinho; Vitor Henrique; Alexandre Barauna,50,academy_name_overlap_only,research_lead,never_publish_as_lineage_without_direct_source,"O ranking da IBJJF associa o atleta à academia ""GF Team""; o acervo possui 50 pessoa(s) com o mesmo nome de academia. Isso não identifica professor nem comprova graduação."
Samanta Marin Benavides,https://ibjjf.com/athletes/samanta-benavides,GF Team,female,adult,no-gi,6,203; 8116; 11917; 2035; 9166,Julio Cesar; Dante Leon; Gabriel Marinho; Vitor Henrique; Alexandre Barauna,50,academy_name_overlap_only,research_lead,never_publish_as_lineage_without_direct_source,"O ranking da IBJJF associa o atleta à academia ""GF Team""; o acervo possui 50 pessoa(s) com o mesmo nome de academia. Isso não identifica professor nem comprova graduação."
Ashley Louise Bendle,https://ibjjf.com/athletes/ashley-bendle,Roger Gracie Academy,female,adult,no-gi,4,6209; 9261,Felipe Mota; Ross Nicholls,2,academy_name_overlap_only,research_lead,never_publish_as_lineage_without_direct_source,"O ranking da IBJJF associa o atleta à academia ""Roger Gracie Academy""; o acervo possui 2 pessoa(s) com o mesmo nome de academia. Isso não identifica professor nem comprova graduação."
Gabriela Meireles Fechter,https://ibjjf.com/athletes/gabriela-fechter,CheckMat,female,master1,no-gi,36,419; 338; 875; 963; 405,Leonardo Vieira; Ricardo Vieira; Lucas Leite; Carlos Vieira Holanda; Marco Canha,85,academy_name_overlap_only,research_lead,never_publish_as_lineage_without_direct_source,"O ranking da IBJJF associa o atleta à academia ""CheckMat""; o acervo possui 85 pessoa(s) com o mesmo nome de academia. Isso não identifica professor nem comprova graduação."
Chelsea A Mapa,https://ibjjf.com/athletes/chelsea-mapa,Renzo Gracie Academy,female,master1,no-gi,18.0,10000; 5649; 7442; 9760; 5617,Doug Pelinkovic; Gary Tonon; Edward Cummings; Frank Rosenthal; Jamie Cruz,10,academy_name_overlap_only,research_lead,never_publish_as_lineage_without_direct_source,"O ranking da IBJJF associa o atleta à academia ""Renzo Gracie Academy""; o acervo possui 10 pessoa(s) com o mesmo nome de academia. Isso não identifica professor nem comprova graduação."
Andreia de Oliveira Vilante,https://ibjjf.com/athletes/andreia-barros,GF Team,female,master1,no-gi,4,203; 8116; 11917; 2035; 9166,Julio Cesar; Dante Leon; Gabriel Marinho; Vitor Henrique; Alexandre Barauna,50,academy_name_overlap_only,research_lead,never_publish_as_lineage_without_direct_source,"O ranking da IBJJF associa o atleta à academia ""GF Team""; o acervo possui 50 pessoa(s) com o mesmo nome de academia. Isso não identifica professor nem comprova graduação."
Lauren Marie Murphy,https://ibjjf.com/athletes/lauren-murphy,Renzo Gracie Academy,female,master3,no-gi,80.5,10000; 5649; 7442; 9760; 5617,Doug Pelinkovic; Gary Tonon; Edward Cummings; Frank Rosenthal; Jamie Cruz,10,academy_name_overlap_only,research_lead,never_publish_as_lineage_without_direct_source,"O ranking da IBJJF associa o atleta à academia ""Renzo Gracie Academy""; o acervo possui 10 pessoa(s) com o mesmo nome de academia. Isso não identifica professor nem comprova graduação."
Marcia Sousa da Silva,https://ibjjf.com/athletes/marcia-silva,Demian Maia Jiu-Jitsu,female,master3,no-gi,18,7103,Wagner Mota,1,academy_name_overlap_only,research_lead,never_publish_as_lineage_without_direct_source,"O ranking da IBJJF associa o atleta à academia ""Demian Maia Jiu-Jitsu""; o acervo possui 1 pessoa(s) com o mesmo nome de academia. Isso não identifica professor nem comprova graduação."
