person_id,full_name,nickname,country,team,entity_status,lineage_status,created_from,created_on,notes,original_sheet,original_row
P0120,Adam Childs,,,Alliance / vínculo de formação citado por Fábio Gurgel,Perfil mínimo — biografia pendente,Faixa-preta formado,Historical Lineage Research v0.6,2026-07-05,"Relação de faixa-preta confirmada por lista do professor; completar país, período, equipe e biografia com fonte independente.",Pessoas,2
P0406,Admilson “Juquinha” Brites,,,Gracie Humaitá,Perfil com relação apoiada,Faixa-preta pesquisado,Historical Lineage Research v0.6,2026-07-05,Registro criado na expansão global v0.5. Relação publicada apenas com fonte e nível de evidência.,Pessoas,3
P0127,Adolpho Mello,,,Alliance / vínculo de formação citado por Fábio Gurgel,Perfil mínimo — biografia pendente,Faixa-preta formado,Historical Lineage Research v0.6,2026-07-05,"Relação de faixa-preta confirmada por lista do professor; completar país, período, equipe e biografia com fonte independente.",Pessoas,4
P0401,Ailson “Jucão” Brites,,,Gracie Barra,Perfil com relação apoiada,Faixa-preta pesquisado,Historical Lineage Research v0.6,2026-07-05,Registro criado na expansão global v0.5. Relação publicada apenas com fonte e nível de evidência.,Pessoas,5
P0383,Alan “Gumby” Marques,,,,Perfil com relação apoiada,Faixa-preta pesquisado,Historical Lineage Research v0.6,2026-07-05,Registro criado na expansão global v0.5. Relação publicada apenas com fonte e nível de evidência.,Pessoas,6
P0317,Alehander Mariano,,,Atos Jiu-Jitsu,Perfil com relação apoiada,Faixa-preta pesquisado,Historical Lineage Research v0.6,2026-07-05,Registro criado na expansão global v0.5. Relação publicada apenas com fonte e nível de evidência.,Pessoas,7
P0021,Alex Monsalve,,,Alliance / vínculo de formação citado por Fábio Gurgel,Perfil mínimo — biografia pendente,Faixa-preta formado,Historical Lineage Research v0.6,2026-07-05,"Relação de faixa-preta confirmada por lista do professor; completar país, período, equipe e biografia com fonte independente.",Pessoas,8
P0362,Alex “Negão” Paz,,,Brazilian Top Team,Perfil com relação apoiada,Faixa-preta pesquisado,Historical Lineage Research v0.6,2026-07-05,Registro criado na expansão global v0.5. Relação publicada apenas com fonte e nível de evidência.,Pessoas,9
P0213,Alexandre 'Xande' Ribeiro,Xande,,Ribeiro Jiu-Jitsu,Perfil com relação apoiada,Mestre / atleta,Historical Lineage Research v0.6,2026-07-05,,Pessoas,10
P0076,Alexandre Maron,,,Alliance / vínculo de formação citado por Fábio Gurgel,Perfil mínimo — biografia pendente,Faixa-preta formado,Historical Lineage Research v0.6,2026-07-05,"Relação de faixa-preta confirmada por lista do professor; completar país, período, equipe e biografia com fonte independente.",Pessoas,11
P0010,Alexandre Paiva,Gigi,Brasil,Alliance,Validado,Mestre,Historical Lineage Research v0.6,2026-07-05,Página oficial da Alliance registra a faixa-preta recebida de Jacaré em 1991.,Pessoas,12
P0358,Alexandre Vieira,,,Brazilian Top Team,Perfil com relação apoiada,Faixa-preta pesquisado,Historical Lineage Research v0.6,2026-07-05,Registro criado na expansão global v0.5. Relação publicada apenas com fonte e nível de evidência.,Pessoas,13
P0396,Alexandre “Café” Dantas,,,Gracie Barra,Perfil com relação apoiada,Faixa-preta pesquisado,Historical Lineage Research v0.6,2026-07-05,Registro criado na expansão global v0.5. Relação publicada apenas com fonte e nível de evidência.,Pessoas,14
P0109,Ali Monfaradi,,,Alliance / vínculo de formação citado por Fábio Gurgel,Perfil mínimo — biografia pendente,Faixa-preta formado,Historical Lineage Research v0.6,2026-07-05,"Relação de faixa-preta confirmada por lista do professor; completar país, período, equipe e biografia com fonte independente.",Pessoas,15
P0353,Amal Easton,,,Renzo Gracie Academy,Perfil com relação apoiada,Faixa-preta pesquisado,Historical Lineage Research v0.6,2026-07-05,Registro criado na expansão global v0.5. Relação publicada apenas com fonte e nível de evidência.,Pessoas,16
P0422,Amir Allam,,Estados Unidos,10th Planet Jiu-Jitsu,Ativo ou histórico — em curadoria,Faixa-preta / professor,Historical Lineage Research v0.6,2026-07-05,Incluído na expansão global v0.6; relação de graduação vinculada à fonte cadastrada.,Pessoas,17
P0331,Ana Carolina “Baby” Vieira,,,GFTeam,Perfil com relação apoiada,Faixa-preta pesquisado,Historical Lineage Research v0.6,2026-07-05,Registro criado na expansão global v0.5. Relação publicada apenas com fonte e nível de evidência.,Pessoas,18
P0022,Andre Gailey,,,Alliance / vínculo de formação citado por Fábio Gurgel,Perfil mínimo — biografia pendente,Faixa-preta formado,Historical Lineage Research v0.6,2026-07-05,"Relação de faixa-preta confirmada por lista do professor; completar país, período, equipe e biografia com fonte independente.",Pessoas,19
P0069,Andresa Correa,,,Alliance / vínculo de formação citado por Fábio Gurgel,Perfil mínimo — biografia pendente,Faixa-preta formado,Historical Lineage Research v0.6,2026-07-05,"Relação de faixa-preta confirmada por lista do professor; completar país, período, equipe e biografia com fonte independente.",Pessoas,20
P0283,Andressa Correa,,,Alliance,Perfil a pesquisar,Atleta / professora,Historical Lineage Research v0.6,2026-07-05,,Pessoas,21
P0298,Andrew Alexander,,Estados Unidos,10th Planet Grants Pass,Perfil com relação apoiada,Mestre / treinador,Historical Lineage Research v0.6,2026-07-05,A página oficial da 10th Planet identifica-o como faixa-preta sob Eddie Bravo.,Pessoas,22
P0261,Andris Brunovskis,,,Atos,Perfil a pesquisar,Atleta / professor,Historical Lineage Research v0.6,2026-07-05,,Pessoas,23
P0158,André Galvão,Deco,,Atos,Perfil com relação apoiada,Mestre / atleta,Historical Lineage Research v0.6,2026-07-05,,Pessoas,24
P0409,André Motta,,,Nova União,Perfil com relação apoiada,Faixa-preta pesquisado,Historical Lineage Research v0.6,2026-07-05,Registro criado na expansão global v0.5. Relação publicada apenas com fonte e nível de evidência.,Pessoas,25
P0269,André Pederneiras,,,Nova União,Perfil com relação apoiada,Mestre / fundador,Historical Lineage Research v0.6,2026-07-05,Faixa-preta de Carlson Gracie corroborada por GracieMag e BJJ Heroes; fundador da Nova União.,Pessoas,26
P0142,André Schiliró,,,Alliance / vínculo de formação citado por Fábio Gurgel,Perfil mínimo — biografia pendente,Faixa-preta formado,Historical Lineage Research v0.6,2026-07-05,"Relação de faixa-preta confirmada por lista do professor; completar país, período, equipe e biografia com fonte independente.",Pessoas,27
P0411,André “Marola”,,,Nova União,Perfil com relação apoiada,Faixa-preta pesquisado,Historical Lineage Research v0.6,2026-07-05,Registro criado na expansão global v0.5. Relação publicada apenas com fonte e nível de evidência.,Pessoas,28
P0322,Angélica Galvão,,,,Perfil com relação apoiada,Faixa-preta pesquisado,Historical Lineage Research v0.6,2026-07-05,Registro criado na expansão global v0.5. Relação publicada apenas com fonte e nível de evidência.,Pessoas,29
P0138,Antonio Henrique Azevedo,,,Alliance / vínculo de formação citado por Fábio Gurgel,Perfil mínimo — biografia pendente,Faixa-preta formado,Historical Lineage Research v0.6,2026-07-05,"Relação de faixa-preta confirmada por lista do professor; completar país, período, equipe e biografia com fonte independente.",Pessoas,30
P0038,Antonio Peinado,Batista,,Alliance / vínculo de formação citado por Fábio Gurgel,Perfil mínimo — biografia pendente,Faixa-preta formado,Historical Lineage Research v0.6,2026-07-05,"Relação de faixa-preta confirmada por lista do professor; completar país, período, equipe e biografia com fonte independente.",Pessoas,31
P0203,Antônio Carlos 'Bode',Bode,,Fightzone / Checkmat,Perfil com relação apoiada,Professor / treinador,Historical Lineage Research v0.6,2026-07-05,,Pessoas,32
P0259,Ary Farias,,,Atos,Perfil a pesquisar,Atleta / professor,Historical Lineage Research v0.6,2026-07-05,,Pessoas,33
P0302,B.J. Penn,,Estados Unidos,Nova União / BJ Penn Jiu-Jitsu,Perfil com relação apoiada,Atleta / professor,Historical Lineage Research v0.6,2026-07-05,Relação de faixa-preta com André Pederneiras corroborada por fontes especializadas; buscar declaração direta do próprio atleta como reforço.,Pessoas,34
P0376,Beneil Dariush,,,Gracie Barra,Perfil com relação apoiada,Faixa-preta pesquisado,Historical Lineage Research v0.6,2026-07-05,Registro criado na expansão global v0.5. Relação publicada apenas com fonte e nível de evidência.,Pessoas,35
P0224,Bernardo Faria,,,BTT / Alliance,Perfil com relação apoiada,Mestre / atleta,Historical Lineage Research v0.6,2026-07-05,,Pessoas,36
P0413,Bernardo Pitel,,,Nova União,Perfil com relação apoiada,Faixa-preta pesquisado,Historical Lineage Research v0.6,2026-07-05,Registro criado na expansão global v0.5. Relação publicada apenas com fonte e nível de evidência.,Pessoas,37
P0037,Beto Garcia,,,Alliance / vínculo de formação citado por Fábio Gurgel,Perfil mínimo — biografia pendente,Faixa-preta formado,Historical Lineage Research v0.6,2026-07-05,"Relação de faixa-preta confirmada por lista do professor; completar país, período, equipe e biografia com fonte independente.",Pessoas,38
P0189,Bia Mesquita,,,Gracie Humaitá,Perfil com relação apoiada,Atleta / professora,Historical Lineage Research v0.6,2026-07-05,,Pessoas,39
P0294,Brandon McCaghren,,Estados Unidos,10th Planet Huntsville,Perfil com relação apoiada,Mestre / treinador,Historical Lineage Research v0.6,2026-07-05,A página oficial da 10th Planet identifica-o como faixa-preta sob Eddie Bravo.,Pessoas,40
P0267,Braulio Estima,,,Gracie Barra / Estima,Perfil a pesquisar,Mestre / atleta,Historical Lineage Research v0.6,2026-07-05,,Pessoas,41
P0145,Brenda Larissa,,,Alliance / vínculo de formação citado por Fábio Gurgel,Perfil mínimo — biografia pendente,Faixa-preta formado,Historical Lineage Research v0.6,2026-07-05,"Relação de faixa-preta confirmada por lista do professor; completar país, período, equipe e biografia com fonte independente.",Pessoas,42
P0426,Bridget Grace,,Estados Unidos,Renzo Gracie Academy,Ativo ou histórico — em curadoria,Faixa-preta / professor,Historical Lineage Research v0.6,2026-07-05,Incluído na expansão global v0.6; relação de graduação vinculada à fonte cadastrada.,Pessoas,43
P0371,Bruno Bastos,,,,Perfil com relação apoiada,Faixa-preta pesquisado,Historical Lineage Research v0.6,2026-07-05,Registro criado na expansão global v0.5. Relação publicada apenas com fonte e nível de evidência.,Pessoas,44
P0290,Bruno Frazatto,,,Atos,Perfil a pesquisar,Atleta / professor,Historical Lineage Research v0.6,2026-07-05,,Pessoas,45
P0132,Bruno Leite,,,Alliance / vínculo de formação citado por Fábio Gurgel,Perfil mínimo — biografia pendente,Faixa-preta formado,Historical Lineage Research v0.6,2026-07-05,"Relação de faixa-preta confirmada por lista do professor; completar país, período, equipe e biografia com fonte independente.",Pessoas,46
P0249,Bruno Malfacine,,,Alliance,Perfil a pesquisar,Atleta / professor,Historical Lineage Research v0.6,2026-07-05,,Pessoas,47
P0400,Budo Jake,,,Gracie Barra,Perfil com relação apoiada,Faixa-preta pesquisado,Historical Lineage Research v0.6,2026-07-05,Registro criado na expansão global v0.5. Relação publicada apenas com fonte e nível de evidência.,Pessoas,48
P0169,Caio Caetano,,,NS Brotherhood,Perfil com relação apoiada,Atleta / professor,Historical Lineage Research v0.6,2026-07-05,,Pessoas,49
P0135,Caio Paganini,,,Alliance / vínculo de formação citado por Fábio Gurgel,Perfil mínimo — biografia pendente,Faixa-preta formado,Historical Lineage Research v0.6,2026-07-05,"Relação de faixa-preta confirmada por lista do professor; completar país, período, equipe e biografia com fonte independente.",Pessoas,50
P0101,Caio Rigante,,,Alliance / vínculo de formação citado por Fábio Gurgel,Perfil mínimo — biografia pendente,Faixa-preta formado,Historical Lineage Research v0.6,2026-07-05,"Relação de faixa-preta confirmada por lista do professor; completar país, período, equipe e biografia com fonte independente.",Pessoas,51
P0202,Caio Terra,,,Caio Terra Academy,Perfil com relação apoiada,Mestre / atleta,Historical Lineage Research v0.6,2026-07-05,,Pessoas,52
P0182,Caio Vinicius,,,FP Team,Perfil com relação apoiada,Atleta / professor,Historical Lineage Research v0.6,2026-07-05,,Pessoas,53
P0003,Carlos Gracie,,Brasil,Gracie,Contexto histórico,Tronco histórico,Historical Lineage Research v0.6,2026-07-05,Não reduzir a história a uma única narrativa nem afirmar promoção formal sem prova específica.,Pessoas,54
P0216,Carlos Gracie Jr.,Carlinhos,,Gracie Barra / IBJJF,Perfil com relação apoiada,Mestre / fundador,Historical Lineage Research v0.6,2026-07-05,,Pessoas,55
P0415,Carlos Rollyson,,,Carlson Gracie Team,Perfil com relação apoiada,Faixa-preta pesquisado,Historical Lineage Research v0.6,2026-07-05,Registro criado na expansão global v0.5. Relação publicada apenas com fonte e nível de evidência.,Pessoas,56
P0081,Carlos Santos,,,Alliance / vínculo de formação citado por Fábio Gurgel,Perfil mínimo — biografia pendente,Faixa-preta formado,Historical Lineage Research v0.6,2026-07-05,"Relação de faixa-preta confirmada por lista do professor; completar país, período, equipe e biografia com fonte independente.",Pessoas,57
P0234,Carlson Gracie,,,Carlson Gracie Team,Perfil a pesquisar,Tronco histórico,Historical Lineage Research v0.6,2026-07-05,,Pessoas,58
P0326,Carol Brunacio,,,GFTeam,Perfil com relação apoiada,Faixa-preta pesquisado,Historical Lineage Research v0.6,2026-07-05,Registro criado na expansão global v0.5. Relação publicada apenas com fonte e nível de evidência.,Pessoas,59
P0019,Cassio Cardosi,,,Alliance / vínculo de formação citado por Fábio Gurgel,Perfil mínimo — biografia pendente,Faixa-preta formado,Historical Lineage Research v0.6,2026-07-05,"Relação de faixa-preta confirmada por lista do professor; completar país, período, equipe e biografia com fonte independente.",Pessoas,60
P0026,Cezar Takeyoshi,,,Alliance / vínculo de formação citado por Fábio Gurgel,Perfil mínimo — biografia pendente,Faixa-preta formado,Historical Lineage Research v0.6,2026-07-05,"Relação de faixa-preta confirmada por lista do professor; completar país, período, equipe e biografia com fonte independente.",Pessoas,61
P0299,Chai Sirisute,,Estados Unidos,10th Planet Long Beach,Perfil com relação apoiada,Mestre / treinador,Historical Lineage Research v0.6,2026-07-05,Fonte institucional aponta faixa-preta de segundo grau sob Eddie Bravo e Rigan Machado; manter co-vínculo.,Pessoas,62
P0292,Charles Negromonte,,,Roger Gracie Academy / former GB,Perfil com relação apoiada,Atleta / professor,Historical Lineage Research v0.6,2026-07-05,,Pessoas,63
P0341,Chico Mendes,,,Checkmat,Perfil com relação apoiada,Faixa-preta pesquisado,Historical Lineage Research v0.6,2026-07-05,Registro criado na expansão global v0.5. Relação publicada apenas com fonte e nível de evidência.,Pessoas,64
P0433,Christopher Hargett,,Estados Unidos,Six Blades,Ativo ou histórico — em curadoria,Faixa-preta / professor,Historical Lineage Research v0.6,2026-07-05,Incluído na expansão global v0.6; relação de graduação vinculada à fonte cadastrada.,Pessoas,65
P0311,Conor Heun,,,10th Planet Jiu-Jitsu,Perfil com relação apoiada,Faixa-preta pesquisado,Historical Lineage Research v0.6,2026-07-05,Registro criado na expansão global v0.5. Relação publicada apenas com fonte e nível de evidência.,Pessoas,66
P0195,Craig Jones,,,B-Team / former Absolute MMA,Perfil com relação apoiada,Atleta / professor,Historical Lineage Research v0.6,2026-07-05,,Pessoas,67
P0095,Cristian Fogaccia,,,Alliance / vínculo de formação citado por Fábio Gurgel,Perfil mínimo — biografia pendente,Faixa-preta formado,Historical Lineage Research v0.6,2026-07-05,"Relação de faixa-preta confirmada por lista do professor; completar país, período, equipe e biografia com fonte independente.",Pessoas,68
P0214,Cássio Felipe Costa,Laranjinha,,Six Blades,Perfil com relação apoiada,Atleta / professor,Historical Lineage Research v0.6,2026-07-05,,Pessoas,69
P0211,César Lima,,,Roger Gracie Academy,Perfil com relação apoiada,Professor / treinador,Historical Lineage Research v0.6,2026-07-05,,Pessoas,70
P0165,Cícero Costha,,,Projeto Social Lutando Pelo Bem,Perfil com relação apoiada,Mestre / treinador,Historical Lineage Research v0.6,2026-07-05,,Pessoas,71
P0392,DC Maxwell,,,Ribeiro Jiu-Jitsu,Perfil com relação apoiada,Faixa-preta pesquisado,Historical Lineage Research v0.6,2026-07-05,Registro criado na expansão global v0.5. Relação publicada apenas com fonte e nível de evidência.,Pessoas,72
P0034,Daniel Amabile,,,Alliance / vínculo de formação citado por Fábio Gurgel,Perfil mínimo — biografia pendente,Faixa-preta formado,Historical Lineage Research v0.6,2026-07-05,"Relação de faixa-preta confirmada por lista do professor; completar país, período, equipe e biografia com fonte independente.",Pessoas,73
P0059,Daniel Nogueira,Cabelinho,,Alliance / vínculo de formação citado por Fábio Gurgel,Perfil mínimo — biografia pendente,Faixa-preta formado,Historical Lineage Research v0.6,2026-07-05,"Relação de faixa-preta confirmada por lista do professor; completar país, período, equipe e biografia com fonte independente.",Pessoas,74
P0262,Daniel Sathler,,,Atos,Perfil a pesquisar,Atleta / professor,Historical Lineage Research v0.6,2026-07-05,,Pessoas,75
P0390,Darragh O’Conaill,,,Ribeiro Jiu-Jitsu,Perfil com relação apoiada,Faixa-preta pesquisado,Historical Lineage Research v0.6,2026-07-05,Registro criado na expansão global v0.5. Relação publicada apenas com fonte e nível de evidência.,Pessoas,76
P0329,Davi Cabral,,,GFTeam,Perfil com relação apoiada,Faixa-preta pesquisado,Historical Lineage Research v0.6,2026-07-05,Registro criado na expansão global v0.5. Relação publicada apenas com fonte e nível de evidência.,Pessoas,77
P0149,David Bernacca,,,Alliance / vínculo de formação citado por Fábio Gurgel,Perfil mínimo — biografia pendente,Faixa-preta formado,Historical Lineage Research v0.6,2026-07-05,"Relação de faixa-preta confirmada por lista do professor; completar país, período, equipe e biografia com fonte independente.",Pessoas,78
P0049,David Dimopoulos Said,,,Alliance / vínculo de formação citado por Fábio Gurgel,Perfil mínimo — biografia pendente,Faixa-preta formado,Historical Lineage Research v0.6,2026-07-05,"Relação de faixa-preta confirmada por lista do professor; completar país, período, equipe e biografia com fonte independente.",Pessoas,79
P0008,Demian Maia,,Brasil,Alliance / Brasa / Demian Maia Jiu-Jitsu,Validado,Faixa-preta formado,Historical Lineage Research v0.6,2026-07-05,Declaração de Demian e lista de Fábio confirmam a relação.,Pessoas,80
P0416,Denny Prokopos,,Estados Unidos,10th Planet Jiu-Jitsu,Ativo ou histórico — em curadoria,Faixa-preta / professor,Historical Lineage Research v0.6,2026-07-05,Incluído na expansão global v0.6; relação de graduação vinculada à fonte cadastrada.,Pessoas,81
P0368,Diego “Pato” Oliveira,,,Projeto Social Lutando Pelo Bem,Perfil com relação apoiada,Faixa-preta pesquisado,Historical Lineage Research v0.6,2026-07-05,Registro criado na expansão global v0.5. Relação publicada apenas com fonte e nível de evidência.,Pessoas,82
P0152,Dillon Danis,,,Marcelo Garcia Jiu-Jitsu,Perfil mínimo — promoção publicada,Faixa-preta formado,Historical Lineage Research v0.6,2026-07-05,Promovido à faixa-preta por Marcelo Garcia no mesmo registro de abril de 2015; completar biografia com fonte própria.,Pessoas,83
P0056,Dimitrius Souza,,,Alliance / vínculo de formação citado por Fábio Gurgel,Perfil mínimo — biografia pendente,Faixa-preta formado,Historical Lineage Research v0.6,2026-07-05,"Relação de faixa-preta confirmada por lista do professor; completar país, período, equipe e biografia com fonte independente.",Pessoas,84
P0288,Diogo Reis,,,Melqui Galvão,Perfil a pesquisar,Atleta / professor,Historical Lineage Research v0.6,2026-07-05,,Pessoas,85
P0190,Dominyka Obelenyte,,,Marcelo Garcia Jiu-Jitsu,Perfil com relação apoiada,Atleta / professora,Historical Lineage Research v0.6,2026-07-05,,Pessoas,86
P0293,Eddie Bravo,,Estados Unidos,10th Planet Jiu-Jitsu,Perfil com relação apoiada,Fundador / mestre,Historical Lineage Research v0.6,2026-07-05,Fundador da 10th Planet; relação de faixa-preta sob Jean Jacques Machado documentada pela 10th Planet.,Pessoas,87
P0093,Edson Costa,,,Alliance / vínculo de formação citado por Fábio Gurgel,Perfil mínimo — biografia pendente,Faixa-preta formado,Historical Lineage Research v0.6,2026-07-05,"Relação de faixa-preta confirmada por lista do professor; completar país, período, equipe e biografia com fonte independente.",Pessoas,88
P0098,Edson Oliveira,,,Alliance / vínculo de formação citado por Fábio Gurgel,Perfil mínimo — biografia pendente,Faixa-preta formado,Historical Lineage Research v0.6,2026-07-05,"Relação de faixa-preta confirmada por lista do professor; completar país, período, equipe e biografia com fonte independente.",Pessoas,89
P0106,Eduard Lisboa,,,Alliance / vínculo de formação citado por Fábio Gurgel,Perfil mínimo — biografia pendente,Faixa-preta formado,Historical Lineage Research v0.6,2026-07-05,"Relação de faixa-preta confirmada por lista do professor; completar país, período, equipe e biografia com fonte independente.",Pessoas,90
P0031,Eduardo Bordim,,,Alliance / vínculo de formação citado por Fábio Gurgel,Perfil mínimo — biografia pendente,Faixa-preta formado,Historical Lineage Research v0.6,2026-07-05,"Relação de faixa-preta confirmada por lista do professor; completar país, período, equipe e biografia com fonte independente.",Pessoas,91
P0025,Eduardo Miranda,,,Alliance / vínculo de formação citado por Fábio Gurgel,Perfil mínimo — biografia pendente,Faixa-preta formado,Historical Lineage Research v0.6,2026-07-05,"Relação de faixa-preta confirmada por lista do professor; completar país, período, equipe e biografia com fonte independente.",Pessoas,92
P0052,Eduardo Moura,,,Alliance / vínculo de formação citado por Fábio Gurgel,Perfil mínimo — biografia pendente,Faixa-preta formado,Historical Lineage Research v0.6,2026-07-05,"Relação de faixa-preta confirmada por lista do professor; completar país, período, equipe e biografia com fonte independente.",Pessoas,93
P0017,Eduardo Telles,,,Alliance / vínculo de formação citado por Fábio Gurgel,Perfil mínimo — biografia pendente,Faixa-preta formado,Historical Lineage Research v0.6,2026-07-05,"Relação de faixa-preta confirmada por lista do professor; completar país, período, equipe e biografia com fonte independente.",Pessoas,94
P0377,Edwin Najmi,,,Gracie Barra,Perfil com relação apoiada,Faixa-preta pesquisado,Historical Lineage Research v0.6,2026-07-05,Registro criado na expansão global v0.5. Relação publicada apenas com fonte e nível de evidência.,Pessoas,95
P0314,Emilly Alves Vasconcelos,,,Atos Jiu-Jitsu,Perfil com relação apoiada,Faixa-preta pesquisado,Historical Lineage Research v0.6,2026-07-05,Registro criado na expansão global v0.5. Relação publicada apenas com fonte e nível de evidência.,Pessoas,96
P0228,Emyr Bussade,Shark,,American Top Team,Perfil com relação apoiada,Mestre / professor,Historical Lineage Research v0.6,2026-07-05,,Pessoas,97
P0295,Eric Ramey,,Estados Unidos,10th Planet Thousand Oaks,Perfil com relação apoiada,Mestre / treinador,Historical Lineage Research v0.6,2026-07-05,A página oficial da 10th Planet identifica-o como faixa-preta de segundo grau sob Eddie Bravo.,Pessoas,98
P0222,Erich Munis,,,Dream Art,Perfil com relação apoiada,Atleta / professor,Historical Lineage Research v0.6,2026-07-05,,Pessoas,99
P0030,Fabbio Passos,,,Alliance / vínculo de formação citado por Fábio Gurgel,Perfil mínimo — biografia pendente,Faixa-preta formado,Historical Lineage Research v0.6,2026-07-05,"Relação de faixa-preta confirmada por lista do professor; completar país, período, equipe e biografia com fonte independente.",Pessoas,100
P0360,Fabiano “Pega Leve” Scherner,,,Brazilian Top Team,Perfil com relação apoiada,Faixa-preta pesquisado,Historical Lineage Research v0.6,2026-07-05,Registro criado na expansão global v0.5. Relação publicada apenas com fonte e nível de evidência.,Pessoas,101
P0080,Fabio Caloi,,,Alliance / vínculo de formação citado por Fábio Gurgel,Perfil mínimo — biografia pendente,Faixa-preta formado,Historical Lineage Research v0.6,2026-07-05,"Relação de faixa-preta confirmada por lista do professor; completar país, período, equipe e biografia com fonte independente.",Pessoas,102
P0032,Fabio Romão,,,Alliance / vínculo de formação citado por Fábio Gurgel,Perfil mínimo — biografia pendente,Faixa-preta formado,Historical Lineage Research v0.6,2026-07-05,"Relação de faixa-preta confirmada por lista do professor; completar país, período, equipe e biografia com fonte independente.",Pessoas,103
P0058,Fabio Suzuki,Bolivia,,Alliance / vínculo de formação citado por Fábio Gurgel,Perfil mínimo — biografia pendente,Faixa-preta formado,Historical Lineage Research v0.6,2026-07-05,"Relação de faixa-preta confirmada por lista do professor; completar país, período, equipe e biografia com fonte independente.",Pessoas,104
P0287,Fabricio Andrey,Hokage,,Melqui Galvão,Perfil a pesquisar,Atleta / professor,Historical Lineage Research v0.6,2026-07-05,,Pessoas,105
P0230,Fabrício Camões,Morango,,Gracie Humaitá,Perfil com relação apoiada,Mestre / professor,Historical Lineage Research v0.6,2026-07-05,,Pessoas,106
P0210,Faris Ben-Lamkadem,,,Roger Gracie Academy,Perfil com relação apoiada,Atleta / professor,Historical Lineage Research v0.6,2026-07-05,,Pessoas,107
P0389,Felipe Costa,,,Six Blades Jiu-Jitsu,Perfil com relação apoiada,Faixa-preta pesquisado,Historical Lineage Research v0.6,2026-07-05,Registro criado na expansão global v0.5. Relação publicada apenas com fonte e nível de evidência.,Pessoas,108
P0103,Felipe Nacib,,,Alliance / vínculo de formação citado por Fábio Gurgel,Perfil mínimo — biografia pendente,Faixa-preta formado,Historical Lineage Research v0.6,2026-07-05,"Relação de faixa-preta confirmada por lista do professor; completar país, período, equipe e biografia com fonte independente.",Pessoas,109
P0041,Felipe Pacces,,,Alliance / vínculo de formação citado por Fábio Gurgel,Perfil mínimo — biografia pendente,Faixa-preta formado,Historical Lineage Research v0.6,2026-07-05,"Relação de faixa-preta confirmada por lista do professor; completar país, período, equipe e biografia com fonte independente.",Pessoas,110
P0178,Felipe Pena,Preguiça,,FP Team / Gracie Barra,Perfil com relação apoiada,Atleta / professor,Historical Lineage Research v0.6,2026-07-05,,Pessoas,111
P0157,Fernando 'Tererê' Augusto,Tererê,,TT / projeto social,Perfil mínimo,Mestre / nó de origem,Historical Lineage Research v0.6,2026-07-05,,Pessoas,112
P0119,Fernando Almeida,,,Alliance / vínculo de formação citado por Fábio Gurgel,Perfil mínimo — biografia pendente,Faixa-preta formado,Historical Lineage Research v0.6,2026-07-05,"Relação de faixa-preta confirmada por lista do professor; completar país, período, equipe e biografia com fonte independente.",Pessoas,113
P0028,Fernando Di Pierro,Soluço,,Alliance / vínculo de formação citado por Fábio Gurgel,Perfil mínimo — biografia pendente,Faixa-preta formado,Historical Lineage Research v0.6,2026-07-05,"Relação de faixa-preta confirmada por lista do professor; completar país, período, equipe e biografia com fonte independente.",Pessoas,114
P0086,Fernando Kurayama,,,Alliance / vínculo de formação citado por Fábio Gurgel,Perfil mínimo — biografia pendente,Faixa-preta formado,Historical Lineage Research v0.6,2026-07-05,"Relação de faixa-preta confirmada por lista do professor; completar país, período, equipe e biografia com fonte independente.",Pessoas,115
P0099,Fernando Reis,,,Alliance / vínculo de formação citado por Fábio Gurgel,Perfil mínimo — biografia pendente,Faixa-preta formado,Historical Lineage Research v0.6,2026-07-05,"Relação de faixa-preta confirmada por lista do professor; completar país, período, equipe e biografia com fonte independente.",Pessoas,116
P0284,Ffion Davies,,,Wales / independent,Perfil a pesquisar,Atleta / professora,Historical Lineage Research v0.6,2026-07-05,,Pessoas,117
P0064,Filipe Sagat,,,Alliance / vínculo de formação citado por Fábio Gurgel,Perfil mínimo — biografia pendente,Faixa-preta formado,Historical Lineage Research v0.6,2026-07-05,"Relação de faixa-preta confirmada por lista do professor; completar país, período, equipe e biografia com fonte independente.",Pessoas,118
P0111,Flavio Junqueira,,,Alliance / vínculo de formação citado por Fábio Gurgel,Perfil mínimo — biografia pendente,Faixa-preta formado,Historical Lineage Research v0.6,2026-07-05,"Relação de faixa-preta confirmada por lista do professor; completar país, período, equipe e biografia com fonte independente.",Pessoas,119
P0395,Flávio Almeida,,,Gracie Barra,Perfil com relação apoiada,Faixa-preta pesquisado,Historical Lineage Research v0.6,2026-07-05,Registro criado na expansão global v0.5. Relação publicada apenas com fonte e nível de evidência.,Pessoas,120
P0176,Franciele Nascimento,,,Alliance / Norte-Nordeste,Perfil com relação apoiada,Atleta / professora,Historical Lineage Research v0.6,2026-07-05,,Pessoas,121
P0310,Frank Barca,,,10th Planet Jiu-Jitsu,Perfil com relação apoiada,Faixa-preta pesquisado,Historical Lineage Research v0.6,2026-07-05,Registro criado na expansão global v0.5. Relação publicada apenas com fonte e nível de evidência.,Pessoas,122
P0425,Fábio Coelho,,Brasil,Renzo Gracie Academy,Ativo ou histórico — em curadoria,Faixa-preta / professor,Historical Lineage Research v0.6,2026-07-05,Incluído na expansão global v0.6; relação de graduação vinculada à fonte cadastrada.,Pessoas,123
P0007,Fábio Gurgel,,Brasil,Alliance,Validado,Mestre,Historical Lineage Research v0.6,2026-07-05,Fonte primária própria registra a graduação por Romero e lista 139 faixas-pretas formados.,Pessoas,124
P0336,Fábio “Coringa” Andrade,,,GFTeam,Perfil com relação apoiada,Faixa-preta pesquisado,Historical Lineage Research v0.6,2026-07-05,Registro criado na expansão global v0.5. Relação publicada apenas com fonte e nível de evidência.,Pessoas,125
P0050,Gabi Garcia,,,Alliance / vínculo de formação citado por Fábio Gurgel,Perfil mínimo — biografia pendente,Faixa-preta formado,Historical Lineage Research v0.6,2026-07-05,"Relação de faixa-preta confirmada por lista do professor; completar país, período, equipe e biografia com fonte independente.",Pessoas,126
P0286,Gabi Pessanha,,,Cidade de Deus,Perfil a pesquisar,Atleta / professora,Historical Lineage Research v0.6,2026-07-05,,Pessoas,127
P0349,Gabriel Almeida,,,Checkmat,Perfil com relação apoiada,Faixa-preta pesquisado,Historical Lineage Research v0.6,2026-07-05,Registro criado na expansão global v0.5. Relação publicada apenas com fonte e nível de evidência.,Pessoas,128
P0374,Gabriel Arges,,,Gracie Barra,Perfil com relação apoiada,Faixa-preta pesquisado,Historical Lineage Research v0.6,2026-07-05,Registro criado na expansão global v0.5. Relação publicada apenas com fonte e nível de evidência.,Pessoas,129
P0128,Gabriel Bergami,,,Alliance / vínculo de formação citado por Fábio Gurgel,Perfil mínimo — biografia pendente,Faixa-preta formado,Historical Lineage Research v0.6,2026-07-05,"Relação de faixa-preta confirmada por lista do professor; completar país, período, equipe e biografia com fonte independente.",Pessoas,130
P0179,Gabriel Brod,,,FP Team,Perfil com relação apoiada,Atleta / professor,Historical Lineage Research v0.6,2026-07-05,,Pessoas,131
P0130,Gabriel Figueiró,,,Alliance / vínculo de formação citado por Fábio Gurgel,Perfil mínimo — biografia pendente,Faixa-preta formado,Historical Lineage Research v0.6,2026-07-05,"Relação de faixa-preta confirmada por lista do professor; completar país, período, equipe e biografia com fonte independente.",Pessoas,132
P0055,Gabriel Goulart,,,Alliance / vínculo de formação citado por Fábio Gurgel,Perfil mínimo — biografia pendente,Faixa-preta formado,Historical Lineage Research v0.6,2026-07-05,"Relação de faixa-preta confirmada por lista do professor; completar país, período, equipe e biografia com fonte independente.",Pessoas,133
P0335,Gabriel Rainho,,,GFTeam,Perfil com relação apoiada,Faixa-preta pesquisado,Historical Lineage Research v0.6,2026-07-05,Registro criado na expansão global v0.5. Relação publicada apenas com fonte e nível de evidência.,Pessoas,134
P0139,Gabriela Azevedo,,,Alliance / vínculo de formação citado por Fábio Gurgel,Perfil mínimo — biografia pendente,Faixa-preta formado,Historical Lineage Research v0.6,2026-07-05,"Relação de faixa-preta confirmada por lista do professor; completar país, período, equipe e biografia com fonte independente.",Pessoas,135
P0219,Gabrielle Garcia,Gabi Garcia,,Alliance,Perfil com relação apoiada,Atleta / professora,Historical Lineage Research v0.6,2026-07-05,,Pessoas,136
P0232,Gabrielle McComb,Gabi McComb,,Gracie Humaitá,Perfil com relação apoiada,Atleta / professora,Historical Lineage Research v0.6,2026-07-05,,Pessoas,137
P0275,Garry Tonon,,,New Wave / former DDS,Perfil a pesquisar,Atleta / professor,Historical Lineage Research v0.6,2026-07-05,,Pessoas,138
P0233,George Gracie,,,Gracie,Perfil a pesquisar,Tronco histórico,Historical Lineage Research v0.6,2026-07-05,,Pessoas,139
P0306,Geovanny “Geo” Martinez,Geo Martinez,,10th Planet Jiu-Jitsu,Perfil com relação apoiada,Faixa-preta pesquisado,Historical Lineage Research v0.6,2026-07-05,Registro criado na expansão global v0.5. Relação publicada apenas com fonte e nível de evidência.,Pessoas,140
P0040,Geraldo Azevedo,,,Alliance / vínculo de formação citado por Fábio Gurgel,Perfil mínimo — biografia pendente,Faixa-preta formado,Historical Lineage Research v0.6,2026-07-05,"Relação de faixa-preta confirmada por lista do professor; completar país, período, equipe e biografia com fonte independente.",Pessoas,141
P0281,Gezary Matuda,,,American Top Team,Perfil a pesquisar,Atleta / professora,Historical Lineage Research v0.6,2026-07-05,,Pessoas,142
P0250,Gigi Paiva,,,Alliance,Perfil a pesquisar,Mestre / professor,Historical Lineage Research v0.6,2026-07-05,,Pessoas,143
P0258,Gilbert Burns,Durinho,,Atos,Perfil a pesquisar,Atleta / professor,Historical Lineage Research v0.6,2026-07-05,,Pessoas,144
P0274,Gordon Ryan,,,New Wave,Perfil a pesquisar,Atleta / professor,Historical Lineage Research v0.6,2026-07-05,,Pessoas,145
P0078,Greger Forsell,,,Alliance / vínculo de formação citado por Fábio Gurgel,Perfil mínimo — biografia pendente,Faixa-preta formado,Historical Lineage Research v0.6,2026-07-05,"Relação de faixa-preta confirmada por lista do professor; completar país, período, equipe e biografia com fonte independente.",Pessoas,146
P0350,Gregor Gracie,,,Renzo Gracie Academy,Perfil com relação apoiada,Faixa-preta pesquisado,Historical Lineage Research v0.6,2026-07-05,Registro criado na expansão global v0.5. Relação publicada apenas com fonte e nível de evidência.,Pessoas,147
P0348,Guilherme Bacha,,,Checkmat,Perfil com relação apoiada,Faixa-preta pesquisado,Historical Lineage Research v0.6,2026-07-05,Registro criado na expansão global v0.5. Relação publicada apenas com fonte e nível de evidência.,Pessoas,148
P0180,Guilherme Lambertucci,,,FP Team,Perfil com relação apoiada,Atleta / professor,Historical Lineage Research v0.6,2026-07-05,,Pessoas,149
P0161,Guilherme Mendes,Gui,,Art of Jiu-Jitsu,Perfil com relação apoiada,Mestre / atleta,Historical Lineage Research v0.6,2026-07-05,,Pessoas,150
P0147,Gurdip Rangi,,,Alliance / vínculo de formação citado por Fábio Gurgel,Perfil mínimo — biografia pendente,Faixa-preta formado,Historical Lineage Research v0.6,2026-07-05,"Relação de faixa-preta confirmada por lista do professor; completar país, período, equipe e biografia com fonte independente.",Pessoas,151
P0084,Gustavo Bonelli,,,Alliance / vínculo de formação citado por Fábio Gurgel,Perfil mínimo — biografia pendente,Faixa-preta formado,Historical Lineage Research v0.6,2026-07-05,"Relação de faixa-preta confirmada por lista do professor; completar país, período, equipe e biografia com fonte independente.",Pessoas,152
P0029,Gustavo Francês,,,Alliance / vínculo de formação citado por Fábio Gurgel,Perfil mínimo — biografia pendente,Faixa-preta formado,Historical Lineage Research v0.6,2026-07-05,"Relação de faixa-preta confirmada por lista do professor; completar país, período, equipe e biografia com fonte independente.",Pessoas,153
P0054,Gustavo Junqueira,,,Alliance / vínculo de formação citado por Fábio Gurgel,Perfil mínimo — biografia pendente,Faixa-preta formado,Historical Lineage Research v0.6,2026-07-05,"Relação de faixa-preta confirmada por lista do professor; completar país, período, equipe e biografia com fonte independente.",Pessoas,154
P0136,Gustavo Maron,,,Alliance / vínculo de formação citado por Fábio Gurgel,Perfil mínimo — biografia pendente,Faixa-preta formado,Historical Lineage Research v0.6,2026-07-05,"Relação de faixa-preta confirmada por lista do professor; completar país, período, equipe e biografia com fonte independente.",Pessoas,155
P0162,Gustavo Ogawa,,,Art of Jiu-Jitsu,Perfil com relação apoiada,Atleta / professor,Historical Lineage Research v0.6,2026-07-05,,Pessoas,156
P0257,Gustavo Pires,Siri,,Gracie Barra,Perfil a pesquisar,Professor / atleta,Historical Lineage Research v0.6,2026-07-05,,Pessoas,157
P0089,Hannu Karjalainen,,,Alliance / vínculo de formação citado por Fábio Gurgel,Perfil mínimo — biografia pendente,Faixa-preta formado,Historical Lineage Research v0.6,2026-07-05,"Relação de faixa-preta confirmada por lista do professor; completar país, período, equipe e biografia com fonte independente.",Pessoas,158
P0057,Helio Costa,,,Alliance / vínculo de formação citado por Fábio Gurgel,Perfil mínimo — biografia pendente,Faixa-preta formado,Historical Lineage Research v0.6,2026-07-05,"Relação de faixa-preta confirmada por lista do professor; completar país, período, equipe e biografia com fonte independente.",Pessoas,159
P0094,Helio Laniado,,,Alliance / vínculo de formação citado por Fábio Gurgel,Perfil mínimo — biografia pendente,Faixa-preta formado,Historical Lineage Research v0.6,2026-07-05,"Relação de faixa-preta confirmada por lista do professor; completar país, período, equipe e biografia com fonte independente.",Pessoas,160
P0047,Henrique Resende,,,Alliance / vínculo de formação citado por Fábio Gurgel,Perfil mínimo — biografia pendente,Faixa-preta formado,Historical Lineage Research v0.6,2026-07-05,"Relação de faixa-preta confirmada por lista do professor; completar país, período, equipe e biografia com fonte independente.",Pessoas,161
P0066,Henry Khouri,,,Alliance / vínculo de formação citado por Fábio Gurgel,Perfil mínimo — biografia pendente,Faixa-preta formado,Historical Lineage Research v0.6,2026-07-05,"Relação de faixa-preta confirmada por lista do professor; completar país, período, equipe e biografia com fonte independente.",Pessoas,162
P0051,Henry Navorra,,,Alliance / vínculo de formação citado por Fábio Gurgel,Perfil mínimo — biografia pendente,Faixa-preta formado,Historical Lineage Research v0.6,2026-07-05,"Relação de faixa-preta confirmada por lista do professor; completar país, período, equipe e biografia com fonte independente.",Pessoas,163
P0118,Hoannes Nacib,,,Alliance / vínculo de formação citado por Fábio Gurgel,Perfil mínimo — biografia pendente,Faixa-preta formado,Historical Lineage Research v0.6,2026-07-05,"Relação de faixa-preta confirmada por lista do professor; completar país, período, equipe e biografia com fonte independente.",Pessoas,164
P0004,Hélio Gracie,,Brasil,Gracie,Em pesquisa histórica,Tronco histórico,Historical Lineage Research v0.6,2026-07-05,Ensino familiar e linhagem precisam ser diferenciados de uma promoção formal.,Pessoas,165
P0170,Igor Veríssimo,,,NS Brotherhood,Perfil com relação apoiada,Atleta / professor,Historical Lineage Research v0.6,2026-07-05,,Pessoas,166
P0220,Isaac Doederlein,,,Alliance,Perfil com relação apoiada,Atleta / professor,Historical Lineage Research v0.6,2026-07-05,,Pessoas,167
P0108,Isaque Bahiense,,,Alliance / vínculo de formação citado por Fábio Gurgel,Perfil mínimo — biografia pendente,Faixa-preta formado,Historical Lineage Research v0.6,2026-07-05,"Relação de faixa-preta confirmada por lista do professor; completar país, período, equipe e biografia com fonte independente.",Pessoas,168
P0330,Israel Sousa,,,GFTeam,Perfil com relação apoiada,Faixa-preta pesquisado,Historical Lineage Research v0.6,2026-07-05,Registro criado na expansão global v0.5. Relação publicada apenas com fonte e nível de evidência.,Pessoas,169
P0372,Italo Moura,,,Projeto Social Lutando Pelo Bem / Unity,Perfil com relação apoiada,Faixa-preta pesquisado,Historical Lineage Research v0.6,2026-07-05,Registro criado na expansão global v0.5. Relação publicada apenas com fonte e nível de evidência.,Pessoas,170
P0338,Jair Court,,,,Perfil com relação apoiada,Faixa-preta pesquisado,Historical Lineage Research v0.6,2026-07-05,Registro criado na expansão global v0.5. Relação publicada apenas com fonte e nível de evidência.,Pessoas,171
P0352,Jamie Cruz,,,Renzo Gracie Academy,Perfil com relação apoiada,Faixa-preta pesquisado,Historical Lineage Research v0.6,2026-07-05,Registro criado na expansão global v0.5. Relação publicada apenas com fonte e nível de evidência.,Pessoas,172
P0168,Jan Buatim,,,NS Brotherhood,Perfil com relação apoiada,Atleta / professor,Historical Lineage Research v0.6,2026-07-05,,Pessoas,173
P0114,Janne Laine,,,Alliance / vínculo de formação citado por Fábio Gurgel,Perfil mínimo — biografia pendente,Faixa-preta formado,Historical Lineage Research v0.6,2026-07-05,"Relação de faixa-preta confirmada por lista do professor; completar país, período, equipe e biografia com fonte independente.",Pessoas,174
P0206,Jansen Gomes,Nenego,,Checkmat,Perfil com relação apoiada,Atleta / professor,Historical Lineage Research v0.6,2026-07-05,,Pessoas,175
P0245,Jean Jacques Machado,,,Machado Jiu-Jitsu,Perfil validado,Mestre / professor,Historical Lineage Research v0.6,2026-07-05,Recebeu faixa-preta de Carlos Gracie Jr. conforme associação oficial; é o elo direto para a 10th Planet via Eddie Bravo.,Pessoas,176
P0075,Jean Louis Bouquerel,,,Alliance / vínculo de formação citado por Fábio Gurgel,Perfil mínimo — biografia pendente,Faixa-preta formado,Historical Lineage Research v0.6,2026-07-05,"Relação de faixa-preta confirmada por lista do professor; completar país, período, equipe e biografia com fonte independente.",Pessoas,177
P0198,Jeferson Adan,,,Alliance,Perfil com relação apoiada,Professor / treinador,Historical Lineage Research v0.6,2026-07-05,,Pessoas,178
P0418,Jeremy Fields,,Estados Unidos,10th Planet Jiu-Jitsu,Ativo ou histórico — em curadoria,Faixa-preta / professor,Historical Lineage Research v0.6,2026-07-05,Incluído na expansão global v0.6; relação de graduação vinculada à fonte cadastrada.,Pessoas,179
P0382,Jeremy Jackson,,,Caio Terra Association,Perfil com relação apoiada,Faixa-preta pesquisado,Historical Lineage Research v0.6,2026-07-05,Registro criado na expansão global v0.5. Relação publicada apenas com fonte e nível de evidência.,Pessoas,180
P0355,Jerry Rinaldi,,,Renzo Gracie Academy,Perfil com relação apoiada,Faixa-preta pesquisado,Historical Lineage Research v0.6,2026-07-05,Registro criado na expansão global v0.5. Relação publicada apenas com fonte e nível de evidência.,Pessoas,181
P0260,Jessa Khan,,,Art of Jiu-Jitsu,Perfil a pesquisar,Atleta / professora,Historical Lineage Research v0.6,2026-07-05,,Pessoas,182
P0316,Jhenifer Aquino,,,Atos Jiu-Jitsu,Perfil com relação apoiada,Faixa-preta pesquisado,Historical Lineage Research v0.6,2026-07-05,Registro criado na expansão global v0.5. Relação publicada apenas com fonte e nível de evidência.,Pessoas,183
P0001,Jigoro Kano,,Japão,Kodokan,Contexto histórico,Antecedente histórico,Historical Lineage Research v0.6,2026-07-05,Registrar como antecedente do judô Kodokan; não desenhar como emissor de faixa-preta de BJJ.,Pessoas,184
P0296,John Botello,,Estados Unidos,10th Planet Phoenix,Perfil com relação apoiada,Mestre / treinador,Historical Lineage Research v0.6,2026-07-05,A página oficial da 10th Planet identifica-o como faixa-preta sob Eddie Bravo no sistema 10th Planet.,Pessoas,185
P0192,John Danaher,,,New Wave / Renzo Gracie Academy,Perfil com relação apoiada,Professor / treinador,Historical Lineage Research v0.6,2026-07-05,,Pessoas,186
P0193,John Simon,,,Australian Jiu-Jitsu,Perfil com relação apoiada,Professor / treinador,Historical Lineage Research v0.6,2026-07-05,,Pessoas,187
P0247,John Will,,,Australian Jiu-Jitsu,Perfil a pesquisar,Mestre / professor,Historical Lineage Research v0.6,2026-07-05,,Pessoas,188
P0297,Jon Borrows,,Estados Unidos,10th Planet Newark,Perfil com relação apoiada,Mestre / treinador,Historical Lineage Research v0.6,2026-07-05,A página oficial da 10th Planet identifica-o como faixa-preta sob Eddie Bravo.,Pessoas,189
P0221,Jonathan Satava,,,Marcelo Garcia Jiu-Jitsu,Perfil com relação apoiada,Atleta / professor,Historical Lineage Research v0.6,2026-07-05,,Pessoas,190
P0393,Jorge Britto,,,Jiu-Jitsu For Life,Perfil com relação apoiada,Faixa-preta pesquisado,Historical Lineage Research v0.6,2026-07-05,Registro criado na expansão global v0.5. Relação publicada apenas com fonte e nível de evidência.,Pessoas,191
P0072,Jose Junior,,,Alliance / vínculo de formação citado por Fábio Gurgel,Perfil mínimo — biografia pendente,Faixa-preta formado,Historical Lineage Research v0.6,2026-07-05,"Relação de faixa-preta confirmada por lista do professor; completar país, período, equipe e biografia com fonte independente.",Pessoas,192
P0303,José Aldo,,Brasil,Nova União,Perfil com relação apoiada,Atleta / professor,Historical Lineage Research v0.6,2026-07-05,Fonte especializada o descreve como faixa-preta sob André Pederneiras; incluir no galho Nova União com atribuição.,Pessoas,193
P0143,José Arnaldo Suaid,,,Alliance / vínculo de formação citado por Fábio Gurgel,Perfil mínimo — biografia pendente,Faixa-preta formado,Historical Lineage Research v0.6,2026-07-05,"Relação de faixa-preta confirmada por lista do professor; completar país, período, equipe e biografia com fonte independente.",Pessoas,194
P0333,José Carlos Lima,,,GFTeam,Perfil com relação apoiada,Faixa-preta pesquisado,Historical Lineage Research v0.6,2026-07-05,Registro criado na expansão global v0.5. Relação publicada apenas com fonte e nível de evidência.,Pessoas,195
P0325,José Carlos Sousa,,,GFTeam,Perfil com relação apoiada,Faixa-preta pesquisado,Historical Lineage Research v0.6,2026-07-05,Registro criado na expansão global v0.5. Relação publicada apenas com fonte e nível de evidência.,Pessoas,196
P0344,João Assis,,,Checkmat,Perfil com relação apoiada,Faixa-preta pesquisado,Historical Lineage Research v0.6,2026-07-05,Registro criado na expansão global v0.5. Relação publicada apenas com fonte e nível de evidência.,Pessoas,197
P0181,João Cizeski,,,FP Team,Perfil com relação apoiada,Atleta / professor,Historical Lineage Research v0.6,2026-07-05,,Pessoas,198
P0265,João Gabriel Rocha,,,Checkmat,Perfil a pesquisar,Atleta / professor,Historical Lineage Research v0.6,2026-07-05,,Pessoas,199
P0035,João Mansur,,,Alliance / vínculo de formação citado por Fábio Gurgel,Perfil mínimo — biografia pendente,Faixa-preta formado,Historical Lineage Research v0.6,2026-07-05,"Relação de faixa-preta confirmada por lista do professor; completar país, período, equipe e biografia com fonte independente.",Pessoas,200
P0171,João Miyao,,,PSLPB / Unity,Perfil com relação apoiada,Atleta / professor,Historical Lineage Research v0.6,2026-07-05,,Pessoas,201
P0412,João Roque,,,,Perfil com relação apoiada,Faixa-preta pesquisado,Historical Lineage Research v0.6,2026-07-05,Registro criado na expansão global v0.5. Relação publicada apenas com fonte e nível de evidência.,Pessoas,202
P0070,Juan Kamezawa,,,Alliance / vínculo de formação citado por Fábio Gurgel,Perfil mínimo — biografia pendente,Faixa-preta formado,Historical Lineage Research v0.6,2026-07-05,"Relação de faixa-preta confirmada por lista do professor; completar país, período, equipe e biografia com fonte independente.",Pessoas,203
P0060,Juha Järvinen,,,Alliance / vínculo de formação citado por Fábio Gurgel,Perfil mínimo — biografia pendente,Faixa-preta formado,Historical Lineage Research v0.6,2026-07-05,"Relação de faixa-preta confirmada por lista do professor; completar país, período, equipe e biografia com fonte independente.",Pessoas,204
P0067,Juuso Harma,,,Alliance / vínculo de formação citado por Fábio Gurgel,Perfil mínimo — biografia pendente,Faixa-preta formado,Historical Lineage Research v0.6,2026-07-05,"Relação de faixa-preta confirmada por lista do professor; completar país, período, equipe e biografia com fonte independente.",Pessoas,205
P0327,Júlia Alves,,,GFTeam,Perfil com relação apoiada,Faixa-preta pesquisado,Historical Lineage Research v0.6,2026-07-05,Registro criado na expansão global v0.5. Relação publicada apenas com fonte e nível de evidência.,Pessoas,206
P0183,Júlio César Pereira,,,GFTeam,Perfil com relação apoiada,Mestre / treinador,Historical Lineage Research v0.6,2026-07-05,Ramo GFTeam conectado a Monir Salomão com fonte especializada; manter a ligação França–Fadda em contexto até validação primária.,Pessoas,207
P0185,Júlio dos Anjos,,,GFTeam,Perfil com relação apoiada,Atleta / professor,Historical Lineage Research v0.6,2026-07-05,,Pessoas,208
P0256,Kaliffa Oliveira,,,Gracie Barra,Perfil a pesquisar,Professor,Historical Lineage Research v0.6,2026-07-05,,Pessoas,209
P0356,Karel Pravec,,,,Perfil com relação apoiada,Faixa-preta pesquisado,Historical Lineage Research v0.6,2026-07-05,Registro criado na expansão global v0.5. Relação publicada apenas com fonte e nível de evidência.,Pessoas,210
P0164,Kaynan Duarte,,,Atos,Perfil com relação apoiada,Atleta / professor,Historical Lineage Research v0.6,2026-07-05,,Pessoas,211
P0155,Kennedy Maciel,,Brasil,Alliance / Cobrinha BJJ,Validado,Faixa-preta formado,Historical Lineage Research v0.6,2026-07-05,Página oficial da Alliance informa que foi promovido por Rubens Charles (Cobrinha).,Pessoas,212
P0074,Kiko Alem,,,Alliance / vínculo de formação citado por Fábio Gurgel,Perfil mínimo — biografia pendente,Faixa-preta formado,Historical Lineage Research v0.6,2026-07-05,"Relação de faixa-preta confirmada por lista do professor; completar país, período, equipe e biografia com fonte independente.",Pessoas,213
P0312,Kristian Woodmansee,,,Atos Jiu-Jitsu,Perfil com relação apoiada,Faixa-preta pesquisado,Historical Lineage Research v0.6,2026-07-05,Registro criado na expansão global v0.5. Relação publicada apenas com fonte e nível de evidência.,Pessoas,214
P0381,Kristina Barlaan,,,Caio Terra Association,Perfil com relação apoiada,Faixa-preta pesquisado,Historical Lineage Research v0.6,2026-07-05,Registro criado na expansão global v0.5. Relação publicada apenas com fonte e nível de evidência.,Pessoas,215
P0240,Kron Gracie,,,Gracie,Perfil a pesquisar,Atleta / professor,Historical Lineage Research v0.6,2026-07-05,,Pessoas,216
P0417,Kyle Boehm,,Estados Unidos,10th Planet Jiu-Jitsu,Ativo ou histórico — em curadoria,Faixa-preta / professor,Historical Lineage Research v0.6,2026-07-05,Incluído na expansão global v0.6; relação de graduação vinculada à fonte cadastrada.,Pessoas,217
P0241,Kyra Gracie,,,Gracie,Perfil a pesquisar,Atleta / professora,Historical Lineage Research v0.6,2026-07-05,,Pessoas,218
P0194,Lachlan Giles,,,Absolute MMA,Perfil com relação apoiada,Professor / atleta,Historical Lineage Research v0.6,2026-07-05,,Pessoas,219
P0014,Leandro Borgo,,,Alliance / vínculo de formação citado por Fábio Gurgel,Perfil mínimo — biografia pendente,Faixa-preta formado,Historical Lineage Research v0.6,2026-07-05,"Relação de faixa-preta confirmada por lista do professor; completar país, período, equipe e biografia com fonte independente.",Pessoas,220
P0166,Leandro Lo,,,NS Brotherhood,Perfil com relação apoiada,Atleta / professor,Historical Lineage Research v0.6,2026-07-05,,Pessoas,221
P0016,Leo Negão,,,Alliance / vínculo de formação citado por Fábio Gurgel,Perfil mínimo — biografia pendente,Faixa-preta formado,Historical Lineage Research v0.6,2026-07-05,"Relação de faixa-preta confirmada por lista do professor; completar país, período, equipe e biografia com fonte independente.",Pessoas,222
P0044,Leo Nogueira,,,Alliance / vínculo de formação citado por Fábio Gurgel,Perfil mínimo — biografia pendente,Faixa-preta formado,Historical Lineage Research v0.6,2026-07-05,"Relação de faixa-preta confirmada por lista do professor; completar país, período, equipe e biografia com fonte independente.",Pessoas,223
P0073,Leo de Nigris,,,Alliance / vínculo de formação citado por Fábio Gurgel,Perfil mínimo — biografia pendente,Faixa-preta formado,Historical Lineage Research v0.6,2026-07-05,"Relação de faixa-preta confirmada por lista do professor; completar país, período, equipe e biografia com fonte independente.",Pessoas,224
P0122,Leonardo Garcia,Marcelinho,,Alliance / vínculo de formação citado por Fábio Gurgel,Perfil mínimo — biografia pendente,Faixa-preta formado,Historical Lineage Research v0.6,2026-07-05,"Relação de faixa-preta confirmada por lista do professor; completar país, período, equipe e biografia com fonte independente.",Pessoas,225
P0369,Leonardo Mário,,,Projeto Social Lutando Pelo Bem,Perfil com relação apoiada,Faixa-preta pesquisado,Historical Lineage Research v0.6,2026-07-05,Registro criado na expansão global v0.5. Relação publicada apenas com fonte e nível de evidência.,Pessoas,226
P0205,Leonardo Vieira,Leo,,Checkmat,Perfil com relação apoiada,Mestre / professor,Historical Lineage Research v0.6,2026-07-05,,Pessoas,227
P0188,Letícia Ribeiro,,,Gracie Humaitá,Perfil com relação apoiada,Mestre / professora,Historical Lineage Research v0.6,2026-07-05,,Pessoas,228
P0407,Louis Vintaloro,,,Gracie Humaitá,Perfil com relação apoiada,Faixa-preta pesquisado,Historical Lineage Research v0.6,2026-07-05,Registro criado na expansão global v0.5. Relação publicada apenas com fonte e nível de evidência.,Pessoas,229
P0282,Luanna Alzuguir,,,Alliance,Perfil a pesquisar,Atleta / professora,Historical Lineage Research v0.6,2026-07-05,,Pessoas,230
P0133,Lucas José,,,Alliance / vínculo de formação citado por Fábio Gurgel,Perfil mínimo — biografia pendente,Faixa-preta formado,Historical Lineage Research v0.6,2026-07-05,"Relação de faixa-preta confirmada por lista do professor; completar país, período, equipe e biografia com fonte independente.",Pessoas,231
P0264,Lucas Leite,,,Checkmat,Perfil a pesquisar,Atleta / professor,Historical Lineage Research v0.6,2026-07-05,,Pessoas,232
P0248,Lucas Lepri,,,Alliance,Perfil a pesquisar,Atleta / professor,Historical Lineage Research v0.6,2026-07-05,,Pessoas,233
P0363,Lucas Lisboa,,,Projeto Social Lutando Pelo Bem,Perfil com relação apoiada,Faixa-preta pesquisado,Historical Lineage Research v0.6,2026-07-05,Registro criado na expansão global v0.5. Relação publicada apenas com fonte e nível de evidência.,Pessoas,234
P0226,Luciana 'Luka' Dias,Luka,,Gracie Humaitá,Perfil com relação apoiada,Atleta / professora,Historical Lineage Research v0.6,2026-07-05,,Pessoas,235
P0085,Luciano Tavares,,,Alliance / vínculo de formação citado por Fábio Gurgel,Perfil mínimo — biografia pendente,Faixa-preta formado,Historical Lineage Research v0.6,2026-07-05,"Relação de faixa-preta confirmada por lista do professor; completar país, período, equipe e biografia com fonte independente.",Pessoas,236
P0156,Luis 'Careca' Dagmar,,,Brasa / São Paulo,Perfil mínimo,Mestre / nó de origem,Historical Lineage Research v0.6,2026-07-05,,Pessoas,237
P0361,Luis Roberto “Bebeo” Duarte,,,,Perfil com relação apoiada,Faixa-preta pesquisado,Historical Lineage Research v0.6,2026-07-05,Registro criado na expansão global v0.5. Relação publicada apenas com fonte e nível de evidência.,Pessoas,238
P0011,Luiz França,,Brasil,Linhagem França,Em pesquisa histórica,Tronco paralelo,Historical Lineage Research v0.6,2026-07-05,Relação direta com Maeda permanece em revisão; não publicar como fato fechado.,Pessoas,239
P0092,Luiz Nunes,,,Alliance / vínculo de formação citado por Fábio Gurgel,Perfil mínimo — biografia pendente,Faixa-preta formado,Historical Lineage Research v0.6,2026-07-05,"Relação de faixa-preta confirmada por lista do professor; completar país, período, equipe e biografia com fonte independente.",Pessoas,240
P0280,Luiza Monteiro,,,Cícero Costha,Perfil a pesquisar,Atleta / professora,Historical Lineage Research v0.6,2026-07-05,,Pessoas,241
P0285,Mackenzie Dern,,,Gracie Humaitá,Perfil a pesquisar,Atleta / professora,Historical Lineage Research v0.6,2026-07-05,,Pessoas,242
P0105,Magda Maron,,,Alliance / vínculo de formação citado por Fábio Gurgel,Perfil mínimo — biografia pendente,Faixa-preta formado,Historical Lineage Research v0.6,2026-07-05,"Relação de faixa-preta confirmada por lista do professor; completar país, período, equipe e biografia com fonte independente.",Pessoas,243
P0380,Manny Diaz,,,Caio Terra Association,Perfil com relação apoiada,Faixa-preta pesquisado,Historical Lineage Research v0.6,2026-07-05,Registro criado na expansão global v0.5. Relação publicada apenas com fonte e nível de evidência.,Pessoas,244
P0424,Manny Vazquez,,Estados Unidos,10th Planet Jiu-Jitsu,Ativo ou histórico — em curadoria,Faixa-preta / professor,Historical Lineage Research v0.6,2026-07-05,Incluído na expansão global v0.6; relação de graduação vinculada à fonte cadastrada.,Pessoas,245
P0151,Mansher Khera,,,Marcelo Garcia Jiu-Jitsu,Perfil mínimo — promoção publicada,Faixa-preta formado,Historical Lineage Research v0.6,2026-07-05,Promovido à faixa-preta por Marcelo Garcia no mesmo registro de abril de 2015; completar biografia com fonte própria.,Pessoas,246
P0419,Manu Perez,,Espanha,10th Planet Jiu-Jitsu,Ativo ou histórico — em curadoria,Faixa-preta / professor,Historical Lineage Research v0.6,2026-07-05,Incluído na expansão global v0.6; relação de graduação vinculada à fonte cadastrada.,Pessoas,247
P0359,Marcello Salazar,,,Brazilian Top Team,Perfil com relação apoiada,Faixa-preta pesquisado,Historical Lineage Research v0.6,2026-07-05,Registro criado na expansão global v0.5. Relação publicada apenas com fonte e nível de evidência.,Pessoas,248
P0177,Marcelo Azevedo,,,Gracie Barra BH,Perfil com relação apoiada,Mestre / professor,Historical Lineage Research v0.6,2026-07-05,,Pessoas,249
P0107,Marcelo Ferreira,,,Alliance / vínculo de formação citado por Fábio Gurgel,Perfil mínimo — biografia pendente,Faixa-preta formado,Historical Lineage Research v0.6,2026-07-05,"Relação de faixa-preta confirmada por lista do professor; completar país, período, equipe e biografia com fonte independente.",Pessoas,250
P0009,Marcelo Garcia,,Brasil,Alliance / Marcelo Garcia Jiu-Jitsu,Validado,Faixa-preta formado,Historical Lineage Research v0.6,2026-07-05,Consta na lista de faixas-pretas formados por Fábio Gurgel.,Pessoas,251
P0077,Marcelo Mora,,,Alliance / vínculo de formação citado por Fábio Gurgel,Perfil mínimo — biografia pendente,Faixa-preta formado,Historical Lineage Research v0.6,2026-07-05,"Relação de faixa-preta confirmada por lista do professor; completar país, período, equipe e biografia com fonte independente.",Pessoas,252
P0432,Marcia Carvalho,,Brasil,Gracie Barra,Ativo ou histórico — em curadoria,Faixa-preta / professor,Historical Lineage Research v0.6,2026-07-05,Incluído na expansão global v0.6; relação de graduação vinculada à fonte cadastrada.,Pessoas,253
P0386,Marcos “Lekinho” Tinoco,,,Marcelo Garcia Jiu-Jitsu / Alliance,Perfil com relação apoiada,Faixa-preta pesquisado,Historical Lineage Research v0.6,2026-07-05,Registro criado na expansão global v0.5. Relação publicada apenas com fonte e nível de evidência.,Pessoas,254
P0278,Marcus 'Buchecha' Almeida,Buchecha,,Checkmat / American Top Team,Perfil a pesquisar,Atleta / professor,Historical Lineage Research v0.6,2026-07-05,,Pessoas,255
P0129,Marcus Ribeiro,Scooby,,Alliance / vínculo de formação citado por Fábio Gurgel,Perfil mínimo — biografia pendente,Faixa-preta formado,Historical Lineage Research v0.6,2026-07-05,"Relação de faixa-preta confirmada por lista do professor; completar país, período, equipe e biografia com fonte independente.",Pessoas,256
P0323,Maria Alencar,,,Atos Jiu-Jitsu,Perfil com relação apoiada,Faixa-preta pesquisado,Historical Lineage Research v0.6,2026-07-05,Registro criado na expansão global v0.5. Relação publicada apenas com fonte e nível de evidência.,Pessoas,257
P0429,Mark Cerrone,,Estados Unidos,Renzo Gracie Academy,Ativo ou histórico — em curadoria,Faixa-preta / professor,Historical Lineage Research v0.6,2026-07-05,Incluído na expansão global v0.6; relação de graduação vinculada à fonte cadastrada.,Pessoas,258
P0324,Marlon Tajik,,,Atos Jiu-Jitsu,Perfil com relação apoiada,Faixa-preta pesquisado,Historical Lineage Research v0.6,2026-07-05,Registro criado na expansão global v0.5. Relação publicada apenas com fonte e nível de evidência.,Pessoas,259
P0113,Mateus Lasco,,,Alliance / vínculo de formação citado por Fábio Gurgel,Perfil mínimo — biografia pendente,Faixa-preta formado,Historical Lineage Research v0.6,2026-07-05,"Relação de faixa-preta confirmada por lista do professor; completar país, período, equipe e biografia com fonte independente.",Pessoas,260
P0379,Mateus Moraes,,,Caio Terra Association,Perfil com relação apoiada,Faixa-preta pesquisado,Historical Lineage Research v0.6,2026-07-05,Registro criado na expansão global v0.5. Relação publicada apenas com fonte e nível de evidência.,Pessoas,261
P0150,Matheus Diniz,,Brasil,Marcelo Garcia Jiu-Jitsu / Alliance,Validado,Faixa-preta formado,Historical Lineage Research v0.6,2026-07-05,"Promovido à faixa-preta por Marcelo Garcia em abril de 2015, conforme notícia de graduação.",Pessoas,262
P0385,Matheus Lutes,,,Marcelo Garcia Jiu-Jitsu / Alliance,Perfil com relação apoiada,Faixa-preta pesquisado,Historical Lineage Research v0.6,2026-07-05,Registro criado na expansão global v0.5. Relação publicada apenas com fonte e nível de evidência.,Pessoas,263
P0318,Matheus Menezes,,,Atos Jiu-Jitsu,Perfil com relação apoiada,Faixa-preta pesquisado,Historical Lineage Research v0.6,2026-07-05,Registro criado na expansão global v0.5. Relação publicada apenas com fonte e nível de evidência.,Pessoas,264
P0090,Matias Simonelli,,,Alliance / vínculo de formação citado por Fábio Gurgel,Perfil mínimo — biografia pendente,Faixa-preta formado,Historical Lineage Research v0.6,2026-07-05,"Relação de faixa-preta confirmada por lista do professor; completar país, período, equipe e biografia com fonte independente.",Pessoas,265
P0354,Matt Serra,,,Renzo Gracie Academy,Perfil com relação apoiada,Faixa-preta pesquisado,Historical Lineage Research v0.6,2026-07-05,Registro criado na expansão global v0.5. Relação publicada apenas com fonte e nível de evidência.,Pessoas,266
P0125,Mauricio Cascão,,,Alliance / vínculo de formação citado por Fábio Gurgel,Perfil mínimo — biografia pendente,Faixa-preta formado,Historical Lineage Research v0.6,2026-07-05,"Relação de faixa-preta confirmada por lista do professor; completar país, período, equipe e biografia com fonte independente.",Pessoas,267
P0328,Maurício Oliveira Neto,,,GFTeam,Perfil com relação apoiada,Faixa-preta pesquisado,Historical Lineage Research v0.6,2026-07-05,Registro criado na expansão global v0.5. Relação publicada apenas com fonte e nível de evidência.,Pessoas,268
P0332,Max Gimenis,,,GFTeam,Perfil com relação apoiada,Faixa-preta pesquisado,Historical Lineage Research v0.6,2026-07-05,Registro criado na expansão global v0.5. Relação publicada apenas com fonte e nível de evidência.,Pessoas,269
P0126,Mayra Mazza,,,Alliance / vínculo de formação citado por Fábio Gurgel,Perfil mínimo — biografia pendente,Faixa-preta formado,Historical Lineage Research v0.6,2026-07-05,"Relação de faixa-preta confirmada por lista do professor; completar país, período, equipe e biografia com fonte independente.",Pessoas,270
P0337,Mayssa Bastos,,,GFTeam,Perfil com relação apoiada,Faixa-preta pesquisado,Historical Lineage Research v0.6,2026-07-05,Registro criado na expansão global v0.5. Relação publicada apenas com fonte e nível de evidência.,Pessoas,271
P0173,Melqui Galvão,,,Melqui Galvão Jiu-Jitsu,Perfil com relação apoiada,Mestre / treinador,Historical Lineage Research v0.6,2026-07-05,,Pessoas,272
P0174,Mica Galvão,,,Melqui Galvão Jiu-Jitsu,Perfil com relação apoiada,Atleta / professor,Historical Lineage Research v0.6,2026-07-05,,Pessoas,273
P0036,Michael Langhi,,,Alliance / vínculo de formação citado por Fábio Gurgel,Perfil mínimo — biografia pendente,Faixa-preta formado,Historical Lineage Research v0.6,2026-07-05,"Relação de faixa-preta confirmada por lista do professor; completar país, período, equipe e biografia com fonte independente.",Pessoas,274
P0320,Michael Liera Jr.,,,Atos Jiu-Jitsu,Perfil com relação apoiada,Faixa-preta pesquisado,Historical Lineage Research v0.6,2026-07-05,Registro criado na expansão global v0.5. Relação publicada apenas com fonte e nível de evidência.,Pessoas,275
P0187,Michelle Nicolini,,,Checkmat,Perfil com relação apoiada,Atleta / professora,Historical Lineage Research v0.6,2026-07-05,,Pessoas,276
P0420,Mick Broster,,Reino Unido,10th Planet Jiu-Jitsu,Ativo ou histórico — em curadoria,Faixa-preta / professor,Historical Lineage Research v0.6,2026-07-05,Incluído na expansão global v0.6; relação de graduação vinculada à fonte cadastrada.,Pessoas,277
P0427,Mike Jaramillo,,Estados Unidos,Renzo Gracie Academy,Ativo ou histórico — em curadoria,Faixa-preta / professor,Historical Lineage Research v0.6,2026-07-05,Incluído na expansão global v0.6; relação de graduação vinculada à fonte cadastrada.,Pessoas,278
P0263,Mikey Musumeci,,,Atos / independent,Perfil a pesquisar,Atleta / professor,Historical Lineage Research v0.6,2026-07-05,,Pessoas,279
P0062,Mikko Rouvali,,,Alliance / vínculo de formação citado por Fábio Gurgel,Perfil mínimo — biografia pendente,Faixa-preta formado,Historical Lineage Research v0.6,2026-07-05,"Relação de faixa-preta confirmada por lista do professor; completar país, período, equipe e biografia com fonte independente.",Pessoas,280
P0002,Mitsuyo Maeda,Conde Koma,Japão / Brasil,Kodokan / circuito internacional,Contexto histórico,Raiz histórica no Brasil,Historical Lineage Research v0.6,2026-07-05,A presença no Brasil é central para a história do BJJ; ligações específicas exigem fontes próprias.,Pessoas,281
P0200,Monique Elias,,,Alliance,Perfil com relação apoiada,Atleta / professora,Historical Lineage Research v0.6,2026-07-05,,Pessoas,282
P0300,Monir Salomão,,Brasil,Academia Monir / linhagem Fadda,Perfil com relação apoiada,Mestre / professor,Historical Lineage Research v0.6,2026-07-05,Mestre associado ao ramo Fadda e à formação de Júlio César Pereira; ainda buscar documento/entrevista primária.,Pessoas,283
P0271,Murilo Bustamante,,,BTT,Perfil a pesquisar,Mestre / atleta,Historical Lineage Research v0.6,2026-07-05,,Pessoas,284
P0373,Murilo Santana,,,,Perfil com relação apoiada,Faixa-preta pesquisado,Historical Lineage Research v0.6,2026-07-05,Registro criado na expansão global v0.5. Relação publicada apenas com fonte e nível de evidência.,Pessoas,285
P0253,Márcio Feitosa,,,Gracie Barra,Perfil a pesquisar,Mestre / professor,Historical Lineage Research v0.6,2026-07-05,,Pessoas,286
P0243,Márcio Stambowsky,,,Renzo Gracie Academy,Perfil a pesquisar,Mestre / professor,Historical Lineage Research v0.6,2026-07-05,,Pessoas,287
P0197,Mário Reis,,,Alliance / Dream Art,Perfil com relação apoiada,Mestre / professor,Historical Lineage Research v0.6,2026-07-05,,Pessoas,288
P0270,Mário Sperry,,,BTT,Perfil a pesquisar,Mestre / atleta,Historical Lineage Research v0.6,2026-07-05,,Pessoas,289
P0140,Nataly Santos,,,Alliance / vínculo de formação citado por Fábio Gurgel,Perfil mínimo — biografia pendente,Faixa-preta formado,Historical Lineage Research v0.6,2026-07-05,"Relação de faixa-preta confirmada por lista do professor; completar país, período, equipe e biografia com fonte independente.",Pessoas,290
P0175,Nathannael Fernandes,,,Melqui Galvão Jiu-Jitsu,Perfil com relação apoiada,Atleta / professor,Historical Lineage Research v0.6,2026-07-05,,Pessoas,291
P0244,Neiman Gracie,,,Renzo Gracie Academy,Perfil a pesquisar,Atleta / professor,Historical Lineage Research v0.6,2026-07-05,,Pessoas,292
P0398,Nelson Monteiro,,,Gracie Barra,Perfil com relação apoiada,Faixa-preta pesquisado,Historical Lineage Research v0.6,2026-07-05,Registro criado na expansão global v0.5. Relação publicada apenas com fonte e nível de evidência.,Pessoas,293
P0199,Nicholas Meregali,,,New Wave / former Alliance,Perfil com relação apoiada,Atleta / professor,Historical Lineage Research v0.6,2026-07-05,,Pessoas,294
P0276,Nick Rodriguez,Nicky Rod,,B-Team,Perfil a pesquisar,Atleta / professor,Historical Lineage Research v0.6,2026-07-05,,Pessoas,295
P0196,Nicky Ryan,,,B-Team / former DDS,Perfil com relação apoiada,Atleta / professor,Historical Lineage Research v0.6,2026-07-05,,Pessoas,296
P0209,Nicolas Gregoriades,,,Jiu Jitsu Brotherhood,Perfil com relação apoiada,Professor / atleta,Historical Lineage Research v0.6,2026-07-05,,Pessoas,297
P0315,Nisar Loynab,,,Atos Jiu-Jitsu,Perfil com relação apoiada,Faixa-preta pesquisado,Historical Lineage Research v0.6,2026-07-05,Registro criado na expansão global v0.5. Relação publicada apenas com fonte e nível de evidência.,Pessoas,298
P0088,Olavo Torrano,,,Alliance / vínculo de formação citado por Fábio Gurgel,Perfil mínimo — biografia pendente,Faixa-preta formado,Historical Lineage Research v0.6,2026-07-05,"Relação de faixa-preta confirmada por lista do professor; completar país, período, equipe e biografia com fonte independente.",Pessoas,299
P0423,Omar Ocasio,,Estados Unidos,10th Planet Jiu-Jitsu,Ativo ou histórico — em curadoria,Faixa-preta / professor,Historical Lineage Research v0.6,2026-07-05,Incluído na expansão global v0.6; relação de graduação vinculada à fonte cadastrada.,Pessoas,300
P0023,Orlando Andrade,,,Alliance / vínculo de formação citado por Fábio Gurgel,Perfil mínimo — biografia pendente,Faixa-preta formado,Historical Lineage Research v0.6,2026-07-05,"Relação de faixa-preta confirmada por lista do professor; completar país, período, equipe e biografia com fonte independente.",Pessoas,301
P0313,Osamah Almarwai,,,Atos Jiu-Jitsu,Perfil com relação apoiada,Faixa-preta pesquisado,Historical Lineage Research v0.6,2026-07-05,Registro criado na expansão global v0.5. Relação publicada apenas com fonte e nível de evidência.,Pessoas,302
P0104,Oscar Eklöf,,,Alliance / vínculo de formação citado por Fábio Gurgel,Perfil mínimo — biografia pendente,Faixa-preta formado,Historical Lineage Research v0.6,2026-07-05,"Relação de faixa-preta confirmada por lista do professor; completar país, período, equipe e biografia com fonte independente.",Pessoas,303
P0012,Oswaldo Fadda,,Brasil,Academia Fadda,Contexto histórico,Tronco paralelo,Historical Lineage Research v0.6,2026-07-05,Figura central na difusão social do Jiu-Jitsu no subúrbio carioca.,Pessoas,304
P0255,Otávio Sousa,,,Gracie Barra,Perfil a pesquisar,Atleta / professor,Historical Lineage Research v0.6,2026-07-05,,Pessoas,305
P0110,Pablo Mesples,,,Alliance / vínculo de formação citado por Fábio Gurgel,Perfil mínimo — biografia pendente,Faixa-preta formado,Historical Lineage Research v0.6,2026-07-05,"Relação de faixa-preta confirmada por lista do professor; completar país, período, equipe e biografia com fonte independente.",Pessoas,306
P0430,Paul Creighton,,Estados Unidos,Renzo Gracie Academy,Ativo ou histórico — em curadoria,Faixa-preta / professor,Historical Lineage Research v0.6,2026-07-05,Incluído na expansão global v0.6; relação de graduação vinculada à fonte cadastrada.,Pessoas,307
P0231,Paulo Gabriel Martins,,,Gracie Humaitá,Perfil com relação apoiada,Atleta / professor,Historical Lineage Research v0.6,2026-07-05,,Pessoas,308
P0201,Paulo Maurício Strauch,,,Gracie Humaitá,Perfil com relação apoiada,Mestre / professor,Historical Lineage Research v0.6,2026-07-05,,Pessoas,309
P0172,Paulo Miyao,,,PSLPB / Unity,Perfil a pesquisar,Atleta / professor,Historical Lineage Research v0.6,2026-07-05,,Pessoas,310
P0018,Paulo Sguizzardi,Chimpa,,Alliance / vínculo de formação citado por Fábio Gurgel,Perfil mínimo — biografia pendente,Faixa-preta formado,Historical Lineage Research v0.6,2026-07-05,"Relação de faixa-preta confirmada por lista do professor; completar país, período, equipe e biografia com fonte independente.",Pessoas,311
P0408,Paulo “Coelho” Brandão,,,Gracie Humaitá,Perfil com relação apoiada,Faixa-preta pesquisado,Historical Lineage Research v0.6,2026-07-05,Registro criado na expansão global v0.5. Relação publicada apenas com fonte e nível de evidência.,Pessoas,312
P0015,Pedro Andrade,Jaca,,Alliance / vínculo de formação citado por Fábio Gurgel,Perfil mínimo — biografia pendente,Faixa-preta formado,Historical Lineage Research v0.6,2026-07-05,"Relação de faixa-preta confirmada por lista do professor; completar país, período, equipe e biografia com fonte independente.",Pessoas,313
P0365,Pedro Crixel,,,Projeto Social Lutando Pelo Bem,Perfil com relação apoiada,Faixa-preta pesquisado,Historical Lineage Research v0.6,2026-07-05,Registro criado na expansão global v0.5. Relação publicada apenas com fonte e nível de evidência.,Pessoas,314
P0357,Pedro Duarte,,,Brazilian Top Team,Perfil com relação apoiada,Faixa-preta pesquisado,Historical Lineage Research v0.6,2026-07-05,Registro criado na expansão global v0.5. Relação publicada apenas com fonte e nível de evidência.,Pessoas,315
P0079,Petri Kolehmainen,,,Alliance / vínculo de formação citado por Fábio Gurgel,Perfil mínimo — biografia pendente,Faixa-preta formado,Historical Lineage Research v0.6,2026-07-05,"Relação de faixa-preta confirmada por lista do professor; completar país, período, equipe e biografia com fonte independente.",Pessoas,316
P0387,Philippe “Philzinho” Balmant,,,Marcelo Garcia Jiu-Jitsu / Alliance,Perfil com relação apoiada,Faixa-preta pesquisado,Historical Lineage Research v0.6,2026-07-05,Registro criado na expansão global v0.5. Relação publicada apenas com fonte e nível de evidência.,Pessoas,317
P0020,Pierre Chofard,,,Alliance / vínculo de formação citado por Fábio Gurgel,Perfil mínimo — biografia pendente,Faixa-preta formado,Historical Lineage Research v0.6,2026-07-05,"Relação de faixa-preta confirmada por lista do professor; completar país, período, equipe e biografia com fonte independente.",Pessoas,318
P0289,Rafael Formiga,,,Alliance,Perfil a pesquisar,Atleta / professor,Historical Lineage Research v0.6,2026-07-05,,Pessoas,319
P0342,Rafael Heck,,,Checkmat,Perfil com relação apoiada,Faixa-preta pesquisado,Historical Lineage Research v0.6,2026-07-05,Registro criado na expansão global v0.5. Relação publicada apenas com fonte e nível de evidência.,Pessoas,320
P0160,Rafael Mendes,Rafa,,Art of Jiu-Jitsu,Perfil com relação apoiada,Mestre / atleta,Historical Lineage Research v0.6,2026-07-05,,Pessoas,321
P0134,Rafael Paganini,,,Alliance / vínculo de formação citado por Fábio Gurgel,Perfil mínimo — biografia pendente,Faixa-preta formado,Historical Lineage Research v0.6,2026-07-05,"Relação de faixa-preta confirmada por lista do professor; completar país, período, equipe e biografia com fonte independente.",Pessoas,322
P0124,Rafael Ramos,,,Alliance / vínculo de formação citado por Fábio Gurgel,Perfil mínimo — biografia pendente,Faixa-preta formado,Historical Lineage Research v0.6,2026-07-05,"Relação de faixa-preta confirmada por lista do professor; completar país, período, equipe e biografia com fonte independente.",Pessoas,323
P0153,Rafael Santiago,,Brasil,Alliance,Validado,Faixa-preta formado,Historical Lineage Research v0.6,2026-07-05,Página oficial da Alliance o descreve como faixa-preta de Michael Langhi.,Pessoas,324
P0123,Raimundo Cezar,Cupim,,Alliance / vínculo de formação citado por Fábio Gurgel,Perfil mínimo — biografia pendente,Faixa-preta formado,Historical Lineage Research v0.6,2026-07-05,"Relação de faixa-preta confirmada por lista do professor; completar país, período, equipe e biografia com fonte independente.",Pessoas,325
P0309,Ralf Warneking,,,10th Planet Jiu-Jitsu,Perfil com relação apoiada,Faixa-preta pesquisado,Historical Lineage Research v0.6,2026-07-05,Registro criado na expansão global v0.5. Relação publicada apenas com fonte e nível de evidência.,Pessoas,326
P0403,Ralph Gracie,,,Gracie Barra,Perfil com relação apoiada,Faixa-preta pesquisado,Historical Lineage Research v0.6,2026-07-05,Registro criado na expansão global v0.5. Relação publicada apenas com fonte e nível de evidência.,Pessoas,327
P0137,Ramon Delsin,,,Alliance / vínculo de formação citado por Fábio Gurgel,Perfil mínimo — biografia pendente,Faixa-preta formado,Historical Lineage Research v0.6,2026-07-05,"Relação de faixa-preta confirmada por lista do professor; completar país, período, equipe e biografia com fonte independente.",Pessoas,328
P0159,Ramon Lemos,,,Atos / Art of Jiu-Jitsu,Perfil com relação apoiada,Mestre / treinador,Historical Lineage Research v0.6,2026-07-05,,Pessoas,329
P0116,Raphael Castro,,,Alliance / vínculo de formação citado por Fábio Gurgel,Perfil mínimo — biografia pendente,Faixa-preta formado,Historical Lineage Research v0.6,2026-07-05,"Relação de faixa-preta confirmada por lista do professor; completar país, período, equipe e biografia com fonte independente.",Pessoas,330
P0238,Relson Gracie,,,Gracie Humaitá,Perfil a pesquisar,Mestre / professor,Historical Lineage Research v0.6,2026-07-05,,Pessoas,331
P0301,Renan Barão,,Brasil,Nova União,Perfil validado,Atleta / professor,Historical Lineage Research v0.6,2026-07-05,Recebeu a faixa-preta de André Pederneiras conforme reportagem contemporânea do Combate.,Pessoas,332
P0112,Renata Marinho,,,Alliance / vínculo de formação citado por Fábio Gurgel,Perfil mínimo — biografia pendente,Faixa-preta formado,Historical Lineage Research v0.6,2026-07-05,"Relação de faixa-preta confirmada por lista do professor; completar país, período, equipe e biografia com fonte independente.",Pessoas,333
P0141,Renato Chiusano Moran,,,Alliance / vínculo de formação citado por Fábio Gurgel,Perfil mínimo — biografia pendente,Faixa-preta formado,Historical Lineage Research v0.6,2026-07-05,"Relação de faixa-preta confirmada por lista do professor; completar país, período, equipe e biografia com fonte independente.",Pessoas,334
P0191,Renzo Gracie,,,Renzo Gracie Academy,Perfil com relação apoiada,Mestre / professor,Historical Lineage Research v0.6,2026-07-05,,Pessoas,335
P0239,Reylson Gracie,,,Gracie,Perfil a pesquisar,Mestre / professor,Historical Lineage Research v0.6,2026-07-05,,Pessoas,336
P0065,Ribamar Santiago,,,Alliance / vínculo de formação citado por Fábio Gurgel,Perfil mínimo — biografia pendente,Faixa-preta formado,Historical Lineage Research v0.6,2026-07-05,"Relação de faixa-preta confirmada por lista do professor; completar país, período, equipe e biografia com fonte independente.",Pessoas,337
P0242,Ricardo Almeida,,,Renzo Gracie Academy,Perfil a pesquisar,Mestre / professor,Historical Lineage Research v0.6,2026-07-05,,Pessoas,338
P0115,Ricardo Bezerra,,,Alliance / vínculo de formação citado por Fábio Gurgel,Perfil mínimo — biografia pendente,Faixa-preta formado,Historical Lineage Research v0.6,2026-07-05,"Relação de faixa-preta confirmada por lista do professor; completar país, período, equipe e biografia com fonte independente.",Pessoas,339
P0102,Ricardo Caloi,,,Alliance / vínculo de formação citado por Fábio Gurgel,Perfil mínimo — biografia pendente,Faixa-preta formado,Historical Lineage Research v0.6,2026-07-05,"Relação de faixa-preta confirmada por lista do professor; completar país, período, equipe e biografia com fonte independente.",Pessoas,340
P0027,Ricardo Delneri,,,Alliance / vínculo de formação citado por Fábio Gurgel,Perfil mínimo — biografia pendente,Faixa-preta formado,Historical Lineage Research v0.6,2026-07-05,"Relação de faixa-preta confirmada por lista do professor; completar país, período, equipe e biografia com fonte independente.",Pessoas,341
P0053,Ricardo Lewandowski,,,Alliance / vínculo de formação citado por Fábio Gurgel,Perfil mínimo — biografia pendente,Faixa-preta formado,Historical Lineage Research v0.6,2026-07-05,"Relação de faixa-preta confirmada por lista do professor; completar país, período, equipe e biografia com fonte independente.",Pessoas,342
P0272,Ricardo Libório,,,American Top Team,Perfil a pesquisar,Mestre / fundador,Historical Lineage Research v0.6,2026-07-05,,Pessoas,343
P0223,Ricardo Marques,,,Alliance,Perfil com relação apoiada,Professor / treinador,Historical Lineage Research v0.6,2026-07-05,,Pessoas,344
P0068,Ricardo Mesquita,,,Alliance / vínculo de formação citado por Fábio Gurgel,Perfil mínimo — biografia pendente,Faixa-preta formado,Historical Lineage Research v0.6,2026-07-05,"Relação de faixa-preta confirmada por lista do professor; completar país, período, equipe e biografia com fonte independente.",Pessoas,345
P0013,Ricardo Miller,Franjinha,,Alliance / vínculo de formação citado por Fábio Gurgel,Perfil mínimo — biografia pendente,Faixa-preta formado,Historical Lineage Research v0.6,2026-07-05,"Relação de faixa-preta confirmada por lista do professor; completar país, período, equipe e biografia com fonte independente.",Pessoas,346
P0063,Ricardo Miranda,Aritana,,Alliance / vínculo de formação citado por Fábio Gurgel,Perfil mínimo — biografia pendente,Faixa-preta formado,Historical Lineage Research v0.6,2026-07-05,"Relação de faixa-preta confirmada por lista do professor; completar país, período, equipe e biografia com fonte independente.",Pessoas,347
P0204,Ricardo Vieira,Rico,,Checkmat,Perfil com relação apoiada,Mestre / professor,Historical Lineage Research v0.6,2026-07-05,,Pessoas,348
P0346,Ricardo “Pantcho” Feliciano,,,Checkmat,Perfil com relação apoiada,Faixa-preta pesquisado,Historical Lineage Research v0.6,2026-07-05,Registro criado na expansão global v0.5. Relação publicada apenas com fonte e nível de evidência.,Pessoas,349
P0366,Richar Nogueira,,,Projeto Social Lutando Pelo Bem,Perfil com relação apoiada,Faixa-preta pesquisado,Historical Lineage Research v0.6,2026-07-05,Registro criado na expansão global v0.5. Relação publicada apenas com fonte e nível de evidência.,Pessoas,350
P0307,Richie “Boogeyman” Martinez,Richie Martinez,,10th Planet Jiu-Jitsu,Perfil com relação apoiada,Faixa-preta pesquisado,Historical Lineage Research v0.6,2026-07-05,Registro criado na expansão global v0.5. Relação publicada apenas com fonte e nível de evidência.,Pessoas,351
P0235,Rickson Gracie,,,Gracie,Perfil a pesquisar,Mestre / atleta,Historical Lineage Research v0.6,2026-07-05,,Pessoas,352
P0167,Rider Zuchi,,,NS Brotherhood,Perfil com relação apoiada,Atleta / professor,Historical Lineage Research v0.6,2026-07-05,,Pessoas,353
P0246,Rigan Machado,,,Machado Jiu-Jitsu,Perfil a pesquisar,Mestre / professor,Historical Lineage Research v0.6,2026-07-05,,Pessoas,354
P0186,Robert Drysdale,,,Drysdale Jiu-Jitsu / Checkmat,Perfil com relação apoiada,Mestre / professor,Historical Lineage Research v0.6,2026-07-05,,Pessoas,355
P0042,Roberta Parisi,,,Alliance / vínculo de formação citado por Fábio Gurgel,Perfil mínimo — biografia pendente,Faixa-preta formado,Historical Lineage Research v0.6,2026-07-05,"Relação de faixa-preta confirmada por lista do professor; completar país, período, equipe e biografia com fonte independente.",Pessoas,356
P0184,Rodolfo Vieira,,,GFTeam,Perfil com relação apoiada,Atleta / professor,Historical Lineage Research v0.6,2026-07-05,,Pessoas,357
P0279,Rodrigo Cavaca,,,Cavaca Jiu-Jitsu,Perfil a pesquisar,Mestre / professor,Historical Lineage Research v0.6,2026-07-05,,Pessoas,358
P0046,Rodrigo Funaro,,,Alliance / vínculo de formação citado por Fábio Gurgel,Perfil mínimo — biografia pendente,Faixa-preta formado,Historical Lineage Research v0.6,2026-07-05,"Relação de faixa-preta confirmada por lista do professor; completar país, período, equipe e biografia com fonte independente.",Pessoas,359
P0148,Rodrigo Kurayama,,,Alliance / vínculo de formação citado por Fábio Gurgel,Perfil mínimo — biografia pendente,Faixa-preta formado,Historical Lineage Research v0.6,2026-07-05,"Relação de faixa-preta confirmada por lista do professor; completar país, período, equipe e biografia com fonte independente.",Pessoas,360
P0414,Rodrigo Medeiros,,,Carlson Gracie Team,Perfil com relação apoiada,Faixa-preta pesquisado,Historical Lineage Research v0.6,2026-07-05,Registro criado na expansão global v0.5. Relação publicada apenas com fonte e nível de evidência.,Pessoas,361
P0391,Rodrigo Pagani,,,Ribeiro Jiu-Jitsu,Perfil com relação apoiada,Faixa-preta pesquisado,Historical Lineage Research v0.6,2026-07-05,Registro criado na expansão global v0.5. Relação publicada apenas com fonte e nível de evidência.,Pessoas,362
P0024,Rodrigo Petroni,,,Alliance / vínculo de formação citado por Fábio Gurgel,Perfil mínimo — biografia pendente,Faixa-preta formado,Historical Lineage Research v0.6,2026-07-05,"Relação de faixa-preta confirmada por lista do professor; completar país, período, equipe e biografia com fonte independente.",Pessoas,363
P0345,Rodrigo “Brucutu” Cabral,,,Checkmat,Perfil com relação apoiada,Faixa-preta pesquisado,Historical Lineage Research v0.6,2026-07-05,Registro criado na expansão global v0.5. Relação publicada apenas com fonte e nível de evidência.,Pessoas,364
P0208,Roger Gracie,,,Roger Gracie Academy,Perfil com relação apoiada,Mestre / atleta,Historical Lineage Research v0.6,2026-07-05,,Pessoas,365
P0319,Rolando Samson,,,Atos Jiu-Jitsu,Perfil com relação apoiada,Faixa-preta pesquisado,Historical Lineage Research v0.6,2026-07-05,Registro criado na expansão global v0.5. Relação publicada apenas com fonte e nível de evidência.,Pessoas,366
P0005,Rolls Gracie,,Brasil,Gracie,Em pesquisa histórica,Conector de geração,Historical Lineage Research v0.6,2026-07-05,A relação de mestre de Romero é documentada; o registro formal de sua própria promoção permanece em pesquisa.,Pessoas,367
P0006,Romero Cavalcanti,Jacaré,Brasil,Alliance / antiga Jacaré Jiu-Jitsu,Validado,Mestre,Historical Lineage Research v0.6,2026-07-05,Mestre de Fábio Gurgel e Alexandre Paiva; relação com Rolls aparece no relato de Fábio.,Pessoas,368
P0254,Romulo Barral,,,Gracie Barra,Perfil a pesquisar,Mestre / atleta,Historical Lineage Research v0.6,2026-07-05,,Pessoas,369
P0237,Rorion Gracie,,,Gracie Academy,Perfil a pesquisar,Mestre / gestor,Historical Lineage Research v0.6,2026-07-05,,Pessoas,370
P0212,Ross Nicholls,,,Roger Gracie Academy,Perfil com relação apoiada,Atleta / professor,Historical Lineage Research v0.6,2026-07-05,,Pessoas,371
P0236,Royce Gracie,,,Gracie,Perfil a pesquisar,Mestre / atleta,Historical Lineage Research v0.6,2026-07-05,,Pessoas,372
P0227,Royler Gracie,,,Gracie Humaitá,Perfil com relação apoiada,Mestre / atleta,Historical Lineage Research v0.6,2026-07-05,,Pessoas,373
P0154,Rubens Charles,Cobrinha,Brasil,Alliance / Cobrinha BJJ,Validado,Mestre,Historical Lineage Research v0.6,2026-07-05,"Página oficial da Alliance identifica Kennedy Maciel como promovido por seu pai, Rubens Charles.",Pessoas,374
P0378,Rudson Mateus,,,Caio Terra Association,Perfil com relação apoiada,Faixa-preta pesquisado,Historical Lineage Research v0.6,2026-07-05,Registro criado na expansão global v0.5. Relação publicada apenas com fonte e nível de evidência.,Pessoas,375
P0402,Ryan Gracie,,,Gracie Barra,Perfil com relação apoiada,Faixa-preta pesquisado,Historical Lineage Research v0.6,2026-07-05,Registro criado na expansão global v0.5. Relação publicada apenas com fonte e nível de evidência.,Pessoas,376
P0305,Ryo Ominami,,Japão,Gracie Barra Tokushima,Perfil com relação apoiada,Mestre / fundador,Historical Lineage Research v0.6,2026-07-05,A Gracie Barra identifica Ryo como faixa-preta de quarto grau sob Carlos Gracie Jr. e fundador da GB Tokushima.,Pessoas,377
P0397,Ryo Ominani,,,Gracie Barra,Perfil com relação apoiada,Faixa-preta pesquisado,Historical Lineage Research v0.6,2026-07-05,Registro criado na expansão global v0.5. Relação publicada apenas com fonte e nível de evidência.,Pessoas,378
P0405,Régis Lebre,,,Gracie Humaitá,Perfil com relação apoiada,Faixa-preta pesquisado,Historical Lineage Research v0.6,2026-07-05,Registro criado na expansão global v0.5. Relação publicada apenas com fonte e nível de evidência.,Pessoas,379
P0321,Sarah Galvão,,,Atos Jiu-Jitsu,Perfil com relação apoiada,Faixa-preta pesquisado,Historical Lineage Research v0.6,2026-07-05,Registro criado na expansão global v0.5. Relação publicada apenas com fonte e nível de evidência.,Pessoas,380
P0266,Saulo Ribeiro,,,Ribeiro Jiu-Jitsu,Perfil a pesquisar,Mestre / atleta,Historical Lineage Research v0.6,2026-07-05,,Pessoas,381
P0384,Scott Kaplan,,,Marcelo Garcia Jiu-Jitsu / Alliance,Perfil com relação apoiada,Faixa-preta pesquisado,Historical Lineage Research v0.6,2026-07-05,Registro criado na expansão global v0.5. Relação publicada apenas com fonte e nível de evidência.,Pessoas,382
P0251,Sergio Moraes,,,Alliance,Perfil a pesquisar,Atleta / professor,Historical Lineage Research v0.6,2026-07-05,,Pessoas,383
P0045,Sergio Santos,,,Alliance / vínculo de formação citado por Fábio Gurgel,Perfil mínimo — biografia pendente,Faixa-preta formado,Historical Lineage Research v0.6,2026-07-05,"Relação de faixa-preta confirmada por lista do professor; completar país, período, equipe e biografia com fonte independente.",Pessoas,384
P0351,Shawn Williams,,,Renzo Gracie Academy,Perfil com relação apoiada,Faixa-preta pesquisado,Historical Lineage Research v0.6,2026-07-05,Registro criado na expansão global v0.5. Relação publicada apenas com fonte e nível de evidência.,Pessoas,385
P0428,Stan Beck,,Estados Unidos,Renzo Gracie Academy,Ativo ou histórico — em curadoria,Faixa-preta / professor,Historical Lineage Research v0.6,2026-07-05,Incluído na expansão global v0.6; relação de graduação vinculada à fonte cadastrada.,Pessoas,386
P0146,Stefano Virionis,,,Alliance / vínculo de formação citado por Fábio Gurgel,Perfil mínimo — biografia pendente,Faixa-preta formado,Historical Lineage Research v0.6,2026-07-05,"Relação de faixa-preta confirmada por lista do professor; completar país, período, equipe e biografia com fonte independente.",Pessoas,387
P0163,Tainan Dalpra,,,Art of Jiu-Jitsu,Perfil com relação apoiada,Atleta / professor,Historical Lineage Research v0.6,2026-07-05,,Pessoas,388
P0229,Tammi Musumeci,,,American Top Team,Perfil com relação apoiada,Atleta / professora,Historical Lineage Research v0.6,2026-07-05,,Pessoas,389
P0096,Tarean Humphreys,,,Alliance / vínculo de formação citado por Fábio Gurgel,Perfil mínimo — biografia pendente,Faixa-preta formado,Historical Lineage Research v0.6,2026-07-05,"Relação de faixa-preta confirmada por lista do professor; completar país, período, equipe e biografia com fonte independente.",Pessoas,390
P0033,Tarsis Humphreys,,,Alliance / vínculo de formação citado por Fábio Gurgel,Perfil mínimo — biografia pendente,Faixa-preta formado,Historical Lineage Research v0.6,2026-07-05,"Relação de faixa-preta confirmada por lista do professor; completar país, período, equipe e biografia com fonte independente.",Pessoas,391
P0039,Tati Tognini Garcia,,,Alliance / vínculo de formação citado por Fábio Gurgel,Perfil mínimo — biografia pendente,Faixa-preta formado,Historical Lineage Research v0.6,2026-07-05,"Relação de faixa-preta confirmada por lista do professor; completar país, período, equipe e biografia com fonte independente.",Pessoas,392
P0091,Teemu Toroi,,,Alliance / vínculo de formação citado por Fábio Gurgel,Perfil mínimo — biografia pendente,Faixa-preta formado,Historical Lineage Research v0.6,2026-07-05,"Relação de faixa-preta confirmada por lista do professor; completar país, período, equipe e biografia com fonte independente.",Pessoas,393
P0082,Teo Viitala,,,Alliance / vínculo de formação citado por Fábio Gurgel,Perfil mínimo — biografia pendente,Faixa-preta formado,Historical Lineage Research v0.6,2026-07-05,"Relação de faixa-preta confirmada por lista do professor; completar país, período, equipe e biografia com fonte independente.",Pessoas,394
P0061,Terho Virrankoski,,,Alliance / vínculo de formação citado por Fábio Gurgel,Perfil mínimo — biografia pendente,Faixa-preta formado,Historical Lineage Research v0.6,2026-07-05,"Relação de faixa-preta confirmada por lista do professor; completar país, período, equipe e biografia com fonte independente.",Pessoas,395
P0370,Thalys Pontes,,,Projeto Social Lutando Pelo Bem,Perfil com relação apoiada,Faixa-preta pesquisado,Historical Lineage Research v0.6,2026-07-05,Registro criado na expansão global v0.5. Relação publicada apenas com fonte e nível de evidência.,Pessoas,396
P0434,Thamires Aquino,,Brasil,GFTeam,Ativo ou histórico — em curadoria,Faixa-preta / professor,Historical Lineage Research v0.6,2026-07-05,Incluído na expansão global v0.6; relação de graduação vinculada à fonte cadastrada.,Pessoas,397
P0347,Thiago Sá Fortes,,,Checkmat,Perfil com relação apoiada,Faixa-preta pesquisado,Historical Lineage Research v0.6,2026-07-05,Registro criado na expansão global v0.5. Relação publicada apenas com fonte e nível de evidência.,Pessoas,398
P0117,Thomas Conde,,,Alliance / vínculo de formação citado por Fábio Gurgel,Perfil mínimo — biografia pendente,Faixa-preta formado,Historical Lineage Research v0.6,2026-07-05,"Relação de faixa-preta confirmada por lista do professor; completar país, período, equipe e biografia com fonte independente.",Pessoas,399
P0071,Thomas Lisboa,,,Alliance / vínculo de formação citado por Fábio Gurgel,Perfil mínimo — biografia pendente,Faixa-preta formado,Historical Lineage Research v0.6,2026-07-05,"Relação de faixa-preta confirmada por lista do professor; completar país, período, equipe e biografia com fonte independente.",Pessoas,400
P0043,Tiago Rocha,,,Alliance / vínculo de formação citado por Fábio Gurgel,Perfil mínimo — biografia pendente,Faixa-preta formado,Historical Lineage Research v0.6,2026-07-05,"Relação de faixa-preta confirmada por lista do professor; completar país, período, equipe e biografia com fonte independente.",Pessoas,401
P0431,Tim Mannon,,Estados Unidos,Renzo Gracie Academy,Ativo ou histórico — em curadoria,Faixa-preta / professor,Historical Lineage Research v0.6,2026-07-05,Incluído na expansão global v0.6; relação de graduação vinculada à fonte cadastrada.,Pessoas,402
P0048,Tommy Malmberg,,,Alliance / vínculo de formação citado por Fábio Gurgel,Perfil mínimo — biografia pendente,Faixa-preta formado,Historical Lineage Research v0.6,2026-07-05,"Relação de faixa-preta confirmada por lista do professor; completar país, período, equipe e biografia com fonte independente.",Pessoas,403
P0083,Ulf Ehlert,,,Alliance / vínculo de formação citado por Fábio Gurgel,Perfil mínimo — biografia pendente,Faixa-preta formado,Historical Lineage Research v0.6,2026-07-05,"Relação de faixa-preta confirmada por lista do professor; completar país, período, equipe e biografia com fonte independente.",Pessoas,404
P0218,Ulpiano Malachias,,,Gracie Barra,Perfil com relação apoiada,Professor / gestor,Historical Lineage Research v0.6,2026-07-05,,Pessoas,405
P0334,Vanessa Oliveira,,,GFTeam,Perfil com relação apoiada,Faixa-preta pesquisado,Historical Lineage Research v0.6,2026-07-05,Registro criado na expansão global v0.5. Relação publicada apenas com fonte e nível de evidência.,Pessoas,406
P0343,Victor Costa,,,Checkmat,Perfil com relação apoiada,Faixa-preta pesquisado,Historical Lineage Research v0.6,2026-07-05,Registro criado na expansão global v0.5. Relação publicada apenas com fonte e nível de evidência.,Pessoas,407
P0421,Victor Davila,,Estados Unidos,10th Planet Jiu-Jitsu,Ativo ou histórico — em curadoria,Faixa-preta / professor,Historical Lineage Research v0.6,2026-07-05,Incluído na expansão global v0.6; relação de graduação vinculada à fonte cadastrada.,Pessoas,408
P0217,Victor Estima,,,Gracie Barra / Estima,Perfil com relação apoiada,Atleta / professor,Historical Lineage Research v0.6,2026-07-05,,Pessoas,409
P0388,Victor Hugo,,,Ribeiro Jiu-Jitsu / Six Blades,Perfil com relação apoiada,Faixa-preta pesquisado,Historical Lineage Research v0.6,2026-07-05,Registro criado na expansão global v0.5. Relação publicada apenas com fonte e nível de evidência.,Pessoas,410
P0268,Vini Aieta,,,Gracie Humaitá,Perfil a pesquisar,Mestre / professor,Historical Lineage Research v0.6,2026-07-05,,Pessoas,411
P0394,Vinicius Aieta,Vini,,,Perfil com relação apoiada,Faixa-preta pesquisado,Historical Lineage Research v0.6,2026-07-05,Registro criado na expansão global v0.5. Relação publicada apenas com fonte e nível de evidência.,Pessoas,412
P0252,Vinicius Draculino,,,Gracie Barra / Alliance,Perfil a pesquisar,Mestre / professor,Historical Lineage Research v0.6,2026-07-05,,Pessoas,413
P0121,Vinicius Ferreira,Trator,,Alliance / vínculo de formação citado por Fábio Gurgel,Perfil mínimo — biografia pendente,Faixa-preta formado,Historical Lineage Research v0.6,2026-07-05,"Relação de faixa-preta confirmada por lista do professor; completar país, período, equipe e biografia com fonte independente.",Pessoas,414
P0364,Vinicius Liberati,,,Projeto Social Lutando Pelo Bem,Perfil com relação apoiada,Faixa-preta pesquisado,Historical Lineage Research v0.6,2026-07-05,Registro criado na expansão global v0.5. Relação publicada apenas com fonte e nível de evidência.,Pessoas,415
P0304,Vitor Ribeiro,Shaolin,Brasil,Nova União / Vitor Shaolin BJJ,Perfil com relação apoiada,Atleta / professor,Historical Lineage Research v0.6,2026-07-05,Dedé Pederneiras concedeu seu quinto grau de faixa-preta; fontes o identificam como faixa-preta sob André.,Pessoas,416
P0144,Vitor Zandona,,,Alliance / vínculo de formação citado por Fábio Gurgel,Perfil mínimo — biografia pendente,Faixa-preta formado,Historical Lineage Research v0.6,2026-07-05,"Relação de faixa-preta confirmada por lista do professor; completar país, período, equipe e biografia com fonte independente.",Pessoas,417
P0097,Walter Buse,,,Alliance / vínculo de formação citado por Fábio Gurgel,Perfil mínimo — biografia pendente,Faixa-preta formado,Historical Lineage Research v0.6,2026-07-05,"Relação de faixa-preta confirmada por lista do professor; completar país, período, equipe e biografia com fonte independente.",Pessoas,418
P0225,Wellington 'Megaton' Dias,Megaton,,Gracie Humaitá,Perfil com relação apoiada,Mestre / professor,Historical Lineage Research v0.6,2026-07-05,,Pessoas,419
P0367,Wellington “Alemão” Luís,,,Projeto Social Lutando Pelo Bem,Perfil com relação apoiada,Faixa-preta pesquisado,Historical Lineage Research v0.6,2026-07-05,Registro criado na expansão global v0.5. Relação publicada apenas com fonte e nível de evidência.,Pessoas,420
P0410,Wendell Alexander,,,,Perfil com relação apoiada,Faixa-preta pesquisado,Historical Lineage Research v0.6,2026-07-05,Registro criado na expansão global v0.5. Relação publicada apenas com fonte e nível de evidência.,Pessoas,421
P0131,Wesley do Santos,,,Alliance / vínculo de formação citado por Fábio Gurgel,Perfil mínimo — biografia pendente,Faixa-preta formado,Historical Lineage Research v0.6,2026-07-05,"Relação de faixa-preta confirmada por lista do professor; completar país, período, equipe e biografia com fonte independente.",Pessoas,422
P0087,Wolney Atalla,,,Alliance / vínculo de formação citado por Fábio Gurgel,Perfil mínimo — biografia pendente,Faixa-preta formado,Historical Lineage Research v0.6,2026-07-05,"Relação de faixa-preta confirmada por lista do professor; completar país, período, equipe e biografia com fonte independente.",Pessoas,423
P0207,Yuri Simões,,,Caio Terra / former Checkmat,Perfil com relação apoiada,Atleta / professor,Historical Lineage Research v0.6,2026-07-05,,Pessoas,424
P0308,Zach Maslany,,,10th Planet Jiu-Jitsu,Perfil com relação apoiada,Faixa-preta pesquisado,Historical Lineage Research v0.6,2026-07-05,Registro criado na expansão global v0.5. Relação publicada apenas com fonte e nível de evidência.,Pessoas,425
P0100,Zé Aranha,,,Alliance / vínculo de formação citado por Fábio Gurgel,Perfil mínimo — biografia pendente,Faixa-preta formado,Historical Lineage Research v0.6,2026-07-05,"Relação de faixa-preta confirmada por lista do professor; completar país, período, equipe e biografia com fonte independente.",Pessoas,426
P0273,Zé Mário Sperry,,,BTT,Perfil a pesquisar,Mestre / atleta,Historical Lineage Research v0.6,2026-07-05,,Pessoas,427
P0215,Zé Radiola,,,Gracie Barra Pernambuco,Perfil com relação apoiada,Mestre / treinador,Historical Lineage Research v0.6,2026-07-05,,Pessoas,428
